Coordenada_UTM_X_ED50,Coordenada_UTM_Y_ED50,Longitud_WGS84,Latitud_WGS84
432839.501,4589349.921,2.19480599,41.45107592
432839.501,4589349.921,2.19480599,41.45107592
429284.086,4583117.055,2.15297294,41.39463342
429284.086,4583117.055,2.15297294,41.39463342
429284.086,4583117.055,2.15297294,41.39463342
429834.07,4581818.313,2.15970168,41.38298427
429834.07,4581818.313,2.15970168,41.38298427
429834.07,4581818.313,2.15970168,41.38298427
429834.07,4581818.313,2.15970168,41.38298427
431394.3,4580979.914,2.1784549,41.37556768
431394.3,4580979.914,2.1784549,41.37556768
427952.005,4582061.234,2.13716598,41.38500574
427952.005,4582061.234,2.13716598,41.38500574
427952.005,4582061.234,2.13716598,41.38500574
427952.005,4582061.234,2.13716598,41.38500574
427952.005,4582061.234,2.13716598,41.38500574
431486.276,4589432.351,2.17859692,41.45170389
431486.276,4589432.351,2.17859692,41.45170389
429731.205,4581923.321,2.15845937,41.38392107
429731.205,4581923.321,2.15845937,41.38392107
430158.111,4584303.008,2.16329004,41.40539133
430158.111,4584303.008,2.16329004,41.40539133
430785.871,4582325.779,2.17102591,41.38763737
430785.871,4582325.779,2.17102591,41.38763737
428100.997,4582507.88,2.13889473,41.38904185
428100.997,4582507.88,2.13889473,41.38904185
429275.066,4587922.899,2.15230286,41.43791701
429275.066,4587922.899,2.15230286,41.43791701
431830.639,4584335.132,2.1832945,41.4058243
431830.639,4584335.132,2.1832945,41.4058243
431830.639,4584335.132,2.1832945,41.4058243
430583.29,4586735.46,2.16809707,41.42733641
430583.29,4586735.46,2.16809707,41.42733641
431537.917,4584426.386,2.17978239,41.40662131
431537.917,4584426.386,2.17978239,41.40662131
433083.445,4585580.971,2.19814385,41.41715055
433083.445,4585580.971,2.19814385,41.41715055
431144.574,4581298.498,2.17543263,41.37841573
431357.223,4583702.929,2.17770283,41.40008994
428690.809,4581838.576,2.14602751,41.3830662
428690.809,4581838.576,2.14602751,41.3830662
427965.393,4581910.208,2.13734405,41.3836467
427965.393,4581910.208,2.13734405,41.3836467
431910.426,4586147.368,2.18404491,41.42215331
431910.426,4586147.368,2.18404491,41.42215331
431910.426,4586147.368,2.18404491,41.42215331
427714.159,4585334.953,2.13393052,41.41446946
427714.159,4585334.953,2.13393052,41.41446946
430596.991,4588038.519,2.16811131,41.43907376
430596.991,4588038.519,2.16811131,41.43907376
429880.416,4581947.518,2.16024095,41.38415203
429880.416,4581947.518,2.16024095,41.38415203
431372.381,4585035.948,2.17773291,41.41209731
431372.381,4585035.948,2.17773291,41.41209731
430528.012,4582094.347,2.16796861,41.38553068
430528.012,4582094.347,2.16796861,41.38553068
430528.012,4582094.347,2.16796861,41.38553068
425425.903,4581800.007,2.10698887,41.38242267
425425.903,4581800.007,2.10698887,41.38242267
430158.021,4580817.069,2.16369113,41.37399458
427842.474,4582730.168,2.13577638,41.39102075
427842.474,4582730.168,2.13577638,41.39102075
430311.08,4582286.328,2.1653522,41.38724102
430311.08,4582286.328,2.1653522,41.38724102
432022.052,4583190.019,2.18571302,41.39552682
432022.052,4583190.019,2.18571302,41.39552682
430025.03,4582004.984,2.16196373,41.3846822
430025.03,4582004.984,2.16196373,41.3846822
427563.329,4583223.843,2.13237872,41.39544198
427563.329,4583223.843,2.13237872,41.39544198
430069.396,4588237.982,2.16177346,41.44082444
430069.396,4588237.982,2.16177346,41.44082444
428251.396,4582096.52,2.14074219,41.38535032
428251.396,4582096.52,2.14074219,41.38535032
429211.748,4585953.435,2.15177578,41.42017326
429211.748,4585953.435,2.15177578,41.42017326
429211.748,4585953.435,2.15177578,41.42017326
431563.435,4588806.197,2.17959162,41.44607095
431563.435,4588806.197,2.17959162,41.44607095
430119.317,4586938.096,2.16252137,41.42912123
430119.317,4586938.096,2.16252137,41.42912123
431465.748,4583017.275,2.17907864,41.39392372
431465.748,4583017.275,2.17907864,41.39392372
427073.37,4583527.259,2.12648186,41.39813042
427073.37,4583527.259,2.12648186,41.39813042
430765.4,4585196.94,2.17045255,41.41349523
430765.4,4585196.94,2.17045255,41.41349523
430411.157,4583904.052,2.16636306,41.40182002
430411.157,4583904.052,2.16636306,41.40182002
429052.767,4583041.426,2.15021506,41.39393187
429052.767,4583041.426,2.15021506,41.39393187
430786.526,4585244.587,2.17069986,41.41392619
430786.526,4585244.587,2.17069986,41.41392619
430808.328,4579990,2.17156129,41.3666016
430808.328,4579990,2.17156129,41.3666016
428777.848,4584356.555,2.14677207,41.40575243
428777.848,4584356.555,2.14677207,41.40575243
432709.248,4584421.068,2.19379565,41.40667237
432709.248,4584421.068,2.19379565,41.40667237
430557.688,4582525.424,2.16827407,41.38941583
430557.688,4582525.424,2.16827407,41.38941583
428866.53,4581079.658,2.14821801,41.37624645
428866.53,4581079.658,2.14821801,41.37624645
429835.153,4581050.808,2.15980353,41.37607169
429835.153,4581050.808,2.15980353,41.37607169
430403.064,4582955.169,2.16637539,41.39327304
430403.064,4582955.169,2.16637539,41.39327304
429057.546,4583097.677,2.15026563,41.39443893
429057.546,4583097.677,2.15026563,41.39443893
433996.603,4587900.48,2.20881642,41.4381173
433996.603,4587900.48,2.20881642,41.4381173
433996.603,4587900.48,2.20881642,41.4381173
433996.603,4587900.48,2.20881642,41.4381173
427206.997,4582445.169,2.12821035,41.38839659
427206.997,4582445.169,2.12821035,41.38839659
427819.409,4583268.089,2.13543638,41.39586353
427819.409,4583268.089,2.13543638,41.39586353
427819.409,4583268.089,2.13543638,41.39586353
427553.682,4583957.857,2.13217547,41.40205208
427553.682,4583957.857,2.13217547,41.40205208
428152.184,4585056.424,2.13920428,41.41200016
428152.184,4585056.424,2.13920428,41.41200016
428614.303,4582926.603,2.14498432,41.39285888
431931.309,4584263.018,2.18450693,41.40518333
431931.309,4584263.018,2.18450693,41.40518333
431428.097,4588801.805,2.17797209,41.44601984
431428.097,4588801.805,2.17797209,41.44601984
431072.73,4582993.838,2.17438055,41.39367902
431072.73,4582993.838,2.17438055,41.39367902
431183.543,4584280.162,2.17555965,41.40527404
431183.543,4584280.162,2.17555965,41.40527404
433073.949,4583092.358,2.19830558,41.3947355
433073.949,4583092.358,2.19830558,41.3947355
431792.696,4582082.283,2.1830945,41.38553032
431242.622,4580854.666,2.17665545,41.37442665
431242.622,4580854.666,2.17665545,41.37442665
430786.526,4585244.587,2.17069986,41.41392619
430786.526,4585244.587,2.17069986,41.41392619
428379.327,4582041.368,2.14227865,41.384865
428379.327,4582041.368,2.14227865,41.384865
425852.582,4582020.451,2.11206426,41.38444757
425852.582,4582020.451,2.11206426,41.38444757
431275.927,4589084.131,2.17611843,41.44854962
431275.927,4589084.131,2.17611843,41.44854962
429808.412,4580953.009,2.15949512,41.37518851
429808.412,4580953.009,2.15949512,41.37518851
429808.412,4580953.009,2.15949512,41.37518851
431553.841,4583500.417,2.18007765,41.39828275
431553.841,4583500.417,2.18007765,41.39828275
426793.069,4582325.321,2.12327446,41.38727958
426793.069,4582325.321,2.12327446,41.38727958
426793.069,4582325.321,2.12327446,41.38727958
432758.379,4581836.017,2.19467063,41.3833936
432758.379,4581836.017,2.19467063,41.3833936
429156.524,4581362.402,2.15165251,41.37881863
429156.524,4581362.402,2.15165251,41.37881863
429013.846,4582487.728,2.14981447,41.38894147
429013.846,4582487.728,2.14981447,41.38894147
425404.649,4581888.602,2.1067238,41.38321863
425404.649,4581888.602,2.1067238,41.38321863
425404.649,4581888.602,2.1067238,41.38321863
430028.144,4583341.238,2.16184651,41.39671768
430028.144,4583341.238,2.16184651,41.39671768
431739.185,4583645.442,2.18227827,41.39960471
431739.185,4583645.442,2.18227827,41.39960471
430644.481,4582349.327,2.16933226,41.38783727
430644.481,4582349.327,2.16933226,41.38783727
428420.752,4580432.674,2.14296412,41.37037974
428420.752,4580432.674,2.14296412,41.37037974
431756.231,4583735.028,2.18247207,41.40041303
431756.231,4583735.028,2.18247207,41.40041303
431756.231,4583735.028,2.18247207,41.40041303
429660.864,4587903.493,2.15692261,41.43777613
429660.864,4587903.493,2.15692261,41.43777613
426879.747,4582417.877,2.12429989,41.38812108
426879.747,4582417.877,2.12429989,41.38812108
426879.747,4582417.877,2.12429989,41.38812108
426879.747,4582417.877,2.12429989,41.38812108
425404.649,4581888.602,2.1067238,41.38321863
425404.649,4581888.602,2.1067238,41.38321863
431013.112,4587997.663,2.1730965,41.43874166
431013.112,4587997.663,2.1730965,41.43874166
426498.51,4582192.316,2.1197679,41.38605478
426498.51,4582192.316,2.1197679,41.38605478
427714.159,4585334.953,2.13393052,41.41446946
427714.159,4585334.953,2.13393052,41.41446946
425982.384,4583777.908,2.11340164,41.40028816
425982.384,4583777.908,2.11340164,41.40028816
428605.67,4582881.433,2.14488639,41.39245128
428605.67,4582881.433,2.14488639,41.39245128
430025.093,4581048.897,2.16207494,41.37607102
430025.093,4581048.897,2.16207494,41.37607102
426721.96,4582792.211,2.12236755,41.39147818
431274.055,4584558.517,2.17661079,41.40778884
431274.055,4584558.517,2.17661079,41.40778884
431274.055,4584558.517,2.17661079,41.40778884
431045.86,4582285.176,2.17413989,41.38729401
431045.86,4582285.176,2.17413989,41.38729401
430806.482,4584689.883,2.17100209,41.40893188
430806.482,4584689.883,2.17100209,41.40893188
432259.002,4589116.236,2.18788294,41.44892239
432259.002,4589116.236,2.18788294,41.44892239
432259.002,4589116.236,2.18788294,41.44892239
429868.703,4582996.42,2.15997937,41.39359813
429868.703,4582996.42,2.15997937,41.39359813
430930.384,4581693.077,2.17282639,41.38195123
430930.384,4581693.077,2.17282639,41.38195123
428885.894,4582593.132,2.14827183,41.38987951
428885.894,4582593.132,2.14827183,41.38987951
432800.776,4584710.486,2.19485846,41.40928674
426965.604,4584913.652,2.12502547,41.41060727
427954.947,4582701.104,2.13712502,41.39076907
427954.947,4582701.104,2.13712502,41.39076907
426409.6,4581519.134,2.11878642,41.37998358
429595.667,4578423.7,2.15724505,41.35238918
429595.667,4578423.7,2.15724505,41.35238918
429595.667,4578423.7,2.15724505,41.35238918
429595.667,4578423.7,2.15724505,41.35238918
429595.667,4578423.7,2.15724505,41.35238918
426578.121,4583122.402,2.12060717,41.39443895
426578.121,4583122.402,2.12060717,41.39443895
428100.864,4585361.877,2.13855397,41.41474666
428100.864,4585361.877,2.13855397,41.41474666
428100.864,4585361.877,2.13855397,41.41474666
428045.091,4585465.581,2.13787434,41.41567568
428095.076,4586174.999,2.138388,41.42206959
428095.076,4586174.999,2.138388,41.42206959
431269.115,4586469.183,2.17633448,41.42499715
431269.115,4586469.183,2.17633448,41.42499715
428159.052,4581060.041,2.13976079,41.37600689
431178.884,4584841.259,2.17544006,41.41032727
431178.884,4584841.259,2.17544006,41.41032727
429641.975,4581631.115,2.15742623,41.38128146
429641.975,4581631.115,2.15742623,41.38128146
431369.711,4583900.935,2.17782974,41.40187439
431369.711,4583900.935,2.17782974,41.40187439
429681.719,4586482.929,2.15733757,41.42498351
429681.719,4586482.929,2.15733757,41.42498351
430069.177,4588237.792,2.16177086,41.44082271
430069.177,4588237.792,2.16177086,41.44082271
430069.177,4588237.792,2.16177086,41.44082271
429772.966,4582440.675,2.15889878,41.38858436
429772.966,4582440.675,2.15889878,41.38858436
429772.966,4582440.675,2.15889878,41.38858436
430931.778,4582415.709,2.17276063,41.38845989
430931.778,4582415.709,2.17276063,41.38845989
432361.703,4585141.698,2.18955736,41.41313369
432361.703,4585141.698,2.18955736,41.41313369
432361.703,4585141.698,2.18955736,41.41313369
430562.795,4583557.345,2.16821675,41.39871045
430562.795,4583557.345,2.16821675,41.39871045
431647.552,4584174.643,2.1811224,41.40436327
431647.552,4584174.643,2.1811224,41.40436327
431004.886,4588880.477,2.17289717,41.44669212
431004.886,4588880.477,2.17289717,41.44669212
432437.711,4582612.976,2.19074912,41.3903646
432437.711,4582612.976,2.19074912,41.3903646
433509.447,4585389.777,2.20326199,41.41546391
433509.447,4585389.777,2.20326199,41.41546391
430069.177,4588237.792,2.16177086,41.44082271
430069.177,4588237.792,2.16177086,41.44082271
427534.574,4584306.918,2.13190508,41.4051942
427534.574,4584306.918,2.13190508,41.4051942
427743.522,4584049.018,2.13443545,41.40289022
427743.522,4584049.018,2.13443545,41.40289022
430934.783,4582858.79,2.17274603,41.39245084
430934.783,4582858.79,2.17274603,41.39245084
427815.426,4583480.388,2.13536342,41.39777526
427815.426,4583480.388,2.13536342,41.39777526
427815.426,4583480.388,2.13536342,41.39777526
429323.935,4581915.852,2.15358979,41.3838181
429323.935,4581915.852,2.15358979,41.3838181
427746.592,4579719.633,2.13498871,41.36389736
427746.592,4579719.633,2.13498871,41.36389736
428121.635,4585794.455,2.13875106,41.41864456
433878.024,4584200.704,2.20780191,41.40478465
433878.024,4584200.704,2.20780191,41.40478465
433878.024,4584200.704,2.20780191,41.40478465
433723.918,4585600.717,2.20580495,41.41738151
433723.918,4585600.717,2.20580495,41.41738151
433716.26,4583157.32,2.20598108,41.39537382
433716.26,4583157.32,2.20598108,41.39537382
427394.621,4581507.579,2.13056665,41.37996904
427394.621,4581507.579,2.13056665,41.37996904
427100.135,4583138.74,2.12684881,41.39463362
427100.135,4583138.74,2.12684881,41.39463362
427100.135,4583138.74,2.12684881,41.39463362
427100.135,4583138.74,2.12684881,41.39463362
427100.135,4583138.74,2.12684881,41.39463362
427100.135,4583138.74,2.12684881,41.39463362
430498.665,4583050.268,2.16750791,41.39413783
430498.665,4583050.268,2.16750791,41.39413783
426848.127,4582296.782,2.12393637,41.38702756
426848.127,4582296.782,2.12393637,41.38702756
429381.568,4581915.019,2.15427911,41.38381566
429381.568,4581915.019,2.15427911,41.38381566
427200.372,4583487.593,2.12800575,41.39778468
427200.372,4583487.593,2.12800575,41.39778468
432340.148,4585728.879,2.18923376,41.41842044
432340.148,4585728.879,2.18923376,41.41842044
429679.921,4582226.568,2.15781086,41.38664783
429679.921,4582226.568,2.15781086,41.38664783
432995.905,4584981.131,2.1971629,41.41174067
426627.068,4581963.664,2.12133303,41.38400716
426627.068,4581963.664,2.12133303,41.38400716
428843.094,4587518.855,2.14718034,41.43423976
428843.094,4587518.855,2.14718034,41.43423976
427714.854,4583654.888,2.13413961,41.39933787
427714.854,4583654.888,2.13413961,41.39933787
430987.507,4581539.045,2.17352705,41.38056881
430987.507,4581539.045,2.17352705,41.38056881
430987.507,4581539.045,2.17352705,41.38056881
430987.507,4581539.045,2.17352705,41.38056881
431247.107,4588769.685,2.17580925,41.44571505
431247.107,4588769.685,2.17580925,41.44571505
431247.107,4588769.685,2.17580925,41.44571505
431247.107,4588769.685,2.17580925,41.44571505
429260.735,4582212.738,2.15279931,41.38648649
429260.735,4582212.738,2.15279931,41.38648649
426080.857,4581904.764,2.11480827,41.38342664
426080.857,4581904.764,2.11480827,41.38342664
428377.577,4583889.705,2.14203901,41.40151211
431273.075,4584744.549,2.17657793,41.40946429
431273.075,4584744.549,2.17657793,41.40946429
431432.98,4581889.441,2.17881444,41.38376284
431432.98,4581889.441,2.17881444,41.38376284
429364.559,4581149.807,2.15416494,41.37692216
429364.559,4581149.807,2.15416494,41.37692216
427621.972,4585406.975,2.13281894,41.41510982
427621.972,4585406.975,2.13281894,41.41510982
431648.208,4584360.134,2.18110928,41.40603399
431648.208,4584360.134,2.18110928,41.40603399
433654.812,4584414.199,2.20510828,41.40668915
433654.812,4584414.199,2.20510828,41.40668915
427474.692,4581291.865,2.13154996,41.37803341
427474.692,4581291.865,2.13154996,41.37803341
431582.27,4582754.76,2.18050199,41.39156924
431582.27,4582754.76,2.18050199,41.39156924
428631.838,4582893.648,2.14519793,41.39256363
428631.838,4582893.648,2.14519793,41.39256363
428426.742,4581528.367,2.1429063,41.38024879
428426.742,4581528.367,2.1429063,41.38024879
428426.742,4581528.367,2.1429063,41.38024879
431457.598,4586212.433,2.17861905,41.42270081
431457.598,4586212.433,2.17861905,41.42270081
430634.284,4579558.391,2.16952987,41.36269923
430634.284,4579558.391,2.16952987,41.36269923
430634.284,4579558.391,2.16952987,41.36269923
430634.284,4579558.391,2.16952987,41.36269923
431553.566,4584083.988,2.18000834,41.40353877
431553.566,4584083.988,2.18000834,41.40353877
431553.566,4584083.988,2.18000834,41.40353877
431861.687,4584585.354,2.18363774,41.40808061
431861.687,4584585.354,2.18363774,41.40808061
428977.609,4582119.87,2.14942424,41.3856251
428977.609,4582119.87,2.14942424,41.3856251
428886.957,4584568.495,2.1480524,41.40767096
428886.957,4584568.495,2.1480524,41.40767096
431735.719,4588048.318,2.18173959,41.43925968
431735.719,4588048.318,2.18173959,41.43925968
426793.069,4582325.321,2.12327446,41.38727958
426793.069,4582325.321,2.12327446,41.38727958
426793.069,4582325.321,2.12327446,41.38727958
432395.728,4582825.005,2.19022333,41.39227075
432395.728,4582825.005,2.19022333,41.39227075
429286.113,4583360.784,2.15296871,41.39682878
429286.113,4583360.784,2.15296871,41.39682878
428486.198,4584985.202,2.14320881,41.4113885
428486.198,4584985.202,2.14320881,41.4113885
434599.95,4584179.693,2.21644042,41.40465451
434599.95,4584179.693,2.21644042,41.40465451
434599.95,4584179.693,2.21644042,41.40465451
429265.138,4583110.78,2.15274704,41.39457523
429265.138,4583110.78,2.15274704,41.39457523
429265.138,4583110.78,2.15274704,41.39457523
432373.067,4588343.313,2.18933499,41.44197057
432373.067,4588343.313,2.18933499,41.44197057
432373.067,4588343.313,2.18933499,41.44197057
428436.742,4587511.462,2.142318,41.43413706
429037.841,4584358.303,2.1498821,41.40579118
429037.841,4584358.303,2.1498821,41.40579118
428937.379,4582943.857,2.14884641,41.39304291
428937.379,4582943.857,2.14884641,41.39304291
431253.541,4588685.398,2.17589586,41.44495647
431253.541,4588685.398,2.17589586,41.44495647
428098.779,4584438.698,2.13863878,41.40643177
428098.779,4584438.698,2.13863878,41.40643177
432240.223,4588631.351,2.18771258,41.44455362
432240.223,4588631.351,2.18771258,41.44455362
432240.223,4588631.351,2.18771258,41.44455362
427130.794,4583435.82,2.12717974,41.39731207
427130.794,4583435.82,2.12717974,41.39731207
427251.142,4581573.975,2.12884296,41.38055408
427251.142,4581573.975,2.12884296,41.38055408
428037.934,4586382.549,2.13767955,41.42393378
430124.959,4588297.482,2.16243163,41.44136517
430124.959,4588297.482,2.16243163,41.44136517
427227.468,4580727.163,2.12866159,41.37292502
432819.785,4582205.295,2.195364,41.38672473
432819.785,4582205.295,2.195364,41.38672473
429611.286,4583250.113,2.15687102,41.39586055
429611.286,4583250.113,2.15687102,41.39586055
428860.062,4583006.33,2.14791433,41.39359874
428860.062,4583006.33,2.14791433,41.39359874
428860.062,4583006.33,2.14791433,41.39359874
428860.062,4583006.33,2.14791433,41.39359874
427479.717,4584923.4,2.13117493,41.41074164
427479.717,4584923.4,2.13117493,41.41074164
431563.589,4587561.783,2.17973449,41.43486298
427113.636,4582130.469,2.12713167,41.38555375
427113.636,4582130.469,2.12713167,41.38555375
427869.956,4585406.474,2.13578598,41.41512763
427869.956,4585406.474,2.13578598,41.41512763
427869.956,4585406.474,2.13578598,41.41512763
427869.956,4585406.474,2.13578598,41.41512763
433459.912,4585293.215,2.20267994,41.41459009
433459.912,4585293.215,2.20267994,41.41459009
433459.912,4585293.215,2.20267994,41.41459009
430786.526,4585244.587,2.17069986,41.41392619
430786.526,4585244.587,2.17069986,41.41392619
430786.526,4585244.587,2.17069986,41.41392619
429229.584,4584052.694,2.15221163,41.40305558
429229.584,4584052.694,2.15221163,41.40305558
429229.584,4584052.694,2.15221163,41.40305558
431511.503,4583962.35,2.17951893,41.40243963
431511.503,4583962.35,2.17951893,41.40243963
426879.747,4582417.877,2.12429989,41.38812108
431686.263,4583850.066,2.18162213,41.40144319
431686.263,4583850.066,2.18162213,41.40144319
432945.362,4583138.375,2.19676246,41.39513924
432945.362,4583138.375,2.19676246,41.39513924
431103.413,4585525.087,2.17445923,41.4164798
431103.413,4585525.087,2.17445923,41.4164798
427578.774,4580280.39,2.13291544,41.36893281
427578.774,4580280.39,2.13291544,41.36893281
433218.09,4582540.822,2.20009048,41.38977993
433218.09,4582540.822,2.20009048,41.38977993
427842.474,4582730.168,2.13577638,41.39102075
427842.474,4582730.168,2.13577638,41.39102075
426608.597,4582317.999,2.1210692,41.38719681
426608.597,4582317.999,2.1210692,41.38719681
431644.693,4585837.251,2.18090025,41.41933762
431644.693,4585837.251,2.18090025,41.41933762
429451.214,4582209.993,2.15507763,41.38647851
429451.214,4582209.993,2.15507763,41.38647851
429451.214,4582209.993,2.15507763,41.38647851
427709.111,4584490.844,2.13397102,41.40686646
427709.111,4584490.844,2.13397102,41.40686646
430820.104,4582435.324,2.17142281,41.38862695
430820.104,4582435.324,2.17142281,41.38862695
429418.607,4583801.032,2.15450214,41.40080558
429418.607,4583801.032,2.15450214,41.40080558
429418.607,4583801.032,2.15450214,41.40080558
432138.337,4588318.069,2.18652821,41.44172339
432138.337,4588318.069,2.18652821,41.44172339
431905.402,4586258.163,2.18397231,41.42315078
431905.402,4586258.163,2.18397231,41.42315078
433600.115,4582986.309,2.20461063,41.39382397
433600.115,4582986.309,2.20461063,41.39382397
433600.115,4582986.309,2.20461063,41.39382397
431319.177,4583078.941,2.17731855,41.39446662
431319.177,4583078.941,2.17731855,41.39446662
431319.177,4583078.941,2.17731855,41.39446662
428499.732,4582666.131,2.14364477,41.39050273
428499.732,4582666.131,2.14364477,41.39050273
428499.732,4582666.131,2.14364477,41.39050273
428499.732,4582666.131,2.14364477,41.39050273
429705.674,4584990.867,2.15779772,41.41154716
431033.704,4581497.549,2.17408421,41.38019904
431033.704,4581497.549,2.17408421,41.38019904
431033.704,4581497.549,2.17408421,41.38019904
431033.704,4581497.549,2.17408421,41.38019904
431033.704,4581497.549,2.17408421,41.38019904
431033.704,4581497.549,2.17408421,41.38019904
431822.101,4588840.201,2.18268407,41.44639924
428876.917,4581648.35,2.14827543,41.38136938
428876.917,4581648.35,2.14827543,41.38136938
428876.917,4581648.35,2.14827543,41.38136938
428876.917,4581648.35,2.14827543,41.38136938
428427.45,4586473.164,2.14232979,41.42478473
428427.45,4586473.164,2.14232979,41.42478473
432691.69,4587220.413,2.19327391,41.43188377
432691.69,4587220.413,2.19327391,41.43188377
427279.47,4585097.504,2.12875832,41.41229162
427279.47,4585097.504,2.12875832,41.41229162
427279.47,4585097.504,2.12875832,41.41229162
432118.602,4585531.82,2.18660505,41.4166269
432118.602,4585531.82,2.18660505,41.4166269
427033.564,4576155.264,2.12689313,41.33172996
428482.561,4584062.79,2.14327436,41.40308038
428482.561,4584062.79,2.14327436,41.40308038
432598.832,4585106.464,2.19239835,41.41283628
432598.832,4585106.464,2.19239835,41.41283628
428261.798,4585663.623,2.14044365,41.41747875
428261.798,4585663.623,2.14044365,41.41747875
428435.519,4586389.606,2.14243625,41.42403288
428435.519,4586389.606,2.14243625,41.42403288
428435.519,4586389.606,2.14243625,41.42403288
433752.23,4588498.691,2.20582592,41.44348507
433752.23,4588498.691,2.20582592,41.44348507
431076.4,4583988.834,2.17431112,41.40264096
431076.4,4583988.834,2.17431112,41.40264096
427429.536,4585230.89,2.13053768,41.41350654
427429.536,4585230.89,2.13053768,41.41350654
427429.536,4585230.89,2.13053768,41.41350654
433925.278,4588192.736,2.20793076,41.44074369
433925.278,4588192.736,2.20793076,41.44074369
433925.278,4588192.736,2.20793076,41.44074369
433925.278,4588192.736,2.20793076,41.44074369
430974.785,4583328.332,2.17317091,41.3966833
430974.785,4583328.332,2.17317091,41.3966833
430974.785,4583328.332,2.17317091,41.3966833
429735.285,4582301.519,2.15846428,41.38732773
429735.285,4582301.519,2.15846428,41.38732773
429735.285,4582301.519,2.15846428,41.38732773
430993.997,4584846.26,2.17322757,41.41035644
430993.997,4584846.26,2.17322757,41.41035644
430316.254,4580904.024,2.16557312,41.37479148
430316.254,4580904.024,2.16557312,41.37479148
431950.934,4586153.398,2.18452894,41.42221106
431950.934,4586153.398,2.18452894,41.42221106
429707.144,4582347.749,2.15812236,41.38774165
429707.144,4582347.749,2.15812236,41.38774165
432506.936,4588502.105,2.19091958,41.44341202
432506.936,4588502.105,2.19091958,41.44341202
432751.326,4586786.738,2.19403587,41.42798279
432751.326,4586786.738,2.19403587,41.42798279
429949.381,4578885.898,2.16141961,41.35658293
429949.381,4578885.898,2.16141961,41.35658293
429949.381,4578885.898,2.16141961,41.35658293
429949.381,4578885.898,2.16141961,41.35658293
430510.011,4584000.073,2.16753454,41.4026934
430510.011,4584000.073,2.16753454,41.4026934
430510.011,4584000.073,2.16753454,41.4026934
427104.449,4580606.369,2.12720523,41.37182594
427104.449,4580606.369,2.12720523,41.37182594
427206.997,4582445.169,2.12821035,41.38839659
427206.997,4582445.169,2.12821035,41.38839659
431819.482,4588861.718,2.1826503,41.44659281
431819.482,4588861.718,2.1826503,41.44659281
431724.231,4588823.719,2.1815144,41.44624247
431724.231,4588823.719,2.1815144,41.44624247
430852.9,4587787.122,2.17120305,41.43683161
427182.434,4582398.224,2.12792223,41.38797155
427182.434,4582398.224,2.12792223,41.38797155
428294.964,4580274.972,2.14147883,41.36894816
428294.964,4580274.972,2.14147883,41.36894816
426396.342,4584242.916,2.11829669,41.4045143
426396.342,4584242.916,2.11829669,41.4045143
426396.342,4584242.916,2.11829669,41.4045143
426396.342,4584242.916,2.11829669,41.4045143
426396.342,4584242.916,2.11829669,41.4045143
429380.435,4584706.193,2.15393985,41.40895468
429380.435,4584706.193,2.15393985,41.40895468
429380.435,4584706.193,2.15393985,41.40895468
429380.435,4584706.193,2.15393985,41.40895468
430934.783,4582858.79,2.17274603,41.39245084
430934.783,4582858.79,2.17274603,41.39245084
431442.954,4585094.901,2.17857055,41.41263431
431442.954,4585094.901,2.17857055,41.41263431
430074.765,4586997.053,2.16198139,41.42964835
430074.765,4586997.053,2.16198139,41.42964835
427949.463,4582768.565,2.1370514,41.39137618
427949.463,4582768.565,2.1370514,41.39137618
430256.296,4582168.26,2.16471061,41.38617287
430256.296,4582168.26,2.16471061,41.38617287
427844.465,4584814.223,2.13555167,41.40979118
427844.465,4584814.223,2.13555167,41.40979118
427231.663,4581394.682,2.12863157,41.37893749
427231.663,4581394.682,2.12863157,41.37893749
429236.199,4584083.839,2.15228711,41.40333668
429236.199,4584083.839,2.15228711,41.40333668
431651.359,4587257.845,2.18081933,41.432133
431126.802,4583044.107,2.17502155,41.39413641
431126.802,4583044.107,2.17502155,41.39413641
432363.422,4581384.384,2.18999786,41.37929272
432363.422,4581384.384,2.18999786,41.37929272
432363.422,4581384.384,2.18999786,41.37929272
428367.184,4580805.93,2.14227953,41.37373676
428367.184,4580805.93,2.14227953,41.37373676
427948.613,4582755.864,2.13704274,41.39126171
431648.432,4583591.24,2.18119883,41.39910881
431648.432,4583591.24,2.18119883,41.39910881
429823.542,4578732.777,2.15993308,41.35519284
429823.542,4578732.777,2.15993308,41.35519284
430246.053,4583163.854,2.1644734,41.39513898
430246.053,4583163.854,2.1644734,41.39513898
429817.133,4582361.217,2.15943621,41.38787256
429817.133,4582361.217,2.15943621,41.38787256
429817.133,4582361.217,2.15943621,41.38787256
432696.869,4588930.556,2.19314528,41.44728689
432696.869,4588930.556,2.19314528,41.44728689
433340.439,4582687.959,2.20153757,41.39111531
433340.439,4582687.959,2.20153757,41.39111531
427523.122,4584010.818,2.13180356,41.40252632
429430.093,4583191.251,2.15471064,41.39531451
429430.093,4583191.251,2.15471064,41.39531451
430620.431,4583327.091,2.16893257,41.39664162
431082.252,4587937.05,2.17393094,41.43820168
431082.252,4587937.05,2.17393094,41.43820168
431235.197,4585670.214,2.17601951,41.4177982
431235.197,4585670.214,2.17601951,41.4177982
429406.698,4580957.907,2.15469118,41.37519747
429406.698,4580957.907,2.15469118,41.37519747
425818.017,4582082.484,2.11164331,41.38500308
425818.017,4582082.484,2.11164331,41.38500308
430606.843,4588062.331,2.16822649,41.43928907
430606.843,4588062.331,2.16822649,41.43928907
430606.843,4588062.331,2.16822649,41.43928907
429042.337,4583824.885,2.14999845,41.40098728
429042.337,4583824.885,2.14999845,41.40098728
433559.898,4584512.335,2.20396202,41.40756519
433559.898,4584512.335,2.20396202,41.40756519
427354.251,4582900.129,2.12991683,41.39250755
427354.251,4582900.129,2.12991683,41.39250755
431123.14,4587928.907,2.17442125,41.43813185
431123.14,4587928.907,2.17442125,41.43813185
431401.854,4583673.372,2.17824005,41.39982754
431401.854,4583673.372,2.17824005,41.39982754
431401.854,4583673.372,2.17824005,41.39982754
429211.997,4583679.208,2.15204494,41.39969019
429211.997,4583679.208,2.15204494,41.39969019
429376.737,4582117.56,2.15419772,41.38563946
429376.737,4582117.56,2.15419772,41.38563946
429398.224,4587988.753,2.1537692,41.43852097
429398.224,4587988.753,2.1537692,41.43852097
431253.541,4588685.398,2.17589586,41.44495647
431253.541,4588685.398,2.17589586,41.44495647
431253.541,4588685.398,2.17589586,41.44495647
431087.586,4584749.863,2.17435822,41.40949626
431087.586,4584749.863,2.17435822,41.40949626
431087.586,4584749.863,2.17435822,41.40949626
429554.338,4583063.602,2.15621157,41.39417572
429554.338,4583063.602,2.15621157,41.39417572
433651.691,4585016.075,2.2050049,41.41210983
433651.691,4585016.075,2.2050049,41.41210983
428733.324,4587304.222,2.14589193,41.43229692
428733.324,4587304.222,2.14589193,41.43229692
428733.324,4587304.222,2.14589193,41.43229692
431645.925,4581570.377,2.18139703,41.38090725
431645.925,4581570.377,2.18139703,41.38090725
426517.707,4577093.164,2.12061556,41.34013041
426517.707,4577093.164,2.12061556,41.34013041
434357.566,4585491.443,2.21339846,41.41644936
434357.566,4585491.443,2.21339846,41.41644936
427612.434,4583530.517,2.13292938,41.3982085
427612.434,4583530.517,2.13292938,41.3982085
429803.546,4585071.037,2.15895934,41.41227778
429803.546,4585071.037,2.15895934,41.41227778
428869.079,4583160.835,2.14800401,41.39499111
428869.079,4583160.835,2.14800401,41.39499111
432158.621,4584574.929,2.18719123,41.40801185
432158.621,4584574.929,2.18719123,41.40801185
432158.621,4584574.929,2.18719123,41.40801185
430987.16,4582551.3,2.17340752,41.38968588
430987.16,4582551.3,2.17340752,41.38968588
430839.851,4581843.369,2.17172659,41.38329709
430148.161,4582056.261,2.16343032,41.38515475
430536.226,4584543.284,2.16778575,41.40758819
430536.226,4584543.284,2.16778575,41.40758819
430536.226,4584543.284,2.16778575,41.40758819
430536.226,4584543.284,2.16778575,41.40758819
432646.782,4584550.484,2.19303396,41.40783275
434299.838,4583908.153,2.21287976,41.40218432
434299.838,4583908.153,2.21287976,41.40218432
433559.898,4584512.335,2.20396202,41.40756519
433559.898,4584512.335,2.20396202,41.40756519
430373.078,4581960.893,2.16613108,41.3843153
430414.805,4584094.504,2.16638479,41.40353567
430414.805,4584094.504,2.16638479,41.40353567
428923.461,4583987.966,2.14855731,41.40244558
428923.461,4583987.966,2.14855731,41.40244558
429749.823,4586264.528,2.15817791,41.42302241
429749.823,4586264.528,2.15817791,41.42302241
431927.427,4588064.592,2.18403231,41.43942255
431927.427,4588064.592,2.18403231,41.43942255
428786.879,4581932.744,2.14716529,41.38392285
428786.879,4581932.744,2.14716529,41.38392285
427929.128,4582767.09,2.13680837,41.39136107
427929.128,4582767.09,2.13680837,41.39136107
426179.941,4584009.339,2.11573651,41.40239072
426179.941,4584009.339,2.11573651,41.40239072
428434.998,4584991.984,2.14259546,41.41144503
428434.998,4584991.984,2.14259546,41.41144503
428434.998,4584991.984,2.14259546,41.41144503
426883.331,4583690.919,2.12418898,41.39958716
426883.331,4583690.919,2.12418898,41.39958716
430930.191,4583933.453,2.17256845,41.4021296
429362.653,4580936.133,2.15416707,41.37499749
429362.653,4580936.133,2.15416707,41.37499749
433875.223,4586287.202,2.20754022,41.42357697
433875.223,4586287.202,2.20754022,41.42357697
432160.585,4584770.926,2.18719273,41.4097773
432160.585,4584770.926,2.18719273,41.4097773
431740.056,4584265.345,2.18221875,41.40518806
431740.056,4584265.345,2.18221875,41.40518806
429623.458,4587900.228,2.15647529,41.43774344
429623.458,4587900.228,2.15647529,41.43774344
430914.57,4583629.895,2.17241625,41.39939421
430914.57,4583629.895,2.17241625,41.39939421
429835.153,4581050.808,2.15980353,41.37607169
429835.153,4581050.808,2.15980353,41.37607169
429739.795,4588052.889,2.15784993,41.4391286
429739.795,4588052.889,2.15784993,41.4391286
427155.822,4581341.218,2.1277311,41.3784491
427155.822,4581341.218,2.1277311,41.3784491
429841.566,4581783.123,2.1597954,41.38266798
429841.566,4581783.123,2.1597954,41.38266798
427518.627,4583006.322,2.13187011,41.39347883
427518.627,4583006.322,2.13187011,41.39347883
433626.291,4587082.719,2.20447406,41.43072143
433626.291,4587082.719,2.20447406,41.43072143
426649.721,4582241.36,2.12157029,41.38651031
426649.721,4582241.36,2.12157029,41.38651031
427692.222,4581012.73,2.13418443,41.37553894
427692.222,4581012.73,2.13418443,41.37553894
432287.264,4589396.222,2.18818985,41.45144651
432287.264,4589396.222,2.18818985,41.45144651
431553.566,4584083.988,2.18000834,41.40353877
431553.566,4584083.988,2.18000834,41.40353877
429359.738,4578350.944,2.15443346,41.35171321
429359.738,4578350.944,2.15443346,41.35171321
429161.201,4586116.627,2.15115183,41.42163861
429161.201,4586116.627,2.15115183,41.42163861
427381.028,4581010.596,2.13046368,41.37549168
427381.028,4581010.596,2.13046368,41.37549168
431704.194,4583611.306,2.18186358,41.39929428
431704.194,4583611.306,2.18186358,41.39929428
431704.194,4583611.306,2.18186358,41.39929428
426802.356,4577081.257,2.12401874,41.3400491
426802.356,4577081.257,2.12401874,41.3400491
426802.356,4577081.257,2.12401874,41.3400491
426802.356,4577081.257,2.12401874,41.3400491
431015.388,4587800.846,2.17314622,41.4369692
431015.388,4587800.846,2.17314622,41.4369692
429634.844,4581829.774,2.15731788,41.38307009
429634.844,4581829.774,2.15731788,41.38307009
432839.501,4589349.921,2.19480599,41.45107592
432839.501,4589349.921,2.19480599,41.45107592
428865.748,4584800.432,2.14777139,41.40975805
428865.748,4584800.432,2.14777139,41.40975805
428585.976,4581366.457,2.14482952,41.37880469
428585.976,4581366.457,2.14482952,41.37880469
428172.439,4583900.575,2.13958386,41.40159171
428172.439,4583900.575,2.13958386,41.40159171
428692.998,4582028.734,2.14603129,41.38477908
428692.998,4582028.734,2.14603129,41.38477908
426082.192,4583901.997,2.11458035,41.40141496
426082.192,4583901.997,2.11458035,41.40141496
426082.192,4583901.997,2.11458035,41.40141496
426406.769,4584276.449,2.11841734,41.40481727
426406.769,4584276.449,2.11841734,41.40481727
426406.769,4584276.449,2.11841734,41.40481727
429914.384,4583230.13,2.16049868,41.39570706
429914.384,4583230.13,2.16049868,41.39570706
429914.384,4583230.13,2.16049868,41.39570706
430603.222,4584092.489,2.16863895,41.40353382
430603.222,4584092.489,2.16863895,41.40353382
430603.222,4584092.489,2.16863895,41.40353382
429205.757,4587372.886,2.15153779,41.43295716
426995.118,4583282.05,2.12557545,41.39591482
426995.118,4583282.05,2.12557545,41.39591482
427578.774,4580280.39,2.13291544,41.36893281
427578.774,4580280.39,2.13291544,41.36893281
425982.384,4583777.908,2.11340164,41.40028816
425982.384,4583777.908,2.11340164,41.40028816
425982.384,4583777.908,2.11340164,41.40028816
429167.464,4582306.694,2.15167288,41.38732451
429167.464,4582306.694,2.15167288,41.38732451
429167.464,4582306.694,2.15167288,41.38732451
429167.464,4582306.694,2.15167288,41.38732451
431167.042,4583702.846,2.17542793,41.40007292
431167.042,4583702.846,2.17542793,41.40007292
431167.042,4583702.846,2.17542793,41.40007292
431167.042,4583702.846,2.17542793,41.40007292
431167.042,4583702.846,2.17542793,41.40007292
431863.768,4586220.735,2.18347834,41.42281015
431863.768,4586220.735,2.18347834,41.42281015
432697,4588930.461,2.19314686,41.44728605
427950.936,4582654.582,2.13708259,41.39034971
427950.936,4582654.582,2.13708259,41.39034971
430215.566,4583149.448,2.16411041,41.39500658
430215.566,4583149.448,2.16411041,41.39500658
430215.566,4583149.448,2.16411041,41.39500658
431743.532,4582916.382,2.1824125,41.39303864
427269.906,4581441.242,2.12908328,41.3793603
427269.906,4581441.242,2.12908328,41.3793603
432888.886,4582323.453,2.19617731,41.38779473
432888.886,4582323.453,2.19617731,41.38779473
429178.931,4586631.057,2.1513037,41.42627344
429178.931,4586631.057,2.1513037,41.42627344
429178.931,4586631.057,2.1513037,41.42627344
431370.004,4582923.541,2.1779441,41.39307131
431370.004,4582923.541,2.1779441,41.39307131
431370.004,4582923.541,2.1779441,41.39307131
431950.934,4586153.398,2.18452894,41.42221106
431950.934,4586153.398,2.18452894,41.42221106
427929.128,4582767.09,2.13680837,41.39136107
427929.128,4582767.09,2.13680837,41.39136107
427929.128,4582767.09,2.13680837,41.39136107
431576.15,4585401.313,2.18012946,41.41540542
428614.303,4582926.603,2.14498432,41.39285888
428614.303,4582926.603,2.14498432,41.39285888
432792.635,4585292.446,2.19469638,41.41452761
432792.635,4585292.446,2.19469638,41.41452761
432792.635,4585292.446,2.19469638,41.41452761
432792.635,4585292.446,2.19469638,41.41452761
429142.194,4583820.381,2.15119345,41.40095552
429142.194,4583820.381,2.15119345,41.40095552
432059.699,4588607.737,2.18555436,41.44432567
432059.699,4588607.737,2.18555436,41.44432567
431535.136,4581234.716,2.18011012,41.37787461
431535.136,4581234.716,2.18011012,41.37787461
433042.41,4582486.788,2.19799533,41.38927865
433042.41,4582486.788,2.19799533,41.38927865
428527.127,4582768.109,2.14396037,41.39142364
428527.127,4582768.109,2.14396037,41.39142364
431593.634,4583575.667,2.18054512,41.39896389
431593.634,4583575.667,2.18054512,41.39896389
430521.805,4587079.727,2.16732169,41.43043178
430521.805,4587079.727,2.16732169,41.43043178
431460.948,4584179.194,2.17888962,41.40438836
431460.948,4584179.194,2.17888962,41.40438836
431296.108,4587695.06,2.17651807,41.4360405
431296.108,4587695.06,2.17651807,41.4360405
428110.631,4585605.695,2.13864184,41.4169435
428110.631,4585605.695,2.13864184,41.4169435
428110.631,4585605.695,2.13864184,41.4169435
432865.792,4582626.095,2.19586755,41.39051861
432865.792,4582626.095,2.19586755,41.39051861
429819.222,4588109.769,2.15879398,41.43964784
429819.222,4588109.769,2.15879398,41.43964784
433047.446,4584737.647,2.1978065,41.40955197
429735.285,4582301.519,2.15846428,41.38732773
429735.285,4582301.519,2.15846428,41.38732773
427869.956,4585406.474,2.13578598,41.41512763
427869.956,4585406.474,2.13578598,41.41512763
431127.869,4588676.965,2.17439253,41.44486974
431127.869,4588676.965,2.17439253,41.44486974
427128.557,4584966.809,2.12696857,41.41110083
427128.557,4584966.809,2.12696857,41.41110083
430860.318,4581140.329,2.17205161,41.37696676
430860.318,4581140.329,2.17205161,41.37696676
431584.053,4585615.868,2.18019974,41.41733853
431584.053,4585615.868,2.18019974,41.41733853
431584.053,4585615.868,2.18019974,41.41733853
432500.221,4582719.721,2.19148484,41.39133127
431322.62,4584246.735,2.17722718,41.40498488
432838.987,4589349.786,2.19479985,41.45107466
431193.317,4587045.233,2.17536185,41.43017894
431193.317,4587045.233,2.17536185,41.43017894
431193.317,4587045.233,2.17536185,41.43017894
430452.149,4582422.954,2.16702361,41.38848379
430452.149,4582422.954,2.16702361,41.38848379
428561.044,4580059.616,2.14468547,41.3670322
428561.044,4580059.616,2.14468547,41.3670322
429382.722,4582317.199,2.154246,41.38743806
429382.722,4582317.199,2.154246,41.38743806
429178.121,4582274.998,2.15180404,41.38703998
429178.121,4582274.998,2.15180404,41.38703998
430197.259,4582210.358,2.16399973,41.38654691
430197.259,4582210.358,2.16399973,41.38654691
426730.422,4583790.495,2.12234789,41.40047008
426730.422,4583790.495,2.12234789,41.40047008
428242.582,4585999.86,2.14017381,41.42050538
428242.582,4585999.86,2.14017381,41.42050538
428242.582,4585999.86,2.14017381,41.42050538
429161.137,4581740.422,2.15166345,41.38222373
429161.137,4581740.422,2.15166345,41.38222373
429161.137,4581740.422,2.15166345,41.38222373
431651.118,4584550.195,2.18112262,41.40774606
431651.118,4584550.195,2.18112262,41.40774606
429620.871,4583726.695,2.15693023,41.4001538
429978.13,4588136.19,2.16069288,41.43989968
429978.13,4588136.19,2.16069288,41.43989968
429978.13,4588136.19,2.16069288,41.43989968
428787.039,4581740.072,2.14718987,41.38218754
428787.039,4581740.072,2.14718987,41.38218754
430022.751,4582583.058,2.16186966,41.38988853
430022.751,4582583.058,2.16186966,41.38988853
432628.446,4584773.415,2.19278977,41.4098391
432628.446,4584773.415,2.19278977,41.4098391
428408.372,4582110.786,2.14261778,41.3854928
428408.372,4582110.786,2.14261778,41.3854928
428724.8,4582421.254,2.1463654,41.38831719
428724.8,4582421.254,2.1463654,41.38831719
426793.069,4582325.321,2.12327446,41.38727958
426793.069,4582325.321,2.12327446,41.38727958
427954.947,4582701.104,2.13712502,41.39076907
427954.947,4582701.104,2.13712502,41.39076907
428450.386,4583173.294,2.14299465,41.39506616
431275.196,4582639.568,2.17684239,41.39050555
431275.196,4582639.568,2.17684239,41.39050555
433917.356,4585481.456,2.20813248,41.4163233
433917.356,4585481.456,2.20813248,41.4163233
428175.875,4585794.943,2.13939999,41.41865382
428175.875,4585794.943,2.13939999,41.41865382
428175.875,4585794.943,2.13939999,41.41865382
428175.875,4585794.943,2.13939999,41.41865382
429831.322,4583321.359,2.15949461,41.39652147
429831.322,4583321.359,2.15949461,41.39652147
429831.322,4583321.359,2.15949461,41.39652147
428567.599,4582974.202,2.14442011,41.39328344
428567.599,4582974.202,2.14442011,41.39328344
433383.187,4585066.468,2.20178695,41.41254148
433383.187,4585066.468,2.20178695,41.41254148
430121.863,4583246.633,2.16297842,41.39587376
430121.863,4583246.633,2.16297842,41.39587376
433600.115,4582986.309,2.20461063,41.39382397
433600.115,4582986.309,2.20461063,41.39382397
432969.159,4589201.616,2.19637463,41.44975104
432969.159,4589201.616,2.19637463,41.44975104
428462.818,4586546.943,2.14274428,41.42545238
428462.818,4586546.943,2.14274428,41.42545238
431631.545,4585763.588,2.18075127,41.41867304
431631.545,4585763.588,2.18075127,41.41867304
431631.545,4585763.588,2.18075127,41.41867304
433678.596,4588627.51,2.20493038,41.44463922
433678.596,4588627.51,2.20493038,41.44463922
429178.931,4586631.057,2.1513037,41.42627344
429178.931,4586631.057,2.1513037,41.42627344
433364.057,4583561.244,2.2017239,41.39898274
433364.057,4583561.244,2.2017239,41.39898274
429294.112,4587413.646,2.15259043,41.43333205
429294.112,4587413.646,2.15259043,41.43333205
428490.673,4582934.494,2.14350473,41.39291896
428490.673,4582934.494,2.14350473,41.39291896
428490.673,4582934.494,2.14350473,41.39291896
428786.879,4581932.744,2.14716529,41.38392285
428786.879,4581932.744,2.14716529,41.38392285
427769.455,4582595.225,2.13491918,41.38979881
427769.455,4582595.225,2.13491918,41.38979881
428409.692,4584311.956,2.1423732,41.40531803
428409.692,4584311.956,2.1423732,41.40531803
431554.856,4584456.439,2.17998163,41.40689343
431554.856,4584456.439,2.17998163,41.40689343
430552.711,4581130.063,2.16837456,41.3768478
430552.711,4581130.063,2.16837456,41.3768478
426650.358,4581038.477,2.12172359,41.37567649
426650.358,4581038.477,2.12172359,41.37567649
426650.358,4581038.477,2.12172359,41.37567649
433659.755,4584981.576,2.20510517,41.41179978
433659.755,4584981.576,2.20510517,41.41179978
430944.562,4585716.824,2.17253671,41.41819307
430944.562,4585716.824,2.17253671,41.41819307
429929.891,4582678.072,2.16074807,41.39073621
429929.891,4582678.072,2.16074807,41.39073621
429698.402,4582325.57,2.15802039,41.38754113
429698.402,4582325.57,2.15802039,41.38754113
429474.224,4583854.192,2.15516122,41.40128926
429474.224,4583854.192,2.15516122,41.40128926
429152.456,4584634.319,2.15122088,41.40828727
429152.456,4584634.319,2.15122088,41.40828727
428879.489,4581838.147,2.14828391,41.38307905
428879.489,4581838.147,2.14828391,41.38307905
430207.209,4584899.973,2.16380851,41.41077224
427548.818,4581601.947,2.13239925,41.38083289
427548.818,4581601.947,2.13239925,41.38083289
427575.967,4582577.493,2.13260722,41.3896217
427575.967,4582577.493,2.13260722,41.3896217
427817.98,4579776.81,2.13583536,41.36441874
427817.98,4579776.81,2.13583536,41.36441874
434993.365,4585082.982,2.22104967,41.41282215
434993.365,4585082.982,2.22104967,41.41282215
430387.362,4582209.736,2.1662733,41.3865578
426947.814,4583137.348,2.12502712,41.39460725
426947.814,4583137.348,2.12502712,41.39460725
425427.267,4582379.613,2.10693381,41.38764304
425427.267,4582379.613,2.10693381,41.38764304
425427.267,4582379.613,2.10693381,41.38764304
427891.785,4583865.873,2.13623083,41.40125402
427891.785,4583865.873,2.13623083,41.40125402
430100.14,4584691.935,2.1625516,41.40888921
430100.14,4584691.935,2.1625516,41.40888921
432134.809,4584834.857,2.18687719,41.41035093
432134.809,4584834.857,2.18687719,41.41035093
427504.457,4585298.725,2.13142592,41.41412426
427504.457,4585298.725,2.13142592,41.41412426
427504.457,4585298.725,2.13142592,41.41412426
427504.457,4585298.725,2.13142592,41.41412426
431648.432,4583591.24,2.18119883,41.39910881
431648.432,4583591.24,2.18119883,41.39910881
426931.223,4582939.944,2.12485251,41.39282781
426931.223,4582939.944,2.12485251,41.39282781
428614.303,4582926.603,2.14498432,41.39285888
428614.303,4582926.603,2.14498432,41.39285888
428665.974,4587115.347,2.14510822,41.43058982
428816.463,4583117.381,2.14737979,41.39459508
428816.463,4583117.381,2.14737979,41.39459508
428816.463,4583117.381,2.14737979,41.39459508
428816.463,4583117.381,2.14737979,41.39459508
432138.337,4588318.069,2.18652821,41.44172339
432138.337,4588318.069,2.18652821,41.44172339
432138.337,4588318.069,2.18652821,41.44172339
429033.578,4584325.831,2.14983491,41.40549834
429033.578,4584325.831,2.14983491,41.40549834
430457.121,4588348.411,2.16640152,41.44185273
430457.121,4588348.411,2.16640152,41.44185273
430457.121,4588348.411,2.16640152,41.44185273
431463.856,4583995.646,2.17894519,41.40273545
431463.856,4583995.646,2.17894519,41.40273545
431463.856,4583995.646,2.17894519,41.40273545
431839.223,4582525.688,2.18360101,41.38952789
431839.223,4582525.688,2.18360101,41.38952789
431854.719,4581597.368,2.18389082,41.38116807
431854.719,4581597.368,2.18389082,41.38116807
431854.719,4581597.368,2.18389082,41.38116807
429842.597,4580621.766,2.15994223,41.37220809
429842.597,4580621.766,2.15994223,41.37220809
432307.206,4580978.659,2.18937097,41.37563373
432307.206,4580978.659,2.18937097,41.37563373
430913.332,4580899.198,2.17271302,41.37479953
432758.379,4581836.017,2.19467063,41.3833936
432758.379,4581836.017,2.19467063,41.3833936
430364.023,4586837.251,2.16546141,41.42823422
431457.598,4586212.433,2.17861905,41.42270081
431457.598,4586212.433,2.17861905,41.42270081
431457.598,4586212.433,2.17861905,41.42270081
429878.927,4587902.327,2.15953267,41.43778471
429878.927,4587902.327,2.15953267,41.43778471
430963.209,4584121.587,2.17294194,41.4038269
430963.209,4584121.587,2.17294194,41.4038269
430899.204,4584756.673,2.17210373,41.40954142
430899.204,4584756.673,2.17210373,41.40954142
427429.536,4585230.89,2.13053768,41.41350654
427429.536,4585230.89,2.13053768,41.41350654
427429.536,4585230.89,2.13053768,41.41350654
429759.361,4586668.515,2.15824509,41.4266618
429759.361,4586668.515,2.15824509,41.4266618
430634.284,4579558.391,2.16952987,41.36269923
430634.284,4579558.391,2.16952987,41.36269923
430634.284,4579558.391,2.16952987,41.36269923
430634.284,4579558.391,2.16952987,41.36269923
430923.196,4587579.424,2.17206815,41.43496701
430923.196,4587579.424,2.17206815,41.43496701
430879.481,4580880.608,2.17231039,41.37462918
430879.481,4580880.608,2.17231039,41.37462918
430879.481,4580880.608,2.17231039,41.37462918
434220.181,4586088.061,2.21168973,41.42181169
434220.181,4586088.061,2.21168973,41.42181169
434220.181,4586088.061,2.21168973,41.42181169
426942.412,4581028.408,2.12521695,41.37561239
432987.53,4582269.631,2.197363,41.38731819
428173.369,4580228.731,2.14003052,41.36852084
428427.45,4586473.164,2.14232979,41.42478473
428427.45,4586473.164,2.14232979,41.42478473
430081.41,4582845.197,2.16254093,41.39225464
430081.41,4582845.197,2.16254093,41.39225464
431770.267,4586342.38,2.18234576,41.42389782
431770.267,4586342.38,2.18234576,41.42389782
433734.592,4585038.317,2.20599431,41.41231701
433734.592,4585038.317,2.20599431,41.41231701
427714.159,4585334.953,2.13393052,41.41446946
427714.159,4585334.953,2.13393052,41.41446946
431205.115,4587364.73,2.17546665,41.43305755
431205.115,4587364.73,2.17546665,41.43305755
428159.052,4581060.041,2.13976079,41.37600689
428159.052,4581060.041,2.13976079,41.37600689
430228.114,4582808.116,2.16429984,41.39193341
430228.114,4582808.116,2.16429984,41.39193341
430228.114,4582808.116,2.16429984,41.39193341
431152.439,4590347.435,2.17449606,41.45991711
427575.967,4582577.493,2.13260722,41.3896217
427575.967,4582577.493,2.13260722,41.3896217
427575.967,4582577.493,2.13260722,41.3896217
427764.11,4584733.208,2.13460002,41.40905428
427764.11,4584733.208,2.13460002,41.40905428
425910.222,4583445.835,2.11257911,41.39729068
425910.222,4583445.835,2.11257911,41.39729068
431997.806,4587022.073,2.18499205,41.4300389
431997.806,4587022.073,2.18499205,41.4300389
432518.566,4587864.026,2.1911301,41.43766604
432518.566,4587864.026,2.1911301,41.43766604
432518.566,4587864.026,2.1911301,41.43766604
428543.088,4577414.397,2.14478248,41.34320593
429042.337,4583824.885,2.14999845,41.40098728
429042.337,4583824.885,2.14999845,41.40098728
428391.91,4580975.304,2.14255515,41.37526445
428391.91,4580975.304,2.14255515,41.37526445
429130.744,4584495.616,2.15097738,41.40703611
429130.744,4584495.616,2.15097738,41.40703611
429130.744,4584495.616,2.15097738,41.40703611
432054.984,4587048.621,2.18567333,41.43028285
432054.984,4587048.621,2.18567333,41.43028285
429645.087,4582587.714,2.15735231,41.38989751
428957.405,4583232.065,2.14905209,41.39564046
428957.405,4583232.065,2.14905209,41.39564046
428957.405,4583232.065,2.14905209,41.39564046
431373.137,4585218.563,2.17772122,41.41374214
431373.137,4585218.563,2.17772122,41.41374214
428771.364,4584915.839,2.14662864,41.41078911
428771.364,4584915.839,2.14662864,41.41078911
429491.527,4586148.601,2.15510067,41.42195566
429491.527,4586148.601,2.15510067,41.42195566
431900.34,4586103.955,2.18392912,41.42176145
431900.34,4586103.955,2.18392912,41.42176145
430774.468,4579826.643,2.17117512,41.36512737
430774.468,4579826.643,2.17117512,41.36512737
430774.468,4579826.643,2.17117512,41.36512737
430774.468,4579826.643,2.17117512,41.36512737
431357.406,4586967.113,2.17733444,41.42948939
431357.406,4586967.113,2.17733444,41.42948939
431357.406,4586967.113,2.17733444,41.42948939
430121.355,4582099.833,2.16310473,41.38554485
430121.355,4582099.833,2.16310473,41.38554485
431538.081,4585395.033,2.17967469,41.41534562
431538.081,4585395.033,2.17967469,41.41534562
431344.825,4588720.389,2.17698456,41.44527943
431344.825,4588720.389,2.17698456,41.44527943
431442.505,4581217.314,2.17900443,41.37770999
431442.505,4581217.314,2.17900443,41.37770999
429236,4583768.707,2.15232159,41.40049839
429236,4583768.707,2.15232159,41.40049839
427253.844,4580578.651,2.12899479,41.37158982
427253.844,4580578.651,2.12899479,41.37158982
429031.874,4584373.7,2.14980891,41.40592933
429031.874,4584373.7,2.14980891,41.40592933
428528.413,4583537.234,2.14388493,41.39835098
428528.413,4583537.234,2.14388493,41.39835098
426450.294,4581229.815,2.11930816,41.37738153
426450.294,4581229.815,2.11930816,41.37738153
428840.576,4583848.342,2.14758225,41.40118071
428840.576,4583848.342,2.14758225,41.40118071
432141.028,4585382.64,2.18689012,41.41528517
432141.028,4585382.64,2.18689012,41.41528517
432308.877,4588633.503,2.18853413,41.4445788
432308.877,4588633.503,2.18853413,41.4445788
434156.164,4583766.36,2.21117652,41.40089546
434156.164,4583766.36,2.21117652,41.40089546
430446.328,4588059.232,2.16630564,41.43924727
430446.328,4588059.232,2.16630564,41.43924727
434127.156,4584505.11,2.21074907,41.40754683
434127.156,4584505.11,2.21074907,41.40754683
426865.384,4582641.195,2.12410115,41.39013111
426865.384,4582641.195,2.12410115,41.39013111
431244.095,4588405.125,2.17581471,41.44243135
431244.095,4588405.125,2.17581471,41.44243135
431244.095,4588405.125,2.17581471,41.44243135
432985.66,4583007.181,2.19725899,41.39396097
432985.66,4583007.181,2.19725899,41.39396097
431246.499,4583153.045,2.17644084,41.39512783
431246.499,4583153.045,2.17644084,41.39512783
431856.783,4586422.913,2.18337195,41.42463051
431856.783,4586422.913,2.18337195,41.42463051
431856.783,4586422.913,2.18337195,41.42463051
431596.472,4583505.935,2.18058695,41.39833607
431596.472,4583505.935,2.18058695,41.39833607
433951.356,4588095.704,2.20825351,41.4398719
433951.356,4588095.704,2.20825351,41.4398719
433951.356,4588095.704,2.20825351,41.4398719
433269.39,4588819.765,2.20001091,41.44633686
433269.39,4588819.765,2.20001091,41.44633686
428675.047,4583079.969,2.14569277,41.39424559
428675.047,4583079.969,2.14569277,41.39424559
426220.607,4576386.5,2.11715091,41.33373857
426220.607,4576386.5,2.11715091,41.33373857
429359.086,4587764.567,2.15332699,41.43649837
429359.086,4587764.567,2.15332699,41.43649837
429583.954,4584537.73,2.15639424,41.40745526
429583.954,4584537.73,2.15639424,41.40745526
426516.565,4575334.061,2.12081482,41.32428665
426516.565,4575334.061,2.12081482,41.32428665
426916.783,4583341.385,2.12463133,41.39644211
426916.783,4583341.385,2.12463133,41.39644211
431275.038,4584936.501,2.1765796,41.41119331
431275.038,4584936.501,2.1765796,41.41119331
429748.983,4582339.334,2.15862371,41.38766952
429748.983,4582339.334,2.15862371,41.38766952
425208.784,4582104.265,2.10435491,41.38514281
425208.784,4582104.265,2.10435491,41.38514281
428210.426,4585888.549,2.13980227,41.41949998
428210.426,4585888.549,2.13980227,41.41949998
427504.457,4585298.725,2.13142592,41.41412426
427504.457,4585298.725,2.13142592,41.41412426
433257.426,4582696.33,2.20054379,41.39118382
433257.426,4582696.33,2.20054379,41.39118382
427599.641,4583509.259,2.1327789,41.39801588
427599.641,4583509.259,2.1327789,41.39801588
428683.098,4583473.686,2.14574267,41.39779236
428683.098,4583473.686,2.14574267,41.39779236
428683.098,4583473.686,2.14574267,41.39779236
429569.018,4586723.751,2.15596089,41.42714262
429569.018,4586723.751,2.15596089,41.42714262
433406.969,4582829.315,2.20231773,41.39239399
433406.969,4582829.315,2.20231773,41.39239399
427681.983,4583578.125,2.13375559,41.39864354
427681.983,4583578.125,2.13375559,41.39864354
431720.013,4582183.525,2.18221386,41.386436
432758.379,4581836.017,2.19467063,41.3833936
432758.379,4581836.017,2.19467063,41.3833936
428710.196,4586249.281,2.14573961,41.42279346
428710.196,4586249.281,2.14573961,41.42279346
429698.263,4588071.047,2.15735072,41.4392885
429698.263,4588071.047,2.15735072,41.4392885
424926.244,4586552.78,2.100424,41.42518206
428687.544,4577781.995,2.14646571,41.34652959
428687.544,4577781.995,2.14646571,41.34652959
429743.715,4582869.408,2.15849919,41.39244325
429743.715,4582869.408,2.15849919,41.39244325
427700.964,4585357.299,2.13376998,41.41466953
427700.964,4585357.299,2.13376998,41.41466953
429237.842,4584054.231,2.15231023,41.40307016
429237.842,4584054.231,2.15231023,41.40307016
433616.673,4583048.365,2.20480186,41.39438426
433616.673,4583048.365,2.20480186,41.39438426
431982.644,4583287.629,2.18523069,41.39640263
431982.644,4583287.629,2.18523069,41.39640263
431982.644,4583287.629,2.18523069,41.39640263
427711.393,4579792.197,2.13455925,41.36454775
427711.393,4579792.197,2.13455925,41.36454775
431954.752,4586992.567,2.18448014,41.4297695
431954.752,4586992.567,2.18448014,41.4297695
430854.052,4588002.343,2.1711922,41.43877012
430854.052,4588002.343,2.1711922,41.43877012
429830.925,4582396.046,2.15959712,41.38818746
429830.925,4582396.046,2.15959712,41.38818746
432267.447,4580958.782,2.18889777,41.37545135
432267.447,4580958.782,2.18889777,41.37545135
430586.364,4586901.141,2.16811482,41.4288289
434760.326,4584428.458,2.21833214,41.40690811
434760.326,4584428.458,2.21833214,41.40690811
431752.086,4583696.656,2.18242681,41.40006707
431752.086,4583696.656,2.18242681,41.40006707
431752.086,4583696.656,2.18242681,41.40006707
428880.88,4582025.854,2.14827849,41.38476979
428880.88,4582025.854,2.14827849,41.38476979
430987.104,4588550.726,2.172722,41.44372066
430987.104,4588550.726,2.172722,41.44372066
427242.619,4581402.582,2.12876163,41.37900964
427242.619,4581402.582,2.12876163,41.37900964
430423.266,4582722.921,2.16664371,41.391183
430423.266,4582722.921,2.16664371,41.391183
428743.899,4584872.564,2.14630516,41.41039691
428743.899,4584872.564,2.14630516,41.41039691
427112.709,4582502.608,2.12707579,41.38890538
427112.709,4582502.608,2.12707579,41.38890538
432493.9,4582916.467,2.19138731,41.39310278
432493.9,4582916.467,2.19138731,41.39310278
428474.596,4578517.349,2.14383387,41.35313381
428474.596,4578517.349,2.14383387,41.35313381
428076.788,4583006.208,2.13854598,41.39352793
428076.788,4583006.208,2.13854598,41.39352793
430935.15,4588008.395,2.17216216,41.43883161
430935.15,4588008.395,2.17216216,41.43883161
431463.856,4583995.646,2.17894519,41.40273545
431463.856,4583995.646,2.17894519,41.40273545
430121.355,4582099.833,2.16310473,41.38554485
430121.355,4582099.833,2.16310473,41.38554485
431844.57,4583386.878,2.18356798,41.39728484
431844.57,4583386.878,2.18356798,41.39728484
431844.57,4583386.878,2.18356798,41.39728484
429927.957,4581738.809,2.16083364,41.38227639
429927.957,4581738.809,2.16083364,41.38227639
429927.957,4581738.809,2.16083364,41.38227639
429714.116,4584953.507,2.15790307,41.41121141
429714.116,4584953.507,2.15790307,41.41121141
433863.664,4588355.653,2.20717543,41.44220596
433863.664,4588355.653,2.20717543,41.44220596
427706.404,4585327.856,2.13383857,41.41440484
427706.404,4585327.856,2.13383857,41.41440484
427706.404,4585327.856,2.13383857,41.41440484
430438.43,4583195.627,2.16677075,41.39544183
430438.43,4583195.627,2.16677075,41.39544183
430372.571,4585367.75,2.16573299,41.4149997
430372.571,4585367.75,2.16573299,41.4149997
433052.489,4583835.796,2.19796664,41.40142966
427745,4582332.761,2.13465802,41.38743271
427745,4582332.761,2.13465802,41.38743271
429858.93,4581878.884,2.15999196,41.38353199
429858.93,4581878.884,2.15999196,41.38353199
431661.491,4585498.958,2.18113949,41.41629215
431661.491,4585498.958,2.18113949,41.41629215
431149.897,4581322.978,2.1754935,41.37863667
433268.885,4583467.856,2.20059578,41.39813372
433268.885,4583467.856,2.20059578,41.39813372
428585.976,4581366.457,2.14482952,41.37880469
428585.976,4581366.457,2.14482952,41.37880469
426985.28,4584781.941,2.12527676,41.40942279
426985.28,4584781.941,2.12527676,41.40942279
426985.28,4584781.941,2.12527676,41.40942279
426985.28,4584781.941,2.12527676,41.40942279
426985.28,4584781.941,2.12527676,41.40942279
426985.28,4584781.941,2.12527676,41.40942279
432125.273,4586158.142,2.18661454,41.42226854
432125.273,4586158.142,2.18661454,41.42226854
431142.268,4581688.066,2.17536077,41.38192427
431469.422,4583572.821,2.17905967,41.39892767
431469.422,4583572.821,2.17905967,41.39892767
433936.566,4585808.006,2.20832664,41.41926603
433936.566,4585808.006,2.20832664,41.41926603
433936.566,4585808.006,2.20832664,41.41926603
427317.853,4581026.612,2.12970637,41.37563022
427317.853,4581026.612,2.12970637,41.37563022
432168.727,4585376.562,2.18722221,41.41523277
432168.727,4585376.562,2.18722221,41.41523277
430548.148,4585429.632,2.16782658,41.41557225
430548.148,4585429.632,2.16782658,41.41557225
430548.148,4585429.632,2.16782658,41.41557225
430548.148,4585429.632,2.16782658,41.41557225
430548.148,4585429.632,2.16782658,41.41557225
431275.837,4583019.166,2.17680695,41.39392453
431275.837,4583019.166,2.17680695,41.39392453
432719.944,4588904.373,2.19342441,41.44705301
432719.944,4588904.373,2.19342441,41.44705301
432719.944,4588904.373,2.19342441,41.44705301
432719.944,4588904.373,2.19342441,41.44705301
433587.735,4588759.267,2.20382827,41.44581839
433587.735,4588759.267,2.20382827,41.44581839
433587.735,4588759.267,2.20382827,41.44581839
429621.915,4584689.007,2.15683078,41.40882108
429621.915,4584689.007,2.15683078,41.40882108
429069.792,4581070.36,2.15064957,41.37618066
429069.792,4581070.36,2.15064957,41.37618066
431167.042,4583702.846,2.17542793,41.40007292
431167.042,4583702.846,2.17542793,41.40007292
431167.042,4583702.846,2.17542793,41.40007292
433463.896,4584041.829,2.20286529,41.40331952
433463.896,4584041.829,2.20286529,41.40331952
429184.19,4583724.137,2.15170708,41.40009239
428159.77,4580725.852,2.139809,41.37299702
428159.77,4580725.852,2.139809,41.37299702
431854.719,4581597.368,2.18389082,41.38116807
431854.719,4581597.368,2.18389082,41.38116807
432420.062,4584146.894,2.19036674,41.40417869
432420.062,4584146.894,2.19036674,41.40417869
432420.062,4584146.894,2.19036674,41.40417869
430461.79,4580459.584,2.16736432,41.37080113
430461.79,4580459.584,2.16736432,41.37080113
434114.416,4584650.821,2.21058079,41.40885817
434114.416,4584650.821,2.21058079,41.40885817
430510.011,4584000.073,2.16753454,41.4026934
430510.011,4584000.073,2.16753454,41.4026934
430510.011,4584000.073,2.16753454,41.4026934
430510.011,4584000.073,2.16753454,41.4026934
428785.166,4580755.164,2.14728325,41.37331664
428785.166,4580755.164,2.14728325,41.37331664
428785.166,4580755.164,2.14728325,41.37331664
428241.182,4585245.493,2.14024661,41.41371099
429177.803,4587818.313,2.15115102,41.43696646
429177.803,4587818.313,2.15115102,41.43696646
432795.352,4582156.272,2.19507723,41.38628115
432795.352,4582156.272,2.19507723,41.38628115
427028.24,4584882.893,2.12577853,41.41033593
427028.24,4584882.893,2.12577853,41.41033593
428045.091,4585465.581,2.13787434,41.41567568
428045.091,4585465.581,2.13787434,41.41567568
433419.739,4587857.618,2.20191674,41.4376836
433419.739,4587857.618,2.20191674,41.4376836
432792.799,4583380.528,2.19491078,41.3973075
432792.799,4583380.528,2.19491078,41.3973075
430538.219,4588335.491,2.16737371,41.44174338
430538.219,4588335.491,2.16737371,41.44174338
430538.219,4588335.491,2.16737371,41.44174338
430538.219,4588335.491,2.16737371,41.44174338
430718.446,4588420.749,2.16952114,41.44252685
430718.446,4588420.749,2.16952114,41.44252685
432720.038,4588904.372,2.19342553,41.447053
432720.038,4588904.372,2.19342553,41.447053
432720.038,4588904.372,2.19342553,41.447053
433795.712,4583714.724,2.20687043,41.40040077
433795.712,4583714.724,2.20687043,41.40040077
431070.701,4583423.604,2.17430733,41.39754962
431070.701,4583423.604,2.17430733,41.39754962
430725.424,4587544.347,2.16970519,41.43463403
428120.788,4580141.485,2.13941222,41.36773035
428120.788,4580141.485,2.13941222,41.36773035
432929.912,4589159.713,2.19590946,41.44937035
432929.912,4589159.713,2.19590946,41.44937035
428733.702,4582602.299,2.14645055,41.38994859
428733.702,4582602.299,2.14645055,41.38994859
431505.276,4581275.19,2.17974849,41.37823661
431505.276,4581275.19,2.17974849,41.37823661
427575.967,4582577.493,2.13260722,41.3896217
427575.967,4582577.493,2.13260722,41.3896217
432206.443,4582642.891,2.1879798,41.39061455
432206.443,4582642.891,2.1879798,41.39061455
430427.244,4581159.644,2.16687089,41.37710339
430427.244,4581159.644,2.16687089,41.37710339
429776.795,4585048.774,2.15864188,41.41207493
433662.254,4585555.918,2.20507205,41.41697293
430653.511,4581268.339,2.16956404,41.37810191
430653.511,4581268.339,2.16956404,41.37810191
430653.511,4581268.339,2.16956404,41.37810191
431246.499,4583153.045,2.17644084,41.39512783
431246.499,4583153.045,2.17644084,41.39512783
425167.393,4582009.603,2.10387162,41.38428638
425167.393,4582009.603,2.10387162,41.38428638
425167.393,4582009.603,2.10387162,41.38428638
432164.826,4588560.702,2.18681801,41.44391094
432164.826,4588560.702,2.18681801,41.44391094
432164.826,4588560.702,2.18681801,41.44391094
429868.713,4582756.024,2.16000734,41.39143295
429868.713,4582756.024,2.16000734,41.39143295
429868.713,4582756.024,2.16000734,41.39143295
431603.548,4585443.432,2.18045249,41.41578711
431603.548,4585443.432,2.18045249,41.41578711
431620.268,4584030.879,2.18081226,41.40306611
431620.268,4584030.879,2.18081226,41.40306611
431620.268,4584030.879,2.18081226,41.40306611
431620.268,4584030.879,2.18081226,41.40306611
431620.268,4584030.879,2.18081226,41.40306611
431620.268,4584030.879,2.18081226,41.40306611
430187.727,4582930.627,2.16380267,41.39303332
430187.727,4582930.627,2.16380267,41.39303332
433762.35,4583188.314,2.20652898,41.39565677
433762.35,4583188.314,2.20652898,41.39565677
431082.485,4582644.494,2.17453699,41.39053342
431082.485,4582644.494,2.17453699,41.39053342
432929.912,4589159.713,2.19590946,41.44937035
432929.912,4589159.713,2.19590946,41.44937035
432929.912,4589159.713,2.19590946,41.44937035
432929.912,4589159.713,2.19590946,41.44937035
430508.354,4586762.967,2.16719716,41.42757768
430508.354,4586762.967,2.16719716,41.42757768
428327.902,4583305.449,2.14151399,41.39624552
428327.902,4583305.449,2.14151399,41.39624552
428327.902,4583305.449,2.14151399,41.39624552
429995.809,4585211.44,2.16124332,41.41355912
429995.809,4585211.44,2.16124332,41.41355912
431432.64,4581161.434,2.1788928,41.37720585
431432.64,4581161.434,2.1788928,41.37720585
430908.721,4582425.033,2.17248381,41.38854188
430908.721,4582425.033,2.17248381,41.38854188
432144.912,4585599.054,2.18691229,41.41723467
432144.912,4585599.054,2.18691229,41.41723467
430590.798,4582954.376,2.16862087,41.39328213
430590.798,4582954.376,2.16862087,41.39328213
431588.025,4587717.929,2.18000927,41.43627141
431588.025,4587717.929,2.18000927,41.43627141
433242.767,4589139.031,2.19965691,41.44921017
433242.767,4589139.031,2.19965691,41.44921017
433242.767,4589139.031,2.19965691,41.44921017
433242.767,4589139.031,2.19965691,41.44921017
430807.889,4584665.361,2.17102173,41.40871114
430807.889,4584665.361,2.17102173,41.40871114
429996.526,4583374.367,2.16146449,41.39701331
429996.526,4583374.367,2.16146449,41.39701331
428156.696,4585049.081,2.13925913,41.41193443
428156.696,4585049.081,2.13925913,41.41193443
429819.222,4588109.769,2.15879398,41.43964784
429819.222,4588109.769,2.15879398,41.43964784
428671.808,4581316.37,2.14586179,41.37836119
428671.808,4581316.37,2.14586179,41.37836119
429078.411,4582782.776,2.15055208,41.39160456
429078.411,4582782.776,2.15055208,41.39160456
429189.845,4582461.545,2.15192243,41.38872117
429189.845,4582461.545,2.15192243,41.38872117
429032.585,4584087.652,2.14985097,41.40335307
429032.585,4584087.652,2.14985097,41.40335307
431638.347,4582538.716,2.18119708,41.38962818
431638.347,4582538.716,2.18119708,41.38962818
430213.7,4587539.385,2.1635814,41.43454501
430213.7,4587539.385,2.1635814,41.43454501
426182.85,4583787.616,2.11579835,41.40039404
426182.85,4583787.616,2.11579835,41.40039404
426784.38,4584603.635,2.12289492,41.40779859
426784.38,4584603.635,2.12289492,41.40779859
426784.38,4584603.635,2.12289492,41.40779859
430446.328,4588059.232,2.16630564,41.43924727
430446.328,4588059.232,2.16630564,41.43924727
427768.619,4584862.461,2.13463853,41.41021882
427768.619,4584862.461,2.13463853,41.41021882
427768.619,4584862.461,2.13463853,41.41021882
432493.236,4588836.334,2.19071823,41.44642116
432493.236,4588836.334,2.19071823,41.44642116
432697,4588930.461,2.19314686,41.44728605
432697,4588930.461,2.19314686,41.44728605
429409.946,4583229.371,2.15446522,41.39565608
429409.946,4583229.371,2.15446522,41.39565608
431277.266,4584186.433,2.17669147,41.40443788
431277.266,4584186.433,2.17669147,41.40443788
430365.846,4582734.812,2.16595559,41.39128513
430365.846,4582734.812,2.16595559,41.39128513
432126.113,4583506.996,2.18692213,41.39839053
432126.113,4583506.996,2.18692213,41.39839053
431371.112,4584089.393,2.17782513,41.40357189
431371.112,4584089.393,2.17782513,41.40357189
432043.719,4585865.519,2.18567156,41.41962609
432043.719,4585865.519,2.18567156,41.41962609
431789.245,4582367.25,2.18302112,41.38809664
429710.448,4581660.902,2.1582416,41.38155573
429710.448,4581660.902,2.1582416,41.38155573
428318.885,4582703.572,2.14147741,41.39082383
428318.885,4582703.572,2.14147741,41.39082383
431890.581,4587477.645,2.18365749,41.43413299
431890.581,4587477.645,2.18365749,41.43413299
431890.581,4587477.645,2.18365749,41.43413299
429830.925,4582396.046,2.15959712,41.38818746
429830.925,4582396.046,2.15959712,41.38818746
429830.925,4582396.046,2.15959712,41.38818746
429830.925,4582396.046,2.15959712,41.38818746
432990.873,4582346.818,2.19739444,41.38801367
432291.22,4589271.111,2.18825124,41.45032002
432291.22,4589271.111,2.18825124,41.45032002
430634.284,4579558.391,2.16952987,41.36269923
430634.284,4579558.391,2.16952987,41.36269923
430634.284,4579558.391,2.16952987,41.36269923
430634.284,4579558.391,2.16952987,41.36269923
432131.07,4584631.661,2.18685526,41.40852049
432131.07,4584631.661,2.18685526,41.40852049
427788.901,4582270.551,2.13519046,41.38687634
427788.901,4582270.551,2.13519046,41.38687634
425265.867,4582710.192,2.10496277,41.39060543
425265.867,4582710.192,2.10496277,41.39060543
430755.788,4587166.837,2.17011187,41.43123656
430755.788,4587166.837,2.17011187,41.43123656
430307.643,4582245.296,2.16531582,41.38687116
430307.643,4582245.296,2.16531582,41.38687116
432986.826,4584903.522,2.19706288,41.41104091
432986.826,4584903.522,2.19706288,41.41104091
429073.812,4582402.866,2.15054158,41.38818244
429073.812,4582402.866,2.15054158,41.38818244
428245.594,4585162.778,2.14030921,41.4129664
428346.924,4580361.563,2.14208983,41.36973269
428346.924,4580361.563,2.14208983,41.36973269
429359.086,4587764.567,2.15332699,41.43649837
429359.086,4587764.567,2.15332699,41.43649837
429359.086,4587764.567,2.15332699,41.43649837
429359.086,4587764.567,2.15332699,41.43649837
432928.555,4582665.263,2.19661386,41.39087663
432928.555,4582665.263,2.19661386,41.39087663
426879.747,4582417.877,2.12429989,41.38812108
426879.747,4582417.877,2.12429989,41.38812108
426879.747,4582417.877,2.12429989,41.38812108
429811.34,4581988.331,2.15941015,41.38451359
429811.34,4581988.331,2.15941015,41.38451359
430005.185,4581949.325,2.16173283,41.38417917
430005.185,4581949.325,2.16173283,41.38417917
426087.896,4576123.418,2.11559711,41.33135692
426087.896,4576123.418,2.11559711,41.33135692
428622.694,4587012.456,2.14460243,41.42965928
428622.694,4587012.456,2.14460243,41.42965928
434921.856,4585282.571,2.22017263,41.41461402
434921.856,4585282.571,2.22017263,41.41461402
429585.292,4584868.178,2.15637178,41.41043161
429585.292,4584868.178,2.15637178,41.41043161
429585.292,4584868.178,2.15637178,41.41043161
431060.652,4580605.007,2.17450803,41.37216246
431060.652,4580605.007,2.17450803,41.37216246
429312.898,4586600.298,2.15291042,41.42600822
429312.898,4586600.298,2.15291042,41.42600822
428793.553,4585009.327,2.1468831,41.41163309
428793.553,4585009.327,2.1468831,41.41163309
429161.137,4581740.422,2.15166345,41.38222373
429161.137,4581740.422,2.15166345,41.38222373
433985.174,4584651.811,2.20903449,41.40885648
433985.174,4584651.811,2.20903449,41.40885648
428159.052,4581060.041,2.13976079,41.37600689
428159.052,4581060.041,2.13976079,41.37600689
433925.278,4588192.736,2.20793076,41.44074369
433925.278,4588192.736,2.20793076,41.44074369
432486.712,4586502.054,2.19090106,41.42539652
432486.712,4586502.054,2.19090106,41.42539652
431700.799,4583765.777,2.18180553,41.40068527
431700.799,4583765.777,2.18180553,41.40068527
430408.652,4582644.235,2.16647796,41.39047303
430246.718,4584840.908,2.164288,41.4102437
430246.718,4584840.908,2.164288,41.4102437
428728.52,4584511.567,2.14616371,41.40714419
428728.52,4584511.567,2.14616371,41.40714419
432443.356,4585313.13,2.19051513,41.4146846
432443.356,4585313.13,2.19051513,41.4146846
432443.356,4585313.13,2.19051513,41.4146846
428341.821,4585006.679,2.14147897,41.41156906
428341.821,4585006.679,2.14147897,41.41156906
429554.338,4583063.602,2.15621157,41.39417572
429554.338,4583063.602,2.15621157,41.39417572
427545.957,4581643.068,2.13236011,41.38120299
427545.957,4581643.068,2.13236011,41.38120299
431071.208,4583612.423,2.17429189,41.3992503
431071.208,4583612.423,2.17429189,41.3992503
426482.865,4582772.929,2.11951029,41.39128269
426482.865,4582772.929,2.11951029,41.39128269
433340.439,4582687.959,2.20153757,41.39111531
433340.439,4582687.959,2.20153757,41.39111531
429946.006,4581490.698,2.16107818,41.38004331
428436.592,4582129.896,2.142953,41.38566743
428436.592,4582129.896,2.142953,41.38566743
429170.507,4582688.109,2.15166465,41.39076006
429170.507,4582688.109,2.15166465,41.39076006
430098.01,4588077.493,2.16213453,41.43938147
430098.01,4588077.493,2.16213453,41.43938147
430098.01,4588077.493,2.16213453,41.43938147
430807.889,4584665.361,2.17102173,41.40871114
430807.889,4584665.361,2.17102173,41.40871114
426647.625,4583731.24,2.12136469,41.39992884
426647.625,4583731.24,2.12136469,41.39992884
432400.822,4588896.104,2.1896053,41.44695171
432400.822,4588896.104,2.1896053,41.44695171
428773.412,4583095.888,2.1468674,41.39439768
428773.412,4583095.888,2.1468674,41.39439768
431459.945,4587409.5,2.17851135,41.43348257
431459.945,4587409.5,2.17851135,41.43348257
431459.945,4587409.5,2.17851135,41.43348257
431459.945,4587409.5,2.17851135,41.43348257
431459.945,4587409.5,2.17851135,41.43348257
431459.945,4587409.5,2.17851135,41.43348257
431459.945,4587409.5,2.17851135,41.43348257
431856.674,4588181.933,2.18317223,41.44047339
431856.674,4588181.933,2.18317223,41.44047339
430512.828,4584971.913,2.16745658,41.41144668
430512.828,4584971.913,2.16745658,41.41144668
429914.384,4583230.13,2.16049868,41.39570706
429914.384,4583230.13,2.16049868,41.39570706
429771.162,4582855.92,2.15882903,41.39232417
429771.162,4582855.92,2.15882903,41.39232417
428222.026,4580970.229,2.14052443,41.3752036
428222.026,4580970.229,2.14052443,41.3752036
428222.026,4580970.229,2.14052443,41.3752036
432685.687,4586340.664,2.19330007,41.42395964
432685.687,4586340.664,2.19330007,41.42395964
428535.248,4583238.886,2.14400192,41.39566447
428535.248,4583238.886,2.14400192,41.39566447
433610.902,4584443.994,2.2045797,41.40695388
433610.902,4584443.994,2.2045797,41.40695388
431854.719,4581597.368,2.18389082,41.38116807
431854.719,4581597.368,2.18389082,41.38116807
431854.719,4581597.368,2.18389082,41.38116807
431452.23,4583798.161,2.1788285,41.40095577
431452.23,4583798.161,2.1788285,41.40095577
429599.352,4583274.463,2.15672545,41.39607881
429599.352,4583274.463,2.15672545,41.39607881
428550.513,4581637.09,2.14437354,41.38123904
428550.513,4581637.09,2.14437354,41.38123904
428614.303,4582926.603,2.14498432,41.39285888
428614.303,4582926.603,2.14498432,41.39285888
428614.303,4582926.603,2.14498432,41.39285888
429897.704,4580677.253,2.16059471,41.37271265
429897.704,4580677.253,2.16059471,41.37271265
427548.818,4581601.947,2.13239925,41.38083289
427548.818,4581601.947,2.13239925,41.38083289
433244.1,4585697.499,2.20005322,41.41821346
433244.1,4585697.499,2.20005322,41.41821346
431545.867,4586548.719,2.17963719,41.42573715
431545.867,4586548.719,2.17963719,41.42573715
428916.159,4582640.099,2.14862828,41.39030519
428916.159,4582640.099,2.14862828,41.39030519
431217.594,4585582.876,2.17581882,41.41701007
431217.594,4585582.876,2.17581882,41.41701007
431553.841,4583500.417,2.18007765,41.39828275
431553.841,4583500.417,2.18007765,41.39828275
429648.917,4581242.113,2.15755443,41.37777845
429648.917,4581242.113,2.15755443,41.37777845
433321.806,4585051.415,2.20105424,41.41240082
433321.806,4585051.415,2.20105424,41.41240082
432141.028,4585382.64,2.18689012,41.41528517
432141.028,4585382.64,2.18689012,41.41528517
432287.212,4588285.293,2.18831385,41.44144077
432287.212,4588285.293,2.18831385,41.44144077
428167.983,4583468.956,2.1395818,41.39770388
428167.983,4583468.956,2.1395818,41.39770388
429081.475,4584226.196,2.15041957,41.4046052
429081.475,4584226.196,2.15041957,41.4046052
432129.073,4584436.305,2.18685329,41.40676081
432129.073,4584436.305,2.18685329,41.40676081
426713.34,4581274.416,2.12244813,41.37780724
426713.34,4581274.416,2.12244813,41.37780724
430203.028,4586731.205,2.16354705,41.42726512
430203.028,4586731.205,2.16354705,41.42726512
425371.629,4582322.256,2.10627549,41.38712129
425371.629,4582322.256,2.10627549,41.38712129
429953.149,4584975.955,2.1607602,41.41143447
429953.149,4584975.955,2.1607602,41.41143447
429953.149,4584975.955,2.1607602,41.41143447
429953.149,4584975.955,2.1607602,41.41143447
428468.157,4584071.124,2.14310107,41.40315415
428468.157,4584071.124,2.14310107,41.40315415
428094.27,4580984.681,2.13899512,41.37532235
427875.395,4583722.211,2.1360519,41.39995865
427875.395,4583722.211,2.1360519,41.39995865
428810.654,4584976.021,2.14709161,41.41133463
426933.466,4577222.834,2.12556855,41.34133614
426933.466,4577222.834,2.12556855,41.34133614
431262.184,4586394.623,2.17626002,41.42432502
430183.208,4583167.285,2.16372132,41.39516443
430183.208,4583167.285,2.16372132,41.39516443
430183.208,4583167.285,2.16372132,41.39516443
427846.554,4582222.743,2.13588565,41.38645094
427846.554,4582222.743,2.13588565,41.38645094
427846.554,4582222.743,2.13588565,41.38645094
430648.918,4582147.035,2.1694085,41.38601567
430648.918,4582147.035,2.1694085,41.38601567
429350.453,4587439.721,2.15326166,41.43357186
429350.453,4587439.721,2.15326166,41.43357186
429350.453,4587439.721,2.15326166,41.43357186
426986.304,4583587.581,2.12543316,41.3986658
426986.304,4583587.581,2.12543316,41.3986658
428450.896,4584096.027,2.14289164,41.40337691
428450.896,4584096.027,2.14289164,41.40337691
432267.044,4589207.724,2.18796895,41.44974707
432267.044,4589207.724,2.18796895,41.44974707
428489.845,4582618.28,2.14353218,41.39007087
428489.845,4582618.28,2.14353218,41.39007087
428489.845,4582618.28,2.14353218,41.39007087
428548.422,4581601.898,2.14435268,41.38092189
428548.422,4581601.898,2.14435268,41.38092189
429078.411,4582782.776,2.15055208,41.39160456
429078.411,4582782.776,2.15055208,41.39160456
431752.086,4583696.656,2.18242681,41.40006707
431752.086,4583696.656,2.18242681,41.40006707
428614.303,4582926.603,2.14498432,41.39285888
428614.303,4582926.603,2.14498432,41.39285888
431167.042,4583702.846,2.17542793,41.40007292
431167.042,4583702.846,2.17542793,41.40007292
431167.042,4583702.846,2.17542793,41.40007292
427577.329,4583217.047,2.13254699,41.39538203
427577.329,4583217.047,2.13254699,41.39538203
432103.878,4581754.28,2.18685275,41.38260242
432103.878,4581754.28,2.18685275,41.38260242
432103.878,4581754.28,2.18685275,41.38260242
432103.878,4581754.28,2.18685275,41.38260242
432103.878,4581754.28,2.18685275,41.38260242
433099.656,4585009.657,2.19840102,41.41200624
433099.656,4585009.657,2.19840102,41.41200624
433099.656,4585009.657,2.19840102,41.41200624
428699.635,4584856.72,2.14577746,41.41025028
428699.635,4584856.72,2.14577746,41.41025028
428699.635,4584856.72,2.14577746,41.41025028
429768.536,4586546.081,2.15836911,41.42555989
429768.536,4586546.081,2.15836911,41.42555989
430498.665,4583050.268,2.16750791,41.39413783
430498.665,4583050.268,2.16750791,41.39413783
430498.665,4583050.268,2.16750791,41.39413783
432979.648,4585103.246,2.19695487,41.41283916
432979.648,4585103.246,2.19695487,41.41283916
432979.648,4585103.246,2.19695487,41.41283916
432979.648,4585103.246,2.19695487,41.41283916
432979.648,4585103.246,2.19695487,41.41283916
428590.828,4580637.314,2.14497348,41.37223798
425377.028,4585892.073,2.10589974,41.41927343
430671.99,4587279.205,2.16909612,41.43224138
430671.99,4587279.205,2.16909612,41.43224138
428855.303,4583926.029,2.14774928,41.40188171
428855.303,4583926.029,2.14774928,41.40188171
427593.753,4583596.661,2.13269802,41.39880254
427593.753,4583596.661,2.13269802,41.39880254
427593.753,4583596.661,2.13269802,41.39880254
427593.753,4583596.661,2.13269802,41.39880254
427593.753,4583596.661,2.13269802,41.39880254
430404.353,4583145.143,2.16636895,41.39498418
430404.353,4583145.143,2.16636895,41.39498418
427388.839,4583866.886,2.13021453,41.40121786
427388.839,4583866.886,2.13021453,41.40121786
427388.839,4583866.886,2.13021453,41.40121786
427388.839,4583866.886,2.13021453,41.40121786
427388.839,4583866.886,2.13021453,41.40121786
428665.999,4584343.609,2.14543557,41.40562591
428665.999,4584343.609,2.14543557,41.40562591
430028.144,4583341.238,2.16184651,41.39671768
430028.144,4583341.238,2.16184651,41.39671768
431358.529,4581040.456,2.17802032,41.37610991
431358.529,4581040.456,2.17802032,41.37610991
428580.209,4583577.185,2.14449977,41.3987154
428580.209,4583577.185,2.14449977,41.3987154
428580.209,4583577.185,2.14449977,41.3987154
428441.366,4584038.042,2.1427845,41.40285381
428441.366,4584038.042,2.1427845,41.40285381
428977.138,4587728.628,2.14875991,41.43614098
428977.138,4587728.628,2.14875991,41.43614098
428977.138,4587728.628,2.14875991,41.43614098
425387.597,4581831.03,2.10652697,41.38269852
425387.597,4581831.03,2.10652697,41.38269852
428857.756,4582067.71,2.14799705,41.38514472
430955.382,4580894.893,2.17321631,41.37476436
430955.382,4580894.893,2.17321631,41.37476436
430955.382,4580894.893,2.17321631,41.37476436
430899.204,4584756.673,2.17210373,41.40954142
430899.204,4584756.673,2.17210373,41.40954142
425133.015,4582023.854,2.10345874,41.38441153
431166.294,4585616.306,2.17520121,41.41730678
431166.294,4585616.306,2.17520121,41.41730678
429772.108,4585002.55,2.15859117,41.4116582
429772.108,4585002.55,2.15859117,41.4116582
429772.108,4585002.55,2.15859117,41.4116582
427191.097,4581776.766,2.12810056,41.38237511
430983.257,4588809.06,2.17264642,41.44604704
430983.257,4588809.06,2.17264642,41.44604704
430983.257,4588809.06,2.17264642,41.44604704
433341.85,4582752.954,2.20154729,41.39170082
433341.85,4582752.954,2.20154729,41.39170082
433341.85,4582752.954,2.20154729,41.39170082
433341.85,4582752.954,2.20154729,41.39170082
431126.802,4583044.107,2.17502155,41.39413641
431126.802,4583044.107,2.17502155,41.39413641
432131.07,4584631.661,2.18685526,41.40852049
432131.07,4584631.661,2.18685526,41.40852049
430774.622,4587989.235,2.170243,41.43864522
427788.901,4582270.551,2.13519046,41.38687634
427788.901,4582270.551,2.13519046,41.38687634
430133.129,4581521.64,2.16331223,41.38033827
431328.846,4586067.915,2.17709484,41.42138818
431328.846,4586067.915,2.17709484,41.42138818
431171.329,4586283.08,2.17518553,41.42331261
431171.329,4586283.08,2.17518553,41.42331261
429515.385,4582735.74,2.15578385,41.39121936
429515.385,4582735.74,2.15578385,41.39121936
431481.373,4586554.06,2.17886482,41.42577976
431481.373,4586554.06,2.17886482,41.42577976
431481.373,4586554.06,2.17886482,41.42577976
432888.886,4582323.453,2.19617731,41.38779473
432888.886,4582323.453,2.19617731,41.38779473
431857.726,4583588.206,2.18370268,41.39909926
431857.726,4583588.206,2.18370268,41.39909926
431857.726,4583588.206,2.18370268,41.39909926
431658.45,4584202.635,2.1812496,41.40461631
431658.45,4584202.635,2.1812496,41.40461631
431658.45,4584202.635,2.1812496,41.40461631
428406.496,4584183.092,2.14235021,41.40415712
428406.496,4584183.092,2.14235021,41.40415712
430463.037,4584140.752,2.16695645,41.40395639
430463.037,4584140.752,2.16695645,41.40395639
429929.891,4582678.072,2.16074807,41.39073621
429929.891,4582678.072,2.16074807,41.39073621
429119.276,4582335.217,2.15109324,41.38757716
429119.276,4582335.217,2.15109324,41.38757716
428857.753,4585395.363,2.14760576,41.41511565
428857.753,4585395.363,2.14760576,41.41511565
433752.23,4588498.691,2.20582592,41.44348507
433752.23,4588498.691,2.20582592,41.44348507
433752.23,4588498.691,2.20582592,41.44348507
432669.761,4588795.636,2.19283582,41.44606944
429403.198,4581360.032,2.15460247,41.37881898
430981.256,4587722.062,2.17274672,41.43625669
430981.256,4587722.062,2.17274672,41.43625669
426028.646,4576165.02,2.11488406,41.33172617
427345.113,4584246.37,2.12964591,41.40463176
427345.113,4584246.37,2.12964591,41.40463176
432372.371,4589641.972,2.18918115,41.45366707
427992.833,4584721.004,2.13733776,41.40896491
427992.833,4584721.004,2.13733776,41.40896491
432013.306,4584734.546,2.18543484,41.40943718
427265.973,4576644.808,2.12961157,41.33616015
427265.973,4576644.808,2.12961157,41.33616015
434227.97,4583837.276,2.21202775,41.40154007
434227.97,4583837.276,2.21202775,41.40154007
432685.921,4581684.573,2.19382095,41.38202352
432685.921,4581684.573,2.19382095,41.38202352
432685.921,4581684.573,2.19382095,41.38202352
427599.641,4583509.259,2.1327789,41.39801588
427599.641,4583509.259,2.1327789,41.39801588
428977.609,4582119.87,2.14942424,41.3856251
428977.609,4582119.87,2.14942424,41.3856251
431654.686,4583015.178,2.1813387,41.39392092
427623.771,4583371.618,2.13308398,41.39677837
427623.771,4583371.618,2.13308398,41.39677837
427654.07,4584136.373,2.13335496,41.40366894
427654.07,4584136.373,2.13335496,41.40366894
433666.727,4588340.309,2.20481986,41.4420515
433666.727,4588340.309,2.20481986,41.4420515
432103.519,4584804.419,2.18650625,41.41007414
432103.519,4584804.419,2.18650625,41.41007414
429544.563,4582114.924,2.15620507,41.38563044
429544.563,4582114.924,2.15620507,41.38563044
427489.628,4582233.286,2.13161586,41.38651378
427489.628,4582233.286,2.13161586,41.38651378
427605.517,4583482.641,2.13285237,41.39777667
427605.517,4583482.641,2.13285237,41.39777667
427605.517,4583482.641,2.13285237,41.39777667
430342.75,4580945.813,2.16588513,41.37517016
430342.75,4580945.813,2.16588513,41.37517016
430774.622,4587989.235,2.170243,41.43864522
430774.622,4587989.235,2.170243,41.43864522
429768.536,4586546.081,2.15836911,41.42555989
429768.536,4586546.081,2.15836911,41.42555989
425261.509,4585103.902,2.10461497,41.41216403
428426.742,4581528.367,2.1429063,41.38024879
428426.742,4581528.367,2.1429063,41.38024879
427575.967,4582577.493,2.13260722,41.3896217
427575.967,4582577.493,2.13260722,41.3896217
434156.164,4583766.36,2.21117652,41.40089546
434156.164,4583766.36,2.21117652,41.40089546
429615.596,4586935.895,2.15649356,41.4290574
429615.596,4586935.895,2.15649356,41.4290574
429615.596,4586935.895,2.15649356,41.4290574
430706.295,4583602.454,2.16992807,41.39912912
430706.295,4583602.454,2.16992807,41.39912912
430121.355,4582099.833,2.16310473,41.38554485
430121.355,4582099.833,2.16310473,41.38554485
428093.631,4585215.797,2.13848481,41.41343033
431553.566,4584083.988,2.18000834,41.40353877
431553.566,4584083.988,2.18000834,41.40353877
429106.161,4583595.496,2.15078877,41.39892689
429106.161,4583595.496,2.15078877,41.39892689
433654.812,4584414.199,2.20510828,41.40668915
433654.812,4584414.199,2.20510828,41.40668915
433654.812,4584414.199,2.20510828,41.40668915
426052.643,4584477.557,2.11415653,41.40659605
426052.643,4584477.557,2.11415653,41.40659605
428250.54,4582763.163,2.14065295,41.39135445
428250.54,4582763.163,2.14065295,41.39135445
431668.712,4586186.917,2.18114812,41.42248899
431668.712,4586186.917,2.18114812,41.42248899
428924.461,4583756.006,2.14859652,41.4003565
428924.461,4583756.006,2.14859652,41.4003565
428924.461,4583756.006,2.14859652,41.4003565
427714.159,4585334.953,2.13393052,41.41446946
427714.159,4585334.953,2.13393052,41.41446946
427714.159,4585334.953,2.13393052,41.41446946
427984.94,4580349.82,2.1377633,41.3695946
427984.94,4580349.82,2.1377633,41.3695946
432280.131,4589290.543,2.18811633,41.4504941
432280.131,4589290.543,2.18811633,41.4504941
429756.955,4583325.469,2.15860461,41.396552
429756.955,4583325.469,2.15860461,41.396552
433767.286,4588494.32,2.20600661,41.44344694
433767.286,4588494.32,2.20600661,41.44344694
433177.263,4583563.575,2.19948928,41.39898822
433177.263,4583563.575,2.19948928,41.39898822
431134.806,4586707.71,2.1747001,41.42713398
431134.806,4586707.71,2.1747001,41.42713398
430452.149,4582422.954,2.16702361,41.38848379
430452.149,4582422.954,2.16702361,41.38848379
427559.202,4585625.005,2.1320418,41.41706787
430855.98,4579978.799,2.17213228,41.36650481
430855.98,4579978.799,2.17213228,41.36650481
429531.84,4587130.298,2.15546857,41.43080096
429531.84,4587130.298,2.15546857,41.43080096
427575.967,4582577.493,2.13260722,41.3896217
427575.967,4582577.493,2.13260722,41.3896217
428523.771,4586830.802,2.14344009,41.4280144
428523.771,4586830.802,2.14344009,41.4280144
430996.397,4584288.181,2.17331995,41.40533021
430996.397,4584288.181,2.17331995,41.40533021
430996.397,4584288.181,2.17331995,41.40533021
428544.529,4579173.071,2.14459252,41.35904591
428544.529,4579173.071,2.14459252,41.35904591
430683.902,4585166.001,2.16948104,41.41320954
430683.902,4585166.001,2.16948104,41.41320954
430683.902,4585166.001,2.16948104,41.41320954
428322.507,4583854.108,2.14138447,41.4011866
428322.507,4583854.108,2.14138447,41.4011866
428506.237,4586566.966,2.14326148,41.42563658
428506.237,4586566.966,2.14326148,41.42563658
430811.891,4584864.229,2.17104686,41.41050262
430811.891,4584864.229,2.17104686,41.41050262
429623.98,4587069.677,2.15657831,41.43026305
429623.98,4587069.677,2.15657831,41.43026305
429623.98,4587069.677,2.15657831,41.43026305
434063.803,4585718.201,2.20985888,41.41846764
434063.803,4585718.201,2.20985888,41.41846764
434063.803,4585718.201,2.20985888,41.41846764
429735.285,4582301.519,2.15846428,41.38732773
429735.285,4582301.519,2.15846428,41.38732773
432113.662,4582742.383,2.18685897,41.39150282
432113.662,4582742.383,2.18685897,41.39150282
428452.717,4580502.018,2.14333812,41.37100714
428452.717,4580502.018,2.14333812,41.37100714
428452.717,4580502.018,2.14333812,41.37100714
426333.718,4583505.11,2.11763739,41.39786347
426333.718,4583505.11,2.11763739,41.39786347
426333.718,4583505.11,2.11763739,41.39786347
426333.718,4583505.11,2.11763739,41.39786347
431934.162,4584454.656,2.18451949,41.4069096
431934.162,4584454.656,2.18451949,41.4069096
430658.092,4588467,2.16879341,41.4429382
430658.092,4588467,2.16879341,41.4429382
432758.379,4581836.017,2.19467063,41.3833936
432758.379,4581836.017,2.19467063,41.3833936
430808.328,4579990,2.17156129,41.3666016
430808.328,4579990,2.17156129,41.3666016
430808.328,4579990,2.17156129,41.3666016
430808.328,4579990,2.17156129,41.3666016
429520.881,4588253.107,2.1552064,41.44091267
429520.881,4588253.107,2.1552064,41.44091267
429520.881,4588253.107,2.1552064,41.44091267
429520.881,4588253.107,2.1552064,41.44091267
429520.881,4588253.107,2.1552064,41.44091267
429688.642,4584955.161,2.15759811,41.41122408
429688.642,4584955.161,2.15759811,41.41122408
432372.371,4589641.972,2.18918115,41.45366707
432372.371,4589641.972,2.18918115,41.45366707
428391.91,4580975.304,2.14255515,41.37526445
428391.91,4580975.304,2.14255515,41.37526445
431791.368,4582425.957,2.18303991,41.38862558
430495.648,4582501.94,2.16753477,41.38919895
430495.648,4582501.94,2.16753477,41.38919895
434419.096,4584784.706,2.21421132,41.41008897
434419.096,4584784.706,2.21421132,41.41008897
434419.096,4584784.706,2.21421132,41.41008897
428351.916,4579269.332,2.14227861,41.35989577
428351.916,4579269.332,2.14227861,41.35989577
425852.582,4582020.451,2.11206426,41.38444757
425852.582,4582020.451,2.11206426,41.38444757
427673.98,4585796.707,2.13339456,41.41862466
427673.98,4585796.707,2.13339456,41.41862466
430521.692,4585050.339,2.16755362,41.4121538
430521.692,4585050.339,2.16755362,41.4121538
426384.769,4582244.894,2.11840127,41.38651793
426384.769,4582244.894,2.11840127,41.38651793
428157.573,4580140.824,2.13985209,41.36772768
428157.573,4580140.824,2.13985209,41.36772768
429040.89,4581825.334,2.15021554,41.3829779
429040.89,4581825.334,2.15021554,41.3829779
428997.481,4584396.965,2.14939474,41.40613582
428997.481,4584396.965,2.14939474,41.40613582
428997.481,4584396.965,2.14939474,41.40613582
428997.481,4584396.965,2.14939474,41.40613582
429122.92,4584616.293,2.15086965,41.40812231
429122.92,4584616.293,2.15086965,41.40812231
433776.098,4584366.091,2.2065645,41.40626586
431878.191,4587204.196,2.18354004,41.43166908
431878.191,4587204.196,2.18354004,41.43166908
433574.88,4588773.832,2.20367279,41.44594851
433574.88,4588773.832,2.20367279,41.44594851
433574.88,4588773.832,2.20367279,41.44594851
433574.88,4588773.832,2.20367279,41.44594851
433574.88,4588773.832,2.20367279,41.44594851
428499.732,4582666.131,2.14364477,41.39050273
428499.732,4582666.131,2.14364477,41.39050273
426398.249,4584288.715,2.11831394,41.40492697
426398.249,4584288.715,2.11831394,41.40492697
430793.352,4588493.952,2.17040933,41.44319262
430793.352,4588493.952,2.17040933,41.44319262
425915.233,4581849.416,2.11283441,41.3829129
430955.976,4584637.908,2.17279648,41.40847662
430955.976,4584637.908,2.17279648,41.40847662
430955.976,4584637.908,2.17279648,41.40847662
429040.859,4584288.915,2.14992635,41.4051665
429040.859,4584288.915,2.14992635,41.4051665
429040.859,4584288.915,2.14992635,41.4051665
429040.859,4584288.915,2.14992635,41.4051665
426613.229,4583038.07,2.1210373,41.39368261
432130.093,4583673.448,2.18695108,41.39989006
432130.093,4583673.448,2.18695108,41.39989006
432130.093,4583673.448,2.18695108,41.39989006
433242.654,4588428.796,2.1997341,41.44281331
433242.654,4588428.796,2.1997341,41.44281331
427959.323,4580039.04,2.13749396,41.36679323
427959.323,4580039.04,2.13749396,41.36679323
431642.197,4582528.636,2.18124426,41.38953772
431642.197,4582528.636,2.18124426,41.38953772
431642.197,4582528.636,2.18124426,41.38953772
431052.675,4584549.46,2.17396341,41.4076883
431052.675,4584549.46,2.17396341,41.4076883
430505.455,4583808.03,2.16750209,41.40096334
430505.455,4583808.03,2.16750209,41.40096334
430505.455,4583808.03,2.16750209,41.40096334
430022.751,4582583.058,2.16186966,41.38988853
430022.751,4582583.058,2.16186966,41.38988853
432259.002,4589116.236,2.18788294,41.44892239
432259.002,4589116.236,2.18788294,41.44892239
428552.153,4585687.47,2.1439149,41.41771941
428552.153,4585687.47,2.1439149,41.41771941
430643.759,4586736.326,2.16882059,41.42734944
430643.759,4586736.326,2.16882059,41.42734944
432617.419,4582282.297,2.19293525,41.38740134
432617.419,4582282.297,2.19293525,41.38740134
428210.426,4585888.549,2.13980227,41.41949998
428210.426,4585888.549,2.13980227,41.41949998
431047.219,4580373.322,2.17437377,41.37007459
431047.219,4580373.322,2.17437377,41.37007459
431047.219,4580373.322,2.17437377,41.37007459
431047.219,4580373.322,2.17437377,41.37007459
431047.219,4580373.322,2.17437377,41.37007459
428666.516,4583737.367,2.14551324,41.40016577
428666.516,4583737.367,2.14551324,41.40016577
425254.479,4585127.827,2.10452791,41.41237885
425254.479,4585127.827,2.10452791,41.41237885
430179.414,4584271.969,2.16354847,41.40511361
430179.414,4584271.969,2.16354847,41.40511361
427191.097,4581776.766,2.12810056,41.38237511
427191.097,4581776.766,2.12810056,41.38237511
427191.097,4581776.766,2.12810056,41.38237511
428506.752,4581560.305,2.14385929,41.38054357
428506.752,4581560.305,2.14385929,41.38054357
431227.691,4582596.968,2.17627906,41.39011781
431227.691,4582596.968,2.17627906,41.39011781
431227.691,4582596.968,2.17627906,41.39011781
430303.249,4579227.373,2.16561043,41.35968923
430303.249,4579227.373,2.16561043,41.35968923
427616.928,4583123.303,2.13303184,41.39454129
427616.928,4583123.303,2.13303184,41.39454129
433826.097,4585310.714,2.20705927,41.41477796
433826.097,4585310.714,2.20705927,41.41477796
426082.192,4583901.997,2.11458035,41.40141496
426082.192,4583901.997,2.11458035,41.40141496
429051.744,4582741.963,2.15023793,41.39123463
429051.744,4582741.963,2.15023793,41.39123463
429184.875,4581218.772,2.15200832,41.3775275
429184.875,4581218.772,2.15200832,41.3775275
431504.064,4588290.585,2.17893943,41.44142195
430880.868,4583424.288,2.1720366,41.39753948
430880.868,4583424.288,2.1720366,41.39753948
429291.594,4587870.79,2.15250678,41.43744914
429291.594,4587870.79,2.15250678,41.43744914
426748.519,4582183.724,2.12275881,41.38600022
426748.519,4582183.724,2.12275881,41.38600022
428428.482,4582441.3,2.14281921,41.38847141
428428.482,4582441.3,2.14281921,41.38847141
425562.495,4581974.25,2.10860088,41.38400465
425562.495,4581974.25,2.10860088,41.38400465
427857.176,4579829.6,2.13629766,41.36489771
427857.176,4579829.6,2.13629766,41.36489771
433805.717,4583170.615,2.20704963,41.39550093
425852.582,4582020.451,2.11206426,41.38444757
425852.582,4582020.451,2.11206426,41.38444757
431845.79,4586238.871,2.18326117,41.42297197
428045.517,4582786.704,2.13819806,41.39154815
428045.517,4582786.704,2.13819806,41.39154815
426778.032,4582242.133,2.1231047,41.38652897
426778.032,4582242.133,2.1231047,41.38652897
428379.694,4578485.846,2.14270322,41.35284163
433012.434,4585093.501,2.19734821,41.41275413
433012.434,4585093.501,2.19734821,41.41275413
433263.121,4586479.351,2.20019448,41.42525695
433263.121,4586479.351,2.20019448,41.42525695
434550.611,4584623.716,2.21580215,41.4086497
434550.611,4584623.716,2.21580215,41.4086497
434550.611,4584623.716,2.21580215,41.4086497
434550.611,4584623.716,2.21580215,41.4086497
434550.611,4584623.716,2.21580215,41.4086497
434550.611,4584623.716,2.21580215,41.4086497
430916.073,4582497.645,2.17256346,41.38919651
430916.073,4582497.645,2.17256346,41.38919651
429622.53,4586424.324,2.15663612,41.42445049
429622.53,4586424.324,2.15663612,41.42445049
429493.734,4587108.148,2.15501513,41.43059812
429493.734,4587108.148,2.15501513,41.43059812
429493.734,4587108.148,2.15501513,41.43059812
429493.734,4587108.148,2.15501513,41.43059812
427423.784,4581974.043,2.13085949,41.38417294
427423.784,4581974.043,2.13085949,41.38417294
427423.784,4581974.043,2.13085949,41.38417294
428191.832,4582401.795,2.13999366,41.38809451
428191.832,4582401.795,2.13999366,41.38809451
428500.637,4581652.192,2.14377533,41.38137062
428500.637,4581652.192,2.14377533,41.38137062
430495.648,4582501.94,2.16753477,41.38919895
430495.648,4582501.94,2.16753477,41.38919895
432457.898,4585167.753,2.19070535,41.41337645
432457.898,4585167.753,2.19070535,41.41337645
429023.33,4586005.51,2.14951516,41.42062565
429023.33,4586005.51,2.14951516,41.42062565
429023.33,4586005.51,2.14951516,41.42062565
426503.219,4577014.829,2.12045191,41.33942356
426503.219,4577014.829,2.12045191,41.33942356
428913.651,4584005.33,2.14843792,41.40260111
428913.651,4584005.33,2.14843792,41.40260111
429549.069,4588168.128,2.15555371,41.44014978
429549.069,4588168.128,2.15555371,41.44014978
430534.77,4580485.238,2.16823396,41.3710385
430534.77,4580485.238,2.16823396,41.3710385
431234.568,4584398.893,2.17615655,41.40634779
431234.568,4584398.893,2.17615655,41.40634779
431078.109,4583641.499,2.17437112,41.39951277
431078.109,4583641.499,2.17437112,41.39951277
430669.373,4584792.601,2.16935002,41.4098452
430669.373,4584792.601,2.16935002,41.4098452
429703.731,4586515.293,2.15759721,41.42527692
429703.731,4586515.293,2.15759721,41.42527692
433967.647,4587772.734,2.20848382,41.43696434
433967.647,4587772.734,2.20848382,41.43696434
431082.252,4587937.05,2.17393094,41.43820168
431082.252,4587937.05,2.17393094,41.43820168
427472.724,4582498.357,2.13138195,41.38889965
427472.724,4582498.357,2.13138195,41.38889965
427472.724,4582498.357,2.13138195,41.38889965
429096.918,4580720.581,2.15101487,41.3730327
429096.918,4580720.581,2.15101487,41.3730327
431114.369,4587179.835,2.17440171,41.43138449
431114.369,4587179.835,2.17440171,41.43138449
428034.235,4582173.229,2.13813605,41.3860218
428034.235,4582173.229,2.13813605,41.3860218
428210.426,4585888.549,2.13980227,41.41949998
428210.426,4585888.549,2.13980227,41.41949998
428210.426,4585888.549,2.13980227,41.41949998
432719.586,4584620.759,2.19389712,41.4084718
432719.586,4584620.759,2.19389712,41.4084718
432719.586,4584620.759,2.19389712,41.4084718
428876.917,4581648.35,2.14827543,41.38136938
428876.917,4581648.35,2.14827543,41.38136938
432606.713,4583390.798,2.19268379,41.39738442
432606.713,4583390.798,2.19268379,41.39738442
432606.713,4583390.798,2.19268379,41.39738442
430414.015,4582990.45,2.16650231,41.39359175
430414.015,4582990.45,2.16650231,41.39359175
425452.512,4581717.249,2.10731727,41.38167976
425452.512,4581717.249,2.10731727,41.38167976
428143.476,4581903.266,2.13947451,41.38360011
428143.476,4581903.266,2.13947451,41.38360011
428644.933,4581405.462,2.14552992,41.37916123
428644.933,4581405.462,2.14552992,41.37916123
429096.918,4580720.581,2.15101487,41.3730327
429096.918,4580720.581,2.15101487,41.3730327
432233.474,4587119.084,2.18780149,41.43093258
432233.474,4587119.084,2.18780149,41.43093258
427052.99,4584880.784,2.12607488,41.41031918
427052.99,4584880.784,2.12607488,41.41031918
431275.837,4583019.166,2.17680695,41.39392453
431275.837,4583019.166,2.17680695,41.39392453
429472.947,4582248.956,2.155333,41.38683135
429472.947,4582248.956,2.155333,41.38683135
433942.826,4585841.274,2.20839791,41.41956618
433942.826,4585841.274,2.20839791,41.41956618
426911.543,4584758.146,2.1243975,41.40920178
426911.543,4584758.146,2.1243975,41.40920178
426911.543,4584758.146,2.1243975,41.40920178
425741.807,4585524.605,2.1103095,41.41599764
425741.807,4585524.605,2.1103095,41.41599764
430241.137,4582052.11,2.16454271,41.38512543
430241.137,4582052.11,2.16454271,41.38512543
429373.773,4587517.166,2.1535317,41.43427142
429373.773,4587517.166,2.1535317,41.43427142
432483.81,4588874.369,2.19060114,41.44676293
432483.81,4588874.369,2.19060114,41.44676293
428974.533,4580528.689,2.14957403,41.3712936
428974.533,4580528.689,2.14957403,41.3712936
430980.022,4583895.783,2.17316883,41.40179461
430980.022,4583895.783,2.17316883,41.40179461
431686.606,4584414.63,2.18156249,41.40652808
431686.606,4584414.63,2.18156249,41.40652808
427954.947,4582701.104,2.13712502,41.39076907
427954.947,4582701.104,2.13712502,41.39076907
429805.589,4583761.388,2.15913577,41.40048242
429805.589,4583761.388,2.15913577,41.40048242
429805.589,4583761.388,2.15913577,41.40048242
428508.407,4585102.127,2.14346069,41.41244357
428508.407,4585102.127,2.14346069,41.41244357
433196.639,4582968.501,2.19978673,41.39363014
433196.639,4582968.501,2.19978673,41.39363014
430535.971,4585057.12,2.16772368,41.41221611
430535.971,4585057.12,2.16772368,41.41221611
428987.7,4578250.53,2.1499983,41.35077608
428987.7,4578250.53,2.1499983,41.35077608
428987.7,4578250.53,2.1499983,41.35077608
429595.667,4578423.701,2.15724505,41.35238919
430273.323,4585308.868,2.16455232,41.41446076
429207.858,4586431.131,2.15167327,41.42447534
429207.858,4586431.131,2.15167327,41.42447534
432988.582,4584131.289,2.19716946,41.40408576
430991.246,4583556.03,2.17334184,41.39873552
430991.246,4583556.03,2.17334184,41.39873552
430991.246,4583556.03,2.17334184,41.39873552
431165.437,4582165.91,2.17558352,41.38623006
428663.643,4584746.821,2.14535984,41.40925728
428663.643,4584746.821,2.14535984,41.40925728
430653.756,4585121.879,2.16912542,41.41280955
430653.756,4585121.879,2.16912542,41.41280955
430653.756,4585121.879,2.16912542,41.41280955
430724.397,4587247.493,2.16972695,41.43196029
430724.397,4587247.493,2.16972695,41.43196029
430724.397,4587247.493,2.16972695,41.43196029
430724.397,4587247.493,2.16972695,41.43196029
430724.397,4587247.493,2.16972695,41.43196029
430724.397,4587247.493,2.16972695,41.43196029
430724.397,4587247.493,2.16972695,41.43196029
433090.048,4584419.2,2.1983514,41.40668735
433090.048,4584419.2,2.1983514,41.40668735
433090.048,4584419.2,2.1983514,41.40668735
428034.159,4584036.692,2.13791357,41.40280528
428034.159,4584036.692,2.13791357,41.40280528
431735.719,4588048.318,2.18173959,41.43925968
431735.719,4588048.318,2.18173959,41.43925968
426925.186,4583079.48,2.12476346,41.394084
426925.186,4583079.48,2.12476346,41.394084
425387.597,4581831.03,2.10652697,41.38269852
425387.597,4581831.03,2.10652697,41.38269852
425387.597,4581831.03,2.10652697,41.38269852
428743.698,4578411.047,2.14706297,41.35220025
430311.08,4582286.328,2.1653522,41.38724102
430311.08,4582286.328,2.1653522,41.38724102
432979.648,4585103.246,2.19695487,41.41283916
432979.648,4585103.246,2.19695487,41.41283916
432396.111,4584760.048,2.19001169,41.40969918
432396.111,4584760.048,2.19001169,41.40969918
432396.111,4584760.048,2.19001169,41.40969918
430793.068,4583897.513,2.17093226,41.4017941
430793.068,4583897.513,2.17093226,41.4017941
431326.415,4582119.606,2.17751395,41.38582678
431326.415,4582119.606,2.17751395,41.38582678
430914.57,4583629.895,2.17241625,41.39939421
430914.57,4583629.895,2.17241625,41.39939421
430488.752,4587665.944,2.16685869,41.43570875
430488.752,4587665.944,2.16685869,41.43570875
430488.752,4587665.944,2.16685869,41.43570875
427647.521,4579751.263,2.13380054,41.36417334
427647.521,4579751.263,2.13380054,41.36417334
427647.521,4579751.263,2.13380054,41.36417334
427871.132,4579858.661,2.13646105,41.36516071
429394.566,4588354.935,2.1536826,41.4418187
433600.115,4582986.309,2.20461063,41.39382397
433600.115,4582986.309,2.20461063,41.39382397
431563.435,4588806.197,2.17959162,41.44607095
431563.435,4588806.197,2.17959162,41.44607095
430215.725,4582751.318,2.16415821,41.39142078
430215.725,4582751.318,2.16415821,41.39142078
429698.402,4582325.57,2.15802039,41.38754113
429698.402,4582325.57,2.15802039,41.38754113
429591.846,4582082.482,2.1567743,41.38534238
429591.846,4582082.482,2.1567743,41.38534238
427441.813,4582704.218,2.13098758,41.39075097
427441.813,4582704.218,2.13098758,41.39075097
427033.564,4576155.264,2.12689313,41.33172996
429940.105,4584553.727,2.16065306,41.40763048
429940.105,4584553.727,2.16065306,41.40763048
429940.105,4584553.727,2.16065306,41.40763048
427712.488,4583219.587,2.13416329,41.39541707
428630.389,4586546.699,2.14474952,41.42546509
428630.389,4586546.699,2.14474952,41.42546509
430903.952,4584025.24,2.17224409,41.40295404
430903.952,4584025.24,2.17224409,41.40295404
427205.872,4585027.705,2.1278862,41.4116563
427205.872,4585027.705,2.1278862,41.4116563
427205.872,4585027.705,2.1278862,41.4116563
427205.872,4585027.705,2.1278862,41.4116563
431663.878,4587951.754,2.18089066,41.43838386
428733.324,4587304.222,2.14589193,41.43229692
428733.324,4587304.222,2.14589193,41.43229692
432583.219,4581468.304,2.19261686,41.38006703
429079.892,4582972.709,2.15054755,41.39331536
429079.892,4582972.709,2.15054755,41.39331536
429079.892,4582972.709,2.15054755,41.39331536
433625.379,4585017.538,2.20468994,41.41212083
433625.379,4585017.538,2.20468994,41.41212083
427817.98,4579776.81,2.13583536,41.36441874
427817.98,4579776.81,2.13583536,41.36441874
427817.98,4579776.81,2.13583536,41.36441874
432218.556,4588908.54,2.1874221,41.44704833
432218.556,4588908.54,2.1874221,41.44704833
432218.556,4588908.54,2.1874221,41.44704833
432980.546,4583188.242,2.19717777,41.39559131
432980.546,4583188.242,2.19717777,41.39559131
432247.767,4581352.184,2.18861845,41.37899297
432247.767,4581352.184,2.18861845,41.37899297
433417.82,4584654.753,2.20224663,41.40883615
433417.82,4584654.753,2.20224663,41.40883615
427882.847,4580718.931,2.13649874,41.37290991
427882.847,4580718.931,2.13649874,41.37290991
427322.252,4581139.689,2.1297454,41.37664906
430955.382,4580894.893,2.17321631,41.37476436
430955.382,4580894.893,2.17321631,41.37476436
430955.382,4580894.893,2.17321631,41.37476436
427174.121,4581208.344,2.12796589,41.37725401
427174.121,4581208.344,2.12796589,41.37725401
429405.161,4578337.292,2.15497799,41.35159424
430851.079,4584691.914,2.1715354,41.40895401
430851.079,4584691.914,2.1715354,41.40895401
430696.791,4583995.828,2.16976933,41.4026713
430696.791,4583995.828,2.16976933,41.4026713
428711.389,4587312.187,2.14562848,41.43236671
431028.154,4582023.148,2.17395798,41.38493248
431028.154,4582023.148,2.17395798,41.38493248
431166.25,4580844.365,2.17574344,41.37432734
431166.25,4580844.365,2.17574344,41.37432734
430423.266,4582722.921,2.16664371,41.391183
430423.266,4582722.921,2.16664371,41.391183
430495.648,4582501.94,2.16753477,41.38919895
430495.648,4582501.94,2.16753477,41.38919895
430447.43,4580605.446,2.16717589,41.37211363
430447.43,4580605.446,2.16717589,41.37211363
430312.005,4582890.326,2.16529373,41.39268112
430312.005,4582890.326,2.16529373,41.39268112
427048.612,4581302.659,2.12645377,41.37809209
427048.612,4581302.659,2.12645377,41.37809209
430410.296,4583715.96,2.16637439,41.40012586
430410.296,4583715.96,2.16637439,41.40012586
429782.414,4588099.557,2.15835461,41.43955264
429782.414,4588099.557,2.15835461,41.43955264
427237.071,4581573.542,2.12867475,41.3805489
427237.071,4581573.542,2.12867475,41.3805489
431846.152,4583822.569,2.18353783,41.40120912
431846.152,4583822.569,2.18353783,41.40120912
431846.152,4583822.569,2.18353783,41.40120912
431846.152,4583822.569,2.18353783,41.40120912
428998.707,4581565.666,2.14974153,41.38063544
428998.707,4581565.666,2.14974153,41.38063544
434680.501,4584664.589,2.21735167,41.40902841
434680.501,4584664.589,2.21735167,41.40902841
434680.501,4584664.589,2.21735167,41.40902841
425957.432,4583635.474,2.1131206,41.39900302
425957.432,4583635.474,2.1131206,41.39900302
425957.432,4583635.474,2.1131206,41.39900302
431300.921,4583554.148,2.17704625,41.3987451
431300.921,4583554.148,2.17704625,41.3987451
431300.921,4583554.148,2.17704625,41.3987451
425562.495,4581974.25,2.10860088,41.38400465
425562.495,4581974.25,2.10860088,41.38400465
432139.356,4585186.754,2.18689209,41.41352075
432139.356,4585186.754,2.18689209,41.41352075
429096.918,4580720.581,2.15101487,41.3730327
429096.918,4580720.581,2.15101487,41.3730327
431275.196,4582639.568,2.17684239,41.39050555
431275.196,4582639.568,2.17684239,41.39050555
432607.667,4587457.229,2.19224192,41.43400964
432607.667,4587457.229,2.19224192,41.43400964
430176.634,4584249.436,2.16351781,41.40491043
430176.634,4584249.436,2.16351781,41.40491043
432560.166,4586197.85,2.191814,41.42266282
432560.166,4586197.85,2.191814,41.42266282
429973.255,4580927.65,2.16146911,41.37497448
429973.255,4580927.65,2.16146911,41.37497448
430150.669,4584032.274,2.16323227,41.40295227
430150.669,4584032.274,2.16323227,41.40295227
431501.119,4590713.892,2.17862911,41.4632475
431501.119,4590713.892,2.17862911,41.4632475
432184.791,4583077.499,2.18767214,41.39452713
432184.791,4583077.499,2.18767214,41.39452713
427903.541,4585531.435,2.13617291,41.41625611
427903.541,4585531.435,2.13617291,41.41625611
433715.655,4585435.607,2.20572419,41.41589373
433715.655,4585435.607,2.20572419,41.41589373
430117.62,4580925.851,2.16319551,41.37497084
430117.62,4580925.851,2.16319551,41.37497084
427504.457,4585298.725,2.13142592,41.41412426
427504.457,4585298.725,2.13142592,41.41412426
427504.457,4585298.725,2.13142592,41.41412426
427504.457,4585298.725,2.13142592,41.41412426
431334.724,4582648.879,2.17755329,41.3905945
433340.851,4587780.586,2.20098105,41.43698325
425729.692,4576261.363,2.11130006,41.3325664
425729.692,4576261.363,2.11130006,41.3325664
431867.878,4587610.374,2.18337081,41.43532651
431867.878,4587610.374,2.18337081,41.43532651
431029.277,4580384.135,2.17415802,41.37017044
431029.277,4580384.135,2.17415802,41.37017044
426738.14,4583956.283,2.12242014,41.40196396
426738.14,4583956.283,2.12242014,41.40196396
431603.548,4585443.432,2.18045249,41.41578711
431603.548,4585443.432,2.18045249,41.41578711
427961.837,4579775.707,2.13755532,41.3644217
427961.837,4579775.707,2.13755532,41.3644217
429137.17,4584625.309,2.15103906,41.40820477
429137.17,4584625.309,2.15103906,41.40820477
427692.22,4583945.285,2.13383416,41.40195133
427692.22,4583945.285,2.13383416,41.40195133
428860.062,4583006.33,2.14791433,41.39359874
428860.062,4583006.33,2.14791433,41.39359874
428270.55,4584213.391,2.14072038,41.40441788
428270.55,4584213.391,2.14072038,41.40441788
431266.996,4583221.108,2.17667828,41.39574261
431266.996,4583221.108,2.17667828,41.39574261
431266.996,4583221.108,2.17667828,41.39574261
429128.42,4580567.282,2.15140946,41.37165477
429128.42,4580567.282,2.15140946,41.37165477
432014.636,4583412.577,2.18559931,41.39753071
427429.536,4585230.89,2.13053768,41.41350654
427429.536,4585230.89,2.13053768,41.41350654
427429.536,4585230.89,2.13053768,41.41350654
430343.393,4584487.83,2.16548524,41.40707203
430343.393,4584487.83,2.16548524,41.40707203
429849.66,4583150.679,2.15973373,41.39498582
429849.66,4583150.679,2.15973373,41.39498582
430435.601,4582106.23,2.16686209,41.38562972
430435.601,4582106.23,2.16686209,41.38562972
425510.262,4581363.36,2.10805137,41.37849779
425510.262,4581363.36,2.10805137,41.37849779
432932.498,4587713.315,2.19610109,41.43634334
432932.498,4587713.315,2.19610109,41.43634334
433767.827,4588493.799,2.20601315,41.44344229
433767.827,4588493.799,2.20601315,41.44344229
428085.195,4585321.161,2.13837135,41.41437855
428085.195,4585321.161,2.13837135,41.41437855
431180.379,4584467.183,2.17550051,41.40695821
431180.379,4584467.183,2.17550051,41.40695821
431382.168,4586718.908,2.17765896,41.42725601
431382.168,4586718.908,2.17765896,41.42725601
431382.168,4586718.908,2.17765896,41.42725601
429667.539,4581774.978,2.15771524,41.38257942
429667.539,4581774.978,2.15771524,41.38257942
429831.322,4583321.359,2.15949461,41.39652147
429831.322,4583321.359,2.15949461,41.39652147
427872.092,4583362.325,2.13605529,41.396717
427872.092,4583362.325,2.13605529,41.396717
427372.527,4577716.806,2.1307566,41.3458249
427372.527,4577716.806,2.1307566,41.3458249
432157.203,4584510.233,2.18718151,41.40742903
432157.203,4584510.233,2.18718151,41.40742903
429868.703,4582996.42,2.15997937,41.39359813
429868.703,4582996.42,2.15997937,41.39359813
431104.601,4583816.529,2.17466808,41.40109148
431104.601,4583816.529,2.17466808,41.40109148
428989.41,4587224.8,2.14896601,41.4316043
428989.41,4587224.8,2.14896601,41.4316043
433118.072,4589134.775,2.19816467,41.44916146
433118.072,4589134.775,2.19816467,41.44916146
428236.4,4583737.31,2.14036832,41.40012696
428236.4,4583737.31,2.14036832,41.40012696
428236.4,4583737.31,2.14036832,41.40012696
428236.4,4583737.31,2.14036832,41.40012696
431950.934,4586153.398,2.18452894,41.42221106
431950.934,4586153.398,2.18452894,41.42221106
430557.688,4582525.424,2.16827407,41.38941583
430557.688,4582525.424,2.16827407,41.38941583
430557.688,4582525.424,2.16827407,41.38941583
430887.367,4585709.73,2.17185318,41.41812426
430887.367,4585709.73,2.17185318,41.41812426
428793.341,4587907.423,2.14653909,41.43773502
428793.341,4587907.423,2.14653909,41.43773502
425271.78,4582185.562,2.10509824,41.38588087
425271.78,4582185.562,2.10509824,41.38588087
425648.782,4583019.77,2.10950436,41.39342917
425648.782,4583019.77,2.10950436,41.39342917
425648.782,4583019.77,2.10950436,41.39342917
430444.978,4583312.803,2.16683559,41.39649776
430444.978,4583312.803,2.16683559,41.39649776
431371.112,4584089.393,2.17782513,41.40357189
431371.112,4584089.393,2.17782513,41.40357189
431371.112,4584089.393,2.17782513,41.40357189
431371.112,4584089.393,2.17782513,41.40357189
428696.684,4582788.667,2.14598588,41.39162385
428696.684,4582788.667,2.14598588,41.39162385
431624.307,4586491.289,2.18058233,41.42522659
431624.307,4586491.289,2.18058233,41.42522659
431624.307,4586491.289,2.18058233,41.42522659
430971.334,4585423.635,2.17289052,41.41555472
430971.334,4585423.635,2.17289052,41.41555472
430971.334,4585423.635,2.17289052,41.41555472
430767.099,4588043.289,2.17014677,41.43913141
430767.099,4588043.289,2.17014677,41.43913141
430767.099,4588043.289,2.17014677,41.43913141
428500.637,4581652.192,2.14377533,41.38137062
428500.637,4581652.192,2.14377533,41.38137062
430969.346,4581599.897,2.17330294,41.38111533
429914.384,4583230.13,2.16049868,41.39570706
429914.384,4583230.13,2.16049868,41.39570706
431750.978,4583484.869,2.18243745,41.39815947
431750.978,4583484.869,2.18243745,41.39815947
428243.315,4585377.654,2.14025644,41.4149015
428098.779,4584438.698,2.13863878,41.40643177
428098.779,4584438.698,2.13863878,41.40643177
433042.41,4582486.788,2.19799533,41.38927865
433042.41,4582486.788,2.19799533,41.38927865
430696.42,4579682.667,2.17025849,41.36382389
430696.42,4579682.667,2.17025849,41.36382389
431898.789,4586987.254,2.18381101,41.4297169
431898.789,4586987.254,2.18381101,41.4297169
430214.765,4580585.783,2.16439625,41.37191637
430214.765,4580585.783,2.16439625,41.37191637
427993.624,4581810.6,2.13769349,41.3827521
427993.624,4581810.6,2.13769349,41.3827521
431859.591,4588859.6,2.18313066,41.44657714
431859.591,4588859.6,2.18313066,41.44657714
429236.814,4583702.55,2.15233907,41.39990261
429236.814,4583702.55,2.15233907,41.39990261
431870.033,4587039.841,2.18346095,41.4301881
431870.033,4587039.841,2.18346095,41.4301881
430410.296,4583715.96,2.16637439,41.40012586
430410.296,4583715.96,2.16637439,41.40012586
430410.296,4583715.96,2.16637439,41.40012586
429737.738,4581724.845,2.15856052,41.38213403
429737.738,4581724.845,2.15856052,41.38213403
429737.738,4581724.845,2.15856052,41.38213403
430445.166,4582976.361,2.16687651,41.39346755
430445.166,4582976.361,2.16687651,41.39346755
432400.822,4588896.104,2.1896053,41.44695171
432400.822,4588896.104,2.1896053,41.44695171
431670.893,4581662.453,2.18168522,41.38173868
431670.893,4581662.453,2.18168522,41.38173868
429476.613,4583336.277,2.15525016,41.39662479
429476.613,4583336.277,2.15525016,41.39662479
431047.219,4580373.323,2.17437377,41.3700746
431047.219,4580373.323,2.17437377,41.3700746
427206.997,4582445.169,2.12821035,41.38839659
427206.997,4582445.169,2.12821035,41.38839659
432751.35,4582465.56,2.19451665,41.38906315
432751.35,4582465.56,2.19451665,41.38906315
426933.466,4577222.834,2.12556855,41.34133614
426933.466,4577222.834,2.12556855,41.34133614
426933.466,4577222.834,2.12556855,41.34133614
427350.84,4585168.983,2.1296036,41.41294186
427350.84,4585168.983,2.1296036,41.41294186
429789.179,4582806.531,2.15905025,41.39188091
429789.179,4582806.531,2.15905025,41.39188091
434244.403,4584192.443,2.21218572,41.40474032
434244.403,4584192.443,2.21218572,41.40474032
431622.059,4585995.458,2.18061154,41.42076061
431622.059,4585995.458,2.18061154,41.42076061
431905.107,4585432.866,2.18406175,41.41571757
431905.107,4585432.866,2.18406175,41.41571757
431905.107,4585432.866,2.18406175,41.41571757
427869.956,4585406.474,2.13578598,41.41512763
427869.956,4585406.474,2.13578598,41.41512763
427869.956,4585406.474,2.13578598,41.41512763
429799.558,4582222.027,2.15924216,41.38661739
429799.558,4582222.027,2.15924216,41.38661739
426789.005,4582142.136,2.12324801,41.38562934
426789.005,4582142.136,2.12324801,41.38562934
431047.219,4580373.323,2.17437377,41.3700746
431047.219,4580373.323,2.17437377,41.3700746
430599.118,4583712.762,2.16863341,41.40011338
430599.118,4583712.762,2.16863341,41.40011338
427778.375,4580894.696,2.13522864,41.37448359
427778.375,4580894.696,2.13522864,41.37448359
427778.375,4580894.696,2.13522864,41.37448359
427778.375,4580894.696,2.13522864,41.37448359
427778.375,4580894.696,2.13522864,41.37448359
427778.375,4580894.696,2.13522864,41.37448359
427778.375,4580894.696,2.13522864,41.37448359
427778.375,4580894.696,2.13522864,41.37448359
427778.375,4580894.696,2.13522864,41.37448359
427778.375,4580894.696,2.13522864,41.37448359
431363.279,4583313.928,2.1778194,41.39658684
431363.279,4583313.928,2.1778194,41.39658684
431363.279,4583313.928,2.1778194,41.39658684
429779.071,4579998.646,2.15925487,41.36659029
426473.825,4583639.125,2.11929695,41.39908331
426473.825,4583639.125,2.11929695,41.39908331
428458.713,4579056.191,2.14358045,41.35798558
428458.713,4579056.191,2.14358045,41.35798558
431878.391,4584774.925,2.18381623,41.40978943
431878.391,4584774.925,2.18381623,41.40978943
429144.628,4583098.777,2.15130706,41.39445651
429144.628,4583098.777,2.15130706,41.39445651
428715.179,4586425.359,2.14577846,41.42437977
428715.179,4586425.359,2.14577846,41.42437977
432649.146,4584879.452,2.19302561,41.41079588
432649.146,4584879.452,2.19302561,41.41079588
427602.848,4580760.668,2.13314589,41.37326066
430345.563,4582527.493,2.16573685,41.38941611
430345.563,4582527.493,2.16573685,41.38941611
433603.702,4587882.386,2.20411583,41.43792192
433603.702,4587882.386,2.20411583,41.43792192
428915.662,4578173.613,2.14914626,41.35007695
428915.662,4578173.613,2.14914626,41.35007695
428915.662,4578173.613,2.14914626,41.35007695
431607.292,4581503.156,2.18094263,41.38029852
431607.292,4581503.156,2.18094263,41.38029852
426384.769,4582244.894,2.11840127,41.38651793
426384.769,4582244.894,2.11840127,41.38651793
430778.755,4580173.065,2.17118681,41.36824787
430778.755,4580173.065,2.17118681,41.36824787
426040.835,4583878.428,2.11408852,41.40119888
426040.835,4583878.428,2.11408852,41.40119888
426040.835,4583878.428,2.11408852,41.40119888
428373.45,4586366.573,2.14169625,41.42381989
428373.45,4586366.573,2.14169625,41.42381989
427612.043,4580292.127,2.1333118,41.36904152
427612.043,4580292.127,2.1333118,41.36904152
430059.433,4585109.898,2.16201627,41.41265012
430059.433,4585109.898,2.16201627,41.41265012
430507.18,4587637.63,2.16708249,41.43545533
430507.18,4587637.63,2.16708249,41.43545533
428548.422,4581601.898,2.14435268,41.38092189
428548.422,4581601.898,2.14435268,41.38092189
428548.422,4581601.898,2.14435268,41.38092189
428548.422,4581601.898,2.14435268,41.38092189
428548.422,4581601.898,2.14435268,41.38092189
428548.422,4581601.898,2.14435268,41.38092189
428548.422,4581601.898,2.14435268,41.38092189
433251.593,4588223.373,2.1998638,41.44096387
433251.593,4588223.373,2.1998638,41.44096387
433251.593,4588223.373,2.1998638,41.44096387
428590.931,4584314.03,2.14454105,41.40535283
429263.553,4582400.414,2.1528111,41.38817707
429263.553,4582400.414,2.1528111,41.38817707
431266.996,4583221.108,2.17667828,41.39574261
431266.996,4583221.108,2.17667828,41.39574261
429128.42,4580567.282,2.15140946,41.37165477
429128.42,4580567.282,2.15140946,41.37165477
431089.062,4584377.386,2.17441831,41.40614161
431089.062,4584377.386,2.17441831,41.40614161
431089.062,4584377.386,2.17441831,41.40614161
431360.133,4587054.304,2.17735716,41.43027493
431360.133,4587054.304,2.17735716,41.43027493
429735.285,4582301.519,2.15846428,41.38732773
429735.285,4582301.519,2.15846428,41.38732773
429735.285,4582301.519,2.15846428,41.38732773
429735.285,4582301.519,2.15846428,41.38732773
429735.285,4582301.519,2.15846428,41.38732773
429735.285,4582301.519,2.15846428,41.38732773
429735.285,4582301.519,2.15846428,41.38732773
428120.388,4579517.337,2.13948145,41.36210883
430134.592,4583421.81,2.16311045,41.39745262
430134.592,4583421.81,2.16311045,41.39745262
433465.207,4586330.484,2.20262912,41.42393293
433465.207,4586330.484,2.20262912,41.42393293
431642.397,4586873.456,2.18075557,41.42867017
431642.397,4586873.456,2.18075557,41.42867017
433785.961,4583961.233,2.20672681,41.40262021
433785.961,4583961.233,2.20672681,41.40262021
428893.248,4583813.327,2.14821642,41.40087
428893.248,4583813.327,2.14821642,41.40087
430960.079,4582786.404,2.17305683,41.39180106
430960.079,4582786.404,2.17305683,41.39180106
430960.079,4582786.404,2.17305683,41.39180106
430804.072,4580633.242,2.17143696,41.37239474
430804.072,4580633.242,2.17143696,41.37239474
430498.665,4583050.268,2.16750791,41.39413783
430498.665,4583050.268,2.16750791,41.39413783
430498.665,4583050.268,2.16750791,41.39413783
427645.02,4581636.846,2.13354547,41.38115587
427645.02,4581636.846,2.13354547,41.38115587
427645.02,4581636.846,2.13354547,41.38115587
427645.02,4581636.846,2.13354547,41.38115587
431645.925,4581570.377,2.18139703,41.38090725
431645.925,4581570.377,2.18139703,41.38090725
429379.119,4583230.27,2.15409639,41.39566146
429379.119,4583230.27,2.15409639,41.39566146
430497.969,4582431.356,2.16757064,41.38856343
430497.969,4582431.356,2.16757064,41.38856343
430497.969,4582431.356,2.16757064,41.38856343
430497.969,4582431.356,2.16757064,41.38856343
429990.648,4587732.374,2.16088952,41.43626376
429990.648,4587732.374,2.16088952,41.43626376
430934.783,4582858.79,2.17274603,41.39245084
430934.783,4582858.79,2.17274603,41.39245084
430934.783,4582858.79,2.17274603,41.39245084
430934.783,4582858.79,2.17274603,41.39245084
429045.136,4580981.92,2.15036512,41.37538193
430648.918,4582147.035,2.1694085,41.38601567
432134.809,4584834.857,2.18687719,41.41035093
432134.809,4584834.857,2.18687719,41.41035093
427897.435,4586372.259,2.13599956,41.4238285
427897.435,4586372.259,2.13599956,41.4238285
428788.57,4584698.123,2.14686012,41.40882976
428788.57,4584698.123,2.14686012,41.40882976
428788.57,4584698.123,2.14686012,41.40882976
428788.57,4584698.123,2.14686012,41.40882976
428788.57,4584698.123,2.14686012,41.40882976
428788.57,4584698.123,2.14686012,41.40882976
431934.162,4584454.656,2.18451949,41.4069096
431934.162,4584454.656,2.18451949,41.4069096
431934.162,4584454.656,2.18451949,41.4069096
431320.585,4583309.034,2.17730928,41.39653911
431320.585,4583309.034,2.17730928,41.39653911
427883.283,4581552.293,2.13640474,41.38041574
429073.97,4583103.048,2.15046144,41.39448875
429073.97,4583103.048,2.15046144,41.39448875
432122.129,4588651.192,2.18629677,41.44472234
432122.129,4588651.192,2.18629677,41.44472234
432122.129,4588651.192,2.18629677,41.44472234
429323.369,4584080.45,2.15333027,41.40331383
428263.399,4582659.045,2.14081908,41.39041784
430316.254,4580904.024,2.16557312,41.37479148
430316.254,4580904.024,2.16557312,41.37479148
430240.093,4580456.934,2.16471392,41.37075807
430240.093,4580456.934,2.16471392,41.37075807
430216.189,4581236.02,2.16433838,41.37777299
430216.189,4581236.02,2.16433838,41.37777299
430216.189,4581236.02,2.16433838,41.37777299
430216.189,4581236.02,2.16433838,41.37777299
430216.189,4581236.02,2.16433838,41.37777299
430216.189,4581236.02,2.16433838,41.37777299
430216.189,4581236.02,2.16433838,41.37777299
430216.189,4581236.02,2.16433838,41.37777299
430216.189,4581236.02,2.16433838,41.37777299
430216.189,4581236.02,2.16433838,41.37777299
430216.189,4581236.02,2.16433838,41.37777299
430216.189,4581236.02,2.16433838,41.37777299
430216.189,4581236.02,2.16433838,41.37777299
432872.971,4584263.49,2.19577177,41.40526681
432872.971,4584263.49,2.19577177,41.40526681
432792.635,4585292.446,2.19469638,41.41452761
432792.635,4585292.446,2.19469638,41.41452761
428182.574,4583783.664,2.13971897,41.40053964
428182.574,4583783.664,2.13971897,41.40053964
430456.328,4582637.209,2.16704897,41.39041388
430456.328,4582637.209,2.16704897,41.39041388
428458.713,4579056.191,2.14358045,41.35798558
428458.713,4579056.191,2.14358045,41.35798558
428458.713,4579056.191,2.14358045,41.35798558
431150.867,4582574.298,2.17536283,41.38990704
431150.867,4582574.298,2.17536283,41.38990704
431098.193,4587075.962,2.17421997,41.43044755
428098.172,4580082.756,2.13914879,41.36719938
428098.172,4580082.756,2.13914879,41.36719938
428098.172,4580082.756,2.13914879,41.36719938
428696.684,4582788.667,2.14598588,41.39162385
428696.684,4582788.667,2.14598588,41.39162385
428346.721,4585985.664,2.14142156,41.42038682
433751.852,4586035.974,2.20609147,41.42130406
433751.852,4586035.974,2.20609147,41.42130406
431137.733,4587060.169,2.17469496,41.4303087
431137.733,4587060.169,2.17469496,41.4303087
429622.473,4583282.142,2.1570011,41.39615
429622.473,4583282.142,2.1570011,41.39615
432139.356,4585186.754,2.18689209,41.41352075
432139.356,4585186.754,2.18689209,41.41352075
432725.658,4587015.781,2.19370321,41.43004356
432725.658,4587015.781,2.19370321,41.43004356
431273.075,4584744.549,2.17657793,41.40946429
431273.075,4584744.549,2.17657793,41.40946429
431273.075,4584744.549,2.17657793,41.40946429
430089.532,4581389.562,2.16280614,41.3791449
430089.532,4581389.562,2.16280614,41.3791449
429834.07,4581818.313,2.15970168,41.38298427
429834.07,4581818.313,2.15970168,41.38298427
432758.379,4581836.017,2.19467063,41.3833936
432758.379,4581836.017,2.19467063,41.3833936
425654.152,4584032.884,2.10944411,41.40255431
432131.07,4584631.661,2.18685526,41.40852049
432131.07,4584631.661,2.18685526,41.40852049
431592.733,4586015.637,2.18025835,41.42093985
431592.733,4586015.637,2.18025835,41.42093985
428769.74,4581177.116,2.1470492,41.37711565
428769.74,4581177.116,2.1470492,41.37711565
425287.908,4582173.825,2.10529257,41.38577666
425287.908,4582173.825,2.10529257,41.38577666
433499.338,4588462.36,2.20280283,41.44313693
433499.338,4588462.36,2.20280283,41.44313693
432400.822,4588896.104,2.1896053,41.44695171
432400.822,4588896.104,2.1896053,41.44695171
433438.33,4585233.448,2.20242831,41.41405
433438.33,4585233.448,2.20242831,41.41405
429683.96,4586953.14,2.15730967,41.4292187
429683.96,4586953.14,2.15730967,41.4292187
431224.256,4586673.949,2.17577437,41.42683757
431224.256,4586673.949,2.17577437,41.42683757
433946.041,4587914.381,2.20820973,41.43823833
433946.041,4587914.381,2.20820973,41.43823833
433946.041,4587914.381,2.20820973,41.43823833
433946.041,4587914.381,2.20820973,41.43823833
433946.041,4587914.381,2.20820973,41.43823833
427510.857,4584118.385,2.13164396,41.40349402
427510.857,4584118.385,2.13164396,41.40349402
432296.478,4589101.926,2.18833317,41.44879667
432296.478,4589101.926,2.18833317,41.44879667
427729.24,4579935.033,2.13475559,41.36583583
427729.24,4579935.033,2.13475559,41.36583583
432439.748,4585901.69,2.19040618,41.41998528
432439.748,4585901.69,2.19040618,41.41998528
426097.089,4583334.484,2.11482785,41.396305
426097.089,4583334.484,2.11482785,41.396305
426097.089,4583334.484,2.11482785,41.396305
427165.625,4583433.158,2.12759667,41.39729125
427165.625,4583433.158,2.12759667,41.39729125
433942.826,4585841.274,2.20839791,41.41956618
433942.826,4585841.274,2.20839791,41.41956618
433942.826,4585841.274,2.20839791,41.41956618
430886.255,4582847.071,2.17216695,41.39234112
430886.255,4582847.071,2.17216695,41.39234112
430886.255,4582847.071,2.17216695,41.39234112
433752.23,4588498.691,2.20582592,41.44348507
433752.23,4588498.691,2.20582592,41.44348507
430291.635,4588098.338,2.16444961,41.43958605
430291.635,4588098.338,2.16444961,41.43958605
434338.626,4584291.822,2.2133021,41.40564311
434338.626,4584291.822,2.2133021,41.40564311
431275.837,4583019.166,2.17680695,41.39392453
431275.837,4583019.166,2.17680695,41.39392453
433467.95,4585370.594,2.20276761,41.41528769
433467.95,4585370.594,2.20276761,41.41528769
429688.642,4584955.161,2.15759811,41.41122408
429688.642,4584955.161,2.15759811,41.41122408
432985.66,4583007.181,2.19725899,41.39396097
432985.66,4583007.181,2.19725899,41.39396097
428307.922,4578872.897,2.14179956,41.35632129
428307.922,4578872.897,2.14179956,41.35632129
431186.318,4584307.232,2.17558976,41.40551809
431186.318,4584307.232,2.17558976,41.40551809
431186.318,4584307.232,2.17558976,41.40551809
429688.059,4588027.927,2.15723361,41.43889924
429688.059,4588027.927,2.15723361,41.43889924
432170.004,4588894.116,2.18684253,41.44691432
432170.004,4588894.116,2.18684253,41.44691432
429430.093,4583191.251,2.15471064,41.39531451
429430.093,4583191.251,2.15471064,41.39531451
429580.92,4581863.548,2.1566691,41.38336956
428100.997,4582507.88,2.13889473,41.38904185
428100.997,4582507.88,2.13889473,41.38904185
429121.812,4587869.525,2.15047488,41.43742277
429121.812,4587869.525,2.15047488,41.43742277
431996.668,4586786.769,2.18500492,41.4279195
431996.668,4586786.769,2.18500492,41.4279195
430903.241,4584387.737,2.17219417,41.40621888
430903.241,4584387.737,2.17219417,41.40621888
429586.389,4583215.617,2.15657724,41.39554767
429586.389,4583215.617,2.15657724,41.39554767
432432.332,4584176.432,2.19051022,41.40444576
432432.332,4584176.432,2.19051022,41.40444576
430410.296,4583715.96,2.16637439,41.40012586
430410.296,4583715.96,2.16637439,41.40012586
427174.444,4582544.762,2.12780905,41.38929063
427174.444,4582544.762,2.12780905,41.38929063
432699.037,4585390.067,2.19356566,41.41539902
432699.037,4585390.067,2.19356566,41.41539902
428843.007,4580971.691,2.14794942,41.37527194
428843.007,4580971.691,2.14794942,41.37527194
428843.007,4580971.691,2.14794942,41.37527194
428608.619,4577923.343,2.14550577,41.34779567
428608.619,4577923.343,2.14550577,41.34779567
427144.288,4583024.021,2.12739071,41.39360439
429649.258,4582966.26,2.1573582,41.3933073
429649.258,4582966.26,2.1573582,41.3933073
427822.637,4578393.166,2.13605572,41.35195714
427822.637,4578393.166,2.13605572,41.35195714
433083.445,4585580.971,2.19814385,41.41715055
433083.445,4585580.971,2.19814385,41.41715055
433083.445,4585580.971,2.19814385,41.41715055
430562.795,4583557.345,2.16821675,41.39871045
430562.795,4583557.345,2.16821675,41.39871045
431199.021,4582960.852,2.17589482,41.39339275
431199.021,4582960.852,2.17589482,41.39339275
431283.726,4585325.959,2.17663928,41.41470178
431283.726,4585325.959,2.17663928,41.41470178
428974.533,4580528.689,2.14957403,41.3712936
432216.939,4586497.662,2.18767332,41.42533423
432216.939,4586497.662,2.18767332,41.42533423
429839.496,4582427.562,2.15969598,41.38847206
429839.496,4582427.562,2.15969598,41.38847206
427991.773,4583985.304,2.13741266,41.40233865
427991.773,4583985.304,2.13741266,41.40233865
427991.773,4583985.304,2.13741266,41.40233865
428784.405,4584821.179,2.1467958,41.4099377
428784.405,4584821.179,2.1467958,41.4099377
428784.405,4584821.179,2.1467958,41.4099377
432060.575,4586656.795,2.1857843,41.42675428
432060.575,4586656.795,2.1857843,41.42675428
432060.575,4586656.795,2.1857843,41.42675428
432060.575,4586656.795,2.1857843,41.42675428
428375.909,4582705.547,2.1421592,41.39084671
428375.909,4582705.547,2.1421592,41.39084671
428499.732,4582666.131,2.14364477,41.39050273
428499.732,4582666.131,2.14364477,41.39050273
434846.043,4584918.127,2.21930483,41.41132541
434846.043,4584918.127,2.21930483,41.41132541
427876.317,4583840.45,2.13604883,41.40102366
427876.317,4583840.45,2.13604883,41.40102366
433116.412,4588997.515,2.19816001,41.44792505
433116.412,4588997.515,2.19816001,41.44792505
433607.299,4584461.605,2.20453467,41.4071122
433607.299,4584461.605,2.20453467,41.4071122
433607.299,4584461.605,2.20453467,41.4071122
431847.792,4585680.086,2.18334813,41.41793934
431847.792,4585680.086,2.18334813,41.41793934
429198.049,4582915.87,2.1519674,41.39281385
429198.049,4582915.87,2.1519674,41.39281385
425734.263,4581171.327,2.11075344,41.37678895
425734.263,4581171.327,2.11075344,41.37678895
428886.957,4584568.495,2.1480524,41.40767096
427667.989,4581226.231,2.13386917,41.37745969
427667.989,4581226.231,2.13386917,41.37745969
428737.416,4578083.995,2.14702629,41.34925403
428737.416,4578083.995,2.14702629,41.34925403
428737.416,4578083.995,2.14702629,41.34925403
425208.784,4582104.265,2.10435491,41.38514281
425208.784,4582104.265,2.10435491,41.38514281
425208.784,4582104.265,2.10435491,41.38514281
425208.784,4582104.265,2.10435491,41.38514281
429362.653,4580936.133,2.15416707,41.37499749
429362.653,4580936.133,2.15416707,41.37499749
432291.22,4589271.111,2.18825124,41.45032002
432291.22,4589271.111,2.18825124,41.45032002
432291.22,4589271.111,2.18825124,41.45032002
428591.719,4581317.448,2.14490397,41.37836379
428591.719,4581317.448,2.14490397,41.37836379
432821.175,4587554.951,2.19478633,41.43490769
432821.175,4587554.951,2.19478633,41.43490769
430449.274,4582801.275,2.16694577,41.39189096
430449.274,4582801.275,2.16694577,41.39189096
425229.832,4582089.587,2.10460844,41.38501257
425229.832,4582089.587,2.10460844,41.38501257
425229.832,4582089.587,2.10460844,41.38501257
425229.832,4582089.587,2.10460844,41.38501257
425229.832,4582089.587,2.10460844,41.38501257
429119.661,4586144.599,2.1506515,41.42188688
429119.661,4586144.599,2.1506515,41.42188688
431273.025,4584371.261,2.17661975,41.4061022
431273.025,4584371.261,2.17661975,41.4061022
426540.372,4583301.192,2.12013397,41.39604578
426540.372,4583301.192,2.12013397,41.39604578
434701.031,4585065.687,2.21755397,41.41264267
434701.031,4585065.687,2.21755397,41.41264267
434085.96,4583693.962,2.21034462,41.40023764
434085.96,4583693.962,2.21034462,41.40023764
433010.802,4584901.86,2.19734991,41.41102794
433010.802,4584901.86,2.19734991,41.41102794
433010.802,4584901.86,2.19734991,41.41102794
428802.976,4582528.974,2.14728769,41.38929431
428802.976,4582528.974,2.14728769,41.38929431
431102.948,4587150.189,2.17426841,41.43111649
433398.561,4588436.537,2.20159941,41.44289598
433398.561,4588436.537,2.20159941,41.44289598
428946.592,4580996.251,2.14918513,41.37550231
428946.592,4580996.251,2.14918513,41.37550231
430755.863,4584721.947,2.17039285,41.40921631
430755.863,4584721.947,2.17039285,41.40921631
431076.53,4583033.397,2.17442149,41.39403565
431076.53,4583033.397,2.17442149,41.39403565
429048.512,4583306.842,2.15013305,41.396322
429048.512,4583306.842,2.15013305,41.396322
429048.512,4583306.842,2.15013305,41.396322
429048.512,4583306.842,2.15013305,41.396322
431763.964,4582317.383,2.1827244,41.38764536
431763.964,4582317.383,2.1827244,41.38764536
431763.964,4582317.383,2.1827244,41.38764536
431763.964,4582317.383,2.1827244,41.38764536
429787.133,4581698.289,2.15915429,41.38189916
429787.133,4581698.289,2.15915429,41.38189916
427761.388,4577888.704,2.13538369,41.34740812
427761.388,4577888.704,2.13538369,41.34740812
429748.983,4582339.334,2.15862371,41.38766952
429748.983,4582339.334,2.15862371,41.38766952
428387.583,4580365.519,2.14257549,41.36977194
428387.583,4580365.519,2.14257549,41.36977194
427575.967,4582577.493,2.13260722,41.3896217
427575.967,4582577.493,2.13260722,41.3896217
431070.701,4583423.604,2.17430733,41.39754962
431070.701,4583423.604,2.17430733,41.39754962
428307.922,4578872.897,2.14179956,41.35632129
428307.922,4578872.897,2.14179956,41.35632129
427646.946,4583773.528,2.13331314,41.40040031
427646.946,4583773.528,2.13331314,41.40040031
427646.946,4583773.528,2.13331314,41.40040031
427222.991,4585010.926,2.12809303,41.41150674
427222.991,4585010.926,2.12809303,41.41150674
427222.991,4585010.926,2.12809303,41.41150674
429747.311,4588123.28,2.1579317,41.43976324
429747.311,4588123.28,2.1579317,41.43976324
429747.311,4588123.28,2.1579317,41.43976324
430807.889,4584665.361,2.17102173,41.40871114
430807.889,4584665.361,2.17102173,41.40871114
429318.931,4581090.943,2.15362622,41.37638798
429318.931,4581090.943,2.15362622,41.37638798
429453.522,4586613.796,2.15459162,41.42614215
429453.522,4586613.796,2.15459162,41.42614215
431734.227,4582471.909,2.18235133,41.38903461
431734.227,4582471.909,2.18235133,41.38903461
426989.799,4582786.057,2.12557166,41.39144713
430216.036,4583527.356,2.16407246,41.39841032
430216.036,4583527.356,2.16407246,41.39841032
430263.997,4582202.374,2.16479879,41.38648079
430263.997,4582202.374,2.16479879,41.38648079
429898.953,4582725.175,2.16037259,41.39115775
429898.953,4582725.175,2.16037259,41.39115775
428875.474,4581460.323,2.14828026,41.37967576
428875.474,4581460.323,2.14828026,41.37967576
427014.253,4582710.879,2.1258732,41.39077225
427014.253,4582710.879,2.1258732,41.39077225
425615.835,4581133.221,2.10934203,41.3764348
425615.835,4581133.221,2.10934203,41.3764348
425615.835,4581133.221,2.10934203,41.3764348
427762.828,4583139.774,2.13477493,41.39470276
427762.828,4583139.774,2.13477493,41.39470276
432800.776,4584710.486,2.19485846,41.40928674
431784.167,4590628.89,2.18202778,41.46250606
431784.167,4590628.89,2.18202778,41.46250606
431784.167,4590628.89,2.18202778,41.46250606
427704.268,4581465.5,2.13427443,41.37961795
427704.268,4581465.5,2.13427443,41.37961795
431950.934,4586153.398,2.18452894,41.42221106
431950.934,4586153.398,2.18452894,41.42221106
431950.934,4586153.398,2.18452894,41.42221106
428624.419,4583426.46,2.14504636,41.39736181
428624.419,4583426.46,2.14504636,41.39736181
430005.45,4583130.22,2.16159947,41.39481514
430005.45,4583130.22,2.16159947,41.39481514
428250.54,4582763.163,2.14065295,41.39135445
428250.54,4582763.163,2.14065295,41.39135445
431405.112,4583967.858,2.17824563,41.40248017
431405.112,4583967.858,2.17824563,41.40248017
428242.79,4580261.776,2.1408566,41.36882466
432719.944,4588904.373,2.19342441,41.44705301
432719.944,4588904.373,2.19342441,41.44705301
432719.944,4588904.373,2.19342441,41.44705301
429001.205,4585887.737,2.14926426,41.41956296
432312.624,4583829.151,2.18911705,41.40130782
432312.624,4583829.151,2.18911705,41.40130782
430654.341,4584406.293,2.16921448,41.40636456
430654.341,4584406.293,2.16921448,41.40636456
430654.341,4584406.293,2.16921448,41.40636456
431370.004,4582923.541,2.1779441,41.39307131
431370.004,4582923.541,2.1779441,41.39307131
431913.451,4586839.152,2.18400316,41.42838424
431913.451,4586839.152,2.18400316,41.42838424
431401.645,4582525.944,2.1783676,41.38949297
431401.645,4582525.944,2.1783676,41.38949297
431704.194,4583611.306,2.18186358,41.39929428
431704.194,4583611.306,2.18186358,41.39929428
431704.194,4583611.306,2.18186358,41.39929428
433013.633,4588521.322,2.19698252,41.44362757
433013.633,4588521.322,2.19698252,41.44362757
429591.96,4585604.805,2.15636577,41.41706671
429591.96,4585604.805,2.15636577,41.41706671
432144.507,4583168.295,2.18718014,41.39534151
432144.507,4583168.295,2.18718014,41.39534151
427339.934,4581173.569,2.12995277,41.3769558
427339.934,4581173.569,2.12995277,41.3769558
429197.677,4583028.671,2.15194976,41.39382977
429197.677,4583028.671,2.15194976,41.39382977
429197.677,4583028.671,2.15194976,41.39382977
432261.485,4584801.011,2.1883965,41.41005678
432261.485,4584801.011,2.1883965,41.41005678
432261.485,4584801.011,2.1883965,41.41005678
425534.859,4582570.14,2.1081971,41.38936901
425534.859,4582570.14,2.1081971,41.38936901
425534.859,4582570.14,2.1081971,41.38936901
432565.123,4583244.664,2.1922026,41.39606474
432565.123,4583244.664,2.1922026,41.39606474
432793.407,4584642.624,2.19477784,41.40867491
432793.407,4584642.624,2.19477784,41.40867491
431366.135,4586394.176,2.17750397,41.4243299
431366.135,4586394.176,2.17750397,41.4243299
430883.058,4585131.178,2.17186776,41.41291306
432751.35,4582465.56,2.19451665,41.38906315
432751.35,4582465.56,2.19451665,41.38906315
432751.35,4582465.56,2.19451665,41.38906315
427200.372,4583487.593,2.12800575,41.39778468
434760.326,4584428.458,2.21833214,41.40690811
434760.326,4584428.458,2.21833214,41.40690811
428715.317,4580648.219,2.14646067,41.37234724
428715.317,4580648.219,2.14646067,41.37234724
425452.512,4581717.249,2.10731727,41.38167976
425452.512,4581717.249,2.10731727,41.38167976
425452.512,4581717.249,2.10731727,41.38167976
431303.956,4580950.667,2.17737794,41.37529655
431303.956,4580950.667,2.17737794,41.37529655
430074.37,4581488.1,2.16261346,41.38003108
433349.553,4585185.383,2.20137144,41.41360973
433349.553,4585185.383,2.20137144,41.41360973
433349.553,4585185.383,2.20137144,41.41360973
426000.723,4583728.29,2.11362707,41.39984296
426000.723,4583728.29,2.11362707,41.39984296
429415.522,4584757.585,2.15435362,41.40942064
429415.522,4584757.585,2.15435362,41.40942064
427691.951,4587153.357,2.13344726,41.43084502
427691.951,4587153.357,2.13344726,41.43084502
433827.818,4583265.73,2.20730357,41.39635943
433827.818,4583265.73,2.20730357,41.39635943
433763.356,4583639.046,2.20649167,41.39971649
433763.356,4583639.046,2.20649167,41.39971649
432217.32,4588883.976,2.18741006,41.44682699
432217.32,4588883.976,2.18741006,41.44682699
428281.386,4583804.479,2.14089848,41.40073594
428281.386,4583804.479,2.14089848,41.40073594
428281.386,4583804.479,2.14089848,41.40073594
433461.565,4585951.604,2.20262725,41.42052016
433461.565,4585951.604,2.20262725,41.42052016
429270.14,4587461.066,2.15229798,41.43375703
429270.14,4587461.066,2.15229798,41.43375703
429270.14,4587461.066,2.15229798,41.43375703
430365.846,4582734.812,2.16595559,41.39128513
430365.846,4582734.812,2.16595559,41.39128513
430688.501,4586493.291,2.16938388,41.42516437
430688.501,4586493.291,2.16938388,41.42516437
429795.025,4582908.327,2.15910836,41.39279827
429795.025,4582908.327,2.15910836,41.39279827
429355.758,4582115.684,2.15394705,41.38562071
429355.758,4582115.684,2.15394705,41.38562071
429567.05,4583209.286,2.15634666,41.39548896
429567.05,4583209.286,2.15634666,41.39548896
429731.205,4581923.321,2.15845937,41.38392107
429731.205,4581923.321,2.15845937,41.38392107
428614.899,4587084.654,2.14450061,41.43030885
428614.899,4587084.654,2.14450061,41.43030885
427421.416,4582916.56,2.13071818,41.3926616
427421.416,4582916.56,2.13071818,41.3926616
428989.313,4580940.29,2.1497025,41.37500206
428989.313,4580940.29,2.1497025,41.37500206
428989.313,4580940.29,2.1497025,41.37500206
428989.313,4580940.29,2.1497025,41.37500206
434078.332,4585946.199,2.21000786,41.42052235
434078.332,4585946.199,2.21000786,41.42052235
432018.751,4581666.572,2.18584459,41.38180526
432018.751,4581666.572,2.18584459,41.38180526
430922.065,4582382.267,2.17264829,41.38815785
430922.065,4582382.267,2.17264829,41.38815785
431417.73,4587654.206,2.17797834,41.43568295
431417.73,4587654.206,2.17797834,41.43568295
428019.33,4581000.753,2.13809714,41.37546041
428019.33,4581000.753,2.13809714,41.37546041
428386.831,4580810.909,2.14251385,41.37378335
428386.831,4580810.909,2.14251385,41.37378335
431647.552,4584174.643,2.1811224,41.40436327
431647.552,4584174.643,2.1811224,41.40436327
429743.715,4582869.408,2.15849919,41.39244325
429743.715,4582869.408,2.15849919,41.39244325
429743.715,4582869.408,2.15849919,41.39244325
429616.298,4587466.436,2.15644015,41.43383583
429616.298,4587466.436,2.15644015,41.43383583
429616.298,4587466.436,2.15644015,41.43383583
429616.298,4587466.436,2.15644015,41.43383583
432513.768,4587964.522,2.19106145,41.43857077
432513.768,4587964.522,2.19106145,41.43857077
432405.378,4583010.308,2.19031805,41.39394053
432405.378,4583010.308,2.19031805,41.39394053
428963.084,4580901.671,2.14939341,41.37465191
428963.084,4580901.671,2.14939341,41.37465191
427045.78,4584910.55,2.12598503,41.41058662
427045.78,4584910.55,2.12598503,41.41058662
428499.732,4582666.131,2.14364477,41.39050273
428499.732,4582666.131,2.14364477,41.39050273
428879.489,4581838.147,2.14828391,41.38307905
428879.489,4581838.147,2.14828391,41.38307905
428879.489,4581838.147,2.14828391,41.38307905
429615.596,4586935.895,2.15649356,41.4290574
429615.596,4586935.895,2.15649356,41.4290574
432134.809,4584834.857,2.18687719,41.41035093
432134.809,4584834.857,2.18687719,41.41035093
430821.717,4586308.896,2.1709991,41.42351509
430821.717,4586308.896,2.1709991,41.42351509
429696.603,4581720.193,2.15806915,41.38208853
429696.603,4581720.193,2.15806915,41.38208853
429037.092,4581603.678,2.15019609,41.38098119
429037.092,4581603.678,2.15019609,41.38098119
429037.092,4581603.678,2.15019609,41.38098119
429233.76,4584003.937,2.15226729,41.40261682
429233.76,4584003.937,2.15226729,41.40261682
425775.842,4581084.725,2.11126122,41.3760128
425775.842,4581084.725,2.11126122,41.3760128
433865.684,4585738.91,2.20748607,41.41863787
433865.684,4585738.91,2.20748607,41.41863787
433865.684,4585738.91,2.20748607,41.41863787
431791.368,4582425.957,2.18303991,41.38862558
431791.368,4582425.957,2.18303991,41.38862558
432050.67,4584928.019,2.1858601,41.4111829
431275.016,4582830.464,2.17681856,41.39222488
431275.016,4582830.464,2.17681856,41.39222488
429143.573,4584507.034,2.15112952,41.40714008
429143.573,4584507.034,2.15112952,41.40714008
429143.573,4584507.034,2.15112952,41.40714008
430437.953,4583013.836,2.16678593,41.39380445
430437.953,4583013.836,2.16678593,41.39380445
431371.112,4584089.393,2.17782513,41.40357189
431371.112,4584089.393,2.17782513,41.40357189
430613.519,4580823.873,2.16913674,41.37409528
430613.519,4580823.873,2.16913674,41.37409528
430613.519,4580823.873,2.16913674,41.37409528
434931.96,4584554.149,2.22037191,41.40805411
434931.96,4584554.149,2.22037191,41.40805411
429649.336,4578377.744,2.15789189,41.35197995
429649.336,4578377.744,2.15789189,41.35197995
431246.31,4580919.223,2.17669222,41.37500841
431246.31,4580919.223,2.17669222,41.37500841
431246.31,4580919.223,2.17669222,41.37500841
429869.27,4584448.466,2.15981785,41.40667625
429869.27,4584448.466,2.15981785,41.40667625
429768.536,4586546.081,2.15836911,41.42555989
429768.536,4586546.081,2.15836911,41.42555989
429068.511,4581836.059,2.15054459,41.38307694
429068.511,4581836.059,2.15054459,41.38307694
428550.296,4583678.711,2.14412997,41.39962715
428550.296,4583678.711,2.14412997,41.39962715
431727.211,4583738.69,2.18212453,41.40044355
431727.211,4583738.69,2.18212453,41.40044355
427201.385,4584126.416,2.127941,41.40353838
427201.385,4584126.416,2.127941,41.40353838
431015.693,4580281.481,2.17400729,41.3692447
431015.693,4580281.481,2.17400729,41.3692447
431015.693,4580281.481,2.17400729,41.3692447
425740.746,4583198.173,2.11058239,41.39504446
425740.746,4583198.173,2.11058239,41.39504446
432611.295,4582070.795,2.19288555,41.38549587
432611.295,4582070.795,2.19288555,41.38549587
432611.295,4582070.795,2.19288555,41.38549587
432611.295,4582070.795,2.19288555,41.38549587
428900.148,4584346.754,2.14823627,41.40567499
428900.148,4584346.754,2.14823627,41.40567499
434060.225,4583995.998,2.21000386,41.40295589
434060.225,4583995.998,2.21000386,41.40295589
431737.982,4582908.796,2.18234697,41.39296984
431737.982,4582908.796,2.18234697,41.39296984
433406.969,4582829.315,2.20231773,41.39239399
433406.969,4582829.315,2.20231773,41.39239399
429707.747,4582254.048,2.15814045,41.38689777
429707.747,4582254.048,2.15814045,41.38689777
431886.029,4589181.361,2.18341081,41.44947737
431886.029,4589181.361,2.18341081,41.44947737
429738.8,4578637.354,2.15893117,41.35432601
429738.8,4578637.354,2.15893117,41.35432601
429738.8,4578637.354,2.15893117,41.35432601
430594.532,4579494.76,2.16906193,41.36212269
430594.532,4579494.76,2.16906193,41.36212269
430305.801,4582503.129,2.16526411,41.38919323
430305.801,4582503.129,2.16526411,41.38919323
430557.688,4582525.424,2.16827407,41.38941583
430557.688,4582525.424,2.16827407,41.38941583
428953.065,4587664.976,2.14847928,41.43556556
428953.065,4587664.976,2.14847928,41.43556556
432381.897,4585063.477,2.18980772,41.41243088
432381.897,4585063.477,2.18980772,41.41243088
433460.235,4585760.683,2.20263236,41.41880048
433460.235,4585760.683,2.20263236,41.41880048
427902.392,4584181.107,2.13632014,41.40409416
427902.392,4584181.107,2.13632014,41.40409416
430793.622,4584087.638,2.17091715,41.40350654
430793.622,4584087.638,2.17091715,41.40350654
432500.221,4582719.721,2.19148484,41.39133127
432500.221,4582719.721,2.19148484,41.39133127
431509.915,4583861.438,2.17951136,41.40153061
429393.426,4582076.681,2.15440206,41.38527274
429393.426,4582076.681,2.15440206,41.38527274
429393.426,4582076.681,2.15440206,41.38527274
429393.426,4582076.681,2.15440206,41.38527274
432239.593,4581212.066,2.18853638,41.37773028
432239.593,4581212.066,2.18853638,41.37773028
431809.736,4583714.489,2.18311441,41.40023258
431809.736,4583714.489,2.18311441,41.40023258
430921.311,4587624.545,2.17204042,41.43537323
433072.086,4589234.165,2.19760315,41.45005279
433072.086,4589234.165,2.19760315,41.45005279
433072.086,4589234.165,2.19760315,41.45005279
429819.394,4581767.804,2.15953203,41.38252808
429819.394,4581767.804,2.15953203,41.38252808
429819.394,4581767.804,2.15953203,41.38252808
433545.579,4582976.403,2.20395943,41.39373025
433545.579,4582976.403,2.20395943,41.39373025
429347.031,4581305.221,2.15393722,41.37832038
429347.031,4581305.221,2.15393722,41.37832038
431857.726,4583588.206,2.18370268,41.39909926
431857.726,4583588.206,2.18370268,41.39909926
431857.726,4583588.206,2.18370268,41.39909926
431857.726,4583588.206,2.18370268,41.39909926
429777.374,4582436.162,2.15895202,41.3885441
429777.374,4582436.162,2.15895202,41.3885441
433081.865,4584996.687,2.19818961,41.41188794
433081.865,4584996.687,2.19818961,41.41188794
428244.271,4580297.887,2.14087003,41.36915003
428244.271,4580297.887,2.14087003,41.36915003
428710.04,4583208.302,2.14609619,41.39540454
428710.04,4583208.302,2.14609619,41.39540454
428210.426,4585888.549,2.13980227,41.41949998
428210.426,4585888.549,2.13980227,41.41949998
430052.888,4585142.266,2.16193423,41.41294107
430348.13,4585337.885,2.16544401,41.4147286
430348.13,4585337.885,2.16544401,41.4147286
428959.088,4582543.349,2.14915306,41.3894376
428959.088,4582543.349,2.14915306,41.3894376
429451.214,4582209.993,2.15507763,41.38647851
429451.214,4582209.993,2.15507763,41.38647851
432095.049,4588441.675,2.18599618,41.442833
432095.049,4588441.675,2.18599618,41.442833
432500.199,4588303.385,2.19086115,41.44162166
432500.199,4588303.385,2.19086115,41.44162166
434594.375,4584893.875,2.2162965,41.41108652
434594.375,4584893.875,2.2162965,41.41108652
432609.473,4583758.694,2.19267583,41.40069819
432609.473,4583758.694,2.19267583,41.40069819
431797.042,4582391.785,2.18311162,41.38831828
431797.042,4582391.785,2.18311162,41.38831828
433062.577,4587295.861,2.19770421,41.43259432
433062.577,4587295.861,2.19770421,41.43259432
433062.577,4587295.861,2.19770421,41.43259432
433062.577,4587295.861,2.19770421,41.43259432
433062.577,4587295.861,2.19770421,41.43259432
433062.577,4587295.861,2.19770421,41.43259432
432802.293,4587594.802,2.19455592,41.43526504
432802.293,4587594.802,2.19455592,41.43526504
430432.955,4581035.814,2.1669534,41.37598857
430432.955,4581035.814,2.1669534,41.37598857
430432.955,4581035.814,2.1669534,41.37598857
427575.967,4582577.493,2.13260722,41.3896217
427575.967,4582577.493,2.13260722,41.3896217
431183.543,4584280.162,2.17555965,41.40527404
431183.543,4584280.162,2.17555965,41.40527404
431553.841,4583500.417,2.18007765,41.39828275
431553.841,4583500.417,2.18007765,41.39828275
432413.506,4585676.577,2.19011735,41.41795555
432413.506,4585676.577,2.19011735,41.41795555
430645.891,4581367.679,2.16946155,41.37899598
430645.891,4581367.679,2.16946155,41.37899598
432274.761,4586215.809,2.18839683,41.42280055
430653.756,4585121.879,2.16912542,41.41280955
430653.756,4585121.879,2.16912542,41.41280955
427381.028,4581010.596,2.13046368,41.37549168
427381.028,4581010.596,2.13046368,41.37549168
431864.488,4581575.479,2.18401009,41.38097175
431864.488,4581575.479,2.18401009,41.38097175
430592.1,4583173.234,2.16861135,41.39525342
430592.1,4583173.234,2.16861135,41.39525342
429033.887,4588231.411,2.14938002,41.44067435
429033.887,4588231.411,2.14938002,41.44067435
429324.663,4583319.832,2.15343459,41.39646333
429324.663,4583319.832,2.15343459,41.39646333
432127.702,4584285.311,2.18685382,41.40540073
432127.702,4584285.311,2.18685382,41.40540073
427971.186,4579992.747,2.13764129,41.36637733
434242.465,4585377.648,2.21203367,41.41541501
434242.465,4585377.648,2.21203367,41.41541501
431415.459,4585159.424,2.17823429,41.4132131
431415.459,4585159.424,2.17823429,41.4132131
431415.459,4585159.424,2.17823429,41.4132131
428226.337,4584263.958,2.14018548,41.40486937
428226.337,4584263.958,2.14018548,41.40486937
432322.986,4583483.094,2.18927972,41.39819186
432322.986,4583483.094,2.18927972,41.39819186
429672.661,4581204.203,2.15784275,41.37743908
429672.661,4581204.203,2.15784275,41.37743908
431350.41,4586227.794,2.1773347,41.42283
431350.41,4586227.794,2.1773347,41.42283
431350.41,4586227.794,2.1773347,41.42283
425462.153,4582543.105,2.1073309,41.38911877
425462.153,4582543.105,2.1073309,41.38911877
425462.153,4582543.105,2.1073309,41.38911877
426745.182,4577153.532,2.12332675,41.34069485
433762.35,4583188.314,2.20652898,41.39565677
433762.35,4583188.314,2.20652898,41.39565677
433762.35,4583188.314,2.20652898,41.39565677
431694.263,4581581.69,2.18197379,41.38101325
431694.263,4581581.69,2.18197379,41.38101325
431694.263,4581581.69,2.18197379,41.38101325
432295.475,4589515.52,2.18827476,41.45252168
432295.475,4589515.52,2.18827476,41.45252168
428034.159,4584036.692,2.13791357,41.40280528
428034.159,4584036.692,2.13791357,41.40280528
433042.41,4582486.788,2.19799533,41.38927865
433042.41,4582486.788,2.19799533,41.38927865
431388.789,4585484.891,2.17787826,41.4161422
431388.789,4585484.891,2.17787826,41.4161422
431388.789,4585484.891,2.17787826,41.4161422
431388.789,4585484.891,2.17787826,41.4161422
430345.563,4582527.493,2.16573685,41.38941611
430345.563,4582527.493,2.16573685,41.38941611
432191.026,4587331.041,2.1872697,41.43283802
428120.045,4580176.089,2.13939923,41.36804195
428120.045,4580176.089,2.13939923,41.36804195
432346.285,4586771.667,2.18919046,41.42781302
432346.285,4586771.667,2.18919046,41.42781302
429529.246,4580761.44,2.15617937,41.3734387
431242.622,4580854.666,2.17665545,41.37442665
431242.622,4580854.666,2.17665545,41.37442665
431242.622,4580854.666,2.17665545,41.37442665
430011.741,4580844.885,2.16193885,41.37423239
433116.28,4585641.155,2.19853005,41.41769535
433116.28,4585641.155,2.19853005,41.41769535
430782.373,4582171.269,2.17100175,41.38624543
427614.99,4583246.771,2.1329939,41.39565314
427614.99,4583246.771,2.1329939,41.39565314
428879.489,4581838.147,2.14828391,41.38307905
428879.489,4581838.147,2.14828391,41.38307905
431651.118,4584550.195,2.18112262,41.40774606
431651.118,4584550.195,2.18112262,41.40774606
427792.685,4581211.762,2.13536195,41.37734057
427792.685,4581211.762,2.13536195,41.37734057
428711.213,4582610.573,2.14618061,41.39002112
428711.213,4582610.573,2.14618061,41.39002112
429578.297,4586995.747,2.15604022,41.42959319
429578.297,4586995.747,2.15604022,41.42959319
429578.297,4586995.747,2.15604022,41.42959319
429241.328,4584658.673,2.15228123,41.40851445
429241.328,4584658.673,2.15228123,41.40851445
429802.53,4585887.61,2.15885238,41.41963227
429802.53,4585887.61,2.15885238,41.41963227
429802.53,4585887.61,2.15885238,41.41963227
429802.53,4585887.61,2.15885238,41.41963227
429802.53,4585887.61,2.15885238,41.41963227
428963.084,4580901.671,2.14939341,41.37465191
428963.084,4580901.671,2.14939341,41.37465191
428963.084,4580901.671,2.14939341,41.37465191
433917.678,4584160.555,2.20828067,41.40442631
433917.678,4584160.555,2.20828067,41.40442631
433917.678,4584160.555,2.20828067,41.40442631
433917.678,4584160.555,2.20828067,41.40442631
427842.594,4585092.428,2.13549609,41.41229668
427842.594,4585092.428,2.13549609,41.41229668
427133.547,4582038.85,2.12738082,41.38473038
427133.547,4582038.85,2.12738082,41.38473038
425631.662,4582032.657,2.10942084,41.38453709
425631.662,4582032.657,2.10942084,41.38453709
430871.513,4589076.413,2.1712782,41.44844537
430871.513,4589076.413,2.1712782,41.44844537
430871.513,4589076.413,2.1712782,41.44844537
429544.563,4582114.924,2.15620507,41.38563044
429544.563,4582114.924,2.15620507,41.38563044
432228.272,4583578.714,2.18813608,41.3990451
432228.272,4583578.714,2.18813608,41.3990451
432228.272,4583578.714,2.18813608,41.3990451
431329.624,4582568.113,2.17750145,41.38986663
431329.624,4582568.113,2.17750145,41.38986663
428622.694,4587012.456,2.14460243,41.42965928
428622.694,4587012.456,2.14460243,41.42965928
428225.707,4580279.719,2.14065023,41.36898474
428225.707,4580279.719,2.14065023,41.36898474
428976.698,4586281.929,2.14892471,41.42311113
428976.698,4586281.929,2.14892471,41.42311113
427269.906,4581441.242,2.12908328,41.3793603
427269.906,4581441.242,2.12908328,41.3793603
428903.837,4580824.307,2.14869407,41.37394989
430277.162,4582833.019,2.1648836,41.39216196
430277.162,4582833.019,2.1648836,41.39216196
430277.162,4582833.019,2.1648836,41.39216196
430277.162,4582833.019,2.1648836,41.39216196
426824.356,4583314.047,2.12352912,41.39618747
426824.356,4583314.047,2.12352912,41.39618747
426824.356,4583314.047,2.12352912,41.39618747
426824.356,4583314.047,2.12352912,41.39618747
429318.797,4582713.438,2.15343524,41.39100123
429318.797,4582713.438,2.15343524,41.39100123
429318.797,4582713.438,2.15343524,41.39100123
427700.444,4583292.154,2.13401057,41.39606958
427700.444,4583292.154,2.13401057,41.39606958
429430.093,4583191.251,2.15471064,41.39531451
429430.093,4583191.251,2.15471064,41.39531451
429430.093,4583191.251,2.15471064,41.39531451
431215.582,4581425.52,2.17626731,41.37956587
429698.402,4582325.57,2.15802039,41.38754113
429698.402,4582325.57,2.15802039,41.38754113
432508.043,4586418.419,2.19116566,41.42464504
432508.043,4586418.419,2.19116566,41.42464504
433609.358,4585287.71,2.2044686,41.41455288
433609.358,4585287.71,2.2044686,41.41455288
430457.121,4588348.411,2.16640152,41.44185273
430457.121,4588348.411,2.16640152,41.44185273
430457.121,4588348.411,2.16640152,41.44185273
429393.426,4582076.681,2.15440206,41.38527274
429393.426,4582076.681,2.15440206,41.38527274
432538.915,4582477.576,2.19197462,41.38915358
432538.915,4582477.576,2.19197462,41.38915358
429406.657,4587966.87,2.15387269,41.43832462
429406.657,4587966.87,2.15387269,41.43832462
433242.767,4589139.031,2.19965691,41.44921017
433242.767,4589139.031,2.19965691,41.44921017
433242.767,4589139.031,2.19965691,41.44921017
431017.575,4583199.76,2.17369738,41.39552896
431017.575,4583199.76,2.17369738,41.39552896
431017.575,4583199.76,2.17369738,41.39552896
429364.559,4581149.807,2.15416494,41.37692216
429364.559,4581149.807,2.15416494,41.37692216
432581.527,4582256.411,2.19250888,41.38716518
432581.527,4582256.411,2.19250888,41.38716518
429552.835,4583645.29,2.15612589,41.39941465
429552.835,4583645.29,2.15612589,41.39941465
430813.678,4585172.871,2.17103292,41.41328261
430813.678,4585172.871,2.17103292,41.41328261
430121.355,4582099.833,2.16310473,41.38554485
430121.355,4582099.833,2.16310473,41.38554485
427605.517,4583482.641,2.13285237,41.39777667
427605.517,4583482.641,2.13285237,41.39777667
427605.517,4583482.641,2.13285237,41.39777667
429106.718,4584696.113,2.15066647,41.40883979
429106.718,4584696.113,2.15066647,41.40883979
430022.751,4582583.058,2.16186966,41.38988853
430022.751,4582583.058,2.16186966,41.38988853
430022.751,4582583.058,2.16186966,41.38988853
428284.705,4582724.898,2.14106611,41.39101286
428284.705,4582724.898,2.14106611,41.39101286
430358.153,4581066.846,2.16605539,41.3762616
430358.153,4581066.846,2.16605539,41.3762616
428564.958,4586831.806,2.14393285,41.42802711
428564.958,4586831.806,2.14393285,41.42802711
430704.97,4582088.39,2.17008556,41.38549231
430704.97,4582088.39,2.17008556,41.38549231
426612.099,4575272.263,2.12196369,41.32373876
426612.099,4575272.263,2.12196369,41.32373876
426612.099,4575272.263,2.12196369,41.32373876
428222.287,4579079.799,2.14075142,41.35817716
428222.287,4579079.799,2.14075142,41.35817716
433616.94,4583517.742,2.20475358,41.39861185
433616.94,4583517.742,2.20475358,41.39861185
430956.948,4581578.065,2.17315717,41.38091763
428860.062,4583006.33,2.14791433,41.39359874
428860.062,4583006.33,2.14791433,41.39359874
431844.485,4583970.867,2.18350119,41.40254465
431844.485,4583970.867,2.18350119,41.40254465
430739.957,4583490.568,2.17034353,41.39812431
429971.346,4580950.635,2.16144363,41.37518134
429971.346,4580950.635,2.16144363,41.37518134
430992.197,4584476.257,2.17324825,41.40702379
430992.197,4584476.257,2.17324825,41.40702379
428375.157,4578894.923,2.14260067,41.35652566
428375.157,4578894.923,2.14260067,41.35652566
427097.084,4584894.924,2.12660069,41.41045054
427097.084,4584894.924,2.12660069,41.41045054
428876.917,4581648.35,2.14827543,41.38136938
428876.917,4581648.35,2.14827543,41.38136938
429906.05,4581696.796,2.16057652,41.38189609
432286,4589457.997,2.18816779,41.45200279
432286,4589457.997,2.18816779,41.45200279
432286,4589457.997,2.18816779,41.45200279
429794.286,4582338.877,2.15916556,41.38766935
429794.286,4582338.877,2.15916556,41.38766935
429338.226,4583530.695,2.15357219,41.39836369
429338.226,4583530.695,2.15357219,41.39836369
431070.701,4583423.604,2.17430733,41.39754962
431070.701,4583423.604,2.17430733,41.39754962
428600.613,4582312.895,2.14489296,41.38733022
428600.613,4582312.895,2.14489296,41.38733022
431037.762,4580866.711,2.17420455,41.3745176
431037.762,4580866.711,2.17420455,41.3745176
431037.762,4580866.711,2.17420455,41.3745176
431037.762,4580866.711,2.17420455,41.3745176
431037.762,4580866.711,2.17420455,41.3745176
431037.762,4580866.711,2.17420455,41.3745176
432077.722,4588482.787,2.18578415,41.44320181
432077.722,4588482.787,2.18578415,41.44320181
430683.902,4585166.001,2.16948104,41.41320954
430683.902,4585166.001,2.16948104,41.41320954
432514.132,4583666.589,2.19154563,41.39986063
432514.132,4583666.589,2.19154563,41.39986063
430259.122,4588227.416,2.16404555,41.44074579
430259.122,4588227.416,2.16404555,41.44074579
430259.122,4588227.416,2.16404555,41.44074579
430259.122,4588227.416,2.16404555,41.44074579
428085.535,4585613.411,2.13834065,41.41701074
428085.535,4585613.411,2.13834065,41.41701074
430348.449,4582881.883,2.16573059,41.39260824
430836.549,4583404.972,2.17150869,41.39736169
430836.549,4583404.972,2.17150869,41.39736169
429514.176,4583218.133,2.15571321,41.39556401
429514.176,4583218.133,2.15571321,41.39556401
428373.45,4586366.573,2.14169625,41.42381989
428373.45,4586366.573,2.14169625,41.42381989
428373.45,4586366.573,2.14169625,41.42381989
428156.796,4580983.2,2.13974292,41.37531461
428156.796,4580983.2,2.13974292,41.37531461
431863.768,4586220.735,2.18347834,41.42281015
431863.768,4586220.735,2.18347834,41.42281015
431863.768,4586220.735,2.18347834,41.42281015
427732.193,4577875.871,2.13503629,41.34728991
427732.193,4577875.871,2.13503629,41.34728991
427732.193,4577875.871,2.13503629,41.34728991
433092.709,4584796.525,2.1983415,41.41008604
433092.709,4584796.525,2.1983415,41.41008604
433092.709,4584796.525,2.1983415,41.41008604
433242.764,4589139.483,2.19965682,41.44921424
433242.764,4589139.483,2.19965682,41.44921424
432773.44,4582254.561,2.19480427,41.38716459
432773.44,4582254.561,2.19480427,41.38716459
429031.874,4584373.7,2.14980891,41.40592933
429031.874,4584373.7,2.14980891,41.40592933
428077.354,4579065.379,2.13902061,41.35803434
428077.354,4579065.379,2.13902061,41.35803434
434611.873,4584583.076,2.21653946,41.40828865
434611.873,4584583.076,2.21653946,41.40828865
434611.873,4584583.076,2.21653946,41.40828865
429973.255,4580927.65,2.16146911,41.37497448
429973.255,4580927.65,2.16146911,41.37497448
428500.988,4585023.45,2.14338122,41.4117343
428500.988,4585023.45,2.14338122,41.4117343
433186.489,4584891.954,2.19945291,41.41095334
433186.489,4584891.954,2.19945291,41.41095334
426841.69,4576816.925,2.12452067,41.33767192
428045.517,4582786.704,2.13819806,41.39154815
428045.517,4582786.704,2.13819806,41.39154815
428455.87,4584077.55,2.14295333,41.40321094
430134.592,4583421.81,2.16311045,41.39745262
430134.592,4583421.81,2.16311045,41.39745262
430277.162,4582833.019,2.1648836,41.39216196
430277.162,4582833.019,2.1648836,41.39216196
428879.489,4581838.147,2.14828391,41.38307905
428879.489,4581838.147,2.14828391,41.38307905
428116.223,4583956.808,2.13890473,41.40209314
428116.223,4583956.808,2.13890473,41.40209314
431164.664,4584061.921,2.17535863,41.4033068
431164.664,4584061.921,2.17535863,41.4033068
428298.629,4584188.057,2.14105928,41.40419221
428298.629,4584188.057,2.14105928,41.40419221
431053.168,4587049.254,2.17368419,41.43020313
431053.168,4587049.254,2.17368419,41.43020313
433366.062,4585856.745,2.20149496,41.41965788
433366.062,4585856.745,2.20149496,41.41965788
433366.062,4585856.745,2.20149496,41.41965788
433366.062,4585856.745,2.20149496,41.41965788
428987.7,4578250.53,2.1499983,41.35077608
428987.7,4578250.53,2.1499983,41.35077608
428876.917,4581648.35,2.14827543,41.38136938
428876.917,4581648.35,2.14827543,41.38136938
428989.313,4580940.29,2.1497025,41.37500206
428989.313,4580940.29,2.1497025,41.37500206
429159.037,4583478.25,2.15143499,41.39787556
429159.037,4583478.25,2.15143499,41.39787556
429159.037,4583478.25,2.15143499,41.39787556
428005.458,4582013.964,2.13781084,41.38458478
428005.458,4582013.964,2.13781084,41.38458478
430396.349,4581530.842,2.16645881,41.38044398
429485.433,4586369.231,2.15500202,41.42394226
429485.433,4586369.231,2.15500202,41.42394226
429485.433,4586369.231,2.15500202,41.42394226
429574.972,4583604.82,2.15639539,41.39905209
429574.972,4583604.82,2.15639539,41.39905209
429057.546,4583097.677,2.15026563,41.39443893
429057.546,4583097.677,2.15026563,41.39443893
430595.647,4583334.94,2.16863523,41.39671017
430595.647,4583334.94,2.16863523,41.39671017
427301.16,4584187.671,2.12912717,41.40409911
427301.16,4584187.671,2.12912717,41.40409911
431225.374,4585503.378,2.17592094,41.41629473
431225.374,4585503.378,2.17592094,41.41629473
429269.914,4582970.531,2.15282055,41.39331248
429269.914,4582970.531,2.15282055,41.39331248
429269.914,4582970.531,2.15282055,41.39331248
425327.786,4582270.667,2.10575753,41.38665258
425327.786,4582270.667,2.10575753,41.38665258
428711.389,4587312.187,2.14562848,41.43236671
428711.389,4587312.187,2.14562848,41.43236671
428967.214,4584479.357,2.14902299,41.40687523
428967.214,4584479.357,2.14902299,41.40687523
428967.214,4584479.357,2.14902299,41.40687523
429042.337,4583824.885,2.14999845,41.40098728
429042.337,4583824.885,2.14999845,41.40098728
427028.996,4580999.548,2.12625572,41.37536031
427028.996,4580999.548,2.12625572,41.37536031
430365.846,4582734.812,2.16595559,41.39128513
430365.846,4582734.812,2.16595559,41.39128513
434007.449,4585877.103,2.20916724,41.4198942
434007.449,4585877.103,2.20916724,41.4198942
427575.967,4582577.493,2.13260722,41.3896217
427575.967,4582577.493,2.13260722,41.3896217
429432.492,4581672.352,2.15491637,41.38163451
429432.492,4581672.352,2.15491637,41.38163451
431266.996,4583221.108,2.17667828,41.39574261
431266.996,4583221.108,2.17667828,41.39574261
428944.316,4584596.668,2.14873528,41.40792978
428944.316,4584596.668,2.14873528,41.40792978
428618.478,4582089.85,2.14513291,41.38532292
428618.478,4582089.85,2.14513291,41.38532292
432643.775,4581595.912,2.19332681,41.38122144
432643.775,4581595.912,2.19332681,41.38122144
432643.775,4581595.912,2.19332681,41.38122144
429461.047,4583751.905,2.15501552,41.40036684
429461.047,4583751.905,2.15501552,41.40036684
427734.561,4583219.963,2.13442727,41.39542245
427734.561,4583219.963,2.13442727,41.39542245
427734.561,4583219.963,2.13442727,41.39542245
427111.789,4581724.603,2.12715844,41.38189811
427111.789,4581724.603,2.12715844,41.38189811
428733.702,4582602.299,2.14645055,41.38994859
427443.127,4581410.044,2.13115836,41.37909497
427443.127,4581410.044,2.13115836,41.37909497
427443.127,4581410.044,2.13115836,41.37909497
432911.21,4586154.254,2.19601943,41.42229958
432911.21,4586154.254,2.19601943,41.42229958
431760.649,4584487.117,2.18244008,41.40718725
431760.649,4584487.117,2.18244008,41.40718725
430452.149,4582422.954,2.16702361,41.38848379
430452.149,4582422.954,2.16702361,41.38848379
428182.574,4583783.664,2.13971897,41.40053964
428182.574,4583783.664,2.13971897,41.40053964
432199.598,4584886.534,2.18764651,41.41082184
432199.598,4584886.534,2.18764651,41.41082184
435017.204,4584731.197,2.22137268,41.40965563
435017.204,4584731.197,2.22137268,41.40965563
433372.349,4585277.855,2.20163399,41.4144445
433372.349,4585277.855,2.20163399,41.4144445
429167.057,4582119.305,2.15168993,41.38563673
429167.057,4582119.305,2.15168993,41.38563673
428048.122,4585089.395,2.13795537,41.41228781
428048.122,4585089.395,2.13795537,41.41228781
428048.122,4585089.395,2.13795537,41.41228781
427717.076,4584507.563,2.1340643,41.40701776
427717.076,4584507.563,2.1340643,41.40701776
430400.817,4581042.581,2.16656833,41.37604675
430400.817,4581042.581,2.16656833,41.37604675
429914.384,4583230.13,2.16049868,41.39570706
429914.384,4583230.13,2.16049868,41.39570706
426244.857,4583627.763,2.11655955,41.39896
426244.857,4583627.763,2.11655955,41.39896
430757.359,4579771.808,2.17097685,41.36463201
430757.359,4579771.808,2.17097685,41.36463201
431003.638,4583748.248,2.17346815,41.40046783
431003.638,4583748.248,2.17346815,41.40046783
429546.37,4582303.612,2.15620472,41.38733005
429546.37,4582303.612,2.15620472,41.38733005
429439.766,4586822.769,2.1544026,41.42802308
429439.766,4586822.769,2.1544026,41.42802308
429719.205,4582143.861,2.15829026,41.38590635
429719.205,4582143.861,2.15829026,41.38590635
432773.44,4582254.561,2.19480427,41.38716459
432773.44,4582254.561,2.19480427,41.38716459
430973.702,4583138.912,2.17317957,41.39497716
430973.702,4583138.912,2.17317957,41.39497716
431167.042,4583702.846,2.17542793,41.40007292
431167.042,4583702.846,2.17542793,41.40007292
431167.042,4583702.846,2.17542793,41.40007292
432744.629,4589215.288,2.19368526,41.44985539
432744.629,4589215.288,2.19368526,41.44985539
429028.693,4584584.136,2.14974617,41.40782437
429028.693,4584584.136,2.14974617,41.40782437
429028.693,4584584.136,2.14974617,41.40782437
432301.888,4582921.058,2.18909021,41.39312798
432301.888,4582921.058,2.18909021,41.39312798
427786.238,4575792.954,2.13593004,41.32853456
427786.238,4575792.954,2.13593004,41.32853456
428293.918,4585771.93,2.14081511,41.41845709
428293.918,4585771.93,2.14081511,41.41845709
428559.017,4584322.861,2.14415823,41.40542954
428559.017,4584322.861,2.14415823,41.40542954
432882.942,4587972.75,2.19547915,41.43867585
428597.521,4581073.295,2.14500213,41.3761653
428597.521,4581073.295,2.14500213,41.3761653
432509.943,4584438.014,2.19140947,41.40680828
431827.936,4583820.52,2.18332016,41.40118912
431827.936,4583820.52,2.18332016,41.40118912
429450.519,4581444.101,2.15515854,41.37958031
432184.759,4588513.776,2.18706189,41.44348998
432184.759,4588513.776,2.18706189,41.44348998
429445.102,4580699.514,2.15518047,41.37287357
429445.102,4580699.514,2.15518047,41.37287357
430165.975,4584227.549,2.16339283,41.40471237
430165.975,4584227.549,2.16339283,41.40471237
428785.166,4580755.164,2.14728325,41.37331664
428785.166,4580755.164,2.14728325,41.37331664
428751.07,4583525.13,2.14654964,41.39826173
428751.07,4583525.13,2.14654964,41.39826173
428751.07,4583525.13,2.14654964,41.39826173
427647.11,4580111.534,2.13375262,41.36741813
427647.11,4580111.534,2.13375262,41.36741813
429089.946,4580529.965,2.15095381,41.37131527
429089.946,4580529.965,2.15095381,41.37131527
431955.394,4587752.152,2.18440225,41.43661088
431955.394,4587752.152,2.18440225,41.43661088
431080.099,4587061.003,2.17400514,41.43031127
431080.099,4587061.003,2.17400514,41.43031127
431280.631,4585721.104,2.17655733,41.41826045
431280.631,4585721.104,2.17655733,41.41826045
430941.947,4587689.862,2.17227993,41.43596329
430941.947,4587689.862,2.17227993,41.43596329
430941.947,4587689.862,2.17227993,41.43596329
432118.05,4583103.425,2.18687095,41.394755
432118.05,4583103.425,2.18687095,41.394755
430415.74,4580920.582,2.16676078,41.37494922
430415.74,4580920.582,2.16676078,41.37494922
430696.791,4583995.828,2.16976933,41.4026713
430696.791,4583995.828,2.16976933,41.4026713
427394.621,4581507.579,2.13056665,41.37996904
427394.621,4581507.579,2.13056665,41.37996904
433354.296,4586578.528,2.20127458,41.42615779
431149.897,4581322.978,2.1754935,41.37863667
430203.954,4587142.95,2.16351056,41.43097363
431095.746,4582234.139,2.1747423,41.38683861
431095.746,4582234.139,2.1747423,41.38683861
428576.435,4584035.468,2.14440053,41.40284265
428576.435,4584035.468,2.14440053,41.40284265
431748.635,4584647.264,2.18227829,41.40862862
431748.635,4584647.264,2.18227829,41.40862862
431748.635,4584647.264,2.18227829,41.40862862
432561.165,4582286.965,2.19226196,41.38743866
432561.165,4582286.965,2.19226196,41.38743866
431158.793,4589077.573,2.174717,41.44848051
431158.793,4589077.573,2.174717,41.44848051
431158.793,4589077.573,2.174717,41.44848051
433499.338,4588462.36,2.20280283,41.44313693
433499.338,4588462.36,2.20280283,41.44313693
426652.613,4583032.517,2.12150903,41.39363619
426652.613,4583032.517,2.12150903,41.39363619
432287.212,4588285.293,2.18831385,41.44144077
432287.212,4588285.293,2.18831385,41.44144077
431373.137,4585218.563,2.17772122,41.41374214
431373.137,4585218.563,2.17772122,41.41374214
432810.826,4584519.806,2.19499987,41.40757018
432810.826,4584519.806,2.19499987,41.40757018
432810.826,4584519.806,2.19499987,41.40757018
431029.277,4580384.135,2.17415802,41.37017044
431029.277,4580384.135,2.17415802,41.37017044
431029.277,4580384.135,2.17415802,41.37017044
428408.372,4582110.786,2.14261778,41.3854928
428408.372,4582110.786,2.14261778,41.3854928
430594.162,4583143.181,2.16863945,41.39498292
430594.162,4583143.181,2.16863945,41.39498292
430594.162,4583143.181,2.16863945,41.39498292
433075.296,4583281.489,2.19830077,41.39643906
433075.296,4583281.489,2.19830077,41.39643906
429671.681,4585769.255,2.1573005,41.41855483
429671.681,4585769.255,2.1573005,41.41855483
425387.597,4581831.03,2.10652697,41.38269852
425387.597,4581831.03,2.10652697,41.38269852
430124.718,4582066.005,2.16314884,41.38524047
430124.718,4582066.005,2.16314884,41.38524047
427994.408,4583824.953,2.13746327,41.40089467
427994.408,4583824.953,2.13746327,41.40089467
431747.871,4584301.552,2.18230815,41.40551483
431747.871,4584301.552,2.18230815,41.40551483
430450.705,4582460.824,2.16700199,41.38882474
430450.705,4582460.824,2.16700199,41.38882474
429532.395,4581486.851,2.15613263,41.37997252
429532.395,4581486.851,2.15613263,41.37997252
431266.996,4583221.108,2.17667828,41.39574261
431266.996,4583221.108,2.17667828,41.39574261
429928.428,4580928.187,2.16093305,41.37497541
429456.874,4581990.396,2.1551709,41.38450117
429456.874,4581990.396,2.1551709,41.38450117
429456.874,4581990.396,2.1551709,41.38450117
434403.016,4584111.586,2.21409195,41.40402502
434403.016,4584111.586,2.21409195,41.40402502
434403.016,4584111.586,2.21409195,41.40402502
429737.738,4581724.845,2.15856052,41.38213403
429737.738,4581724.845,2.15856052,41.38213403
428561.306,4578352.423,2.14488975,41.35165607
432839.501,4589349.921,2.19480599,41.45107592
432815.198,4584663.899,2.19503617,41.40886835
432815.198,4584663.899,2.19503617,41.40886835
432815.198,4584663.899,2.19503617,41.40886835
432815.198,4584663.899,2.19503617,41.40886835
431357.406,4586967.113,2.17733444,41.42948939
431357.406,4586967.113,2.17733444,41.42948939
430798.026,4582553.369,2.17114527,41.38968825
430798.026,4582553.369,2.17114527,41.38968825
427092.141,4582471.601,2.12683354,41.38862424
427092.141,4582471.601,2.12683354,41.38862424
427092.141,4582471.601,2.12683354,41.38862424
428441.278,4586554.861,2.14248559,41.42552177
428441.278,4586554.861,2.14248559,41.42552177
431037.762,4580866.711,2.17420455,41.3745176
431037.762,4580866.711,2.17420455,41.3745176
431037.762,4580866.711,2.17420455,41.3745176
431037.762,4580866.711,2.17420455,41.3745176
429598.875,4582458.548,2.15681464,41.3887301
429598.875,4582458.548,2.15681464,41.3887301
431604.317,4585293.301,2.18047868,41.414435
431604.317,4585293.301,2.18047868,41.414435
429452.6,4582399.396,2.15507213,41.38818452
429452.6,4582399.396,2.15507213,41.38818452
429452.6,4582399.396,2.15507213,41.38818452
429110.348,4583387.012,2.15086329,41.39704952
429110.348,4583387.012,2.15086329,41.39704952
432195.067,4585098.834,2.1875685,41.41273358
432195.067,4585098.834,2.1875685,41.41273358
432195.067,4585098.834,2.1875685,41.41273358
431047.219,4580373.322,2.17437377,41.37007459
431047.219,4580373.322,2.17437377,41.37007459
431047.219,4580373.322,2.17437377,41.37007459
433092.709,4584796.525,2.1983415,41.41008604
433092.709,4584796.525,2.1983415,41.41008604
425455.191,4582265.476,2.10728182,41.38661765
425455.191,4582265.476,2.10728182,41.38661765
431167.042,4583702.846,2.17542793,41.40007292
431167.042,4583702.846,2.17542793,41.40007292
432548.161,4586307.901,2.19165806,41.42365302
432548.161,4586307.901,2.19165806,41.42365302
431441.679,4583354.531,2.17875255,41.39695923
431441.679,4583354.531,2.17875255,41.39695923
427991.773,4583985.304,2.13741266,41.40233865
427991.773,4583985.304,2.13741266,41.40233865
427991.773,4583985.304,2.13741266,41.40233865
428786.858,4587440.808,2.1465165,41.43353185
428786.858,4587440.808,2.1465165,41.43353185
428786.858,4587440.808,2.1465165,41.43353185
429281.984,4584202.233,2.15282097,41.40440704
429281.984,4584202.233,2.15282097,41.40440704
430726.767,4582609.86,2.17028656,41.39019091
431804.357,4581907.531,2.18325364,41.38395736
431804.357,4581907.531,2.18325364,41.38395736
431150.889,4588563.658,2.174681,41.4438512
431150.889,4588563.658,2.174681,41.4438512
428388.885,4586121.729,2.14190996,41.42161606
428388.885,4586121.729,2.14190996,41.42161606
430986.229,4587702.577,2.17280847,41.43608163
430986.229,4587702.577,2.17280847,41.43608163
432255.668,4581155.47,2.18873493,41.37722189
430641.066,4581501.29,2.16938856,41.38019896
430641.066,4581501.29,2.16938856,41.38019896
433616.673,4583048.365,2.20480186,41.39438426
433616.673,4583048.365,2.20480186,41.39438426
433616.673,4583048.365,2.20480186,41.39438426
433342.659,4583056.858,2.2015235,41.39443808
433342.659,4583056.858,2.2015235,41.39443808
433342.659,4583056.858,2.2015235,41.39443808
431084.235,4582562.991,2.17456721,41.3897995
429995.809,4585211.44,2.16124332,41.41355912
429995.809,4585211.44,2.16124332,41.41355912
432039.718,4586239.139,2.18558168,41.42299082
432039.718,4586239.139,2.18558168,41.42299082
432111.768,4586046.451,2.18646548,41.42126143
432111.768,4586046.451,2.18646548,41.42126143
432111.768,4586046.451,2.18646548,41.42126143
424683.788,4585883.916,2.09760609,41.41913525
429493.734,4587108.148,2.15501513,41.43059812
431830.178,4583734.579,2.18335667,41.40041526
431830.178,4583734.579,2.18335667,41.40041526
431830.178,4583734.579,2.18335667,41.40041526
428307.922,4578872.897,2.14179956,41.35632129
428231.165,4583477.797,2.14033648,41.39778916
428231.165,4583477.797,2.14033648,41.39778916
427914.789,4583080.944,2.1365995,41.39418655
427914.789,4583080.944,2.1365995,41.39418655
428271.893,4582620.376,2.14092526,41.39007033
428271.893,4582620.376,2.14092526,41.39007033
428271.893,4582620.376,2.14092526,41.39007033
428271.893,4582620.376,2.14092526,41.39007033
430696.791,4583995.828,2.16976933,41.4026713
430696.791,4583995.828,2.16976933,41.4026713
430403.064,4582955.169,2.16637539,41.39327304
430403.064,4582955.169,2.16637539,41.39327304
431547.343,4590582.245,2.17919751,41.46206576
431235.148,4583025.3,2.17631959,41.3939763
431235.148,4583025.3,2.17631959,41.3939763
431648.432,4583591.24,2.18119883,41.39910881
431648.432,4583591.24,2.18119883,41.39910881
431553.841,4583500.417,2.18007765,41.39828275
431553.841,4583500.417,2.18007765,41.39828275
432414.802,4585486.32,2.19015413,41.41624207
432414.802,4585486.32,2.19015413,41.41624207
432414.802,4585486.32,2.19015413,41.41624207
428788.527,4583510.567,2.14699939,41.39813389
428788.527,4583510.567,2.14699939,41.39813389
433292.467,4589076.697,2.20025875,41.44865288
433292.467,4589076.697,2.20025875,41.44865288
427446.421,4582176.033,2.13110599,41.38599423
427446.421,4582176.033,2.13110599,41.38599423
430241.914,4584748.67,2.16424116,41.40941253
430241.914,4584748.67,2.16424116,41.40941253
431632.619,4587818.172,2.18053163,41.43717807
429817.133,4582361.217,2.15943621,41.38787256
429817.133,4582361.217,2.15943621,41.38787256
431656.634,4581692.37,2.18151132,41.38200692
431656.634,4581692.37,2.18151132,41.38200692
433863.664,4588355.653,2.20717543,41.44220596
433863.664,4588355.653,2.20717543,41.44220596
429431.903,4580435.629,2.15505339,41.37049569
429431.903,4580435.629,2.15505339,41.37049569
431071.301,4585843.45,2.17403873,41.41934444
431071.301,4585843.45,2.17403873,41.41934444
432400.822,4588896.104,2.1896053,41.44695171
432400.822,4588896.104,2.1896053,41.44695171
432400.822,4588896.104,2.1896053,41.44695171
428699.713,4581199.499,2.14620922,41.37731105
428699.713,4581199.499,2.14620922,41.37731105
433778.049,4583138.995,2.20672214,41.39521386
432134.809,4584834.857,2.18687719,41.41035093
432134.809,4584834.857,2.18687719,41.41035093
432134.809,4584834.857,2.18687719,41.41035093
432134.809,4584834.857,2.18687719,41.41035093
432134.809,4584834.857,2.18687719,41.41035093
432134.809,4584834.857,2.18687719,41.41035093
429454.701,4586294.445,2.15464301,41.42326599
429454.701,4586294.445,2.15464301,41.42326599
432198.425,4589316.918,2.18713525,41.45072475
432198.425,4589316.918,2.18713525,41.45072475
430127.975,4583758.731,2.16299239,41.40048659
429270.14,4587461.066,2.15229798,41.43375703
428615.928,4586485.595,2.1445837,41.42491347
428615.928,4586485.595,2.1445837,41.42491347
428615.928,4586485.595,2.1445837,41.42491347
431390.791,4581188.908,2.17838927,41.37744973
428665.999,4584343.609,2.14543557,41.40562591
428585.976,4581366.457,2.14482952,41.37880469
428585.976,4581366.457,2.14482952,41.37880469
430760.226,4584886.627,2.17042619,41.4106999
430760.226,4584886.627,2.17042619,41.4106999
430760.226,4584886.627,2.17042619,41.4106999
430760.226,4584886.627,2.17042619,41.4106999
426111.679,4581655.5,2.11520726,41.38118445
426111.679,4581655.5,2.11520726,41.38118445
426111.679,4581655.5,2.11520726,41.38118445
433363.251,4582786.072,2.20179961,41.39200089
433363.251,4582786.072,2.20179961,41.39200089
431369.895,4584462.659,2.17776823,41.40693368
431369.895,4584462.659,2.17776823,41.40693368
430684.511,4582858.435,2.16975271,41.3924261
430684.511,4582858.435,2.16975271,41.3924261
430880.868,4583424.288,2.1720366,41.39753948
430880.868,4583424.288,2.1720366,41.39753948
430880.868,4583424.288,2.1720366,41.39753948
429347.934,4581549.1,2.15391957,41.38051699
429347.934,4581549.1,2.15391957,41.38051699
430311.625,4583242.671,2.16524862,41.39585455
430311.625,4583242.671,2.16524862,41.39585455
430311.625,4583242.671,2.16524862,41.39585455
428561.029,4580768.458,2.14460172,41.3734165
428702.205,4578343.152,2.14657498,41.35158506
428702.205,4578343.152,2.14657498,41.35158506
429332.833,4583132.798,2.15355415,41.3947795
429332.833,4583132.798,2.15355415,41.3947795
431750.671,4586337.217,2.18211186,41.42384966
430993.997,4584846.26,2.17322757,41.41035644
430993.997,4584846.26,2.17322757,41.41035644
430687.113,4583048.435,2.16976208,41.3941376
430410.296,4583715.96,2.16637439,41.40012586
430410.296,4583715.96,2.16637439,41.40012586
428666.701,4581674.198,2.14575857,41.38158357
428666.701,4581674.198,2.14575857,41.38158357
428666.701,4581674.198,2.14575857,41.38158357
427350.84,4585168.983,2.1296036,41.41294186
427350.84,4585168.983,2.1296036,41.41294186
432227.304,4581641.089,2.18834142,41.38159335
432227.304,4581641.089,2.18834142,41.38159335
430950.153,4580916.555,2.17315132,41.37495901
429180.71,4578306.438,2.15229875,41.35129663
429180.71,4578306.438,2.15229875,41.35129663
429886.425,4582706.798,2.16022489,41.39099114
429886.425,4582706.798,2.16022489,41.39099114
430555.566,4580766.219,2.1684504,41.37357101
430555.566,4580766.219,2.1684504,41.37357101
432116.198,4582922.608,2.18686909,41.39312628
432116.198,4582922.608,2.18686909,41.39312628
432320.84,4585583.279,2.18901904,41.41710744
432320.84,4585583.279,2.18901904,41.41710744
430311.08,4582286.328,2.1653522,41.38724102
430311.08,4582286.328,2.1653522,41.38724102
430311.08,4582286.328,2.1653522,41.38724102
427409.238,4580907.459,2.13081335,41.37456531
427409.238,4580907.459,2.13081335,41.37456531
429497.507,4583693.131,2.1554585,41.39984069
429497.507,4583693.131,2.1554585,41.39984069
428506.237,4586566.966,2.14326148,41.42563658
428506.237,4586566.966,2.14326148,41.42563658
430794.754,4582190.066,2.17114766,41.3864158
433333.93,4585018.079,2.20120297,41.41210158
433333.93,4585018.079,2.20120297,41.41210158
433333.93,4585018.079,2.20120297,41.41210158
431569.172,4584488.123,2.1801493,41.40718002
431569.172,4584488.123,2.1801493,41.40718002
431304.349,4584385.105,2.1769929,41.40622957
430445.166,4582976.361,2.16687651,41.39346755
430445.166,4582976.361,2.16687651,41.39346755
426647.543,4584456.466,2.12127577,41.40646062
426647.543,4584456.466,2.12127577,41.40646062
426647.543,4584456.466,2.12127577,41.40646062
428779.829,4581124.956,2.14717597,41.37664676
429106.161,4583595.496,2.15078877,41.39892689
429106.161,4583595.496,2.15078877,41.39892689
429106.161,4583595.496,2.15078877,41.39892689
429106.161,4583595.496,2.15078877,41.39892689
427869.956,4585406.474,2.13578598,41.41512763
427869.956,4585406.474,2.13578598,41.41512763
432218.556,4588908.54,2.1874221,41.44704833
432218.556,4588908.54,2.1874221,41.44704833
433314.713,4585878.556,2.20087814,41.41985006
433314.713,4585878.556,2.20087814,41.41985006
430155.92,4582713.394,2.1634473,41.39107401
430155.92,4582713.394,2.1634473,41.39107401
430155.92,4582713.394,2.1634473,41.39107401
425576.679,4582827.98,2.10866555,41.39169513
425576.679,4582827.98,2.10866555,41.39169513
425576.679,4582827.98,2.10866555,41.39169513
429034.935,4583090.283,2.14999606,41.39437033
429034.935,4583090.283,2.14999606,41.39437033
430501.218,4582244.706,2.16763091,41.38688261
431077.725,4588171.893,2.17384996,41.44031644
431077.725,4588171.893,2.17384996,41.44031644
428131.962,4586008.023,2.13884923,41.42056901
428131.962,4586008.023,2.13884923,41.42056901
431114.002,4583223.377,2.17484806,41.39574995
431114.002,4583223.377,2.17484806,41.39574995
432510.896,4583298.216,2.19154802,41.39654252
432510.896,4583298.216,2.19154802,41.39654252
433778.049,4583138.995,2.20672214,41.39521386
433778.049,4583138.995,2.20672214,41.39521386
430064.569,4582603.435,2.16236744,41.39007571
430064.569,4582603.435,2.16236744,41.39007571
425818.017,4582082.484,2.11164331,41.38500308
425818.017,4582082.484,2.11164331,41.38500308
428886.526,4587640.874,2.14768576,41.43534259
428886.526,4587640.874,2.14768576,41.43534259
433501.245,4586845.074,2.20300373,41.42857068
433501.245,4586845.074,2.20300373,41.42857068
429458.215,4586419.308,2.15467047,41.42439089
429458.215,4586419.308,2.15467047,41.42439089
432684.59,4588039.294,2.19309767,41.43925857
432684.59,4588039.294,2.19309767,41.43925857
433694.47,4588647.608,2.20511818,41.44482154
433694.47,4588647.608,2.20511818,41.44482154
433694.47,4588647.608,2.20511818,41.44482154
433694.47,4588647.608,2.20511818,41.44482154
433694.47,4588647.608,2.20511818,41.44482154
433694.47,4588647.608,2.20511818,41.44482154
426803.31,4582287.814,2.12340148,41.3869427
426803.31,4582287.814,2.12340148,41.3869427
430926.756,4586784.444,2.17220165,41.42780722
430926.756,4586784.444,2.17220165,41.42780722
429354.457,4581312.417,2.15402519,41.37838584
429354.457,4581312.417,2.15402519,41.37838584
434385.736,4583964.782,2.21390114,41.40270138
434385.736,4583964.782,2.21390114,41.40270138
434385.736,4583964.782,2.21390114,41.40270138
428545.118,4585124.635,2.14389723,41.41264956
428545.118,4585124.635,2.14389723,41.41264956
430411.157,4583904.052,2.16636306,41.40182002
430411.157,4583904.052,2.16636306,41.40182002
427335.747,4581467.317,2.12986747,41.37960111
427335.747,4581467.317,2.12986747,41.37960111
427174.444,4582544.762,2.12780905,41.38929063
427174.444,4582544.762,2.12780905,41.38929063
431776.777,4586310.567,2.18242726,41.42361185
432464.661,4581774.939,2.19116493,41.38281887
432464.661,4581774.939,2.19116493,41.38281887
431059.107,4583577.718,2.17415109,41.39893668
431059.107,4583577.718,2.17415109,41.39893668
431059.107,4583577.718,2.17415109,41.39893668
431059.107,4583577.718,2.17415109,41.39893668
431059.107,4583577.718,2.17415109,41.39893668
431059.107,4583577.718,2.17415109,41.39893668
431059.107,4583577.718,2.17415109,41.39893668
431059.107,4583577.718,2.17415109,41.39893668
431059.107,4583577.718,2.17415109,41.39893668
429038.617,4584142.723,2.14991668,41.4038496
429038.617,4584142.723,2.14991668,41.4038496
431584.894,4588795.144,2.17984974,41.44597323
431584.894,4588795.144,2.17984974,41.44597323
431584.894,4588795.144,2.17984974,41.44597323
428285.523,4583357.924,2.14100088,41.39671436
428285.523,4583357.924,2.14100088,41.39671436
428285.523,4583357.924,2.14100088,41.39671436
428285.523,4583357.924,2.14100088,41.39671436
431889.993,4587018.859,2.18370218,41.43000082
431889.993,4587018.859,2.18370218,41.43000082
428063.368,4584982.074,2.13815054,41.41132257
428063.368,4584982.074,2.13815054,41.41132257
433042.41,4582486.788,2.19799533,41.38927865
433042.41,4582486.788,2.19799533,41.38927865
429604.811,4584800.276,2.15661319,41.40982174
429604.811,4584800.276,2.15661319,41.40982174
432655.934,4585333.461,2.19305625,41.41488557
432655.934,4585333.461,2.19305625,41.41488557
428609.638,4583707.303,2.14483644,41.39988994
428609.638,4583707.303,2.14483644,41.39988994
428658.694,4580703.823,2.1457771,41.37284302
428658.694,4580703.823,2.1457771,41.37284302
425910.222,4583445.835,2.11257911,41.39729068
425910.222,4583445.835,2.11257911,41.39729068
425910.222,4583445.835,2.11257911,41.39729068
425910.222,4583445.835,2.11257911,41.39729068
431137.46,4584600.967,2.17497184,41.40815948
431137.46,4584600.967,2.17497184,41.40815948
431137.46,4584600.967,2.17497184,41.40815948
425389.208,4582352.535,2.10648198,41.38739563
425389.208,4582352.535,2.10648198,41.38739563
430061.486,4580949.341,2.1625216,41.37517752
430061.486,4580949.341,2.1625216,41.37517752
430061.486,4580949.341,2.1625216,41.37517752
428317.459,4587167.947,2.14093119,41.43103252
429834.07,4581818.313,2.15970168,41.38298427
429834.07,4581818.313,2.15970168,41.38298427
431277.266,4584186.433,2.17669147,41.40443788
431277.266,4584186.433,2.17669147,41.40443788
431277.266,4584186.433,2.17669147,41.40443788
429645.087,4582587.714,2.15735231,41.38989751
428491.717,4583690.658,2.14342786,41.39972954
428491.717,4583690.658,2.14342786,41.39972954
431653.309,4581582.41,2.18148397,41.38101626
431653.309,4581582.41,2.18148397,41.38101626
428974.327,4580977.977,2.14951889,41.37534017
428974.327,4580977.977,2.14951889,41.37534017
431740.056,4584265.345,2.18221875,41.40518806
431740.056,4584265.345,2.18221875,41.40518806
428100.864,4585361.877,2.13855397,41.41474666
428100.864,4585361.877,2.13855397,41.41474666
428100.864,4585361.877,2.13855397,41.41474666
429648.175,4580396.04,2.1576438,41.37015806
433926.408,4583434.563,2.2084644,41.39788819
433926.408,4583434.563,2.2084644,41.39788819
433926.408,4583434.563,2.2084644,41.39788819
428782.595,4581555.767,2.1471584,41.38052718
428782.595,4581555.767,2.1471584,41.38052718
429575.177,4586406.111,2.15607161,41.42428229
428173.369,4580228.731,2.14003052,41.36852084
428173.369,4580228.731,2.14003052,41.36852084
429241.328,4584658.673,2.15228123,41.40851445
429241.328,4584658.673,2.15228123,41.40851445
429726.631,4583851.841,2.15818077,41.4012902
429726.631,4583851.841,2.15818077,41.4012902
434442.194,4585456.07,2.21441486,41.41613767
432088.264,4582373.538,2.18659658,41.38817859
430070.461,4581019.033,2.16262086,41.375806
430070.461,4581019.033,2.16262086,41.375806
428780.373,4583910.188,2.14685482,41.40173239
428780.373,4583910.188,2.14685482,41.40173239
432263.613,4588823.287,2.18797102,41.4462843
432263.613,4588823.287,2.18797102,41.4462843
433555.493,4584133.747,2.20395091,41.40415498
433555.493,4584133.747,2.20395091,41.40415498
428775.137,4581196.231,2.14711149,41.37728829
428775.137,4581196.231,2.14711149,41.37728829
430121.355,4582099.833,2.16310473,41.38554485
426195.52,4581305.883,2.11625245,41.3780433
426195.52,4581305.883,2.11625245,41.3780433
430134.592,4583421.81,2.16311045,41.39745262
430134.592,4583421.81,2.16311045,41.39745262
429042.337,4583824.885,2.14999845,41.40098728
429042.337,4583824.885,2.14999845,41.40098728
430070.613,4580907.473,2.16263557,41.37480123
430070.613,4580907.473,2.16263557,41.37480123
430070.613,4580907.473,2.16263557,41.37480123
431430.719,4583228.874,2.17863569,41.39582654
431430.719,4583228.874,2.17863569,41.39582654
427589.144,4583859.337,2.13261145,41.40116794
427589.144,4583859.337,2.13261145,41.40116794
432751.35,4582465.56,2.19451665,41.38906315
432751.35,4582465.56,2.19451665,41.38906315
429450.519,4581444.101,2.15515854,41.37958031
429450.519,4581444.101,2.15515854,41.37958031
430786.398,4583330.195,2.17091737,41.39668388
430786.398,4583330.195,2.17091737,41.39668388
431517.49,4588439.768,2.17908321,41.44276674
429886.053,4584414.404,2.16002258,41.40637093
429886.053,4584414.404,2.16002258,41.40637093
433412.695,4589022.727,2.20170392,41.44817678
433412.695,4589022.727,2.20170392,41.44817678
429688.3,4586615.305,2.15740091,41.42617634
429688.3,4586615.305,2.15740091,41.42617634
429442.374,4583388.339,2.15483455,41.39709069
429442.374,4583388.339,2.15483455,41.39709069
429442.374,4583388.339,2.15483455,41.39709069
429680.365,4584850.879,2.15751121,41.41028413
429680.365,4584850.879,2.15751121,41.41028413
429680.365,4584850.879,2.15751121,41.41028413
426181.325,4582307.22,2.11596066,41.38706062
426181.325,4582307.22,2.11596066,41.38706062
427423.713,4581394.17,2.13092812,41.37895024
427423.713,4581394.17,2.13092812,41.37895024
430942.148,4587575.046,2.17229547,41.43492921
430942.148,4587575.046,2.17229547,41.43492921
430942.148,4587575.046,2.17229547,41.43492921
431465.748,4583017.275,2.17907864,41.39392372
431465.748,4583017.275,2.17907864,41.39392372
431465.748,4583017.275,2.17907864,41.39392372
430857.356,4582284.743,2.17188553,41.38727392
430857.356,4582284.743,2.17188553,41.38727392
426097.089,4583334.484,2.11482785,41.396305
426097.089,4583334.484,2.11482785,41.396305
431369.711,4583900.935,2.17782974,41.40187439
431369.711,4583900.935,2.17782974,41.40187439
431369.711,4583900.935,2.17782974,41.40187439
425522.17,4582629.292,2.10803807,41.38990058
425522.17,4582629.292,2.10803807,41.38990058
425522.17,4582629.292,2.10803807,41.38990058
428505.87,4582846.363,2.1436969,41.39212655
428505.87,4582846.363,2.1436969,41.39212655
431465.38,4581159.779,2.17928448,41.37719374
431465.38,4581159.779,2.17928448,41.37719374
431465.38,4581159.779,2.17928448,41.37719374
431465.38,4581159.779,2.17928448,41.37719374
431465.38,4581159.779,2.17928448,41.37719374
431465.38,4581159.779,2.17928448,41.37719374
428729.77,4581488.913,2.14653457,41.37992036
428729.77,4581488.913,2.14653457,41.37992036
430512.995,4583268.251,2.16765427,41.39610237
429470.571,4582750.002,2.15524621,41.39134388
429470.571,4582750.002,2.15524621,41.39134388
427162.076,4580561.302,2.12789965,41.37142526
427162.076,4580561.302,2.12789965,41.37142526
432141.028,4585382.64,2.18689012,41.41528517
429002.185,4583024.82,2.14961202,41.39377784
429002.185,4583024.82,2.14961202,41.39377784
429002.185,4583024.82,2.14961202,41.39377784
428123.285,4583212.447,2.13907762,41.39538961
428123.285,4583212.447,2.13907762,41.39538961
428123.285,4583212.447,2.13907762,41.39538961
430061.219,4582806.771,2.16230389,41.39190679
430061.219,4582806.771,2.16230389,41.39190679
429531.84,4587130.298,2.15546857,41.43080096
427191.097,4581776.766,2.12810056,41.38237511
427191.097,4581776.766,2.12810056,41.38237511
430557.688,4582525.424,2.16827407,41.38941583
430557.688,4582525.424,2.16827407,41.38941583
432216.436,4589082.22,2.18737722,41.44861243
432216.436,4589082.22,2.18737722,41.44861243
432216.436,4589082.22,2.18737722,41.44861243
426691.703,4582708.104,2.12201585,41.39071791
426691.703,4582708.104,2.12201585,41.39071791
431898.623,4586656.574,2.18384629,41.42673857
431898.623,4586656.574,2.18384629,41.42673857
429487.251,4582044.977,2.15552781,41.38499542
429487.251,4582044.977,2.15552781,41.38499542
429487.251,4582044.977,2.15552781,41.38499542
430097.196,4583030.096,2.16270839,41.39392134
430097.196,4583030.096,2.16270839,41.39392134
430097.196,4583030.096,2.16270839,41.39392134
427544.3,4580671.69,2.13245648,41.37245401
427544.3,4580671.69,2.13245648,41.37245401
427544.3,4580671.69,2.13245648,41.37245401
427544.3,4580671.69,2.13245648,41.37245401
432400.822,4588896.104,2.1896053,41.44695171
432400.822,4588896.104,2.1896053,41.44695171
431275.63,4588731.92,2.17615498,41.44537737
431275.63,4588731.92,2.17615498,41.44537737
426219.183,4581281.604,2.11653835,41.3778268
426219.183,4581281.604,2.11653835,41.3778268
431697.957,4583507.945,2.18180064,41.39836281
431697.957,4583507.945,2.18180064,41.39836281
431697.957,4583507.945,2.18180064,41.39836281
431806.241,4588046.08,2.18258392,41.43924553
431806.241,4588046.08,2.18258392,41.43924553
430121.355,4582099.833,2.16310473,41.38554485
430121.355,4582099.833,2.16310473,41.38554485
430121.355,4582099.833,2.16310473,41.38554485
430243.083,4585019.395,2.16422392,41.41185095
430243.083,4585019.395,2.16422392,41.41185095
427583.384,4582648.238,2.13268747,41.39025954
427583.384,4582648.238,2.13268747,41.39025954
427583.384,4582648.238,2.13268747,41.39025954
432021.733,4588978.606,2.18505815,41.44766274
432021.733,4588978.606,2.18505815,41.44766274
429514.505,4581976.79,2.15586168,41.38438368
429514.505,4581976.79,2.15586168,41.38438368
432757.168,4583179.063,2.19450696,41.39548998
430696.791,4583995.828,2.16976933,41.4026713
430696.791,4583995.828,2.16976933,41.4026713
431463.856,4583995.646,2.17894519,41.40273545
431463.856,4583995.646,2.17894519,41.40273545
427200.43,4577361.602,2.12874236,41.34261015
427200.43,4577361.602,2.12874236,41.34261015
427200.43,4577361.602,2.12874236,41.34261015
427851.576,4580958.096,2.13609636,41.37506118
427851.576,4580958.096,2.13609636,41.37506118
431236.576,4587986.715,2.17577236,41.43866224
431648.432,4583591.24,2.18119883,41.39910881
431648.432,4583591.24,2.18119883,41.39910881
428979.624,4582309.394,2.14942611,41.38733226
428979.624,4582309.394,2.14942611,41.38733226
428677.38,4587217.829,2.14523261,41.43151385
428677.38,4587217.829,2.14523261,41.43151385
429633.524,4579990.379,2.15751573,41.36650312
429633.524,4579990.379,2.15751573,41.36650312
429586.389,4583215.617,2.15657724,41.39554767
429586.389,4583215.617,2.15657724,41.39554767
429586.389,4583215.617,2.15657724,41.39554767
429586.389,4583215.617,2.15657724,41.39554767
429586.389,4583215.617,2.15657724,41.39554767
429586.389,4583215.617,2.15657724,41.39554767
429586.389,4583215.617,2.15657724,41.39554767
429586.389,4583215.617,2.15657724,41.39554767
429586.389,4583215.617,2.15657724,41.39554767
429586.389,4583215.617,2.15657724,41.39554767
432504.379,4585011.175,2.19127893,41.41197011
432504.379,4585011.175,2.19127893,41.41197011
432504.379,4585011.175,2.19127893,41.41197011
432901.433,4584611.258,2.19607368,41.40840144
432901.433,4584611.258,2.19607368,41.40840144
431358.303,4582241.676,2.17788147,41.38692895
431358.303,4582241.676,2.17788147,41.38692895
432141.028,4585382.64,2.18689012,41.41528517
432141.028,4585382.64,2.18689012,41.41528517
428060.227,4585300.073,2.13807513,41.41418638
428060.227,4585300.073,2.13807513,41.41418638
428060.227,4585300.073,2.13807513,41.41418638
427961.376,4579479.026,2.13758505,41.36174955
430155.92,4582713.394,2.1634473,41.39107401
430155.92,4582713.394,2.1634473,41.39107401
429447.805,4582020.166,2.15505897,41.3847685
429447.805,4582020.166,2.15505897,41.3847685
431553.841,4583500.417,2.18007765,41.39828275
431553.841,4583500.417,2.18007765,41.39828275
431553.841,4583500.417,2.18007765,41.39828275
432759.647,4584930.213,2.19434197,41.41126232
432759.647,4584930.213,2.19434197,41.41126232
432504.379,4585011.175,2.19127893,41.41197011
432504.379,4585011.175,2.19127893,41.41197011
426062.63,4583917.332,2.11434447,41.40155128
426062.63,4583917.332,2.11434447,41.40155128
426194.65,4584068.94,2.11590519,41.40292887
426194.65,4584068.94,2.11590519,41.40292887
426194.65,4584068.94,2.11590519,41.40292887
426194.65,4584068.94,2.11590519,41.40292887
427723.224,4584051.102,2.13419239,41.40290717
427723.224,4584051.102,2.13419239,41.40290717
427723.224,4584051.102,2.13419239,41.40290717
428769.294,4587397.76,2.14631138,41.43314257
428769.294,4587397.76,2.14631138,41.43314257
427062.481,4583021.164,2.12641261,41.39357124
427062.481,4583021.164,2.12641261,41.39357124
427143.16,4584946.468,2.12714572,41.41091895
427143.16,4584946.468,2.12714572,41.41091895
427655.063,4583522.624,2.13344023,41.39814124
427655.063,4583522.624,2.13344023,41.39814124
425818.017,4582082.484,2.11164331,41.38500308
425818.017,4582082.484,2.11164331,41.38500308
425818.017,4582082.484,2.11164331,41.38500308
427095.623,4582115.61,2.12691805,41.38541829
427095.623,4582115.61,2.12691805,41.38541829
427804.298,4585354.742,2.1350066,41.41465579
427804.298,4585354.742,2.1350066,41.41465579
433168.276,4583185.319,2.19942355,41.39558062
433168.276,4583185.319,2.19942355,41.39558062
433168.276,4583185.319,2.19942355,41.39558062
433168.276,4583185.319,2.19942355,41.39558062
429207.415,4581679.153,2.15222403,41.38167598
429207.415,4581679.153,2.15222403,41.38167598
433942.826,4585841.274,2.20839791,41.41956618
433942.826,4585841.274,2.20839791,41.41956618
430283.02,4582781.665,2.16495958,41.39169994
430283.02,4582781.665,2.16495958,41.39169994
431164.612,4583326.2,2.17544171,41.39668038
431164.612,4583326.2,2.17544171,41.39668038
431213.914,4580892.215,2.17630792,41.37476239
431213.914,4580892.215,2.17630792,41.37476239
432301.888,4582921.058,2.18909021,41.39312798
432301.888,4582921.058,2.18909021,41.39312798
431320.519,4580791.563,2.17759403,41.37386495
431320.519,4580791.563,2.17759403,41.37386495
431320.519,4580791.563,2.17759403,41.37386495
430390.311,4583117.556,2.16620418,41.3947345
430390.311,4583117.556,2.16620418,41.3947345
428384.01,4582806.7,2.14224411,41.39175848
428384.01,4582806.7,2.14224411,41.39175848
428384.01,4582806.7,2.14224411,41.39175848
428505.856,4580746.832,2.14394459,41.37321682
428505.856,4580746.832,2.14394459,41.37321682
428505.856,4580746.832,2.14394459,41.37321682
431646.12,4585862.16,2.18091452,41.41956209
430887.361,4583990.913,2.17204954,41.40264345
430887.361,4583990.913,2.17204954,41.40264345
429260.059,4581256.398,2.15290294,41.377873
429260.059,4581256.398,2.15290294,41.377873
430187.727,4582930.627,2.16380267,41.39303332
430187.727,4582930.627,2.16380267,41.39303332
428446.559,4583562.463,2.14290286,41.39857091
428446.559,4583562.463,2.14290286,41.39857091
427385.321,4580465.141,2.13058038,41.37057936
427385.321,4580465.141,2.13058038,41.37057936
433841.609,4584220.492,2.20736414,41.40495988
433841.609,4584220.492,2.20736414,41.40495988
430197.259,4582210.358,2.16399973,41.38654691
430197.259,4582210.358,2.16399973,41.38654691
429737.738,4581724.845,2.15856052,41.38213403
429737.738,4581724.845,2.15856052,41.38213403
426093.666,4582151.838,2.11493129,41.3856531
426093.666,4582151.838,2.11493129,41.3856531
430371.106,4579299.566,2.16641333,41.36034532
430371.106,4579299.566,2.16641333,41.36034532
430371.106,4579299.566,2.16641333,41.36034532
430371.106,4579299.566,2.16641333,41.36034532
428300.112,4582870.526,2.14123312,41.39232585
428300.112,4582870.526,2.14123312,41.39232585
429046.131,4582923.994,2.15014945,41.39287362
429046.131,4582923.994,2.15014945,41.39287362
427599.641,4583509.259,2.1327789,41.39801588
427599.641,4583509.259,2.1327789,41.39801588
427583.384,4582648.238,2.13268747,41.39025954
427583.384,4582648.238,2.13268747,41.39025954
429780.435,4582081.644,2.15902974,41.38535133
429780.435,4582081.644,2.15902974,41.38535133
430411.157,4583904.052,2.16636306,41.40182002
430411.157,4583904.052,2.16636306,41.40182002
431274.055,4584558.517,2.17661079,41.40778884
431274.055,4584558.517,2.17661079,41.40778884
432764.085,4585237.958,2.19436086,41.41403446
432764.085,4585237.958,2.19436086,41.41403446
428440.032,4582350.835,2.14296803,41.38765766
428440.032,4582350.835,2.14296803,41.38765766
427603.242,4585335.3,2.13260342,41.4144626
427603.242,4585335.3,2.13260342,41.4144626
429647.394,4582775.175,2.15735811,41.3915861
429647.394,4582775.175,2.15735811,41.3915861
430594.162,4583143.181,2.16863945,41.39498292
430594.162,4583143.181,2.16863945,41.39498292
431509.915,4583861.438,2.17951136,41.40153061
431509.915,4583861.438,2.17951136,41.40153061
431302.276,4580803.952,2.17737449,41.37397498
431302.276,4580803.952,2.17737449,41.37397498
433723.918,4585600.717,2.20580495,41.41738151
433723.918,4585600.717,2.20580495,41.41738151
431867.003,4581697.475,2.18402644,41.38207075
431867.003,4581697.475,2.18402644,41.38207075
430121.863,4583246.633,2.16297842,41.39587376
430121.863,4583246.633,2.16297842,41.39587376
428268.894,4586082,2.1404789,41.42124753
428268.894,4586082,2.1404789,41.42124753
433331.928,4582763.201,2.20142749,41.39179229
433331.928,4582763.201,2.20142749,41.39179229
433331.928,4582763.201,2.20142749,41.39179229
433331.928,4582763.201,2.20142749,41.39179229
433331.928,4582763.201,2.20142749,41.39179229
428976.276,4584385.994,2.14914236,41.40603515
428976.276,4584385.994,2.14914236,41.40603515
429623.98,4587069.677,2.15657831,41.43026305
429623.98,4587069.677,2.15657831,41.43026305
429623.98,4587069.677,2.15657831,41.43026305
431743.794,4584455.08,2.18224206,41.40689727
431743.794,4584455.08,2.18224206,41.40689727
431743.794,4584455.08,2.18224206,41.40689727
432980.546,4583188.242,2.19717777,41.39559131
426338.796,4584206.768,2.1176127,41.40418345
426338.796,4584206.768,2.1176127,41.40418345
427896.786,4581101.316,2.1366199,41.37635517
427896.786,4581101.316,2.1366199,41.37635517
434385.736,4583964.782,2.21390114,41.40270138
430756.972,4581938.664,2.17072456,41.38414824
430756.972,4581938.664,2.17072456,41.38414824
432322.986,4583483.094,2.18927972,41.39819186
432322.986,4583483.094,2.18927972,41.39819186
430543.616,4580942.83,2.16828728,41.37516066
430543.616,4580942.83,2.16828728,41.37516066
430543.616,4580942.83,2.16828728,41.37516066
429393.426,4582076.681,2.15440206,41.38527274
429393.426,4582076.681,2.15440206,41.38527274
433767.286,4588494.32,2.20600661,41.44344694
431836.573,4582831.913,2.18353483,41.39228575
428041.496,4579046.347,2.13859421,41.35785972
428041.496,4579046.347,2.13859421,41.35785972
426498.51,4582192.316,2.1197679,41.38605478
426498.51,4582192.316,2.1197679,41.38605478
425929.873,4583115.398,2.11285461,41.3943164
425929.873,4583115.398,2.11285461,41.3943164
425462.153,4582543.105,2.1073309,41.38911877
425462.153,4582543.105,2.1073309,41.38911877
430831.561,4588527.524,2.17086285,41.44349829
430025.093,4581048.897,2.16207494,41.37607102
430025.093,4581048.897,2.16207494,41.37607102
430025.093,4581048.897,2.16207494,41.37607102
430025.093,4581048.897,2.16207494,41.37607102
430025.093,4581048.897,2.16207494,41.37607102
430025.093,4581048.897,2.16207494,41.37607102
430025.093,4581048.897,2.16207494,41.37607102
430684.511,4582858.435,2.16975271,41.3924261
430684.511,4582858.435,2.16975271,41.3924261
428670.26,4579620.551,2.14604289,41.36308737
428670.26,4579620.551,2.14604289,41.36308737
428670.26,4579620.551,2.14604289,41.36308737
427924.879,4578972.423,2.13720897,41.35718348
427924.879,4578972.423,2.13720897,41.35718348
428608.619,4577923.343,2.14550577,41.34779567
428608.619,4577923.343,2.14550577,41.34779567
429946.713,4580909.08,2.16115388,41.37480492
429946.713,4580909.08,2.16115388,41.37480492
429451.214,4582209.993,2.15507763,41.38647851
429451.214,4582209.993,2.15507763,41.38647851
428536.679,4582972.75,2.14405046,41.39326761
428536.679,4582972.75,2.14405046,41.39326761
428856.772,4580938.007,2.14811797,41.37496978
428856.772,4580938.007,2.14811797,41.37496978
430250.789,4582109.109,2.16465157,41.38563964
430250.789,4582109.109,2.16465157,41.38563964
425446.433,4582439.412,2.10715566,41.3881834
425446.433,4582439.412,2.10715566,41.3881834
430196.699,4585430.792,2.16362149,41.41555223
430196.699,4585430.792,2.16362149,41.41555223
431090.631,4587238.193,2.17411096,41.43190805
431090.631,4587238.193,2.17411096,41.43190805
433501.245,4586845.074,2.20300373,41.42857068
433501.245,4586845.074,2.20300373,41.42857068
429790.861,4581812.21,2.15918567,41.38292553
430187.727,4582930.627,2.16380267,41.39303332
430187.727,4582930.627,2.16380267,41.39303332
429853.637,4580183.47,2.16012497,41.36826145
429853.637,4580183.47,2.16012497,41.36826145
427544.3,4580671.69,2.13245648,41.37245401
427544.3,4580671.69,2.13245648,41.37245401
427381.028,4581010.596,2.13046368,41.37549168
427381.028,4581010.596,2.13046368,41.37549168
427381.028,4581010.596,2.13046368,41.37549168
433340.439,4582687.959,2.20153757,41.39111531
431553.841,4583500.417,2.18007765,41.39828275
431553.841,4583500.417,2.18007765,41.39828275
428279.908,4582772.805,2.14100305,41.39144391
428279.908,4582772.805,2.14100305,41.39144391
431099.042,4583811.275,2.17460218,41.40104368
431099.042,4583811.275,2.17460218,41.40104368
431442.728,4587357.138,2.17831124,41.4330095
431442.728,4587357.138,2.17831124,41.4330095
431442.728,4587357.138,2.17831124,41.4330095
429513.961,4582145.905,2.15583549,41.38590679
429513.961,4582145.905,2.15583549,41.38590679
428836.095,4584836.302,2.14741241,41.41007849
428466.15,4577622.191,2.14383847,41.34507064
428466.15,4577622.191,2.14383847,41.34507064
432107.552,4586400.862,2.18637521,41.42445315
432107.552,4586400.862,2.18637521,41.42445315
432107.552,4586400.862,2.18637521,41.42445315
430321.689,4584187.342,2.16526021,41.40436376
430321.689,4584187.342,2.16526021,41.40436376
430109.983,4582647.639,2.16290549,41.39047778
430109.983,4582647.639,2.16290549,41.39047778
430880.868,4583424.288,2.1720366,41.39753948
430880.868,4583424.288,2.1720366,41.39753948
430880.868,4583424.288,2.1720366,41.39753948
430880.868,4583424.288,2.1720366,41.39753948
429984.207,4580020.839,2.16170484,41.36680805
429984.207,4580020.839,2.16170484,41.36680805
429984.207,4580020.839,2.16170484,41.36680805
425562.495,4581974.25,2.10860088,41.38400465
425562.495,4581974.25,2.10860088,41.38400465
434644.151,4584350.365,2.21695076,41.40619531
434644.151,4584350.365,2.21695076,41.40619531
434644.151,4584350.365,2.21695076,41.40619531
429604.468,4580955.487,2.15705623,41.37519301
429604.468,4580955.487,2.15705623,41.37519301
430134.592,4583421.81,2.16311045,41.39745262
430134.592,4583421.81,2.16311045,41.39745262
433206.596,4588676.26,2.19927511,41.44503913
433206.596,4588676.26,2.19927511,41.44503913
427350.84,4585168.983,2.1296036,41.41294186
427350.84,4585168.983,2.1296036,41.41294186
427350.84,4585168.983,2.1296036,41.41294186
427350.84,4585168.983,2.1296036,41.41294186
427350.84,4585168.983,2.1296036,41.41294186
431998.914,4585133.191,2.18521783,41.41302644
431998.914,4585133.191,2.18521783,41.41302644
430228.01,4584092.678,2.16415049,41.40350303
430228.01,4584092.678,2.16415049,41.40350303
430337.722,4588274.45,2.16498092,41.44117623
430337.722,4588274.45,2.16498092,41.44117623
430337.722,4588274.45,2.16498092,41.44117623
430105.038,4584356.903,2.16264892,41.40587212
430105.038,4584356.903,2.16264892,41.40587212
428244.322,4580587.914,2.1408363,41.37176221
428244.322,4580587.914,2.1408363,41.37176221
428625.521,4578279.092,2.14566592,41.3510013
428625.521,4578279.092,2.14566592,41.3510013
428625.521,4578279.092,2.14566592,41.3510013
430603.222,4584092.489,2.16863895,41.40353382
430603.222,4584092.489,2.16863895,41.40353382
433242.654,4588428.796,2.1997341,41.44281331
433242.654,4588428.796,2.1997341,41.44281331
433242.654,4588428.796,2.1997341,41.44281331
430540.211,4584387.379,2.16785133,41.40618435
430540.211,4584387.379,2.16785133,41.40618435
433050.877,4584474.565,2.19787666,41.40718275
433050.877,4584474.565,2.19787666,41.40718275
427772.149,4583752.037,2.13481335,41.40021801
427772.149,4583752.037,2.13481335,41.40021801
427772.149,4583752.037,2.13481335,41.40021801
427772.149,4583752.037,2.13481335,41.40021801
427772.149,4583752.037,2.13481335,41.40021801
430686.858,4580920.057,2.17000266,41.37496791
430686.858,4580920.057,2.17000266,41.37496791
430566.442,4587902.711,2.16776127,41.43784794
430566.442,4587902.711,2.16776127,41.43784794
432427.471,4584120.463,2.19045833,41.40394126
431785.119,4582580.697,2.18294773,41.39001875
431785.119,4582580.697,2.18294773,41.39001875
427954.947,4582701.104,2.13712502,41.39076907
427954.947,4582701.104,2.13712502,41.39076907
427768.318,4579740.736,2.13524593,41.36408938
427768.318,4579740.736,2.13524593,41.36408938
427768.318,4579740.736,2.13524593,41.36408938
430124.718,4582066.005,2.16314884,41.38524047
430124.718,4582066.005,2.16314884,41.38524047
428751.264,4581354.981,2.14680735,41.37871599
428751.264,4581354.981,2.14680735,41.37871599
431428.852,4583342.062,2.17860053,41.39684583
431428.852,4583342.062,2.17860053,41.39684583
430643.759,4586736.326,2.16882059,41.42734944
430643.759,4586736.326,2.16882059,41.42734944
428544.529,4579173.071,2.14459252,41.35904591
428544.529,4579173.071,2.14459252,41.35904591
432640.3,4581561.039,2.19328913,41.38090705
432640.3,4581561.039,2.19328913,41.38090705
428198.703,4585892.995,2.13966148,41.41953897
428198.703,4585892.995,2.13966148,41.41953897
428950.154,4584365.449,2.14883228,41.40584779
428950.154,4584365.449,2.14883228,41.40584779
431553.841,4583500.417,2.18007765,41.39828275
431553.841,4583500.417,2.18007765,41.39828275
429421.248,4583913.095,2.15452065,41.40181513
429421.248,4583913.095,2.15452065,41.40181513
429546.37,4582303.612,2.15620472,41.38733005
429546.37,4582303.612,2.15620472,41.38733005
430311.08,4582286.328,2.1653522,41.38724102
430311.08,4582286.328,2.1653522,41.38724102
428885.894,4582593.132,2.14827183,41.38987951
428885.894,4582593.132,2.14827183,41.38987951
428885.894,4582593.132,2.14827183,41.38987951
430912.294,4582407.37,2.17252856,41.38838311
430912.294,4582407.37,2.17252856,41.38838311
428426.742,4581528.367,2.1429063,41.38024879
428426.742,4581528.367,2.1429063,41.38024879
428426.742,4581528.367,2.1429063,41.38024879
429364.838,4584699.097,2.15375409,41.4088894
429364.838,4584699.097,2.15375409,41.4088894
431945.851,4586831.442,2.18439176,41.42831755
431945.851,4586831.442,2.18439176,41.42831755
431336.76,4584073.843,2.17741597,41.4034289
429634.752,4586009.63,2.15683066,41.42071657
433232.321,4585817.834,2.19989899,41.41929631
433232.321,4585817.834,2.19989899,41.41929631
434244.403,4584192.443,2.21218572,41.40474032
434244.403,4584192.443,2.21218572,41.40474032
431878.391,4584774.925,2.18381623,41.40978943
431878.391,4584774.925,2.18381623,41.40978943
433443.302,4582903.439,2.20274414,41.39306461
433443.302,4582903.439,2.20274414,41.39306461
432379.403,4584732.603,2.18981487,41.40945058
432379.403,4584732.603,2.18981487,41.40945058
430606.886,4584279.651,2.16866131,41.40521984
430606.886,4584279.651,2.16866131,41.40521984
430606.886,4584279.651,2.16866131,41.40521984
428594.438,4580056.207,2.14508512,41.36700446
428594.438,4580056.207,2.14508512,41.36700446
430410.296,4583715.96,2.16637439,41.40012586
430410.296,4583715.96,2.16637439,41.40012586
430410.296,4583715.96,2.16637439,41.40012586
428946.592,4580996.251,2.14918513,41.37550231
428946.592,4580996.251,2.14918513,41.37550231
432184.109,4584725.856,2.18747922,41.40937336
432184.109,4584725.856,2.18747922,41.40937336
429175.758,4583066.918,2.15168313,41.39417231
429175.758,4583066.918,2.15168313,41.39417231
431254.986,4585086.979,2.17632259,41.41254689
431254.986,4585086.979,2.17632259,41.41254689
428319.237,4577762.544,2.14206604,41.34632169
428319.237,4577762.544,2.14206604,41.34632169
432697,4588930.461,2.19314686,41.44728605
432697,4588930.461,2.19314686,41.44728605
428173.522,4583322.658,2.13966542,41.39638673
428173.522,4583322.658,2.13966542,41.39638673
427714.854,4583654.888,2.13413961,41.39933787
427714.854,4583654.888,2.13413961,41.39933787
427714.854,4583654.888,2.13413961,41.39933787
431738.701,4588851.801,2.18168443,41.44649662
430641.861,4579587.946,2.16961707,41.36296607
430641.861,4579587.946,2.16961707,41.36296607
425886.715,4583460.905,2.1122961,41.39742424
425886.715,4583460.905,2.1122961,41.39742424
431724.231,4588823.719,2.1815144,41.44624247
431724.231,4588823.719,2.1815144,41.44624247
431724.231,4588823.719,2.1815144,41.44624247
428523.771,4586830.802,2.14344009,41.4280144
428523.771,4586830.802,2.14344009,41.4280144
428356.018,4580965.043,2.1421272,41.37516884
428356.018,4580965.043,2.1421272,41.37516884
428880.88,4582025.854,2.14827849,41.38476979
428880.88,4582025.854,2.14827849,41.38476979
429023.588,4584388.831,2.14970801,41.40606487
429023.588,4584388.831,2.14970801,41.40606487
431805.988,4582306.491,2.18322821,41.38755082
431805.988,4582306.491,2.18322821,41.38755082
432409.567,4585297.33,2.19011262,41.41453945
432409.567,4585297.33,2.19011262,41.41453945
431950.934,4586153.398,2.18452894,41.42221106
431950.934,4586153.398,2.18452894,41.42221106
427301.518,4581892.371,2.12940714,41.3834263
429328.122,4581515.269,2.15368661,41.38021055
429328.122,4581515.269,2.15368661,41.38021055
431720.193,4588848.82,2.18146322,41.4464682
431720.193,4588848.82,2.18146322,41.4464682
432508.776,4585577.91,2.19126829,41.4170749
432508.776,4585577.91,2.19126829,41.4170749
433228.798,4588017.952,2.19961367,41.43911181
433228.798,4588017.952,2.19961367,41.43911181
429507.187,4581564.136,2.1558222,41.38066639
429507.187,4581564.136,2.1558222,41.38066639
429768.536,4586546.081,2.15836911,41.42555989
429768.536,4586546.081,2.15836911,41.42555989
429910.358,4588113.372,2.15988436,41.43968825
431093.989,4583161.215,2.17461576,41.39518836
431093.989,4583161.215,2.17461576,41.39518836
427427.088,4580938.266,2.1310231,41.37484439
431200.107,4587341.4,2.17540938,41.43284699
431200.107,4587341.4,2.17540938,41.43284699
429910.358,4588113.372,2.15988436,41.43968825
429910.358,4588113.372,2.15988436,41.43968825
427350.84,4585168.983,2.1296036,41.41294186
427350.84,4585168.983,2.1296036,41.41294186
429004.304,4585975.027,2.14929108,41.42034942
429004.304,4585975.027,2.14929108,41.42034942
431149.883,4585576.409,2.1750094,41.41694603
431149.883,4585576.409,2.1750094,41.41694603
432001.247,4588873.702,2.18482474,41.44671617
432001.247,4588873.702,2.18482474,41.44671617
429037.841,4584358.303,2.1498821,41.40579118
429037.841,4584358.303,2.1498821,41.40579118
429037.841,4584358.303,2.1498821,41.40579118
432928.555,4582665.263,2.19661386,41.39087663
432928.555,4582665.263,2.19661386,41.39087663
429136.539,4584813.993,2.15100941,41.40990412
429136.539,4584813.993,2.15100941,41.40990412
430121.355,4582099.833,2.16310473,41.38554485
430121.355,4582099.833,2.16310473,41.38554485
429142.953,4582831.405,2.15131833,41.39204824
429142.953,4582831.405,2.15131833,41.39204824
429809.144,4583287.657,2.15923324,41.396216
429809.144,4583287.657,2.15923324,41.396216
428236.424,4582251.916,2.14054472,41.38674858
428236.424,4582251.916,2.14054472,41.38674858
431256.5,4587712.154,2.17604208,41.43619107
430808.39,4588463.431,2.17059283,41.44291903
430808.39,4588463.431,2.17059283,41.44291903
427374.314,4582092.261,2.1302537,41.38523321
427374.314,4582092.261,2.1302537,41.38523321
429810.91,4586329.972,2.15890127,41.42361718
430595.647,4583334.94,2.16863523,41.39671017
430595.647,4583334.94,2.16863523,41.39671017
428100.864,4585361.877,2.13855397,41.41474666
428100.864,4585361.877,2.13855397,41.41474666
426214.196,4584118.886,2.11613291,41.40338051
426214.196,4584118.886,2.11613291,41.40338051
432203.756,4586343.784,2.18753283,41.42394719
428427.45,4586473.164,2.14232979,41.42478473
428427.45,4586473.164,2.14232979,41.42478473
430753.366,4583645.298,2.17048621,41.39951907
430753.366,4583645.298,2.17048621,41.39951907
430690.352,4585466.31,2.16952378,41.41591488
430690.352,4585466.31,2.16952378,41.41591488
425497.606,4581866.912,2.1078381,41.38303189
425497.606,4581866.912,2.1078381,41.38303189
429379.874,4581533.95,2.15430328,41.38038335
429379.874,4581533.95,2.15430328,41.38038335
429286.096,4578304.321,2.15355867,41.35128683
430119.387,4582656.982,2.16301688,41.39056275
430119.387,4582656.982,2.16301688,41.39056275
434229.493,4583607.022,2.21207101,41.39946635
434229.493,4583607.022,2.21207101,41.39946635
431394.3,4580979.914,2.1784549,41.37556768
431394.3,4580979.914,2.1784549,41.37556768
431394.3,4580979.914,2.1784549,41.37556768
431875.22,4584598.541,2.18379815,41.40820053
431875.22,4584598.541,2.18379815,41.40820053
433610.553,4586137.8,2.20438954,41.42220951
433610.553,4586137.8,2.20438954,41.42220951
431647.195,4586183.758,2.18089101,41.4224587
431647.195,4586183.758,2.18089101,41.4224587
431743.794,4584455.08,2.18224206,41.40689727
431743.794,4584455.08,2.18224206,41.40689727
431743.794,4584455.08,2.18224206,41.40689727
432117.771,4581633.499,2.18703243,41.38151575
432117.771,4581633.499,2.18703243,41.38151575
427362.685,4581195.284,2.13022222,41.37715344
427362.685,4581195.284,2.13022222,41.37715344
429767.101,4582637.478,2.1588058,41.39035638
429767.101,4582637.478,2.1588058,41.39035638
432103.878,4581754.28,2.18685275,41.38260242
432103.878,4581754.28,2.18685275,41.38260242
431098.752,4582996.151,2.17469152,41.39370208
431098.752,4582996.151,2.17469152,41.39370208
428625.521,4578279.092,2.14566592,41.3510013
428625.521,4578279.092,2.14566592,41.3510013
428550.922,4578045.23,2.14480182,41.34888836
428550.922,4578045.23,2.14480182,41.34888836
428550.922,4578045.23,2.14480182,41.34888836
428550.922,4578045.23,2.14480182,41.34888836
430147.537,4583473.9,2.16325927,41.39792291
430147.537,4583473.9,2.16325927,41.39792291
429936.409,4580245.873,2.16110736,41.36883071
429936.409,4580245.873,2.16110736,41.36883071
429936.409,4580245.873,2.16110736,41.36883071
432301.539,4586211.916,2.18871769,41.42276775
432301.539,4586211.916,2.18871769,41.42276775
431460.948,4584179.194,2.17888962,41.40438836
431460.948,4584179.194,2.17888962,41.40438836
431460.948,4584179.194,2.17888962,41.40438836
431460.948,4584179.194,2.17888962,41.40438836
431460.948,4584179.194,2.17888962,41.40438836
431460.948,4584179.194,2.17888962,41.40438836
433081.865,4584996.687,2.19818961,41.41188794
433081.865,4584996.687,2.19818961,41.41188794
430548.311,4584918.253,2.16788726,41.41096645
430548.311,4584918.253,2.16788726,41.41096645
430432.835,4585050.815,2.16649049,41.4121504
430432.835,4585050.815,2.16649049,41.4121504
430793.622,4584087.638,2.17091715,41.40350654
430793.622,4584087.638,2.17091715,41.40350654
428891.885,4582973.69,2.14829877,41.39330758
428891.885,4582973.69,2.14829877,41.39330758
429887.622,4581907.032,2.16033182,41.38378801
429887.622,4581907.032,2.16033182,41.38378801
429887.622,4581907.032,2.16033182,41.38378801
429887.622,4581907.032,2.16033182,41.38378801
431130.765,4582190.35,2.17516609,41.38644722
431130.765,4582190.35,2.17516609,41.38644722
430438.43,4583195.627,2.16677075,41.39544183
430438.43,4583195.627,2.16677075,41.39544183
428810.651,4580443.477,2.14762459,41.37051164
428810.651,4580443.477,2.14762459,41.37051164
428875.861,4580985.946,2.14834058,41.37540324
428875.861,4580985.946,2.14834058,41.37540324
428875.861,4580985.946,2.14834058,41.37540324
429230.332,4580913.823,2.15258749,41.37478492
429230.332,4580913.823,2.15258749,41.37478492
429230.332,4580913.823,2.15258749,41.37478492
429885.481,4588089.588,2.15958938,41.43947186
429885.481,4588089.588,2.15958938,41.43947186
432618.721,4588884.426,2.19221495,41.44686486
434060.225,4583995.998,2.21000386,41.40295589
434060.225,4583995.998,2.21000386,41.40295589
430544.078,4582265.761,2.16814109,41.38707594
430544.078,4582265.761,2.16814109,41.38707594
430544.078,4582265.761,2.16814109,41.38707594
430216.036,4583527.356,2.16407246,41.39841032
430216.036,4583527.356,2.16407246,41.39841032
432118.05,4583103.425,2.18687095,41.394755
432118.05,4583103.425,2.18687095,41.394755
425597.765,4582819.56,2.10891878,41.39162124
425597.765,4582819.56,2.10891878,41.39162124
430644.481,4582349.327,2.16933226,41.38783727
430644.481,4582349.327,2.16933226,41.38783727
430644.481,4582349.327,2.16933226,41.38783727
430277.162,4582833.019,2.1648836,41.39216196
430277.162,4582833.019,2.1648836,41.39216196
429145.916,4579933.963,2.15169269,41.3659522
429145.916,4579933.963,2.15169269,41.3659522
432230.32,4584947.741,2.18800721,41.41137571
432230.32,4584947.741,2.18800721,41.41137571
430403.064,4582955.169,2.16637539,41.39327304
430403.064,4582955.169,2.16637539,41.39327304
430403.064,4582955.169,2.16637539,41.39327304
429585.292,4584868.178,2.15637178,41.41043161
429585.292,4584868.178,2.15637178,41.41043161
429585.292,4584868.178,2.15637178,41.41043161
428747.205,4580717.465,2.14683379,41.37297374
428747.205,4580717.465,2.14683379,41.37297374
432888,4585390.263,2.19582652,41.4154166
432888,4585390.263,2.19582652,41.4154166
427238.493,4584339.572,2.12835926,41.40546155
431243.159,4588705.762,2.17576928,41.44513899
431243.159,4588705.762,2.17576928,41.44513899
430961.327,4588724.26,2.17239361,41.44528139
430961.327,4588724.26,2.17239361,41.44528139
428357.4,4583026.802,2.1418998,41.39373848
428357.4,4583026.802,2.1418998,41.39373848
426848.158,4584681.179,2.12364851,41.4085028
426848.158,4584681.179,2.12364851,41.4085028
426848.158,4584681.179,2.12364851,41.4085028
426848.158,4584681.179,2.12364851,41.4085028
426848.158,4584681.179,2.12364851,41.4085028
428787.039,4581740.072,2.14718987,41.38218754
428787.039,4581740.072,2.14718987,41.38218754
427911.545,4585501.919,2.13627219,41.41599098
427911.545,4585501.919,2.13627219,41.41599098
427911.545,4585501.919,2.13627219,41.41599098
429546.37,4582303.612,2.15620472,41.38733005
429546.37,4582303.612,2.15620472,41.38733005
432298.667,4589478.472,2.18831713,41.45218827
432298.667,4589478.472,2.18831713,41.45218827
429743.014,4581500.669,2.15864963,41.3801154
429743.014,4581500.669,2.15864963,41.3801154
427966.544,4584892.956,2.13700278,41.41051125
427966.544,4584892.956,2.13700278,41.41051125
427491.274,4582653.404,2.13158522,41.39029777
427491.274,4582653.404,2.13158522,41.39029777
434443.916,4584049.575,2.21458793,41.40346985
434443.916,4584049.575,2.21458793,41.40346985
425229.832,4582089.587,2.10460844,41.38501257
425229.832,4582089.587,2.10460844,41.38501257
431071.208,4583612.423,2.17429189,41.3992503
431071.208,4583612.423,2.17429189,41.3992503
434134.782,4585450.249,2.21073735,41.41606009
434134.782,4585450.249,2.21073735,41.41606009
426983.737,4581101.83,2.12570222,41.37627742
428580.929,4583190.96,2.14455397,41.39523688
428580.929,4583190.96,2.14455397,41.39523688
432164.826,4588560.702,2.18681801,41.44391094
432164.826,4588560.702,2.18681801,41.44391094
432164.826,4588560.702,2.18681801,41.44391094
432164.826,4588560.702,2.18681801,41.44391094
430923.944,4586441.437,2.17220721,41.42471763
432062.161,4586480.62,2.18582309,41.42516766
432062.161,4586480.62,2.18582309,41.42516766
429170.507,4582688.109,2.15166465,41.39076006
429170.507,4582688.109,2.15166465,41.39076006
431721.809,4586871.372,2.18170613,41.42865816
431721.809,4586871.372,2.18170613,41.42865816
428691.278,4580704.768,2.14616659,41.37285442
428691.278,4580704.768,2.14616659,41.37285442
428691.278,4580704.768,2.14616659,41.37285442
428691.278,4580704.768,2.14616659,41.37285442
430893.564,4582453.615,2.17229929,41.38879801
430893.564,4582453.615,2.17229929,41.38879801
431964.565,4586733.43,2.18462675,41.42743638
431964.565,4586733.43,2.18462675,41.42743638
432141.028,4585382.64,2.18689012,41.41528517
432141.028,4585382.64,2.18689012,41.41528517
429777.119,4587778.727,2.15832853,41.43666259
429777.119,4587778.727,2.15832853,41.43666259
430694.576,4582659.979,2.16989582,41.39063954
430694.576,4582659.979,2.16989582,41.39063954
425419.34,4581867.111,2.10690213,41.38302643
425419.34,4581867.111,2.10690213,41.38302643
429144.628,4583098.777,2.15130706,41.39445651
429144.628,4583098.777,2.15130706,41.39445651
426080.857,4581904.764,2.11480827,41.38342664
429301.465,4582954.404,2.1531998,41.39317001
429301.465,4582954.404,2.1531998,41.39317001
429301.465,4582954.404,2.1531998,41.39317001
428532.373,4586418.557,2.14359178,41.42430225
428532.373,4586418.557,2.14359178,41.42430225
430884.283,4582809.755,2.17214762,41.39200486
430884.283,4582809.755,2.17214762,41.39200486
432387.045,4583975.704,2.1899909,41.40263405
432387.045,4583975.704,2.1899909,41.40263405
429830.06,4581854.638,2.15964951,41.38331109
429830.06,4581854.638,2.15964951,41.38331109
425287.908,4582173.825,2.10529257,41.38577666
427992.744,4584436.726,2.13737054,41.40640452
427992.744,4584436.726,2.13737054,41.40640452
429045.251,4582766.455,2.1501574,41.39145465
429045.251,4582766.455,2.1501574,41.39145465
430312.005,4582890.326,2.16529373,41.39268112
430312.005,4582890.326,2.16529373,41.39268112
432171.586,4582694.062,2.18755716,41.3910725
432171.586,4582694.062,2.18755716,41.3910725
429460.634,4581243.702,2.15530282,41.37777627
429460.634,4581243.702,2.15530282,41.37777627
431165.125,4583515.161,2.17542635,41.39838234
431165.125,4583515.161,2.17542635,41.39838234
431292.13,4580896.397,2.17724269,41.37480675
431292.13,4580896.397,2.17724269,41.37480675
430061.219,4582806.771,2.16230389,41.39190679
430061.219,4582806.771,2.16230389,41.39190679
429900.258,4587014.262,2.15989104,41.42978813
433465.207,4586330.484,2.20262912,41.42393293
433465.207,4586330.484,2.20262912,41.42393293
430735.736,4581224.213,2.17055232,41.37771156
430735.736,4581224.213,2.17055232,41.37771156
432980.546,4583188.242,2.19717777,41.39559131
432980.546,4583188.242,2.19717777,41.39559131
431741.042,4584077.096,2.18225178,41.40349264
431741.042,4584077.096,2.18225178,41.40349264
432352.302,4581878.927,2.18980964,41.38374602
432352.302,4581878.927,2.18980964,41.38374602
432352.302,4581878.927,2.18980964,41.38374602
431075.246,4585522.42,2.17412253,41.41645336
431075.246,4585522.42,2.17412253,41.41645336
428916.159,4582640.099,2.14862828,41.39030519
428916.159,4582640.099,2.14862828,41.39030519
430022.751,4582583.058,2.16186966,41.38988853
430022.751,4582583.058,2.16186966,41.38988853
428904.072,4581989.158,2.14856015,41.38444132
428904.072,4581989.158,2.14856015,41.38444132
428904.072,4581989.158,2.14856015,41.38444132
431505.758,4584149.323,2.17942903,41.40412315
431505.758,4584149.323,2.17942903,41.40412315
431383.733,4581691.815,2.1782479,41.38197868
427374.314,4582092.261,2.1302537,41.38523321
427374.314,4582092.261,2.1302537,41.38523321
430236.705,4584998.694,2.16415,41.41166395
430236.705,4584998.694,2.16415,41.41166395
433339.26,4582749.764,2.20151667,41.39167188
433339.26,4582749.764,2.20151667,41.39167188
425534.859,4582570.14,2.1081971,41.38936901
425534.859,4582570.14,2.1081971,41.38936901
426062.63,4583917.332,2.11434447,41.40155128
426062.63,4583917.332,2.11434447,41.40155128
428523.771,4586830.802,2.14344009,41.4280144
428523.771,4586830.802,2.14344009,41.4280144
429002.185,4583024.82,2.14961202,41.39377784
429002.185,4583024.82,2.14961202,41.39377784
433616.673,4583048.365,2.20480186,41.39438426
433616.673,4583048.365,2.20480186,41.39438426
433616.673,4583048.365,2.20480186,41.39438426
433616.673,4583048.365,2.20480186,41.39438426
433616.673,4583048.365,2.20480186,41.39438426
430829.296,4582828.584,2.17148781,41.39216971
430829.296,4582828.584,2.17148781,41.39216971
428886.526,4587640.874,2.14768576,41.43534259
428886.526,4587640.874,2.14768576,41.43534259
429447.805,4582020.166,2.15505897,41.3847685
429447.805,4582020.166,2.15505897,41.3847685
432483.102,4589054.876,2.19057247,41.44838864
432483.102,4589054.876,2.19057247,41.44838864
432483.102,4589054.876,2.19057247,41.44838864
430888.607,4584181.251,2.1720427,41.40435787
430888.607,4584181.251,2.1720427,41.40435787
428670.287,4585382.46,2.14536434,41.41498281
428670.287,4585382.46,2.14536434,41.41498281
428140.66,4576197.65,2.14011699,41.33221123
428140.66,4576197.65,2.14011699,41.33221123
428140.66,4576197.65,2.14011699,41.33221123
432986.826,4584903.522,2.19706288,41.41104091
432986.826,4584903.522,2.19706288,41.41104091
426848.127,4582296.782,2.12393637,41.38702756
426848.127,4582296.782,2.12393637,41.38702756
428191.52,4579358.763,2.1403506,41.36068695
428191.52,4579358.763,2.1403506,41.36068695
428191.52,4579358.763,2.1403506,41.36068695
433370.975,4584134.235,2.20174354,41.4041441
433370.975,4584134.235,2.20174354,41.4041441
432147.88,4585942.067,2.1869093,41.42032433
432147.88,4585942.067,2.1869093,41.42032433
431363.234,4582605.811,2.17789915,41.39020904
431363.234,4582605.811,2.17789915,41.39020904
433084.829,4584387.979,2.19829242,41.40640572
433084.829,4584387.979,2.19829242,41.40640572
430722.322,4583661.888,2.17011297,41.39966581
430722.322,4583661.888,2.17011297,41.39966581
430722.322,4583661.888,2.17011297,41.39966581
427540.417,4583043.825,2.13212623,41.39381856
427540.417,4583043.825,2.13212623,41.39381856
426877.67,4580905.31,2.12445767,41.3744978
426877.67,4580905.31,2.12445767,41.3744978
433710.925,4588545.211,2.20532639,41.44390064
433710.925,4588545.211,2.20532639,41.44390064
430694.576,4582659.979,2.16989582,41.39063954
430694.576,4582659.979,2.16989582,41.39063954
429631.009,4584886.995,2.15691653,41.41060508
429631.009,4584886.995,2.15691653,41.41060508
428795.816,4586204.445,2.14676941,41.42239724
432996.942,4588404.961,2.19679564,41.44257815
432996.942,4588404.961,2.19679564,41.44257815
429932.038,4583380.079,2.16069248,41.39705914
429932.038,4583380.079,2.16069248,41.39705914
432147.88,4585942.067,2.1869093,41.42032433
432147.88,4585942.067,2.1869093,41.42032433
427815.426,4583480.388,2.13536342,41.39777526
427815.426,4583480.388,2.13536342,41.39777526
430978.263,4583706.756,2.17316935,41.40009194
430978.263,4583706.756,2.17316935,41.40009194
430179.272,4583202.176,2.16367022,41.39547834
430179.272,4583202.176,2.16367022,41.39547834
431360.133,4587054.304,2.17735716,41.43027493
431360.133,4587054.304,2.17735716,41.43027493
426302.763,4584187.913,2.11718396,41.40401034
426302.763,4584187.913,2.11718396,41.40401034
426302.763,4584187.913,2.11718396,41.40401034
433417.82,4584654.753,2.20224663,41.40883615
433417.82,4584654.753,2.20224663,41.40883615
433417.82,4584654.753,2.20224663,41.40883615
432090.632,4589133.509,2.18586548,41.44906373
427673.086,4580398.846,2.13402889,41.37000818
427673.086,4580398.846,2.13402889,41.37000818
432096.482,4586521.501,2.18622919,41.42553876
432096.482,4586521.501,2.18622919,41.42553876
427797.317,4585376.833,2.13492044,41.41485413
427797.317,4585376.833,2.13492044,41.41485413
429347.934,4581549.1,2.15391957,41.38051699
428695.452,4587021.546,2.14547206,41.42974762
428695.452,4587021.546,2.14547206,41.42974762
431076.53,4583033.397,2.17442149,41.39403565
431076.53,4583033.397,2.17442149,41.39403565
431076.53,4583033.397,2.17442149,41.39403565
430579.77,4582456.798,2.16854603,41.38879964
430579.77,4582456.798,2.16854603,41.38879964
425986.156,4582646.858,2.11358507,41.39010165
425986.156,4582646.858,2.11358507,41.39010165
429938.148,4581711.735,2.16095863,41.38203344
429938.148,4581711.735,2.16095863,41.38203344
427667.989,4581226.231,2.13386917,41.37745969
427667.989,4581226.231,2.13386917,41.37745969
431494.374,4583398.009,2.17937793,41.39735532
431494.374,4583398.009,2.17937793,41.39735532
430572.936,4583889.887,2.1682999,41.40170643
430572.936,4583889.887,2.1682999,41.40170643
433555.493,4584133.747,2.20395091,41.40415498
433555.493,4584133.747,2.20395091,41.40415498
430635.695,4584456.96,2.1689856,41.40681929
430635.695,4584456.96,2.1689856,41.40681929
425818.017,4582082.484,2.11164331,41.38500308
425818.017,4582082.484,2.11164331,41.38500308
426966.361,4576832.145,2.12600868,41.33782031
426966.361,4576832.145,2.12600868,41.33782031
426966.361,4576832.145,2.12600868,41.33782031
431965.824,4587036.835,2.18460765,41.43016915
431965.824,4587036.835,2.18460765,41.43016915
432427.541,4588118.163,2.19001221,41.43994731
432427.541,4588118.163,2.19001221,41.43994731
428501.187,4579099.867,2.14408303,41.35838273
428501.187,4579099.867,2.14408303,41.35838273
428501.187,4579099.867,2.14408303,41.35838273
429430.093,4583191.251,2.15471064,41.39531451
429430.093,4583191.251,2.15471064,41.39531451
426009.359,4581867.874,2.11395777,41.38308781
426009.359,4581867.874,2.11395777,41.38308781
429318.262,4581277.35,2.15359646,41.37806682
429318.262,4581277.35,2.15359646,41.37806682
428845.61,4583141.441,2.14772559,41.39481436
428845.61,4583141.441,2.14772559,41.39481436
429016.585,4582738.321,2.14981785,41.39119872
429016.585,4582738.321,2.14981785,41.39119872
431911.683,4581919.012,2.18453584,41.38406987
431911.683,4581919.012,2.18453584,41.38406987
430029.446,4581426.918,2.16208332,41.37947613
430029.446,4581426.918,2.16208332,41.37947613
433475.988,4586760.689,2.20271077,41.42780855
433475.988,4586760.689,2.20271077,41.42780855
433475.988,4586760.689,2.20271077,41.42780855
429929.891,4582678.072,2.16074807,41.39073621
429929.891,4582678.072,2.16074807,41.39073621
429929.891,4582678.072,2.16074807,41.39073621
432283.869,4581658.439,2.18901592,41.38175437
432283.869,4581658.439,2.18901592,41.38175437
431610.823,4587061.041,2.1803565,41.430357
430774.622,4587989.235,2.170243,41.43864522
430774.622,4587989.235,2.170243,41.43864522
430808.328,4579990,2.17156129,41.3666016
430808.328,4579990,2.17156129,41.3666016
429005.48,4582727.279,2.14968633,41.39109829
429005.48,4582727.279,2.14968633,41.39109829
429005.48,4582727.279,2.14968633,41.39109829
430978.263,4583706.756,2.17316935,41.40009194
430978.263,4583706.756,2.17316935,41.40009194
432908.673,4588006.408,2.19578338,41.43898114
432908.673,4588006.408,2.19578338,41.43898114
427618.019,4582486.479,2.13312104,41.38880576
427618.019,4582486.479,2.13312104,41.38880576
431276.93,4583999.471,2.1767087,41.40275394
431276.93,4583999.471,2.1767087,41.40275394
425298.118,4576411.683,2.10612458,41.33388036
425298.118,4576411.683,2.10612458,41.33388036
425298.118,4576411.683,2.10612458,41.33388036
429872.497,4587222.612,2.15953463,41.43166222
429872.497,4587222.612,2.15953463,41.43166222
427079.899,4582469.66,2.12668737,41.38860565
427079.899,4582469.66,2.12668737,41.38860565
428451.416,4581620.345,2.14319048,41.3810794
428451.416,4581620.345,2.14319048,41.3810794
434544.945,4585425.642,2.21564756,41.41587199
434544.945,4585425.642,2.21564756,41.41587199
427920.246,4584599.496,2.13648386,41.40786402
427920.246,4584599.496,2.13648386,41.40786402
427920.246,4584599.496,2.13648386,41.40786402
427920.246,4584599.496,2.13648386,41.40786402
429933.233,4581333.027,2.16094368,41.37862211
429933.233,4581333.027,2.16094368,41.37862211
432076.434,4588477.487,2.18576933,41.44315397
432076.434,4588477.487,2.18576933,41.44315397
432076.434,4588477.487,2.18576933,41.44315397
426541.294,4583902.465,2.12007201,41.40146127
427640.499,4579673.377,2.13372588,41.36347121
427640.499,4579673.377,2.13372588,41.36347121
429197.144,4583444.585,2.15189473,41.39757571
429197.144,4583444.585,2.15189473,41.39757571
429197.144,4583444.585,2.15189473,41.39757571
429197.144,4583444.585,2.15189473,41.39757571
429197.144,4583444.585,2.15189473,41.39757571
434417.83,4583948.44,2.21428684,41.40255682
434417.83,4583948.44,2.21428684,41.40255682
434417.83,4583948.44,2.21428684,41.40255682
430643.759,4586736.326,2.16882059,41.42734944
430643.759,4586736.326,2.16882059,41.42734944
428307.922,4578872.897,2.14179956,41.35632129
428307.922,4578872.897,2.14179956,41.35632129
429458.068,4582614.816,2.15511243,41.39012521
429458.068,4582614.816,2.15511243,41.39012521
432504.429,4583094.323,2.1914934,41.39470557
432504.429,4583094.323,2.1914934,41.39470557
432504.429,4583094.323,2.1914934,41.39470557
427869.956,4585406.474,2.13578598,41.41512763
427869.956,4585406.474,2.13578598,41.41512763
427869.956,4585406.474,2.13578598,41.41512763
431368.183,4584275.949,2.17776892,41.40525189
431368.183,4584275.949,2.17776892,41.40525189
431368.183,4584275.949,2.17776892,41.40525189
431368.183,4584275.949,2.17776892,41.40525189
429830.925,4582396.046,2.15959712,41.38818746
429830.925,4582396.046,2.15959712,41.38818746
431033.197,4583402.551,2.17386113,41.39735678
426989.799,4582786.057,2.12557166,41.39144713
426989.799,4582786.057,2.12557166,41.39144713
429362.653,4580936.133,2.15416707,41.37499749
429362.653,4580936.133,2.15416707,41.37499749
429362.653,4580936.133,2.15416707,41.37499749
429362.653,4580936.133,2.15416707,41.37499749
433372.349,4585277.855,2.20163399,41.4144445
433372.349,4585277.855,2.20163399,41.4144445
433372.349,4585277.855,2.20163399,41.4144445
433372.349,4585277.855,2.20163399,41.4144445
429296.389,4581252.84,2.15333778,41.37784414
429296.389,4581252.84,2.15333778,41.37784414
428210.426,4585888.549,2.13980227,41.41949998
428210.426,4585888.549,2.13980227,41.41949998
433072.086,4589234.165,2.19760315,41.45005279
432118.05,4583103.425,2.18687095,41.394755
432118.05,4583103.425,2.18687095,41.394755
434006.754,4586482.803,2.20909279,41.42534952
434006.754,4586482.803,2.20909279,41.42534952
431462.424,4584365.783,2.17888613,41.40606904
431462.424,4584365.783,2.17888613,41.40606904
429073.812,4582402.866,2.15054158,41.38818244
429073.812,4582402.866,2.15054158,41.38818244
428341.087,4582712.895,2.14174186,41.39090978
428341.087,4582712.895,2.14174186,41.39090978
431781.59,4588261.423,2.18226454,41.44118295
428631.844,4585219.869,2.14492359,41.41351501
429811.34,4581988.331,2.15941015,41.38451359
429811.34,4581988.331,2.15941015,41.38451359
427548.818,4581601.947,2.13239925,41.38083289
427548.818,4581601.947,2.13239925,41.38083289
428270.55,4584213.391,2.14072038,41.40441788
428270.55,4584213.391,2.14072038,41.40441788
428631.844,4585219.869,2.14492359,41.41351501
428509.291,4583542.477,2.14365558,41.3983965
428509.291,4583542.477,2.14365558,41.3983965
429263.553,4582400.414,2.1528111,41.38817707
429263.553,4582400.414,2.1528111,41.38817707
428145.431,4582763.57,2.13939579,41.39134872
428145.431,4582763.57,2.13939579,41.39134872
425899.582,4583432.773,2.11245345,41.39717205
427354.251,4582900.129,2.12991683,41.39250755
427354.251,4582900.129,2.12991683,41.39250755
429439.887,4582080.197,2.15495729,41.38530849
429439.887,4582080.197,2.15495729,41.38530849
430278.769,4583465.06,2.16483001,41.39785468
430278.769,4583465.06,2.16483001,41.39785468
430278.769,4583465.06,2.16483001,41.39785468
430017.054,4583072.984,2.16174488,41.39430064
430017.054,4583072.984,2.16174488,41.39430064
430017.054,4583072.984,2.16174488,41.39430064
429406.657,4587966.87,2.15387269,41.43832462
429406.657,4587966.87,2.15387269,41.43832462
429220.555,4582938.214,2.15223398,41.39301707
429220.555,4582938.214,2.15223398,41.39301707
431246.31,4580919.223,2.17669222,41.37500841
431246.31,4580919.223,2.17669222,41.37500841
430387.362,4582209.736,2.1662733,41.3865578
430387.362,4582209.736,2.1662733,41.3865578
432695.295,4585200.751,2.19354196,41.41369359
432695.295,4585200.751,2.19354196,41.41369359
430197.639,4582778.245,2.1639388,41.39166173
430197.639,4582778.245,2.1639388,41.39166173
430808.39,4588463.431,2.17059283,41.44291903
430808.39,4588463.431,2.17059283,41.44291903
427124.326,4583146.827,2.12713717,41.39470865
427124.326,4583146.827,2.12713717,41.39470865
425167.393,4582009.603,2.10387162,41.38428638
425167.393,4582009.603,2.10387162,41.38428638
425167.393,4582009.603,2.10387162,41.38428638
428347.35,4580326.056,2.14209913,41.36941293
432327.112,4581566.611,2.1895433,41.38093095
430786.003,4584628.535,2.17076411,41.40837757
430786.003,4584628.535,2.17076411,41.40837757
430786.003,4584628.535,2.17076411,41.40837757
430155.92,4582713.394,2.1634473,41.39107401
430155.92,4582713.394,2.1634473,41.39107401
429616.649,4587584.634,2.15643058,41.43490042
429616.649,4587584.634,2.15643058,41.43490042
428387.791,4581767.461,2.14241226,41.38239876
428387.791,4581767.461,2.14241226,41.38239876
429355.607,4581351.423,2.15403439,41.37873726
431120.169,4587107.565,2.17447936,41.43073407
431120.169,4587107.565,2.17447936,41.43073407
428860.062,4583006.33,2.14791433,41.39359874
428860.062,4583006.33,2.14791433,41.39359874
428860.062,4583006.33,2.14791433,41.39359874
428368.795,4583878.348,2.14193529,41.40140904
428368.795,4583878.348,2.14193529,41.40140904
432606.713,4583390.798,2.19268379,41.39738442
432606.713,4583390.798,2.19268379,41.39738442
432606.713,4583390.798,2.19268379,41.39738442
430460.529,4582160.266,2.16715401,41.38611857
430460.529,4582160.266,2.16715401,41.38611857
430460.529,4582160.266,2.16715401,41.38611857
429575.177,4586406.111,2.15607161,41.42428229
429575.177,4586406.111,2.15607161,41.42428229
430587.29,4584697.276,2.16837896,41.40897956
430587.29,4584697.276,2.16837896,41.40897956
430061.219,4582806.771,2.16230389,41.39190679
430061.219,4582806.771,2.16230389,41.39190679
429749.823,4586264.528,2.15817791,41.42302241
429749.823,4586264.528,2.15817791,41.42302241
429288.681,4581819.12,2.15317949,41.38294377
429288.681,4581819.12,2.15317949,41.38294377
429634.844,4581829.774,2.15731788,41.38307009
429634.844,4581829.774,2.15731788,41.38307009
430387.362,4582209.736,2.1662733,41.3865578
431369.711,4583900.935,2.17782974,41.40187439
431369.711,4583900.935,2.17782974,41.40187439
431622.772,4583817.048,2.18086638,41.40114042
431622.772,4583817.048,2.18086638,41.40114042
432250.393,4584936.963,2.18824857,41.41128033
432250.393,4584936.963,2.18824857,41.41128033
430171.842,4586848.704,2.16316027,41.42832067
428404.412,4579793.513,2.14284427,41.36462157
431299.268,4586083.125,2.17673919,41.42152265
427560.34,4581004.778,2.13260844,41.37545545
427560.34,4581004.778,2.13260844,41.37545545
426134.003,4576565.862,2.11609423,41.33534609
426134.003,4576565.862,2.11609423,41.33534609
432323.568,4589136.625,2.18865357,41.44911148
432323.568,4589136.625,2.18865357,41.44911148
432323.568,4589136.625,2.18865357,41.44911148
433379.587,4587467.563,2.20147919,41.43416716
433379.587,4587467.563,2.20147919,41.43416716
430459.667,4583649.396,2.16697261,41.39953061
430459.667,4583649.396,2.16697261,41.39953061
429641.798,4582396.806,2.15733515,41.38817777
429641.798,4582396.806,2.15733515,41.38817777
428497.919,4580509.036,2.14387774,41.37107436
428497.919,4580509.036,2.14387774,41.37107436
425006.85,4581750.138,2.10198387,41.38193455
425006.85,4581750.138,2.10198387,41.38193455
425006.85,4581750.138,2.10198387,41.38193455
425006.85,4581750.138,2.10198387,41.38193455
430961.681,4582370.942,2.17312337,41.38805925
430961.681,4582370.942,2.17312337,41.38805925
429872.497,4587222.612,2.15953463,41.43166222
429872.497,4587222.612,2.15953463,41.43166222
427067.582,4581154.316,2.12669847,41.37675775
427067.582,4581154.316,2.12669847,41.37675775
429269.66,4581057.546,2.15304096,41.37608285
429269.66,4581057.546,2.15304096,41.37608285
428666.701,4581674.198,2.14575857,41.38158357
428666.701,4581674.198,2.14575857,41.38158357
428210.426,4585888.549,2.13980227,41.41949998
428210.426,4585888.549,2.13980227,41.41949998
428210.426,4585888.549,2.13980227,41.41949998
429514.176,4583218.133,2.15571321,41.39556401
429514.176,4583218.133,2.15571321,41.39556401
429447.805,4582020.166,2.15505897,41.3847685
429447.805,4582020.166,2.15505897,41.3847685
432352.605,4587865.343,2.18914361,41.43766393
432352.605,4587865.343,2.18914361,41.43766393
428695.243,4583761.203,2.14585406,41.400383
428695.243,4583761.203,2.14585406,41.400383
432726.438,4582112.925,2.19425789,41.38588498
432726.438,4582112.925,2.19425789,41.38588498
428989.313,4580940.29,2.1497025,41.37500206
428989.313,4580940.29,2.1497025,41.37500206
429519.593,4583193.754,2.15578084,41.39534491
429519.593,4583193.754,2.15578084,41.39534491
429519.593,4583193.754,2.15578084,41.39534491
426964.438,4584847,2.12501957,41.41000686
426964.438,4584847,2.12501957,41.41000686
430982.903,4585964.244,2.17296722,41.4204248
430724.642,4582725.799,2.17024787,41.39123495
430724.642,4582725.799,2.17024787,41.39123495
430724.642,4582725.799,2.17024787,41.39123495
428339.53,4584268.495,2.14153901,41.40492033
428339.53,4584268.495,2.14153901,41.40492033
431791.368,4582425.957,2.18303991,41.38862558
433218.09,4582540.822,2.20009048,41.38977993
433218.09,4582540.822,2.20009048,41.38977993
428494.093,4581458.787,2.1437199,41.37962811
428494.093,4581458.787,2.1437199,41.37962811
425838.829,4582720.156,2.1118141,41.39074823
425838.829,4582720.156,2.1118141,41.39074823
430718.446,4588420.749,2.16952114,41.44252685
430718.446,4588420.749,2.16952114,41.44252685
430693.897,4582260.172,2.16993347,41.38703854
432969.159,4589201.616,2.19637463,41.44975104
432969.159,4589201.616,2.19637463,41.44975104
430228.97,4584054.824,2.16416634,41.40316217
431807.339,4582031.355,2.18327536,41.38507286
431807.339,4582031.355,2.18327536,41.38507286
432254.461,4589156.261,2.1878241,41.4492825
432254.461,4589156.261,2.1878241,41.4492825
432254.461,4589156.261,2.1878241,41.4492825
432109.426,4586344.532,2.18640397,41.42394596
432109.426,4586344.532,2.18640397,41.42394596
433965.049,4587789.424,2.2084509,41.43711445
433965.049,4587789.424,2.2084509,41.43711445
426771.167,4584613.547,2.12273565,41.40788666
426771.167,4584613.547,2.12273565,41.40788666
432233.474,4587119.084,2.18780149,41.43093258
432233.474,4587119.084,2.18780149,41.43093258
428743.626,4583087.834,2.14651209,41.3943225
428743.626,4583087.834,2.14651209,41.3943225
428743.626,4583087.834,2.14651209,41.3943225
427394.621,4581507.579,2.13056665,41.37996904
427394.621,4581507.579,2.13056665,41.37996904
430873.869,4581715.498,2.172148,41.38214831
430873.869,4581715.498,2.172148,41.38214831
431047.219,4580373.323,2.17437377,41.3700746
431047.219,4580373.323,2.17437377,41.3700746
429484.226,4583254.968,2.15535069,41.39589314
429484.226,4583254.968,2.15535069,41.39589314
429484.226,4583254.968,2.15535069,41.39589314
427971.503,4583982.821,2.13717049,41.40231448
427971.503,4583982.821,2.13717049,41.40231448
432261.696,4583564.359,2.18853749,41.39891862
429471.269,4581601.239,2.15538836,41.38099742
429471.269,4581601.239,2.15538836,41.38099742
430134.592,4583421.81,2.16311045,41.39745262
430134.592,4583421.81,2.16311045,41.39745262
427595.813,4581634.74,2.1329573,41.38113248
427595.813,4581634.74,2.1329573,41.38113248
430638.887,4582569.287,2.16924017,41.3898179
430638.887,4582569.287,2.16924017,41.3898179
430626.892,4588009.972,2.16847246,41.43881923
430626.892,4588009.972,2.16847246,41.43881923
430626.892,4588009.972,2.16847246,41.43881923
427954.947,4582701.104,2.13712502,41.39076907
427954.947,4582701.104,2.13712502,41.39076907
431848.52,4587748.648,2.18312352,41.43657025
431848.52,4587748.648,2.18312352,41.43657025
431848.52,4587748.648,2.18312352,41.43657025
428588.053,4582632.704,2.14470503,41.39020951
428588.053,4582632.704,2.14470503,41.39020951
428588.053,4582632.704,2.14470503,41.39020951
428588.053,4582632.704,2.14470503,41.39020951
430633.036,4585454.499,2.16883937,41.41580356
430633.036,4585454.499,2.16883937,41.41580356
430633.036,4585454.499,2.16883937,41.41580356
429679.921,4582226.568,2.15781086,41.38664783
429679.921,4582226.568,2.15781086,41.38664783
433878.143,4583613.855,2.20786748,41.39949905
433878.143,4583613.855,2.20786748,41.39949905
428499.732,4582666.131,2.14364477,41.39050273
428499.732,4582666.131,2.14364477,41.39050273
428499.732,4582666.131,2.14364477,41.39050273
428499.732,4582666.131,2.14364477,41.39050273
429544.563,4582114.924,2.15620507,41.38563044
429544.563,4582114.924,2.15620507,41.38563044
433421.633,4589025.609,2.2018106,41.44820348
433421.633,4589025.609,2.2018106,41.44820348
433421.633,4589025.609,2.2018106,41.44820348
433421.633,4589025.609,2.2018106,41.44820348
433421.633,4589025.609,2.2018106,41.44820348
428733.492,4580289.662,2.14672015,41.36911944
428733.492,4580289.662,2.14672015,41.36911944
428733.492,4580289.662,2.14672015,41.36911944
433305.619,4584202.434,2.2009542,41.40475292
426028.28,4583822.27,2.1139452,41.40069193
426028.28,4583822.27,2.1139452,41.40069193
428501.187,4579099.867,2.14408303,41.35838273
428501.187,4579099.867,2.14408303,41.35838273
428501.187,4579099.867,2.14408303,41.35838273
428501.187,4579099.867,2.14408303,41.35838273
428501.187,4579099.867,2.14408303,41.35838273
427312.413,4581395.087,2.12959711,41.37894845
428516.953,4579956.131,2.14417054,41.36609622
428516.953,4579956.131,2.14417054,41.36609622
428516.953,4579956.131,2.14417054,41.36609622
428516.953,4579956.131,2.14417054,41.36609622
428225.972,4584236.043,2.14018442,41.40461792
430022.751,4582583.058,2.16186966,41.38988853
430022.751,4582583.058,2.16186966,41.38988853
430022.751,4582583.058,2.16186966,41.38988853
430022.751,4582583.058,2.16186966,41.38988853
432280.293,4589533.121,2.18809103,41.45267893
432280.293,4589533.121,2.18809103,41.45267893
432280.293,4589533.121,2.18809103,41.45267893
428660.455,4582941.626,2.14553455,41.39299829
428660.455,4582941.626,2.14553455,41.39299829
428660.455,4582941.626,2.14553455,41.39299829
432372.538,4584336.824,2.18977699,41.40588534
432372.538,4584336.824,2.18977699,41.40588534
431287.811,4584713.784,2.17675771,41.40918846
432546.877,4588759.825,2.19136887,41.44573658
432546.877,4588759.825,2.19136887,41.44573658
432546.877,4588759.825,2.19136887,41.44573658
427077.639,4584025.562,2.12647288,41.4026188
427077.639,4584025.562,2.12647288,41.4026188
430435.669,4582370.773,2.16683251,41.38801238
430435.669,4582370.773,2.16683251,41.38801238
431648.432,4583591.24,2.18119883,41.39910881
431648.432,4583591.24,2.18119883,41.39910881
428500.637,4581652.192,2.14377533,41.38137062
428500.637,4581652.192,2.14377533,41.38137062
427090.115,4581013.408,2.12698486,41.37549069
429827.985,4584494.853,2.15931858,41.40709043
429827.985,4584494.853,2.15931858,41.40709043
429827.985,4584494.853,2.15931858,41.40709043
429115.877,4584333.832,2.15081849,41.40557766
432269.47,4584749.979,2.18849774,41.40959782
432269.47,4584749.979,2.18849774,41.40959782
431311.661,4584914.443,2.17702026,41.41099777
431311.661,4584914.443,2.17702026,41.41099777
431837.481,4585501.876,2.18324485,41.41633339
431837.481,4585501.876,2.18324485,41.41633339
430753.366,4583645.298,2.17048621,41.39951907
430753.366,4583645.298,2.17048621,41.39951907
429715.25,4586440.636,2.15774373,41.42460552
428244.322,4580587.914,2.1408363,41.37176221
428244.322,4580587.914,2.1408363,41.37176221
432087.709,4585254.233,2.1862666,41.41412414
432087.709,4585254.233,2.1862666,41.41412414
432087.709,4585254.233,2.1862666,41.41412414
431167.042,4583702.846,2.17542793,41.40007292
431167.042,4583702.846,2.17542793,41.40007292
427681.983,4583578.125,2.13375559,41.39864354
427681.983,4583578.125,2.13375559,41.39864354
431700.618,4586357.077,2.18151067,41.42402428
431700.618,4586357.077,2.18151067,41.42402428
433629.547,4585307.191,2.20470801,41.41473001
433629.547,4585307.191,2.20470801,41.41473001
433629.547,4585307.191,2.20470801,41.41473001
425805.71,4582557.953,2.11143787,41.38928429
425805.71,4582557.953,2.11143787,41.38928429
427607.673,4585312.481,2.13265917,41.41425747
427607.673,4585312.481,2.13265917,41.41425747
433072.086,4589234.165,2.19760315,41.45005279
433072.086,4589234.165,2.19760315,41.45005279
433072.086,4589234.165,2.19760315,41.45005279
433072.086,4589234.165,2.19760315,41.45005279
433072.086,4589234.165,2.19760315,41.45005279
430428.31,4585222.714,2.16641657,41.41369824
430428.31,4585222.714,2.16641657,41.41369824
427992.716,4582030.801,2.13765646,41.38473529
427992.716,4582030.801,2.13765646,41.38473529
431466.643,4588444.369,2.17847407,41.44280384
431466.643,4588444.369,2.17847407,41.44280384
431363.279,4583313.928,2.1778194,41.39658684
431363.279,4583313.928,2.1778194,41.39658684
434921.856,4585282.571,2.22017263,41.41461402
434921.856,4585282.571,2.22017263,41.41461402
434921.856,4585282.571,2.22017263,41.41461402
428085.535,4585613.411,2.13834065,41.41701074
428085.535,4585613.411,2.13834065,41.41701074
433283.032,4586516.329,2.20042865,41.42559166
433283.032,4586516.329,2.20042865,41.42559166
426510.212,4576188.124,2.12063555,41.33197834
427941.861,4584607.447,2.13674149,41.40793757
427941.861,4584607.447,2.13674149,41.40793757
432803.576,4584135.145,2.19495587,41.40410504
432803.576,4584135.145,2.19495587,41.40410504
431178.84,4582738.579,2.17567871,41.39138907
431178.84,4582738.579,2.17567871,41.39138907
427935.522,4577677.298,2.13749006,41.34551965
427935.522,4577677.298,2.13749006,41.34551965
427935.522,4577677.298,2.13749006,41.34551965
432055.039,4588441.181,2.18551733,41.44282517
432055.039,4588441.181,2.18551733,41.44282517
432305.125,4581368.248,2.18930255,41.37914249
432305.125,4581368.248,2.18930255,41.37914249
430405.252,4583335.284,2.16635785,41.3966968
430405.252,4583335.284,2.16635785,41.3966968
430405.252,4583335.284,2.16635785,41.3966968
429719.569,4582334.979,2.15827244,41.38762772
429719.569,4582334.979,2.15827244,41.38762772
430221.11,4581663.7,2.16434797,41.38162541
428744.954,4587406.843,2.14601901,41.43322222
428744.954,4587406.843,2.14601901,41.43322222
430876.182,4582490.348,2.17208721,41.38912736
430876.182,4582490.348,2.17208721,41.38912736
428564.958,4586831.806,2.14393285,41.42802711
428564.958,4586831.806,2.14393285,41.42802711
428564.958,4586831.806,2.14393285,41.42802711
429618.969,4582735.261,2.15702278,41.39122412
429618.969,4582735.261,2.15702278,41.39122412
431023.959,4584491.012,2.17362653,41.40715941
431023.959,4584491.012,2.17362653,41.40715941
430033.155,4583412.549,2.16189821,41.39736039
429775.473,4578643.737,2.1593688,41.3543867
429775.473,4578643.737,2.1593688,41.3543867
429170.59,4581128.407,2.15184807,41.37671235
429170.59,4581128.407,2.15184807,41.37671235
432533.5,4582010.128,2.19196195,41.38494294
432533.5,4582010.128,2.19196195,41.38494294
432533.5,4582010.128,2.19196195,41.38494294
428944.316,4584596.668,2.14873528,41.40792978
428944.316,4584596.668,2.14873528,41.40792978
428944.316,4584596.668,2.14873528,41.40792978
428094.994,4582802.858,2.13878789,41.39169807
428094.994,4582802.858,2.13878789,41.39169807
433072.055,4589234.307,2.19760276,41.45005406
433072.055,4589234.307,2.19760276,41.45005406
428213.549,4582137.476,2.14028472,41.38571582
428213.549,4582137.476,2.14028472,41.38571582
430183.949,4584480.592,2.16357864,41.40699301
427575.967,4582577.493,2.13260722,41.3896217
427575.967,4582577.493,2.13260722,41.3896217
426097.089,4583334.484,2.11482785,41.396305
426097.089,4583334.484,2.11482785,41.396305
426097.089,4583334.484,2.11482785,41.396305
432136.485,4585039.629,2.18687425,41.41219539
428322.205,4582730.502,2.14151394,41.39106668
428322.205,4582730.502,2.14151394,41.39106668
432378.795,4581951.787,2.19011833,41.38440448
432378.795,4581951.787,2.19011833,41.38440448
432378.795,4581951.787,2.19011833,41.38440448
429790.861,4581812.21,2.15918567,41.38292553
429790.861,4581812.21,2.15918567,41.38292553
429790.861,4581812.21,2.15918567,41.38292553
429790.861,4581812.21,2.15918567,41.38292553
429790.861,4581812.21,2.15918567,41.38292553
432218.556,4588908.54,2.1874221,41.44704833
432218.556,4588908.54,2.1874221,41.44704833
430498.665,4583050.268,2.16750791,41.39413783
430498.665,4583050.268,2.16750791,41.39413783
430601.005,4588335.142,2.16812526,41.44174567
428198.703,4585892.995,2.13966148,41.41953897
428198.703,4585892.995,2.13966148,41.41953897
431720.193,4588848.82,2.18146322,41.4464682
431720.193,4588848.82,2.18146322,41.4464682
430187.727,4582930.627,2.16380267,41.39303332
430187.727,4582930.627,2.16380267,41.39303332
427769.455,4582595.225,2.13491918,41.38979881
427769.455,4582595.225,2.13491918,41.38979881
428576.459,4582734.093,2.1445544,41.39112165
428576.459,4582734.093,2.1445544,41.39112165
431272.642,4587931.82,2.17621028,41.43817091
431272.642,4587931.82,2.17621028,41.43817091
427954.947,4582701.104,2.13712502,41.39076907
427954.947,4582701.104,2.13712502,41.39076907
427954.947,4582701.104,2.13712502,41.39076907
427954.947,4582701.104,2.13712502,41.39076907
428608.619,4577923.343,2.14550577,41.34779567
428608.619,4577923.343,2.14550577,41.34779567
428608.619,4577923.343,2.14550577,41.34779567
428608.619,4577923.343,2.14550577,41.34779567
430923.912,4582848.079,2.17261723,41.39235343
430923.912,4582848.079,2.17261723,41.39235343
434723.774,4584307.912,2.21790787,41.40581941
434723.774,4584307.912,2.21790787,41.40581941
434723.774,4584307.912,2.21790787,41.40581941
428130.63,4582435.966,2.13925766,41.3883968
428130.63,4582435.966,2.13925766,41.3883968
429768.536,4586546.081,2.15836911,41.42555989
429768.536,4586546.081,2.15836911,41.42555989
434738.181,4584478.402,2.21806183,41.40735615
434738.181,4584478.402,2.21806183,41.40735615
433716.26,4583157.32,2.20598108,41.39537382
433716.26,4583157.32,2.20598108,41.39537382
429126.106,4581088.801,2.15132078,41.37635171
429126.106,4581088.801,2.15132078,41.37635171
429811.14,4582737.283,2.15932094,41.39125914
429811.14,4582737.283,2.15932094,41.39125914
427504.457,4585298.725,2.13142592,41.41412426
427504.457,4585298.725,2.13142592,41.41412426
427504.457,4585298.725,2.13142592,41.41412426
427504.457,4585298.725,2.13142592,41.41412426
432751.35,4582465.56,2.19451665,41.38906315
432751.35,4582465.56,2.19451665,41.38906315
428523.771,4586830.802,2.14344009,41.4280144
428523.771,4586830.802,2.14344009,41.4280144
429473.165,4581501.327,2.15542267,41.38009771
429473.165,4581501.327,2.15542267,41.38009771
431203.779,4581278.741,2.17614284,41.37824286
431203.779,4581278.741,2.17614284,41.37824286
428801.2,4580949.293,2.14745216,41.37506652
428801.2,4580949.293,2.14745216,41.37506652
428270.55,4584213.391,2.14072038,41.40441788
428270.55,4584213.391,2.14072038,41.40441788
429496.672,4581867.424,2.15566115,41.38339709
429496.672,4581867.424,2.15566115,41.38339709
427282.374,4582280.533,2.1291316,41.3869206
427282.374,4582280.533,2.1291316,41.3869206
428108.471,4581859.444,2.1390611,41.3832023
428108.471,4581859.444,2.1390611,41.3832023
429841.216,4581617.309,2.15981042,41.38117452
429841.216,4581617.309,2.15981042,41.38117452
430786.526,4585244.587,2.17069986,41.41392619
430786.526,4585244.587,2.17069986,41.41392619
432296.478,4589101.926,2.18833317,41.44879667
432296.478,4589101.926,2.18833317,41.44879667
432296.478,4589101.926,2.18833317,41.44879667
430411.157,4583904.052,2.16636306,41.40182002
430411.157,4583904.052,2.16636306,41.40182002
428977.138,4587728.628,2.14875991,41.43614098
428977.138,4587728.628,2.14875991,41.43614098
429718.164,4578561.811,2.15869325,41.35364381
429718.164,4578561.811,2.15869325,41.35364381
429718.164,4578561.811,2.15869325,41.35364381
433364.057,4583561.244,2.2017239,41.39898274
433364.057,4583561.244,2.2017239,41.39898274
430343.393,4584487.83,2.16548524,41.40707203
430343.393,4584487.83,2.16548524,41.40707203
425773.035,4581961.264,2.11112024,41.38390715
425773.035,4581961.264,2.11112024,41.38390715
425773.035,4581961.264,2.11112024,41.38390715
425968.775,4582335.669,2.11341525,41.3872973
425968.775,4582335.669,2.11341525,41.3872973
431237.475,4584132.971,2.17622155,41.40395295
434789.204,4584509.321,2.21866889,41.40763877
434789.204,4584509.321,2.21866889,41.40763877
427660.981,4584943.571,2.13334109,41.41093965
427660.981,4584943.571,2.13334109,41.41093965
427591.036,4582925.435,2.13274582,41.39275684
427591.036,4582925.435,2.13274582,41.39275684
427668.15,4585388.23,2.13337368,41.41494516
427668.15,4585388.23,2.13337368,41.41494516
429770.2,4582315.489,2.15888022,41.3874566
429770.2,4582315.489,2.15888022,41.3874566
426887.192,4584726.25,2.12411004,41.40891229
426887.192,4584726.25,2.12411004,41.40891229
425497.606,4581866.912,2.1078381,41.38303189
425497.606,4581866.912,2.1078381,41.38303189
429759.751,4578467.215,2.15920131,41.35279544
433196.639,4582968.501,2.19978673,41.39363014
433196.639,4582968.501,2.19978673,41.39363014
431452.23,4583798.161,2.1788285,41.40095577
431452.23,4583798.161,2.1788285,41.40095577
428201.364,4584174.206,2.13989738,41.40405878
428201.364,4584174.206,2.13989738,41.40405878
428201.364,4584174.206,2.13989738,41.40405878
429599.352,4583274.463,2.15672545,41.39607881
429599.352,4583274.463,2.15672545,41.39607881
429599.352,4583274.463,2.15672545,41.39607881
428318.885,4582703.572,2.14147741,41.39082383
428318.885,4582703.572,2.14147741,41.39082383
428973.693,4581930.805,2.14939959,41.38392192
428973.693,4581930.805,2.14939959,41.38392192
428501.187,4579099.867,2.14408303,41.35838273
428501.187,4579099.867,2.14408303,41.35838273
431360.133,4587054.304,2.17735716,41.43027493
431360.133,4587054.304,2.17735716,41.43027493
430725.653,4583251.395,2.17019981,41.39596892
430725.653,4583251.395,2.17019981,41.39596892
429984.722,4582002.035,2.16148203,41.38465213
429984.722,4582002.035,2.16148203,41.38465213
430407.599,4580885.741,2.16666745,41.37463472
430748.018,4580935.138,2.17073223,41.37510901
430748.018,4580935.138,2.17073223,41.37510901
430793.622,4584087.638,2.17091715,41.40350654
430793.622,4584087.638,2.17091715,41.40350654
429738.622,4583469.505,2.15836862,41.39784767
429738.622,4583469.505,2.15836862,41.39784767
430978.263,4583706.756,2.17316935,41.40009194
430978.263,4583706.756,2.17316935,41.40009194
434131.962,4583677.306,2.21089671,41.40009139
434131.962,4583677.306,2.21089671,41.40009139
427876.776,4577933.339,2.13675752,41.34782048
427876.776,4577933.339,2.13675752,41.34782048
428173.369,4580228.731,2.14003052,41.36852084
428173.369,4580228.731,2.14003052,41.36852084
428173.369,4580228.731,2.14003052,41.36852084
431089.062,4584377.386,2.17441831,41.40614161
431089.062,4584377.386,2.17441831,41.40614161
432317.884,4586209.494,2.18891354,41.42274731
432317.884,4586209.494,2.18891354,41.42274731
430121.355,4582099.833,2.16310473,41.38554485
430121.355,4582099.833,2.16310473,41.38554485
430121.355,4582099.833,2.16310473,41.38554485
431013.98,4587077.611,2.17321197,41.43045516
431013.98,4587077.611,2.17321197,41.43045516
430321.166,4583996.528,2.16527593,41.40264512
430321.166,4583996.528,2.16527593,41.40264512
431160.973,4587794.377,2.17488941,41.43692343
430786.778,4582752.657,2.17098797,41.3914822
430786.778,4582752.657,2.17098797,41.3914822
430786.778,4582752.657,2.17098797,41.3914822
430955.382,4580894.893,2.17321631,41.37476436
430955.382,4580894.893,2.17321631,41.37476436
430032.577,4586975.855,2.16147898,41.42945375
430032.577,4586975.855,2.16147898,41.42945375
430032.577,4586975.855,2.16147898,41.42945375
431584.894,4588795.144,2.17984974,41.44597323
431584.894,4588795.144,2.17984974,41.44597323
429996.526,4583374.367,2.16146449,41.39701331
429996.526,4583374.367,2.16146449,41.39701331
429986.013,4582571.152,2.16143165,41.3897781
429986.013,4582571.152,2.16143165,41.3897781
429986.013,4582571.152,2.16143165,41.3897781
431377.949,4588631.831,2.17739112,41.44448466
432583.439,4588920.104,2.19178862,41.44718323
432583.439,4588920.104,2.19178862,41.44718323
430455.937,4581141.884,2.16721602,41.3769459
430455.937,4581141.884,2.16721602,41.3769459
430404.353,4583145.143,2.16636895,41.39498418
430404.353,4583145.143,2.16636895,41.39498418
434515.942,4584120.294,2.21544189,41.40411267
434515.942,4584120.294,2.21544189,41.40411267
428250.74,4581450.638,2.14081087,41.37953304
428250.74,4581450.638,2.14081087,41.37953304
431076.4,4583988.834,2.17431112,41.40264096
431076.4,4583988.834,2.17431112,41.40264096
425157.154,4582015.997,2.10374839,41.38434302
425157.154,4582015.997,2.10374839,41.38434302
425157.154,4582015.997,2.10374839,41.38434302
427557.222,4582526.092,2.13238919,41.38915707
427557.222,4582526.092,2.13238919,41.38915707
431553.566,4584083.988,2.18000834,41.40353877
431553.566,4584083.988,2.18000834,41.40353877
428785.872,4582618.516,2.1470726,41.39009927
428785.872,4582618.516,2.1470726,41.39009927
430230.195,4583742.533,2.164217,41.40034958
430230.195,4583742.533,2.164217,41.40034958
429029.997,4581874.025,2.15007956,41.38341549
429029.997,4581874.025,2.15007956,41.38341549
428129.081,4583091.96,2.13916125,41.39430495
428129.081,4583091.96,2.13916125,41.39430495
428276.087,4585233.522,2.14066564,41.41360628
428276.087,4585233.522,2.14066564,41.41360628
429737.738,4581724.845,2.15856052,41.38213403
429737.738,4581724.845,2.15856052,41.38213403
429737.738,4581724.845,2.15856052,41.38213403
433581.732,4583602.05,2.20432317,41.39936828
433581.732,4583602.05,2.20432317,41.39936828
430080.361,4582095.48,2.16261498,41.38550209
430080.361,4582095.48,2.16261498,41.38550209
429890.607,4582733.69,2.16027179,41.39123371
429890.607,4582733.69,2.16027179,41.39123371
429890.607,4582733.69,2.16027179,41.39123371
434185.025,4583867.82,2.21151071,41.40181165
434185.025,4583867.82,2.21151071,41.40181165
429616.649,4587584.634,2.15643058,41.43490042
429616.649,4587584.634,2.15643058,41.43490042
429616.649,4587584.634,2.15643058,41.43490042
429616.649,4587584.634,2.15643058,41.43490042
428876.649,4583180.871,2.1480922,41.39517224
428876.649,4583180.871,2.1480922,41.39517224
428876.649,4583180.871,2.1480922,41.39517224
432170.004,4588894.116,2.18684253,41.44691432
432170.004,4588894.116,2.18684253,41.44691432
428297.668,4586149.558,2.14081519,41.42185857
428297.668,4586149.558,2.14081519,41.42185857
432080.959,4589299.138,2.18573104,41.45055467
432080.959,4589299.138,2.18573104,41.45055467
425960.022,4582013.56,2.11334996,41.3843954
425960.022,4582013.56,2.11334996,41.3843954
425960.022,4582013.56,2.11334996,41.3843954
425960.022,4582013.56,2.11334996,41.3843954
428206.707,4584157.956,2.13996323,41.4039129
428206.707,4584157.956,2.13996323,41.4039129
431756.231,4583735.028,2.18247207,41.40041303
431756.231,4583735.028,2.18247207,41.40041303
432802.293,4587594.802,2.19455592,41.43526504
432802.293,4587594.802,2.19455592,41.43526504
430693.154,4587074.341,2.1693729,41.43039808
430693.154,4587074.341,2.1693729,41.43039808
430727.694,4584139.785,2.17012252,41.40397054
430727.694,4584139.785,2.17012252,41.40397054
429404.047,4583803.175,2.15432773,41.4008236
427447.874,4584320.903,2.13086624,41.40531233
427447.874,4584320.903,2.13086624,41.40531233
427447.874,4584320.903,2.13086624,41.40531233
428005.458,4582013.964,2.13781084,41.38458478
428005.458,4582013.964,2.13781084,41.38458478
432144.912,4585599.054,2.18691229,41.41723467
432144.912,4585599.054,2.18691229,41.41723467
432144.912,4585599.054,2.18691229,41.41723467
426874.68,4582761.963,2.12419774,41.39121966
426874.68,4582761.963,2.12419774,41.39121966
431183.543,4584280.162,2.17555965,41.40527404
431183.543,4584280.162,2.17555965,41.40527404
432136.057,4588719.901,2.18645576,41.44534235
432136.057,4588719.901,2.18645576,41.44534235
432136.057,4588719.901,2.18645576,41.44534235
431389.907,4588789.73,2.17751631,41.44590782
431389.907,4588789.73,2.17751631,41.44590782
430955.382,4580894.893,2.17321631,41.37476436
430955.382,4580894.893,2.17321631,41.37476436
427520.091,4584373.633,2.13172384,41.40579377
427520.091,4584373.633,2.13172384,41.40579377
432855.239,4584265.7,2.1955594,41.40528523
432855.239,4584265.7,2.1955594,41.40528523
432353.277,4588927.662,2.18903263,41.44723193
432353.277,4588927.662,2.18903263,41.44723193
429122.92,4584616.293,2.15086965,41.40812231
429122.92,4584616.293,2.15086965,41.40812231
429122.92,4584616.293,2.15086965,41.40812231
430430.934,4585118.987,2.1664599,41.41276424
430430.934,4585118.987,2.1664599,41.41276424
433415.375,4582820.982,2.20241919,41.39231963
433415.375,4582820.982,2.20241919,41.39231963
433415.375,4582820.982,2.20241919,41.39231963
430224.724,4582083.493,2.16434281,41.38540667
430224.724,4582083.493,2.16434281,41.38540667
426878.74,4582432.718,2.12428606,41.38825466
426878.74,4582432.718,2.12428606,41.38825466
430955.382,4580894.893,2.17321631,41.37476436
430955.382,4580894.893,2.17321631,41.37476436
430955.382,4580894.893,2.17321631,41.37476436
430686.947,4580381.648,2.17006531,41.37011861
430686.947,4580381.648,2.17006531,41.37011861
432968.51,4589200.555,2.19636698,41.44974143
432968.51,4589200.555,2.19636698,41.44974143
428769.74,4581177.116,2.1470492,41.37711565
428769.74,4581177.116,2.1470492,41.37711565
428100.997,4582507.88,2.13889473,41.38904185
428100.997,4582507.88,2.13889473,41.38904185
432134.809,4584834.857,2.18687719,41.41035093
432134.809,4584834.857,2.18687719,41.41035093
430990.816,4582372.89,2.17347159,41.3880793
430990.816,4582372.89,2.17347159,41.3880793
430427.244,4581159.644,2.16687089,41.37710339
430427.244,4581159.644,2.16687089,41.37710339
433246.601,4585466.473,2.20010865,41.41613288
431444.434,4585303.165,2.17856465,41.4145102
431444.434,4585303.165,2.17856465,41.4145102
428096.586,4583478.941,2.13872661,41.39778743
428096.586,4583478.941,2.13872661,41.39778743
428096.586,4583478.941,2.13872661,41.39778743
431275.837,4583019.166,2.17680695,41.39392453
431275.837,4583019.166,2.17680695,41.39392453
428989.313,4580940.29,2.1497025,41.37500206
428989.313,4580940.29,2.1497025,41.37500206
428989.313,4580940.29,2.1497025,41.37500206
429935.264,4581522.185,2.16094608,41.38032597
429551.721,4582681.467,2.15622475,41.39073373
429551.721,4582681.467,2.15622475,41.39073373
430592.733,4584438.874,2.16847373,41.40665268
430592.733,4584438.874,2.16847373,41.40665268
425510.026,4576880.59,2.10859923,41.33812326
429709.134,4586089.259,2.15771141,41.42144027
429709.134,4586089.259,2.15771141,41.42144027
432669.761,4588795.636,2.19283582,41.44606944
432669.761,4588795.636,2.19283582,41.44606944
432669.761,4588795.636,2.19283582,41.44606944
428160.825,4586626.118,2.13912112,41.4261385
428160.825,4586626.118,2.13912112,41.4261385
433942.826,4585841.274,2.20839791,41.41956618
433942.826,4585841.274,2.20839791,41.41956618
428993.076,4584566.487,2.14932215,41.40766226
431686.606,4584414.63,2.18156249,41.40652808
429954.259,4583471.819,2.16094765,41.39788735
429954.259,4583471.819,2.16094765,41.39788735
433010.802,4584901.86,2.19734991,41.41102794
433010.802,4584901.86,2.19734991,41.41102794
429771.945,4585483.269,2.15853339,41.41598784
429771.945,4585483.269,2.15853339,41.41598784
428278.186,4581579.089,2.14112385,41.3806924
428278.186,4581579.089,2.14112385,41.3806924
427183.332,4581831.13,2.12800116,41.38286404
427183.332,4581831.13,2.12800116,41.38286404
428707.149,4587149.286,2.14559697,41.43089916
428707.149,4587149.286,2.14559697,41.43089916
428649.799,4584149.04,2.14526473,41.40387207
428649.799,4584149.04,2.14526473,41.40387207
432758.379,4581836.017,2.19467063,41.3833936
432758.379,4581836.017,2.19467063,41.3833936
432758.379,4581836.017,2.19467063,41.3833936
430272.36,4587731.06,2.16426132,41.43627645
430272.36,4587731.06,2.16426132,41.43627645
431160.663,4585919.978,2.17509925,41.42004136
431160.663,4585919.978,2.17509925,41.42004136
431884.477,4586892.178,2.18365045,41.42885937
431884.477,4586892.178,2.18365045,41.42885937
428786.858,4587440.808,2.1465165,41.43353185
428786.858,4587440.808,2.1465165,41.43353185
428047.367,4585819.881,2.13785941,41.41886692
428047.367,4585819.881,2.13785941,41.41886692
430261.915,4581225.665,2.16488635,41.3776837
428553.984,4582971.11,2.14425763,41.39325438
428553.984,4582971.11,2.14425763,41.39325438
429689.701,4588056.105,2.15724998,41.43915317
429689.701,4588056.105,2.15724998,41.43915317
429689.701,4588056.105,2.15724998,41.43915317
429188.602,4581929.502,2.15196978,41.38392913
429188.602,4581929.502,2.15196978,41.38392913
433010.802,4584901.86,2.19734991,41.41102794
433010.802,4584901.86,2.19734991,41.41102794
433010.802,4584901.86,2.19734991,41.41102794
435136.403,4585004.951,2.22276939,41.41213091
435136.403,4585004.951,2.22276939,41.41213091
435136.403,4585004.951,2.22276939,41.41213091
433773.788,4584316.511,2.20654229,41.40581911
433773.788,4584316.511,2.20654229,41.40581911
428298.629,4584188.057,2.14105928,41.40419221
428298.629,4584188.057,2.14105928,41.40419221
427237.071,4581573.542,2.12867475,41.3805489
427237.071,4581573.542,2.12867475,41.3805489
431085.838,4582832.691,2.17455568,41.39222874
431085.838,4582832.691,2.17455568,41.39222874
434507.495,4584218.471,2.21533022,41.40499623
434507.495,4584218.471,2.21533022,41.40499623
427237.23,4581703.798,2.128661,41.38172209
427237.23,4581703.798,2.128661,41.38172209
432174.016,4585878.706,2.18722915,41.41975587
432174.016,4585878.706,2.18722915,41.41975587
426846.891,4583738.595,2.12374733,41.40001325
426846.891,4583738.595,2.12374733,41.40001325
429672.423,4584108.567,2.1575025,41.4035977
432278.763,4584102.024,2.18868146,41.40376266
432278.763,4584102.024,2.18868146,41.40376266
431646.625,4583986.732,2.18113253,41.40267074
431646.625,4583986.732,2.18113253,41.40267074
431572.039,4584302.496,2.18020461,41.40550838
431572.039,4584302.496,2.18020461,41.40550838
431572.039,4584302.496,2.18020461,41.40550838
431572.039,4584302.496,2.18020461,41.40550838
431572.039,4584302.496,2.18020461,41.40550838
431572.039,4584302.496,2.18020461,41.40550838
430253.293,4580904.943,2.16482018,41.3747943
430253.293,4580904.943,2.16482018,41.3747943
429161.137,4581740.422,2.15166345,41.38222373
429161.137,4581740.422,2.15166345,41.38222373
429161.137,4581740.422,2.15166345,41.38222373
429717.031,4583257.806,2.15813494,41.39593909
429717.031,4583257.806,2.15813494,41.39593909
427954.947,4582701.104,2.13712502,41.39076907
427954.947,4582701.104,2.13712502,41.39076907
432597.466,4584914.914,2.19240337,41.41111093
432597.466,4584914.914,2.19240337,41.41111093
426939.881,4584873.217,2.12472262,41.41024075
426939.881,4584873.217,2.12472262,41.41024075
431540.686,4585916.557,2.1796468,41.42004304
431964.565,4586733.43,2.18462675,41.42743638
431964.565,4586733.43,2.18462675,41.42743638
433029.582,4584464.477,2.19762303,41.40709011
433029.582,4584464.477,2.19762303,41.40709011
432268.075,4585848.639,2.18835797,41.41949301
432268.075,4585848.639,2.18835797,41.41949301
432157.422,4583295.363,2.18732037,41.39648706
432157.422,4583295.363,2.18732037,41.39648706
431332.807,4588732.68,2.17683931,41.4453891
431332.807,4588732.68,2.17683931,41.4453891
429216.422,4584474.004,2.15200488,41.40684901
429216.422,4584474.004,2.15200488,41.40684901
429875.038,4582418.032,2.16012215,41.38838933
429875.038,4582418.032,2.16012215,41.38838933
429875.038,4582418.032,2.16012215,41.38838933
430039.094,4587123.632,2.16153985,41.43078529
430039.094,4587123.632,2.16153985,41.43078529
429121.812,4587869.525,2.15047488,41.43742277
429121.812,4587869.525,2.15047488,41.43742277
429121.812,4587869.525,2.15047488,41.43742277
429121.812,4587869.525,2.15047488,41.43742277
431334.468,4588769.182,2.17685503,41.44571801
431334.468,4588769.182,2.17685503,41.44571801
432714.854,4582201.498,2.19410951,41.38668176
432714.854,4582201.498,2.19410951,41.38668176
428497.315,4584055.679,2.14345169,41.40301764
428497.315,4584055.679,2.14345169,41.40301764
428963.084,4580901.671,2.14939341,41.37465191
427206.997,4582445.169,2.12821035,41.38839659
427206.997,4582445.169,2.12821035,41.38839659
432560.271,4584671.205,2.19198555,41.4089128
430411.157,4583904.052,2.16636306,41.40182002
427729.24,4579935.033,2.13475559,41.36583583
427729.24,4579935.033,2.13475559,41.36583583
433229.915,4585964.737,2.19985397,41.42061922
433229.915,4585964.737,2.19985397,41.42061922
433229.915,4585964.737,2.19985397,41.42061922
430428.31,4585222.714,2.16641657,41.41369824
430428.31,4585222.714,2.16641657,41.41369824
427093.559,4583661.724,2.12670715,41.39934332
427093.559,4583661.724,2.12670715,41.39934332
431649.43,4587045.012,2.18082034,41.43021591
431649.43,4587045.012,2.18082034,41.43021591
431649.43,4587045.012,2.18082034,41.43021591
431600.451,4583608.3,2.18062297,41.39925839
431600.451,4583608.3,2.18062297,41.39925839
427194.914,4583076.17,2.12798996,41.39407866
432508.776,4585577.91,2.19126829,41.4170749
432508.776,4585577.91,2.19126829,41.4170749
426274.163,4576438.221,2.1177846,41.33420931
426274.163,4576438.221,2.1177846,41.33420931
429498.674,4581189.902,2.15576396,41.37729505
430072.537,4587437.944,2.16190369,41.43361909
430072.537,4587437.944,2.16190369,41.43361909
430072.537,4587437.944,2.16190369,41.43361909
434671.161,4584250.418,2.21728467,41.4052973
429690.649,4586275.767,2.15746853,41.42311846
429690.649,4586275.767,2.15746853,41.42311846
431293.292,4586833.851,2.17658232,41.42828366
431293.292,4586833.851,2.17658232,41.42828366
434131.962,4583677.306,2.21089671,41.40009139
434131.962,4583677.306,2.21089671,41.40009139
425216.24,4582070.109,2.1044483,41.38483588
425216.24,4582070.109,2.1044483,41.38483588
431087.383,4584563.889,2.17437698,41.40782124
431087.383,4584563.889,2.17437698,41.40782124
430978.263,4583706.756,2.17316935,41.40009194
430978.263,4583706.756,2.17316935,41.40009194
431029.277,4580384.135,2.17415802,41.37017044
431029.277,4580384.135,2.17415802,41.37017044
431029.277,4580384.135,2.17415802,41.37017044
432669.761,4588795.636,2.19283582,41.44606944
432669.761,4588795.636,2.19283582,41.44606944
431149.985,4587979.221,2.17473682,41.43858732
431149.985,4587979.221,2.17473682,41.43858732
428458.713,4579056.191,2.14358045,41.35798558
428458.713,4579056.191,2.14358045,41.35798558
428458.713,4579056.191,2.14358045,41.35798558
428458.713,4579056.191,2.14358045,41.35798558
428856.772,4580938.007,2.14811797,41.37496978
428856.772,4580938.007,2.14811797,41.37496978
427504.457,4585298.725,2.13142592,41.41412426
427504.457,4585298.725,2.13142592,41.41412426
429312.018,4583541.861,2.1532574,41.39846196
429312.018,4583541.861,2.1532574,41.39846196
429950.888,4582155.698,2.16105963,41.38603318
429950.888,4582155.698,2.16105963,41.38603318
428825.455,4584342.951,2.14734319,41.40563413
428825.455,4584342.951,2.14734319,41.40563413
429481.174,4585364.563,2.15506825,41.41489322
427128.69,4582130.334,2.12731172,41.3855539
427128.69,4582130.334,2.12731172,41.3855539
428904.075,4584878.809,2.14822071,41.41046735
428904.075,4584878.809,2.14822071,41.41046735
428997.691,4584970.831,2.14932989,41.41130444
428997.691,4584970.831,2.14932989,41.41130444
430586.364,4586901.141,2.16811482,41.4288289
430586.364,4586901.141,2.16811482,41.4288289
430586.364,4586901.141,2.16811482,41.4288289
427343.607,4581494.042,2.12995825,41.37984252
427343.607,4581494.042,2.12995825,41.37984252
430550.11,4585063.912,2.16789206,41.41227851
430550.11,4585063.912,2.16789206,41.41227851
431952.738,4589090.314,2.18421965,41.448663
431952.738,4589090.314,2.18421965,41.448663
431952.738,4589090.314,2.18421965,41.448663
429430.093,4583191.251,2.15471064,41.39531451
429430.093,4583191.251,2.15471064,41.39531451
429430.093,4583191.251,2.15471064,41.39531451
433118.622,4589134.869,2.19817125,41.44916235
432411.1,4585107.286,2.1901522,41.41282792
432411.1,4585107.286,2.1901522,41.41282792
430476.489,4580990.936,2.1674791,41.37558814
430476.489,4580990.936,2.1674791,41.37558814
430476.489,4580990.936,2.1674791,41.37558814
431464.855,4583206.914,2.17904648,41.39563167
431464.855,4583206.914,2.17904648,41.39563167
430477.432,4588211.636,2.16666038,41.4406226
430477.432,4588211.636,2.16666038,41.4406226
432888.886,4582323.453,2.19617731,41.38779473
432888.886,4582323.453,2.19617731,41.38779473
428865.285,4586113.064,2.14761141,41.42158036
428865.285,4586113.064,2.14761141,41.42158036
430277.162,4582833.019,2.1648836,41.39216196
430277.162,4582833.019,2.1648836,41.39216196
430595.647,4583334.94,2.16863523,41.39671017
430595.647,4583334.94,2.16863523,41.39671017
432044.47,4584765.31,2.18580421,41.4097169
432044.47,4584765.31,2.18580421,41.4097169
428499.732,4582666.131,2.14364477,41.39050273
428499.732,4582666.131,2.14364477,41.39050273
428620.393,4583304.621,2.14501258,41.39626409
428620.393,4583304.621,2.14501258,41.39626409
428620.393,4583304.621,2.14501258,41.39626409
429735.285,4582301.519,2.15846428,41.38732773
429735.285,4582301.519,2.15846428,41.38732773
431021.842,4583317.725,2.17373498,41.3965918
431021.842,4583317.725,2.17373498,41.3965918
428387.937,4582688.853,2.14230502,41.39069742
428387.937,4582688.853,2.14230502,41.39069742
432929.912,4589159.713,2.19590946,41.44937035
430403.064,4582955.169,2.16637539,41.39327304
430403.064,4582955.169,2.16637539,41.39327304
430403.064,4582955.169,2.16637539,41.39327304
429578.297,4586995.747,2.15604022,41.42959319
429578.297,4586995.747,2.15604022,41.42959319
432139.356,4585186.754,2.18689209,41.41352075
432139.356,4585186.754,2.18689209,41.41352075
431926.843,4586869.183,2.18416005,41.42865586
431926.843,4586869.183,2.18416005,41.42865586
431926.843,4586869.183,2.18416005,41.42865586
432436.528,4586176.864,2.19033689,41.42246342
432436.528,4586176.864,2.19033689,41.42246342
432436.528,4586176.864,2.19033689,41.42246342
432436.528,4586176.864,2.19033689,41.42246342
430070.461,4581019.033,2.16262086,41.375806
430070.461,4581019.033,2.16262086,41.375806
433398.561,4588436.537,2.20159941,41.44289598
433398.561,4588436.537,2.20159941,41.44289598
433398.561,4588436.537,2.20159941,41.44289598
433398.561,4588436.537,2.20159941,41.44289598
431042.547,4582459.093,2.17408046,41.38886014
431042.547,4582459.093,2.17408046,41.38886014
428875.474,4581460.323,2.14828026,41.37967576
428875.474,4581460.323,2.14828026,41.37967576
428875.474,4581460.323,2.14828026,41.37967576
433752.23,4588498.691,2.20582592,41.44348507
433752.23,4588498.691,2.20582592,41.44348507
432398.314,4587681.013,2.18971133,41.43600759
432398.314,4587681.013,2.18971133,41.43600759
426964.438,4584847,2.12501957,41.41000686
428805.386,4580812.36,2.1475183,41.37383357
428805.386,4580812.36,2.1475183,41.37383357
428805.386,4580812.36,2.1475183,41.37383357
433984.829,4584617.925,2.20903407,41.40855125
430989.251,4582740.713,2.17341095,41.39139204
430989.251,4582740.713,2.17341095,41.39139204
430989.251,4582740.713,2.17341095,41.39139204
431276.93,4583999.471,2.1767087,41.40275394
430989.682,4580871.295,2.17362913,41.37455476
430989.682,4580871.295,2.17362913,41.37455476
428426.482,4578182.185,2.1432983,41.35011081
428426.482,4578182.185,2.1432983,41.35011081
428426.482,4578182.185,2.1432983,41.35011081
430463.328,4584825.314,2.16688123,41.41012203
430463.328,4584825.314,2.16688123,41.41012203
430463.328,4584825.314,2.16688123,41.41012203
429830.925,4582396.046,2.15959712,41.38818746
429830.925,4582396.046,2.15959712,41.38818746
429591.088,4582364.615,2.15673243,41.3878834
429591.088,4582364.615,2.15673243,41.3878834
430023.708,4582612.512,2.1618777,41.3901539
430023.708,4582612.512,2.1618777,41.3901539
427718.431,4579750.57,2.13464835,41.36417347
427718.431,4579750.57,2.13464835,41.36417347
431965.21,4584468.255,2.1848894,41.40703471
431965.21,4584468.255,2.1848894,41.40703471
431705.657,4590778.181,2.18107085,41.46384398
431705.657,4590778.181,2.18107085,41.46384398
427681.172,4575489.983,2.13471073,41.32579637
427681.172,4575489.983,2.13471073,41.32579637
427772.149,4583752.037,2.13481335,41.40021801
430385.232,4582321.236,2.166235,41.38756186
430385.232,4582321.236,2.166235,41.38756186
431926.843,4586869.183,2.18416005,41.42865586
431926.843,4586869.183,2.18416005,41.42865586
427354.251,4582900.129,2.12991683,41.39250755
427354.251,4582900.129,2.12991683,41.39250755
427354.251,4582900.129,2.12991683,41.39250755
431258.873,4580951.93,2.17683873,41.37530407
431258.873,4580951.93,2.17683873,41.37530407
425852.582,4582020.451,2.11206426,41.38444757
425852.582,4582020.451,2.11206426,41.38444757
425608.612,4581940.403,2.10915653,41.38370407
425608.612,4581940.403,2.10915653,41.38370407
425608.612,4581940.403,2.10915653,41.38370407
429257.366,4581833.721,2.1528033,41.38307252
429257.366,4581833.721,2.1528033,41.38307252
431934.162,4584454.656,2.18451949,41.4069096
431934.162,4584454.656,2.18451949,41.4069096
431827.828,4582646.401,2.18345114,41.39061415
431827.828,4582646.401,2.18345114,41.39061415
431827.828,4582646.401,2.18345114,41.39061415
426936.645,4577079.152,2.12562384,41.34004233
426936.645,4577079.152,2.12562384,41.34004233
431724.231,4588823.719,2.1815144,41.44624247
431724.231,4588823.719,2.1815144,41.44624247
430540.211,4584387.379,2.16785133,41.40618435
430540.211,4584387.379,2.16785133,41.40618435
429509.382,4582327.156,2.15575962,41.38753885
429509.382,4582327.156,2.15575962,41.38753885
430862.814,4583620.031,2.17179828,41.39930092
427782.571,4586151.467,2.13465148,41.4218296
434131.962,4583677.306,2.21089671,41.40009139
434131.962,4583677.306,2.21089671,41.40009139
425098.691,4581932.441,2.10305959,41.38358502
425098.691,4581932.441,2.10305959,41.38358502
428073.48,4581289.157,2.13871037,41.3780628
428073.48,4581289.157,2.13871037,41.3780628
431394.903,4586283.411,2.17786079,41.42333473
431394.903,4586283.411,2.17786079,41.42333473
427504.457,4585298.725,2.13142592,41.41412426
427504.457,4585298.725,2.13142592,41.41412426
427028.24,4584882.893,2.12577853,41.41033593
427028.24,4584882.893,2.12577853,41.41033593
430669.373,4584792.601,2.16935002,41.4098452
430669.373,4584792.601,2.16935002,41.4098452
431076.53,4583033.397,2.17442149,41.39403565
431076.53,4583033.397,2.17442149,41.39403565
433196.639,4582968.501,2.19978673,41.39363014
433196.639,4582968.501,2.19978673,41.39363014
427714.854,4583654.888,2.13413961,41.39933787
427714.854,4583654.888,2.13413961,41.39933787
433978.623,4587998.448,2.2085905,41.43899818
433978.623,4587998.448,2.2085905,41.43899818
433978.623,4587998.448,2.2085905,41.43899818
433978.623,4587998.448,2.2085905,41.43899818
431741.339,4583890.145,2.18227644,41.40180886
431741.339,4583890.145,2.18227644,41.40180886
428948.018,4586698.216,2.14853258,41.42685791
428948.018,4586698.216,2.14853258,41.42685791
429393.346,4583246.744,2.15426464,41.39581109
429393.346,4583246.744,2.15426464,41.39581109
428392.988,4584151.546,2.14219236,41.40387179
428392.988,4584151.546,2.14219236,41.40387179
431659.193,4587012.922,2.18094079,41.42992772
431659.193,4587012.922,2.18094079,41.42992772
428698.445,4580793.372,2.14624186,41.37365308
428698.445,4580793.372,2.14624186,41.37365308
432152.017,4586223.702,2.18692719,41.42286128
432152.017,4586223.702,2.18692719,41.42286128
429484.699,4586482.569,2.15498001,41.42496298
429484.699,4586482.569,2.15498001,41.42496298
428532.811,4586759.647,2.14355669,41.42737435
428532.811,4586759.647,2.14355669,41.42737435
429452.6,4582399.396,2.15507213,41.38818452
429452.6,4582399.396,2.15507213,41.38818452
430337.722,4588274.45,2.16498092,41.44117623
430337.722,4588274.45,2.16498092,41.44117623
430337.722,4588274.45,2.16498092,41.44117623
432984.805,4583568.611,2.19718659,41.39901755
432984.805,4583568.611,2.19718659,41.39901755
430673.309,4581290.33,2.16979826,41.37830168
430673.309,4581290.33,2.16979826,41.37830168
430557.124,4584046.906,2.16809273,41.40311928
430557.124,4584046.906,2.16809273,41.40311928
433073.949,4583092.358,2.19830558,41.3947355
433073.949,4583092.358,2.19830558,41.3947355
429735.285,4582301.519,2.15846428,41.38732773
429735.285,4582301.519,2.15846428,41.38732773
425450.717,4582691.65,2.10717583,41.39045559
432508.776,4585577.91,2.19126829,41.4170749
432508.776,4585577.91,2.19126829,41.4170749
426972.629,4584590.065,2.12514859,41.4076935
426972.629,4584590.065,2.12514859,41.4076935
427504.457,4585298.725,2.13142592,41.41412426
427504.457,4585298.725,2.13142592,41.41412426
427504.457,4585298.725,2.13142592,41.41412426
430824.502,4583881.386,2.17131012,41.40165156
430481.091,4583769.906,2.16721503,41.40061786
430481.091,4583769.906,2.16721503,41.40061786
433600.675,4585057.705,2.20438998,41.41248057
433600.675,4585057.705,2.20438998,41.41248057
428426.742,4581528.367,2.1429063,41.38024879
428426.742,4581528.367,2.1429063,41.38024879
432217.32,4588883.976,2.18741006,41.44682699
432217.32,4588883.976,2.18741006,41.44682699
429513.961,4582145.905,2.15583549,41.38590679
429513.961,4582145.905,2.15583549,41.38590679
429361.44,4582684.364,2.15394865,41.39074312
429361.44,4582684.364,2.15394865,41.39074312
429028.666,4580683.296,2.15020315,41.37269087
429028.666,4580683.296,2.15020315,41.37269087
429028.666,4580683.296,2.15020315,41.37269087
428448.423,4582104.046,2.14309754,41.38543566
428448.423,4582104.046,2.14309754,41.38543566
434602.66,4584822.123,2.21640338,41.41044095
432207.284,4583013.699,2.18794833,41.3939544
432207.284,4583013.699,2.18794833,41.3939544
430557.688,4582525.424,2.16827407,41.38941583
430557.688,4582525.424,2.16827407,41.38941583
430270.47,4582167.998,2.16488015,41.38617174
430270.47,4582167.998,2.16488015,41.38617174
430270.47,4582167.998,2.16488015,41.38617174
432731.265,4585377.755,2.19395263,41.41529083
432731.265,4585377.755,2.19395263,41.41529083
430207.913,4582788.324,2.16406051,41.3917534
430207.913,4582788.324,2.16406051,41.3917534
431694.263,4581581.69,2.18197379,41.38101325
431694.263,4581581.69,2.18197379,41.38101325
431925.554,4581989.767,2.18469378,41.38470831
431925.554,4581989.767,2.18469378,41.38470831
429935.264,4581522.185,2.16094608,41.38032597
429935.264,4581522.185,2.16094608,41.38032597
429142.444,4586622.063,2.15086814,41.42618922
429142.444,4586622.063,2.15086814,41.42618922
427725.906,4583693.716,2.13426716,41.39968857
427725.906,4583693.716,2.13426716,41.39968857
430028.144,4583341.238,2.16184651,41.39671768
430028.144,4583341.238,2.16184651,41.39671768
433366.466,4585249.151,2.20156677,41.41418548
433366.466,4585249.151,2.20156677,41.41418548
427222.991,4585010.926,2.12809303,41.41150674
427222.991,4585010.926,2.12809303,41.41150674
431668.712,4586186.917,2.18114812,41.42248899
431668.712,4586186.917,2.18114812,41.42248899
430121.355,4582099.833,2.16310473,41.38554485
430121.355,4582099.833,2.16310473,41.38554485
429737.738,4581724.845,2.15856052,41.38213403
429737.738,4581724.845,2.15856052,41.38213403
429318.419,4582177.218,2.15349332,41.38617165
429318.419,4582177.218,2.15349332,41.38617165
432692.319,4584819.19,2.19354882,41.41025673
432692.319,4584819.19,2.19354882,41.41025673
426578.121,4583122.402,2.12060717,41.39443895
433785.984,4587717.233,2.20631564,41.43644949
433785.984,4587717.233,2.20631564,41.43644949
433282.117,4584794.598,2.20060773,41.41008444
433282.117,4584794.598,2.20060773,41.41008444
427206.997,4582445.169,2.12821035,41.38839659
427206.997,4582445.169,2.12821035,41.38839659
427206.997,4582445.169,2.12821035,41.38839659
427769.455,4582595.225,2.13491918,41.38979881
427769.455,4582595.225,2.13491918,41.38979881
428737.416,4578083.995,2.14702629,41.34925403
428737.416,4578083.995,2.14702629,41.34925403
428683.81,4581215.805,2.14601714,41.3774565
428683.81,4581215.805,2.14601714,41.3774565
428079.963,4584102.764,2.13845364,41.40340447
428079.963,4584102.764,2.13845364,41.40340447
432986.826,4584903.522,2.19706288,41.41104091
432986.826,4584903.522,2.19706288,41.41104091
430109.983,4582647.639,2.16290549,41.39047778
430109.983,4582647.639,2.16290549,41.39047778
430322.695,4581103.458,2.16562719,41.37658828
429544.563,4582114.924,2.15620507,41.38563044
429544.563,4582114.924,2.15620507,41.38563044
433270.097,4583851.529,2.20056796,41.40158946
433270.097,4583851.529,2.20056796,41.40158946
433270.097,4583851.529,2.20056796,41.40158946
433372.349,4585277.855,2.20163399,41.4144445
433372.349,4585277.855,2.20163399,41.4144445
430001.423,4580950.109,2.16180332,41.37517922
430001.423,4580950.109,2.16180332,41.37517922
429197.144,4583444.585,2.15189473,41.39757571
429197.144,4583444.585,2.15189473,41.39757571
429197.144,4583444.585,2.15189473,41.39757571
426255.177,4584147.38,2.11661966,41.40364091
426255.177,4584147.38,2.11661966,41.40364091
434760.326,4584428.458,2.21833214,41.40690811
434760.326,4584428.458,2.21833214,41.40690811
429260.735,4582212.738,2.15279931,41.38648649
429260.735,4582212.738,2.15279931,41.38648649
429260.735,4582212.738,2.15279931,41.38648649
429260.735,4582212.738,2.15279931,41.38648649
429650.923,4581430.435,2.15755655,41.37947478
429650.923,4581430.435,2.15755655,41.37947478
431275.196,4582639.568,2.17684239,41.39050555
431443.79,4584213.245,2.1786805,41.40469359
431443.79,4584213.245,2.1786805,41.40469359
431443.79,4584213.245,2.1786805,41.40469359
431443.79,4584213.245,2.1786805,41.40469359
431443.79,4584213.245,2.1786805,41.40469359
426526.413,4582564.412,2.12005644,41.38940864
426526.413,4582564.412,2.12005644,41.38940864
431352.648,4585787.233,2.17741152,41.41886221
431352.648,4585787.233,2.17741152,41.41886221
431352.648,4585787.233,2.17741152,41.41886221
428711.213,4582610.573,2.14618061,41.39002112
428711.213,4582610.573,2.14618061,41.39002112
428711.213,4582610.573,2.14618061,41.39002112
430888.607,4584181.251,2.1720427,41.40435787
430888.607,4584181.251,2.1720427,41.40435787
435208.312,4584600.721,2.22367303,41.40849591
435208.312,4584600.721,2.22367303,41.40849591
430704.97,4582088.39,2.17008556,41.38549231
430704.97,4582088.39,2.17008556,41.38549231
430840.804,4584341.54,2.17145253,41.40579742
430840.804,4584341.54,2.17145253,41.40579742
431680.725,4581498.825,2.18182125,41.38026576
431680.725,4581498.825,2.18182125,41.38026576
431680.725,4581498.825,2.18182125,41.38026576
433735.578,4585876.8,2.2059142,41.41986908
433735.578,4585876.8,2.2059142,41.41986908
427472.225,4581552.172,2.13148929,41.38037768
427472.225,4581552.172,2.13148929,41.38037768
427980.486,4585452.254,2.13710296,41.41554986
427980.486,4585452.254,2.13710296,41.41554986
431242.622,4580854.666,2.17665545,41.37442665
431242.622,4580854.666,2.17665545,41.37442665
429450.519,4581444.101,2.15515854,41.37958031
429450.519,4581444.101,2.15515854,41.37958031
428187.398,4582219.041,2.13996231,41.38644811
428187.398,4582219.041,2.13996231,41.38644811
431791.368,4582425.957,2.18303991,41.38862558
426009.359,4581867.874,2.11395777,41.38308781
426009.359,4581867.874,2.11395777,41.38308781
428781.49,4583882.045,2.1468715,41.40147902
428781.49,4583882.045,2.1468715,41.40147902
431740.527,4582375.11,2.18243759,41.3881633
431740.527,4582375.11,2.18243759,41.3881633
431361.38,4581841.6,2.17796362,41.38332585
430828.626,4581883.328,2.17158779,41.38365602
430828.626,4581883.328,2.17158779,41.38365602
430828.626,4581883.328,2.17158779,41.38365602
430360.89,4579859.505,2.16622687,41.36538766
428876.917,4581648.35,2.14827543,41.38136938
428876.917,4581648.35,2.14827543,41.38136938
427668.026,4584492.335,2.13347934,41.4068762
427668.026,4584492.335,2.13347934,41.4068762
427253.124,4582427.169,2.12876417,41.38823865
427253.124,4582427.169,2.12876417,41.38823865
432996.942,4588404.961,2.19679564,41.44257815
432996.942,4588404.961,2.19679564,41.44257815
429544.563,4582114.924,2.15620507,41.38563044
429544.563,4582114.924,2.15620507,41.38563044
429073.812,4582402.866,2.15054158,41.38818244
429073.812,4582402.866,2.15054158,41.38818244
428397.643,4586311.711,2.14199225,41.42332793
428397.643,4586311.711,2.14199225,41.42332793
428431.666,4586573.772,2.14236833,41.42569123
428431.666,4586573.772,2.14236833,41.42569123
428431.666,4586573.772,2.14236833,41.42569123
428965.775,4585702.938,2.14886204,41.41789542
428965.775,4585702.938,2.14886204,41.41789542
427954.947,4582701.104,2.13712502,41.39076907
427954.947,4582701.104,2.13712502,41.39076907
433083.445,4585580.971,2.19814385,41.41715055
433083.445,4585580.971,2.19814385,41.41715055
425387.597,4581831.03,2.10652697,41.38269852
425387.597,4581831.03,2.10652697,41.38269852
428173.369,4580228.731,2.14003052,41.36852084
428173.369,4580228.731,2.14003052,41.36852084
428173.369,4580228.731,2.14003052,41.36852084
428989.313,4580940.29,2.1497025,41.37500206
428989.313,4580940.29,2.1497025,41.37500206
432532.764,4582651.237,2.19188171,41.39071718
432532.764,4582651.237,2.19188171,41.39071718
431902.112,4583926.41,2.18419554,41.40214913
425271.78,4582185.562,2.10509824,41.38588087
425271.78,4582185.562,2.10509824,41.38588087
425271.78,4582185.562,2.10509824,41.38588087
428304.9,4580979.019,2.14151432,41.37529016
430876.427,4583046.5,2.17202663,41.39413647
430876.427,4583046.5,2.17202663,41.39413647
427986.519,4583479.436,2.13741002,41.39778204
427986.519,4583479.436,2.13741002,41.39778204
426887.558,4583957.556,2.12420732,41.40198904
426887.558,4583957.556,2.12420732,41.40198904
432103.023,4585021.558,2.18647594,41.4120298
432103.023,4585021.558,2.18647594,41.4120298
431145.899,4587390.968,2.17475497,41.43328879
431145.899,4587390.968,2.17475497,41.43328879
430410.296,4583715.96,2.16637439,41.40012586
430410.296,4583715.96,2.16637439,41.40012586
430410.296,4583715.96,2.16637439,41.40012586
427575.967,4582577.493,2.13260722,41.3896217
427575.967,4582577.493,2.13260722,41.3896217
432888.886,4582323.453,2.19617731,41.38779473
432888.886,4582323.453,2.19617731,41.38779473
427024.808,4577263.644,2.12665525,41.34171198
427024.808,4577263.644,2.12665525,41.34171198
430952.231,4581992.1,2.17305355,41.38464632
428629.155,4580897.196,2.14540113,41.37458205
428629.155,4580897.196,2.14540113,41.37458205
428614.303,4582926.603,2.14498432,41.39285888
428614.303,4582926.603,2.14498432,41.39285888
428614.303,4582926.603,2.14498432,41.39285888
429768.536,4586546.081,2.15836911,41.42555989
429768.536,4586546.081,2.15836911,41.42555989
430321.689,4584187.342,2.16526021,41.40436376
430321.689,4584187.342,2.16526021,41.40436376
429590.08,4583940.253,2.15653707,41.40207454
429590.08,4583940.253,2.15653707,41.40207454
429738.375,4582491.086,2.15847923,41.38903537
429738.375,4582491.086,2.15847923,41.38903537
432262.208,4589063.054,2.1879273,41.44844367
432262.208,4589063.054,2.1879273,41.44844367
432136.057,4588719.901,2.18645576,41.44534235
432136.057,4588719.901,2.18645576,41.44534235
430278.769,4583465.06,2.16483001,41.39785468
430278.769,4583465.06,2.16483001,41.39785468
430987.16,4582551.3,2.17340752,41.38968588
430987.16,4582551.3,2.17340752,41.38968588
431921.352,4588518.436,2.18390842,41.44350965
431921.352,4588518.436,2.18390842,41.44350965
431529.575,4586885.876,2.17940402,41.42877242
431529.575,4586885.876,2.17940402,41.42877242
431538.989,4586117.858,2.17960368,41.42185595
431538.989,4586117.858,2.17960368,41.42185595
428164.392,4585798.893,2.13926212,41.41868836
428164.392,4585798.893,2.13926212,41.41868836
430016.049,4581587.004,2.16190463,41.3809168
430016.049,4581587.004,2.16190463,41.3809168
427950.813,4582086.079,2.13714876,41.38522941
427950.813,4582086.079,2.13714876,41.38522941
433532.626,4586021.374,2.20346988,41.42115445
433532.626,4586021.374,2.20346988,41.42115445
429841.216,4581617.309,2.15981042,41.38117452
429841.216,4581617.309,2.15981042,41.38117452
429841.216,4581617.309,2.15981042,41.38117452
429841.216,4581617.309,2.15981042,41.38117452
433752.23,4588498.691,2.20582592,41.44348507
433752.23,4588498.691,2.20582592,41.44348507
433752.23,4588498.691,2.20582592,41.44348507
430929.666,4585098.964,2.17242907,41.41262694
430929.666,4585098.964,2.17242907,41.41262694
433211.367,4583928.562,2.19985692,41.4022784
433211.367,4583928.562,2.19985692,41.4022784
430932.311,4588508.392,2.17207099,41.44333465
426986.304,4583587.581,2.12543316,41.3986658
426986.304,4583587.581,2.12543316,41.3986658
429644.791,4578490.83,2.15782445,41.35299809
429644.791,4578490.83,2.15782445,41.35299809
428642.476,4583717.522,2.14522803,41.39998489
428642.476,4583717.522,2.14522803,41.39998489
431774.77,4582306.249,2.18285489,41.38754599
430955.921,4580199.293,2.17330202,41.36849932
430955.921,4580199.293,2.17330202,41.36849932
425907.207,4576031.059,2.11344933,41.33050847
425907.207,4576031.059,2.11344933,41.33050847
428019.573,4579758.805,2.13824757,41.36427464
428019.573,4579758.805,2.13824757,41.36427464
433537.028,4587671.317,2.20334104,41.43601536
433537.028,4587671.317,2.20334104,41.43601536
433083.445,4585580.971,2.19814385,41.41715055
433083.445,4585580.971,2.19814385,41.41715055
430831.846,4587459.011,2.17098863,41.43387462
430234.329,4588663.959,2.16369837,41.4446754
430234.329,4588663.959,2.16369837,41.4446754
430515.243,4579432.98,2.16812112,41.3615594
430515.243,4579432.98,2.16812112,41.3615594
430515.243,4579432.98,2.16812112,41.3615594
431785.32,4584048.595,2.18278467,41.40323971
431785.32,4584048.595,2.18278467,41.40323971
427163.846,4581781.702,2.12777409,41.38241709
427163.846,4581781.702,2.12777409,41.38241709
427354.251,4582900.129,2.12991683,41.39250755
427354.251,4582900.129,2.12991683,41.39250755
431372.26,4580981.671,2.17819116,41.37558162
431372.26,4580981.671,2.17819116,41.37558162
431372.26,4580981.671,2.17819116,41.37558162
433387.03,4585365.501,2.20179999,41.41523512
433387.03,4585365.501,2.20179999,41.41523512
433387.03,4585365.501,2.20179999,41.41523512
428807.417,4582586.379,2.14733405,41.38981173
428807.417,4582586.379,2.14733405,41.38981173
431043.274,4581103.499,2.17424351,41.37665076
429719.39,4586958.325,2.15773306,41.42926851
429719.39,4586958.325,2.15773306,41.42926851
429719.39,4586958.325,2.15773306,41.42926851
428665.999,4584343.609,2.14543557,41.40562591
428665.999,4584343.609,2.14543557,41.40562591
430113.607,4582297.47,2.16298925,41.38732424
430113.607,4582297.47,2.16298925,41.38732424
428408.372,4582110.786,2.14261778,41.3854928
428408.372,4582110.786,2.14261778,41.3854928
428389.44,4586359.406,2.14188843,41.42375677
428389.44,4586359.406,2.14188843,41.42375677
432751.35,4582465.56,2.19451665,41.38906315
432751.35,4582465.56,2.19451665,41.38906315
429778.94,4582816.94,2.15892658,41.39197377
429778.94,4582816.94,2.15892658,41.39197377
428875.861,4580985.946,2.14834058,41.37540324
428875.861,4580985.946,2.14834058,41.37540324
428875.861,4580985.946,2.14834058,41.37540324
429374.693,4582153.123,2.15416912,41.38595958
429374.693,4582153.123,2.15416912,41.38595958
433559.898,4584512.335,2.20396202,41.40756519
433559.898,4584512.335,2.20396202,41.40756519
428388.424,4583074.666,2.1422652,41.39417234
429683.778,4584605.512,2.15758057,41.4080745
429683.778,4584605.512,2.15758057,41.4080745
426647.543,4584456.466,2.12127577,41.40646062
426647.543,4584456.466,2.12127577,41.40646062
426647.543,4584456.466,2.12127577,41.40646062
430980.022,4583895.783,2.17316883,41.40179461
430980.022,4583895.783,2.17316883,41.40179461
433010.802,4584901.86,2.19734991,41.41102794
433010.802,4584901.86,2.19734991,41.41102794
432259.002,4589116.236,2.18788294,41.44892239
432259.002,4589116.236,2.18788294,41.44892239
428623.71,4581415.947,2.1452749,41.37925378
428623.71,4581415.947,2.1452749,41.37925378
431573.259,4584118.767,2.18023998,41.40385369
431573.259,4584118.767,2.18023998,41.40385369
431573.259,4584118.767,2.18023998,41.40385369
430278.769,4583465.06,2.16483001,41.39785468
430278.769,4583465.06,2.16483001,41.39785468
430915.594,4584538.254,2.17232476,41.40757559
430915.594,4584538.254,2.17232476,41.40757559
427265.973,4576644.808,2.12961157,41.33616015
427265.973,4576644.808,2.12961157,41.33616015
432170.015,4581453.203,2.18767738,41.37989627
426998.274,4582457.093,2.12571269,41.38848506
426998.274,4582457.093,2.12571269,41.38848506
431246.499,4583153.045,2.17644084,41.39512783
431246.499,4583153.045,2.17644084,41.39512783
429450.519,4581444.101,2.15515854,41.37958031
429450.519,4581444.101,2.15515854,41.37958031
427728.393,4583251.814,2.13434969,41.39570876
427728.393,4583251.814,2.13434969,41.39570876
430543.616,4580942.83,2.16828728,41.37516066
430543.616,4580942.83,2.16828728,41.37516066
430543.616,4580942.83,2.16828728,41.37516066
426793.069,4582325.321,2.12327446,41.38727958
426793.069,4582325.321,2.12327446,41.38727958
430118.816,4585297.761,2.16270503,41.41434729
430118.816,4585297.761,2.16270503,41.41434729
431964.565,4586733.43,2.18462675,41.42743638
431964.565,4586733.43,2.18462675,41.42743638
431964.565,4586733.43,2.18462675,41.42743638
427857.412,4585039.151,2.13567973,41.41181817
427857.412,4585039.151,2.13567973,41.41181817
428628.568,4585232.039,2.14488295,41.41362433
431148.236,4585464.75,2.17500241,41.41594021
431148.236,4585464.75,2.17500241,41.41594021
428270.55,4584213.391,2.14072038,41.40441788
428270.55,4584213.391,2.14072038,41.40441788
430347.136,4584227.582,2.16555999,41.4047284
430347.136,4584227.582,2.16555999,41.4047284
432125.668,4586209.556,2.18661349,41.42273165
432125.668,4586209.556,2.18661349,41.42273165
427139.419,4580976.025,2.12757889,41.37515846
427139.419,4580976.025,2.12757889,41.37515846
427139.419,4580976.025,2.12757889,41.37515846
428500.637,4581652.192,2.14377533,41.38137062
428500.637,4581652.192,2.14377533,41.38137062
431420.35,4586345.83,2.17815821,41.42389909
431420.35,4586345.83,2.17815821,41.42389909
431320.585,4583309.034,2.17730928,41.39653911
431320.585,4583309.034,2.17730928,41.39653911
433545.579,4582976.403,2.20395943,41.39373025
433545.579,4582976.403,2.20395943,41.39373025
428506.752,4581560.305,2.14385929,41.38054357
428506.752,4581560.305,2.14385929,41.38054357
431931.309,4584263.018,2.18450693,41.40518333
431931.309,4584263.018,2.18450693,41.40518333
429649.258,4582966.26,2.1573582,41.3933073
429649.258,4582966.26,2.1573582,41.3933073
431289.374,4587042.471,2.17651171,41.43016229
431289.374,4587042.471,2.17651171,41.43016229
431107.921,4585559.271,2.17450927,41.41678807
431107.921,4585559.271,2.17450927,41.41678807
431107.921,4585559.271,2.17450927,41.41678807
431107.921,4585559.271,2.17450927,41.41678807
425793.283,4576254.386,2.11206078,41.33250941
425793.283,4576254.386,2.11206078,41.33250941
431264.147,4588177.674,2.17608063,41.44038449
431264.147,4588177.674,2.17608063,41.44038449
430132.33,4584001.192,2.16301649,41.40267073
430132.33,4584001.192,2.16301649,41.40267073
431076.53,4583033.397,2.17442149,41.39403565
431076.53,4583033.397,2.17442149,41.39403565
433372.349,4585277.855,2.20163399,41.4144445
433372.349,4585277.855,2.20163399,41.4144445
431870.033,4587039.841,2.18346095,41.4301881
431870.033,4587039.841,2.18346095,41.4301881
426547.5,4581239.979,2.12046927,41.37748195
426547.5,4581239.979,2.12046927,41.37748195
427689.697,4581101.581,2.13414363,41.37633896
427689.697,4581101.581,2.13414363,41.37633896
434085.597,4583651.373,2.21034492,41.39985402
434085.597,4583651.373,2.21034492,41.39985402
431298.235,4587042.234,2.17661778,41.43016092
431298.235,4587042.234,2.17661778,41.43016092
431258.873,4580951.93,2.17683873,41.37530407
431258.873,4580951.93,2.17683873,41.37530407
430335.303,4582343.663,2.1656353,41.38775952
430335.303,4582343.663,2.1656353,41.38775952
429362.653,4580936.133,2.15416707,41.37499749
429362.653,4580936.133,2.15416707,41.37499749
428538.298,4580585.857,2.14435147,41.37176985
428538.298,4580585.857,2.14435147,41.37176985
429031.874,4584373.7,2.14980891,41.40592933
429031.874,4584373.7,2.14980891,41.40592933
431373.966,4583113.775,2.17796991,41.39478503
431373.966,4583113.775,2.17796991,41.39478503
431631.595,4587876.453,2.18051279,41.4377029
429738.622,4583469.505,2.15836862,41.39784767
429738.622,4583469.505,2.15836862,41.39784767
430147.04,4580256.908,2.16362441,41.36894841
430147.04,4580256.908,2.16362441,41.36894841
431166.294,4585616.306,2.17520121,41.41730678
431166.294,4585616.306,2.17520121,41.41730678
428501.187,4579099.867,2.14408303,41.35838273
431774.77,4582306.249,2.18285489,41.38754599
428560.641,4582872.871,2.14434884,41.39237017
428560.641,4582872.871,2.14434884,41.39237017
427003.921,4581122.261,2.1259411,41.37646327
427003.921,4581122.261,2.1259411,41.37646327
431359.217,4586651.004,2.17739201,41.42664246
431359.217,4586651.004,2.17739201,41.42664246
433921.819,4583636.674,2.20838743,41.39970818
427766.034,4587215.798,2.13432637,41.43141406
429900.344,4585458.892,2.16007247,41.4157795
429900.344,4585458.892,2.16007247,41.4157795
431031.958,4582330.31,2.17396848,41.38769933
428130.444,4579739.321,2.13957535,41.36410906
428130.444,4579739.321,2.13957535,41.36410906
431754.156,4588342.015,2.18192707,41.44190648
431754.156,4588342.015,2.18192707,41.44190648
428766.375,4583827.509,2.14669712,41.4009865
428766.375,4583827.509,2.14669712,41.4009865
428408.32,4586457.54,2.14210273,41.4246423
428408.32,4586457.54,2.14210273,41.4246423
428523.771,4586830.802,2.14344009,41.4280144
428523.771,4586830.802,2.14344009,41.4280144
428523.771,4586830.802,2.14344009,41.4280144
430880.868,4583424.288,2.1720366,41.39753948
430880.868,4583424.288,2.1720366,41.39753948
430101.82,4584814.55,2.16255753,41.40999371
430101.82,4584814.55,2.16255753,41.40999371
426354.894,4581588.426,2.11812382,41.38060266
426354.894,4581588.426,2.11812382,41.38060266
426354.894,4581588.426,2.11812382,41.38060266
426354.894,4581588.426,2.11812382,41.38060266
426354.894,4581588.426,2.11812382,41.38060266
429296.339,4582231.267,2.15322295,41.38665651
429296.339,4582231.267,2.15322295,41.38665651
433406.969,4582829.315,2.20231773,41.39239399
433406.969,4582829.315,2.20231773,41.39239399
430498.665,4583050.268,2.16750791,41.39413783
430498.665,4583050.268,2.16750791,41.39413783
427550.209,4583645.022,2.13217137,41.39923418
432228.272,4583578.714,2.18813608,41.3990451
432228.272,4583578.714,2.18813608,41.3990451
431705.782,4584260.583,2.18180928,41.40514226
431705.782,4584260.583,2.18180928,41.40514226
431277.266,4584186.433,2.17669147,41.40443788
430856.459,4582782.323,2.17181797,41.3917554
430856.459,4582782.323,2.17181797,41.3917554
429445.102,4580699.514,2.15518047,41.37287357
429445.102,4580699.514,2.15518047,41.37287357
429445.102,4580699.514,2.15518047,41.37287357
431494.241,4588658.113,2.17878016,41.44473131
431494.241,4588658.113,2.17878016,41.44473131
430251.51,4582138.134,2.16465685,41.38590112
430251.51,4582138.134,2.16465685,41.38590112
430562.061,4583091.204,2.16826146,41.39451201
430562.061,4583091.204,2.16826146,41.39451201
429717.031,4583257.806,2.15813494,41.39593909
429717.031,4583257.806,2.15813494,41.39593909
429717.031,4583257.806,2.15813494,41.39593909
428077.534,4585687.205,2.13823615,41.41767466
428077.534,4585687.205,2.13823615,41.41767466
429210.569,4579529.85,2.15251284,41.36231817
429210.569,4579529.85,2.15251284,41.36231817
429210.569,4579529.85,2.15251284,41.36231817
426339.271,4582176.37,2.11786549,41.38589659
426339.271,4582176.37,2.11786549,41.38589659
427694.874,4584403.281,2.13381117,41.40607654
427694.874,4584403.281,2.13381117,41.40607654
428808.792,4584869.343,2.14708189,41.41037366
428808.792,4584869.343,2.14708189,41.41037366
433072.055,4589234.307,2.19760276,41.45005406
433072.055,4589234.307,2.19760276,41.45005406
433072.055,4589234.307,2.19760276,41.45005406
430880.868,4583424.288,2.1720366,41.39753948
430880.868,4583424.288,2.1720366,41.39753948
430880.868,4583424.288,2.1720366,41.39753948
427987.342,4583799.381,2.13738178,41.40066372
427987.342,4583799.381,2.13738178,41.40066372
432858.654,4588893.722,2.19508603,41.4469687
432858.654,4588893.722,2.19508603,41.4469687
432339.931,4587024.968,2.18908606,41.43009388
432339.931,4587024.968,2.18908606,41.43009388
430360.627,4580665.532,2.1661311,41.37264729
430360.627,4580665.532,2.1661311,41.37264729
430360.627,4580665.532,2.1661311,41.37264729
428846.973,4581634.74,2.14791895,41.38124415
428846.973,4581634.74,2.14791895,41.38124415
427954.947,4582701.104,2.13712502,41.39076907
427954.947,4582701.104,2.13712502,41.39076907
432128.963,4581595.208,2.18717056,41.38117181
432128.963,4581595.208,2.18717056,41.38117181
430907.071,4581728.756,2.17254353,41.38227058
428744.956,4583316.601,2.14650107,41.39638305
428744.956,4583316.601,2.14650107,41.39638305
428373.45,4586366.573,2.14169625,41.42381989
428373.45,4586366.573,2.14169625,41.42381989
427714.854,4583654.888,2.13413961,41.39933787
427714.854,4583654.888,2.13413961,41.39933787
425419.34,4581867.111,2.10690213,41.38302643
425419.34,4581867.111,2.10690213,41.38302643
430050.679,4582840.19,2.16217396,41.39220687
430050.679,4582840.19,2.16217396,41.39220687
431320.576,4586117.347,2.17699026,41.4218327
431320.576,4586117.347,2.17699026,41.4218327
431320.576,4586117.347,2.17699026,41.4218327
432242.224,4586581.614,2.18796648,41.4260925
429415.463,4582536.537,2.154612,41.38941644
429415.463,4582536.537,2.154612,41.38941644
430178.788,4585068.123,2.16344907,41.41228425
430178.788,4585068.123,2.16344907,41.41228425
430178.788,4585068.123,2.16344907,41.41228425
426517.058,4582776.18,2.11991885,41.3913151
426517.058,4582776.18,2.11991885,41.3913151
433989.954,4585604.07,2.20898772,41.41743362
433989.954,4585604.07,2.20898772,41.41743362
431093.353,4587650.97,2.17409645,41.43562602
431093.353,4587650.97,2.17409645,41.43562602
427291.89,4581005.629,2.12939844,41.37543889
427291.89,4581005.629,2.12939844,41.37543889
427683.062,4581527.651,2.13401343,41.38017582
427683.062,4581527.651,2.13401343,41.38017582
427683.062,4581527.651,2.13401343,41.38017582
427683.062,4581527.651,2.13401343,41.38017582
427683.062,4581527.651,2.13401343,41.38017582
431085.838,4582832.691,2.17455568,41.39222874
431085.838,4582832.691,2.17455568,41.39222874
433513.799,4586375.301,2.20320565,41.4243406
433513.799,4586375.301,2.20320565,41.4243406
431890.581,4587477.645,2.18365749,41.43413299
431890.581,4587477.645,2.18365749,41.43413299
431122.086,4586910.292,2.17452479,41.42895747
431122.086,4586910.292,2.17452479,41.42895747
432814.832,4588964.432,2.19455358,41.44760189
432814.832,4588964.432,2.19455358,41.44760189
432814.832,4588964.432,2.19455358,41.44760189
433145.52,4584957.571,2.1989555,41.41154094
433145.52,4584957.571,2.1989555,41.41154094
428355.814,4581673.008,2.14204103,41.38154521
428355.814,4581673.008,2.14204103,41.38154521
433406.969,4582829.315,2.20231773,41.39239399
433406.969,4582829.315,2.20231773,41.39239399
429121.812,4587869.525,2.15047488,41.43742277
429121.812,4587869.525,2.15047488,41.43742277
429121.812,4587869.525,2.15047488,41.43742277
426924.408,4582511.836,2.12482268,41.38897139
426924.408,4582511.836,2.12482268,41.38897139
430187.727,4582930.627,2.16380267,41.39303332
430187.727,4582930.627,2.16380267,41.39303332
429430.093,4583191.251,2.15471064,41.39531451
429430.093,4583191.251,2.15471064,41.39531451
429885.481,4588089.588,2.15958938,41.43947186
429885.481,4588089.588,2.15958938,41.43947186
433020.936,4585488.662,2.19740615,41.41631395
433020.936,4585488.662,2.19740615,41.41631395
429641.975,4581631.115,2.15742623,41.38128146
432296.478,4589101.926,2.18833317,41.44879667
432296.478,4589101.926,2.18833317,41.44879667
429809.144,4583287.657,2.15923324,41.396216
429809.144,4583287.657,2.15923324,41.396216
434134.782,4585450.249,2.21073735,41.41606009
434134.782,4585450.249,2.21073735,41.41606009
425450.717,4582691.65,2.10717583,41.39045559
425450.717,4582691.65,2.10717583,41.39045559
430121.355,4582099.833,2.16310473,41.38554485
430121.355,4582099.833,2.16310473,41.38554485
430121.355,4582099.833,2.16310473,41.38554485
430121.355,4582099.833,2.16310473,41.38554485
427445.761,4580770.927,2.1312664,41.37333892
427445.761,4580770.927,2.1312664,41.37333892
429159.077,4581551.83,2.15166088,41.38052497
429159.077,4581551.83,2.15166088,41.38052497
430793.068,4583897.513,2.17093226,41.4017941
432375.072,4589480.959,2.18923153,41.45221712
432375.072,4589480.959,2.18923153,41.45221712
429249.541,4584681.623,2.1523768,41.40872187
429249.541,4584681.623,2.1523768,41.40872187
427028.33,4575592.866,2.12689818,41.32666414
430073.22,4582275.663,2.16250877,41.38712432
430073.22,4582275.663,2.16250877,41.38712432
430073.22,4582275.663,2.16250877,41.38712432
430073.22,4582275.663,2.16250877,41.38712432
431926.843,4586869.183,2.18416005,41.42865586
431926.843,4586869.183,2.18416005,41.42865586
427100.733,4581691.721,2.12703019,41.38160096
427100.733,4581691.721,2.12703019,41.38160096
427557.222,4582526.092,2.13238919,41.38915707
427557.222,4582526.092,2.13238919,41.38915707
427557.222,4582526.092,2.13238919,41.38915707
432508.615,4586401.382,2.19117441,41.42449164
432727.246,4588841.535,2.19351883,41.44648766
432727.246,4588841.535,2.19351883,41.44648766
431837.23,4584359.618,2.1833706,41.4060454
431837.23,4584359.618,2.1833706,41.4060454
425534.859,4582570.14,2.1081971,41.38936901
425534.859,4582570.14,2.1081971,41.38936901
430360.89,4579859.505,2.16622687,41.36538766
429841.216,4581617.309,2.15981042,41.38117452
429841.216,4581617.309,2.15981042,41.38117452
429880.034,4582139.624,2.16021414,41.38588223
429880.034,4582139.624,2.16021414,41.38588223
433929.712,4583770.11,2.20846727,41.40091065
433929.712,4583770.11,2.20846727,41.40091065
431926.843,4586869.183,2.18416005,41.42865586
431926.843,4586869.183,2.18416005,41.42865586
429405.447,4588011.508,2.15385298,41.43872655
429405.447,4588011.508,2.15385298,41.43872655
429405.447,4588011.508,2.15385298,41.43872655
428386.831,4580810.909,2.14251385,41.37378335
428386.831,4580810.909,2.14251385,41.37378335
428386.831,4580810.909,2.14251385,41.37378335
432378.795,4581951.787,2.19011833,41.38440448
432378.795,4581951.787,2.19011833,41.38440448
426167.387,4584163.241,2.11556755,41.4037757
426167.387,4584163.241,2.11556755,41.4037757
426167.387,4584163.241,2.11556755,41.4037757
427090.863,4582325.588,2.12683584,41.38730905
427090.863,4582325.588,2.12683584,41.38730905
428867.547,4584605.743,2.14781582,41.40800472
428867.547,4584605.743,2.14781582,41.40800472
428867.547,4584605.743,2.14781582,41.40800472
427269.906,4581441.242,2.12908328,41.3793603
431209.147,4587059.186,2.1755497,41.43030597
431209.147,4587059.186,2.1755497,41.43030597
431209.147,4587059.186,2.1755497,41.43030597
427535.314,4582884.756,2.13208425,41.39238543
427535.314,4582884.756,2.13208425,41.39238543
433653.973,4586136.524,2.20490924,41.42220161
433653.973,4586136.524,2.20490924,41.42220161
430852.191,4584805.774,2.17153567,41.40997961
430852.191,4584805.774,2.17153567,41.40997961
430852.191,4584805.774,2.17153567,41.40997961
432347.299,4589950.644,2.18884639,41.45644506
432347.299,4589950.644,2.18884639,41.45644506
431501.032,4584527.216,2.17932971,41.40752631
431501.032,4584527.216,2.17932971,41.40752631
431648.75,4585130.156,2.18102874,41.41296939
429096.918,4580720.581,2.15101487,41.3730327
429096.918,4580720.581,2.15101487,41.3730327
429572.145,4580708.879,2.1566984,41.37296905
429572.145,4580708.879,2.1566984,41.37296905
431594.231,4587624.645,2.18009411,41.43543177
431594.231,4587624.645,2.18009411,41.43543177
427575.967,4582577.493,2.13260722,41.3896217
427575.967,4582577.493,2.13260722,41.3896217
431063.782,4582985.103,2.17427452,41.39359958
431063.782,4582985.103,2.17427452,41.39359958
429160.343,4580595.299,2.15178787,41.37190991
431603.548,4585443.432,2.18045249,41.41578711
431603.548,4585443.432,2.18045249,41.41578711
432546.877,4588759.825,2.19136887,41.44573658
432546.877,4588759.825,2.19136887,41.44573658
430972.703,4580188.48,2.1735039,41.36840337
430972.703,4580188.48,2.1735039,41.36840337
429854.223,4582622.175,2.15984955,41.39022616
429854.223,4582622.175,2.15984955,41.39022616
431332.807,4588732.68,2.17683931,41.4453891
431332.807,4588732.68,2.17683931,41.4453891
427214.953,4583514.38,2.12817693,41.39802726
427214.953,4583514.38,2.12817693,41.39802726
427214.953,4583514.38,2.12817693,41.39802726
427214.953,4583514.38,2.12817693,41.39802726
427214.953,4583514.38,2.12817693,41.39802726
427214.953,4583514.38,2.12817693,41.39802726
427214.953,4583514.38,2.12817693,41.39802726
427214.953,4583514.38,2.12817693,41.39802726
432127.702,4584285.311,2.18685382,41.40540073
432127.702,4584285.311,2.18685382,41.40540073
432127.702,4584285.311,2.18685382,41.40540073
429571.616,4581597.511,2.15658877,41.38097264
429571.616,4581597.511,2.15658877,41.38097264
429571.616,4581597.511,2.15658877,41.38097264
428081.564,4582328.447,2.13868362,41.38742403
428081.564,4582328.447,2.13868362,41.38742403
432560.166,4586197.85,2.191814,41.42266282
432560.166,4586197.85,2.191814,41.42266282
426771.167,4584613.547,2.12273565,41.40788666
426771.167,4584613.547,2.12273565,41.40788666
426771.167,4584613.547,2.12273565,41.40788666
432313.788,4581326.412,2.18941081,41.37876642
432313.788,4581326.412,2.18941081,41.37876642
432313.788,4581326.412,2.18941081,41.37876642
427052.99,4584880.784,2.12607488,41.41031918
427052.99,4584880.784,2.12607488,41.41031918
427334.546,4580410.564,2.12997986,41.37008322
427334.546,4580410.564,2.12997986,41.37008322
427334.546,4580410.564,2.12997986,41.37008322
430590.233,4582764.013,2.16863594,41.39156754
430590.233,4582764.013,2.16863594,41.39156754
430798.026,4582553.369,2.17114527,41.38968825
430798.026,4582553.369,2.17114527,41.38968825
431843.449,4583785.44,2.18350968,41.40087448
431843.449,4583785.44,2.18350968,41.40087448
433948.862,4583264.96,2.20875149,41.39636245
433948.862,4583264.96,2.20875149,41.39636245
431266.996,4583221.108,2.17667828,41.39574261
431266.996,4583221.108,2.17667828,41.39574261
428270.55,4584213.391,2.14072038,41.40441788
428270.55,4584213.391,2.14072038,41.40441788
428270.55,4584213.391,2.14072038,41.40441788
428033.308,4582441.47,2.13809308,41.38843767
428033.308,4582441.47,2.13809308,41.38843767
431582.27,4582754.76,2.18050199,41.39156924
431582.27,4582754.76,2.18050199,41.39156924
432301.131,4582733.752,2.18910211,41.3914409
432301.131,4582733.752,2.18910211,41.3914409
433948.862,4583264.96,2.20875149,41.39636245
427607.673,4585312.481,2.13265917,41.41425747
427607.673,4585312.481,2.13265917,41.41425747
430322.695,4581103.458,2.16562719,41.37658828
430277.162,4582833.019,2.1648836,41.39216196
430277.162,4582833.019,2.1648836,41.39216196
430602.498,4583903.413,2.16865197,41.40183081
430602.498,4583903.413,2.16865197,41.40183081
430602.498,4583903.413,2.16865197,41.40183081
430602.498,4583903.413,2.16865197,41.40183081
429616.298,4587466.436,2.15644015,41.43383583
429616.298,4587466.436,2.15644015,41.43383583
429616.298,4587466.436,2.15644015,41.43383583
429616.298,4587466.436,2.15644015,41.43383583
432503.366,4588216.801,2.19090875,41.44084209
432503.366,4588216.801,2.19090875,41.44084209
431626.511,4588805.263,2.18034676,41.44606791
431626.511,4588805.263,2.18034676,41.44606791
431626.511,4588805.263,2.18034676,41.44606791
429786.921,4579383.12,2.15942003,41.36104711
432286.436,4589066.015,2.18821699,41.44847239
432286.436,4589066.015,2.18821699,41.44847239
432286.436,4589066.015,2.18821699,41.44847239
432286.436,4589066.015,2.18821699,41.44847239
428373.45,4586366.573,2.14169625,41.42381989
427994.377,4583819.103,2.13746358,41.40084198
427994.377,4583819.103,2.13746358,41.40084198
426410.269,4581606.196,2.11878384,41.38076778
426410.269,4581606.196,2.11878384,41.38076778
426410.269,4581606.196,2.11878384,41.38076778
430748.018,4580935.138,2.17073223,41.37510901
432039.406,4583858.994,2.18584545,41.40155356
432039.406,4583858.994,2.18584545,41.40155356
431655.141,4586281.206,2.18097507,41.42333706
432126.559,4581508.329,2.18715155,41.38038911
432126.559,4581508.329,2.18715155,41.38038911
432126.559,4581508.329,2.18715155,41.38038911
430850.637,4583648.777,2.17164935,41.39955877
430850.637,4583648.777,2.17164935,41.39955877
429180.514,4583315.955,2.15171086,41.39641572
433225.705,4585921.933,2.19980833,41.42023335
433225.705,4585921.933,2.19980833,41.42023335
433225.705,4585921.933,2.19980833,41.42023335
431405.112,4583967.858,2.17824563,41.40248017
431405.112,4583967.858,2.17824563,41.40248017
431405.112,4583967.858,2.17824563,41.40248017
428559.101,4585045.49,2.14407388,41.41193798
428559.101,4585045.49,2.14407388,41.41193798
429634.844,4581829.774,2.15731788,41.38307009
429634.844,4581829.774,2.15731788,41.38307009
429634.844,4581829.774,2.15731788,41.38307009
429427.507,4580915.726,2.15494492,41.37481939
429427.507,4580915.726,2.15494492,41.37481939
430630.157,4588374.585,2.16846966,41.44210344
430630.157,4588374.585,2.16846966,41.44210344
430630.157,4588374.585,2.16846966,41.44210344
430630.157,4588374.585,2.16846966,41.44210344
431226.564,4590710.994,2.17534209,41.4631979
431226.564,4590710.994,2.17534209,41.4631979
431410.432,4587304.109,2.17793074,41.43252913
431410.432,4587304.109,2.17793074,41.43252913
429275.066,4587922.899,2.15230286,41.43791701
429275.066,4587922.899,2.15230286,41.43791701
432163.174,4588427.748,2.18681318,41.44271333
432163.174,4588427.748,2.18681318,41.44271333
432163.174,4588427.748,2.18681318,41.44271333
433925.278,4588192.736,2.20793076,41.44074369
433925.278,4588192.736,2.20793076,41.44074369
433925.278,4588192.736,2.20793076,41.44074369
427630.578,4582522.595,2.13326692,41.38913218
427630.578,4582522.595,2.13326692,41.38913218
427630.578,4582522.595,2.13326692,41.38913218
431246.499,4583153.045,2.17644084,41.39512783
431246.499,4583153.045,2.17644084,41.39512783
431535.136,4581234.716,2.18011012,41.37787461
431535.136,4581234.716,2.18011012,41.37787461
427200.372,4583487.593,2.12800575,41.39778468
427200.372,4583487.593,2.12800575,41.39778468
431613.751,4585760.467,2.18053871,41.41864342
431613.751,4585760.467,2.18053871,41.41864342
434078.332,4585946.199,2.21000786,41.42052235
434078.332,4585946.199,2.21000786,41.42052235
427269.906,4581441.242,2.12908328,41.3793603
427269.906,4581441.242,2.12908328,41.3793603
429001.923,4583052.429,2.14960564,41.39402648
431336.657,4586128.965,2.17718136,41.4219387
431336.657,4586128.965,2.17718136,41.4219387
431336.657,4586128.965,2.17718136,41.4219387
430311.08,4582286.328,2.1653522,41.38724102
430311.08,4582286.328,2.1653522,41.38724102
429136.194,4587843.357,2.15065008,41.43718835
427304.856,4583452.63,2.1292597,41.39747924
427304.856,4583452.63,2.1292597,41.39747924
432611.295,4582070.795,2.19288555,41.38549587
432611.295,4582070.795,2.19288555,41.38549587
428198.703,4585892.995,2.13966148,41.41953897
428198.703,4585892.995,2.13966148,41.41953897
428499.732,4582666.131,2.14364477,41.39050273
428499.732,4582666.131,2.14364477,41.39050273
428499.732,4582666.131,2.14364477,41.39050273
427712.488,4583219.587,2.13416329,41.39541707
433067.261,4585534.254,2.19795537,41.41672844
433067.261,4585534.254,2.19795537,41.41672844
431894.189,4585822.709,2.18388721,41.41922784
431894.189,4585822.709,2.18388721,41.41922784
426177.852,4582125.238,2.11594131,41.38542126
426177.852,4582125.238,2.11594131,41.38542126
428043.843,4580117.288,2.13849515,41.36750554
428043.843,4580117.288,2.13849515,41.36750554
428043.843,4580117.288,2.13849515,41.36750554
426550.629,4584419.081,2.12012095,41.40611506
426550.629,4584419.081,2.12012095,41.40611506
430977.609,4582354.622,2.17331572,41.38791363
430977.609,4582354.622,2.17331572,41.38791363
430977.609,4582354.622,2.17331572,41.38791363
431731.134,4588303.256,2.18165588,41.44155543
431731.134,4588303.256,2.18165588,41.44155543
432888.047,4583499.264,2.1960369,41.39838489
432888.047,4583499.264,2.1960369,41.39838489
430301.583,4580431.627,2.16545203,41.37053546
430301.583,4580431.627,2.16545203,41.37053546
431603.548,4585443.432,2.18045249,41.41578711
431603.548,4585443.432,2.18045249,41.41578711
427128.557,4584966.809,2.12696857,41.41110083
427128.557,4584966.809,2.12696857,41.41110083
427128.557,4584966.809,2.12696857,41.41110083
427714.854,4583654.888,2.13413961,41.39933787
427714.854,4583654.888,2.13413961,41.39933787
430939.547,4584114.612,2.17265968,41.40376205
430939.547,4584114.612,2.17265968,41.40376205
433292.467,4589076.697,2.20025875,41.44865288
433292.467,4589076.697,2.20025875,41.44865288
434131.962,4583677.306,2.21089671,41.40009139
434131.962,4583677.306,2.21089671,41.40009139
434145.64,4585635.301,2.21084712,41.41772769
434145.64,4585635.301,2.21084712,41.41772769
426900.723,4577143.272,2.12518682,41.34061658
427269.906,4581441.242,2.12908328,41.3793603
427269.906,4581441.242,2.12908328,41.3793603
431110.675,4586147.113,2.17447524,41.4220828
431110.675,4586147.113,2.17447524,41.4220828
428488.163,4582063.322,2.14357761,41.38507241
428488.163,4582063.322,2.14357761,41.38507241
432567.085,4582681.593,2.1922888,41.39099347
432567.085,4582681.593,2.1922888,41.39099347
429941.661,4584339.305,2.1606965,41.40569939
429941.661,4584339.305,2.1606965,41.40569939
429452.995,4583348.929,2.15496619,41.39673667
429452.995,4583348.929,2.15496619,41.39673667
430117.62,4580925.851,2.16319551,41.37497084
430117.62,4580925.851,2.16319551,41.37497084
428126.049,4583466.363,2.13908052,41.39767679
428126.049,4583466.363,2.13908052,41.39767679
428731.334,4582458.631,2.14643915,41.38865441
428731.334,4582458.631,2.14643915,41.38865441
430505.455,4583808.03,2.16750209,41.40096334
430505.455,4583808.03,2.16750209,41.40096334
427377.644,4585159.538,2.12992542,41.41285921
427377.644,4585159.538,2.12992542,41.41285921
427776.809,4582644.489,2.13500125,41.39024318
427776.809,4582644.489,2.13500125,41.39024318
430750.6,4584593.59,2.17034458,41.40805978
430750.6,4584593.59,2.17034458,41.40805978
426568.529,4584019.494,2.12038359,41.40251779
426568.529,4584019.494,2.12038359,41.40251779
428657.837,4580630.422,2.14577549,41.37218185
428657.837,4580630.422,2.14577549,41.37218185
432770.529,4587599.973,2.19417518,41.43530895
432770.529,4587599.973,2.19417518,41.43530895
429128.42,4580567.282,2.15140946,41.37165477
429128.42,4580567.282,2.15140946,41.37165477
433042.41,4582486.788,2.19799533,41.38927865
433042.41,4582486.788,2.19799533,41.38927865
427420.283,4581561.467,2.13086705,41.38045671
427420.283,4581561.467,2.13086705,41.38045671
429301.066,4583149.389,2.15317225,41.39492613
429301.066,4583149.389,2.15317225,41.39492613
427431.729,4582531.601,2.13088768,41.38919536
427431.729,4582531.601,2.13088768,41.38919536
429270.14,4587461.066,2.15229798,41.43375703
429270.14,4587461.066,2.15229798,41.43375703
433827.818,4583265.73,2.20730357,41.39635943
433827.818,4583265.73,2.20730357,41.39635943
425818.82,4581228.065,2.11175756,41.37730777
425818.82,4581228.065,2.11175756,41.37730777
430786.511,4583519.874,2.17089704,41.39839227
430786.511,4583519.874,2.17089704,41.39839227
430367.876,4582783.481,2.16597426,41.39172365
430367.876,4582783.481,2.16597426,41.39172365
429349.511,4580565.663,2.15405313,41.37165963
429349.511,4580565.663,2.15405313,41.37165963
431167.042,4583702.846,2.17542793,41.40007292
431167.042,4583702.846,2.17542793,41.40007292
431167.042,4583702.846,2.17542793,41.40007292
427986.519,4583479.436,2.13741002,41.39778204
427986.519,4583479.436,2.13741002,41.39778204
429078.178,4578487.441,2.15105206,41.35291785
429078.178,4578487.441,2.15105206,41.35291785
425758.888,4583189.109,2.11080049,41.3949645
425758.888,4583189.109,2.11080049,41.3949645
425758.888,4583189.109,2.11080049,41.3949645
425758.888,4583189.109,2.11080049,41.3949645
430538.059,4583111.971,2.167972,41.39469698
430538.059,4583111.971,2.167972,41.39469698
430538.059,4583111.971,2.167972,41.39469698
428986.343,4580512.283,2.14971716,41.37114688
428986.343,4580512.283,2.14971716,41.37114688
428986.343,4580512.283,2.14971716,41.37114688
427578.774,4580280.39,2.13291544,41.36893281
427578.774,4580280.39,2.13291544,41.36893281
427578.774,4580280.39,2.13291544,41.36893281
431167.042,4583702.846,2.17542793,41.40007292
431167.042,4583702.846,2.17542793,41.40007292
428387.791,4581767.461,2.14241226,41.38239876
428387.791,4581767.461,2.14241226,41.38239876
428387.791,4581767.461,2.14241226,41.38239876
432611.733,4585490.143,2.19250994,41.41629305
432611.733,4585490.143,2.19250994,41.41629305
428860.062,4583006.33,2.14791433,41.39359874
428860.062,4583006.33,2.14791433,41.39359874
432968.51,4589200.555,2.19636698,41.44974143
432968.51,4589200.555,2.19636698,41.44974143
430228.174,4580268.367,2.16459313,41.36905867
430228.174,4580268.367,2.16459313,41.36905867
429257.366,4581833.721,2.1528033,41.38307252
429257.366,4581833.721,2.1528033,41.38307252
432193.723,4581371.111,2.18797007,41.37915889
432193.723,4581371.111,2.18797007,41.37915889
429880.2,4588120.612,2.15952256,41.43975083
429880.2,4588120.612,2.15952256,41.43975083
429880.2,4588120.612,2.15952256,41.43975083
433249.774,4588036.167,2.19986273,41.43927762
433249.774,4588036.167,2.19986273,41.43927762
431937.237,4583291.593,2.18468713,41.39643448
431937.237,4583291.593,2.18468713,41.39643448
428612.492,4582961.18,2.14495858,41.39317014
428612.492,4582961.18,2.14495858,41.39317014
428057.143,4579838.12,2.1386873,41.36499236
428057.143,4579838.12,2.1386873,41.36499236
427646.908,4575534.189,2.13429607,41.32619144
427646.908,4575534.189,2.13429607,41.32619144
429671.681,4585769.255,2.1573005,41.41855483
429671.681,4585769.255,2.1573005,41.41855483
432532.764,4582651.237,2.19188171,41.39071718
432532.764,4582651.237,2.19188171,41.39071718
429078.178,4578487.441,2.15105206,41.35291785
429078.178,4578487.441,2.15105206,41.35291785
429078.178,4578487.441,2.15105206,41.35291785
432235.084,4587617.174,2.18776488,41.43541884
431167.042,4583702.846,2.17542793,41.40007292
431167.042,4583702.846,2.17542793,41.40007292
427429.536,4585230.89,2.13053768,41.41350654
427429.536,4585230.89,2.13053768,41.41350654
427429.536,4585230.89,2.13053768,41.41350654
433372.349,4585277.855,2.20163399,41.4144445
433372.349,4585277.855,2.20163399,41.4144445
432011.356,4581589.212,2.18576485,41.38110787
432011.356,4581589.212,2.18576485,41.38110787
431284.481,4586466.395,2.17651867,41.42497336
431284.481,4586466.395,2.17651867,41.42497336
434143.718,4584012.725,2.21100081,41.4031134
434143.718,4584012.725,2.21100081,41.4031134
430715.703,4584576.635,2.16992903,41.40790407
430715.703,4584576.635,2.16992903,41.40790407
428285.698,4583504.459,2.14098562,41.39803416
428285.698,4583504.459,2.14098562,41.39803416
431112.241,4586590.059,2.17444348,41.4260724
431112.241,4586590.059,2.17444348,41.4260724
431112.241,4586590.059,2.17444348,41.4260724
429639.526,4578383.19,2.157774,41.35202815
429293.869,4583921.7,2.15299593,41.40188143
429293.869,4583921.7,2.15299593,41.40188143
432183.275,4581788.327,2.18779843,41.38291577
432183.275,4581788.327,2.18779843,41.38291577
430557.688,4582525.424,2.16827407,41.38941583
427742.5,4579988.532,2.13490774,41.36631887
426793.069,4582325.321,2.12327446,41.38727958
426793.069,4582325.321,2.12327446,41.38727958
429447.805,4582020.166,2.15505897,41.3847685
429447.805,4582020.166,2.15505897,41.3847685
433090.048,4584419.2,2.1983514,41.40668735
433090.048,4584419.2,2.1983514,41.40668735
432431.507,4585454.189,2.19035759,41.41595408
432431.507,4585454.189,2.19035759,41.41595408
426793.069,4582325.321,2.12327446,41.38727958
426793.069,4582325.321,2.12327446,41.38727958
427788.901,4582270.551,2.13519046,41.38687634
427788.901,4582270.551,2.13519046,41.38687634
431127.797,4583307.066,2.17500353,41.39650489
429408.144,4582716.127,2.15450352,41.39103331
429408.144,4582716.127,2.15450352,41.39103331
429408.144,4582716.127,2.15450352,41.39103331
430896.382,4588524.605,2.17163907,41.44347758
431369.711,4583900.935,2.17782974,41.40187439
431369.711,4583900.935,2.17782974,41.40187439
429024.191,4582477.297,2.14993942,41.38884844
429024.191,4582477.297,2.14993942,41.38884844
429829.376,4581777.702,2.15965025,41.3826181
429829.376,4581777.702,2.15965025,41.3826181
429829.376,4581777.702,2.15965025,41.3826181
429829.376,4581777.702,2.15965025,41.3826181
428651.153,4579900.937,2.14578146,41.36561102
428651.153,4579900.937,2.14578146,41.36561102
434085.597,4583651.373,2.21034492,41.39985402
434085.597,4583651.373,2.21034492,41.39985402
432509.943,4584438.014,2.19140947,41.40680828
432509.943,4584438.014,2.19140947,41.40680828
432011.356,4581589.212,2.18576485,41.38110787
432011.356,4581589.212,2.18576485,41.38110787
432011.356,4581589.212,2.18576485,41.38110787
430061.219,4582806.771,2.16230389,41.39190679
430061.219,4582806.771,2.16230389,41.39190679
428857.753,4585395.363,2.14760576,41.41511565
428857.753,4585395.363,2.14760576,41.41511565
431388.213,4588635.37,2.17751358,41.44451741
431388.213,4588635.37,2.17751358,41.44451741
429388.818,4587623.35,2.15369934,41.43522911
429388.818,4587623.35,2.15369934,41.43522911
429388.818,4587623.35,2.15369934,41.43522911
428085.223,4586238.311,2.13826258,41.42263893
428085.223,4586238.311,2.13826258,41.42263893
427343.607,4581494.042,2.12995825,41.37984252
427343.607,4581494.042,2.12995825,41.37984252
429841.216,4581617.309,2.15981042,41.38117452
429841.216,4581617.309,2.15981042,41.38117452
429841.216,4581617.309,2.15981042,41.38117452
430924.971,4583640.292,2.17253947,41.39948875
430924.971,4583640.292,2.17253947,41.39948875
430924.971,4583640.292,2.17253947,41.39948875
431457.138,4583406.898,2.17893153,41.3974322
431457.138,4583406.898,2.17893153,41.3974322
430693.154,4587074.341,2.1693729,41.43039808
430693.154,4587074.341,2.1693729,41.43039808
429217.759,4581250.883,2.15239778,41.37781961
429217.759,4581250.883,2.15239778,41.37781961
429217.759,4581250.883,2.15239778,41.37781961
428580.233,4585065.434,2.14432435,41.41211949
428580.233,4585065.434,2.14432435,41.41211949
426659.636,4582680.071,2.12163573,41.39046251
426659.636,4582680.071,2.12163573,41.39046251
428725.607,4583924.002,2.14619808,41.40185196
428725.607,4583924.002,2.14619808,41.40185196
429544.942,4584911.945,2.15588394,41.41082226
429544.942,4584911.945,2.15588394,41.41082226
433659.755,4584981.576,2.20510517,41.41179978
433659.755,4584981.576,2.20510517,41.41179978
431213.914,4580892.215,2.17630792,41.37476239
431213.914,4580892.215,2.17630792,41.37476239
428373.45,4586366.573,2.14169625,41.42381989
428373.45,4586366.573,2.14169625,41.42381989
431379.842,4581118.42,2.17826633,41.37681393
426705.106,4584499.129,2.12195922,41.40685012
426705.106,4584499.129,2.12195922,41.40685012
432903.84,4584420.56,2.19612363,41.40668407
432903.84,4584420.56,2.19612363,41.40668407
429862.844,4581774.282,2.16005088,41.38259021
429862.844,4581774.282,2.16005088,41.38259021
429771.561,4584857.167,2.15860151,41.41034874
429771.561,4584857.167,2.15860151,41.41034874
429771.561,4584857.167,2.15860151,41.41034874
430134.592,4583421.81,2.16311045,41.39745262
430134.592,4583421.81,2.16311045,41.39745262
431406.438,4588637.841,2.17773145,41.44454123
428167.746,4584332.507,2.13947644,41.40548153
428167.746,4584332.507,2.13947644,41.40548153
432888,4585390.263,2.19582652,41.4154166
432888,4585390.263,2.19582652,41.4154166
432646.782,4584550.484,2.19303396,41.40783275
432646.782,4584550.484,2.19303396,41.40783275
430786.526,4585244.587,2.17069986,41.41392619
429564.42,4582120.728,2.15644186,41.38568446
429564.42,4582120.728,2.15644186,41.38568446
429986.013,4582571.152,2.16143165,41.3897781
429986.013,4582571.152,2.16143165,41.3897781
430452.149,4582422.954,2.16702361,41.38848379
430452.149,4582422.954,2.16702361,41.38848379
427752.171,4583609.081,2.13459144,41.39892867
427752.171,4583609.081,2.13459144,41.39892867
427752.171,4583609.081,2.13459144,41.39892867
431875.786,4587268.056,2.18350407,41.43224404
431875.786,4587268.056,2.18350407,41.43224404
432275.456,4581857.727,2.18889302,41.38354861
428918.525,4584119.18,2.14848285,41.40362695
432518.244,4588881.27,2.19101255,41.44682799
430310.933,4581161.437,2.16547989,41.37710946
430310.933,4581161.437,2.16547989,41.37710946
432437.711,4582612.976,2.19074912,41.3903646
432437.711,4582612.976,2.19074912,41.3903646
428043.402,4586035.505,2.13778629,41.42080859
428043.402,4586035.505,2.13778629,41.42080859
430311.625,4583242.671,2.16524862,41.39585455
430311.625,4583242.671,2.16524862,41.39585455
430311.625,4583242.671,2.16524862,41.39585455
430824.19,4580928.24,2.17164382,41.37505343
430824.19,4580928.24,2.17164382,41.37505343
432320.594,4581288.461,2.18949644,41.37842516
432320.594,4581288.461,2.18949644,41.37842516
429392.046,4581192.843,2.15448861,41.37731218
429392.046,4581192.843,2.15448861,41.37731218
431934.162,4584454.656,2.18451949,41.4069096
431934.162,4584454.656,2.18451949,41.4069096
428737.416,4578083.995,2.14702629,41.34925403
428737.416,4578083.995,2.14702629,41.34925403
429183.916,4581778.54,2.1519314,41.38256906
429183.916,4581778.54,2.1519314,41.38256906
429183.916,4581778.54,2.1519314,41.38256906
430169.946,4581176.598,2.16379228,41.37723379
430169.946,4581176.598,2.16379228,41.37723379
432917.294,4582123.568,2.1965392,41.38599678
432917.294,4582123.568,2.1965392,41.38599678
432391.028,4588926.944,2.18948461,41.44722865
432391.028,4588926.944,2.18948461,41.44722865
432391.028,4588926.944,2.18948461,41.44722865
427602.929,4582133.45,2.13298277,41.38562481
427602.929,4582133.45,2.13298277,41.38562481
432144.855,4588119.465,2.18662856,41.43993518
432144.855,4588119.465,2.18662856,41.43993518
434731.89,4584332.532,2.21800231,41.40604182
434731.89,4584332.532,2.21800231,41.40604182
428958.418,4583740.528,2.14900452,41.4002201
428958.418,4583740.528,2.14900452,41.4002201
428891.539,4584768.921,2.14808365,41.40947653
428871.603,4587569.59,2.14751555,41.43469924
428871.603,4587569.59,2.14751555,41.43469924
431603.548,4585443.432,2.18045249,41.41578711
431603.548,4585443.432,2.18045249,41.41578711
431664.615,4583042.792,2.18145434,41.39417047
431664.615,4583042.792,2.18145434,41.39417047
431842.113,4584552.399,2.18340729,41.40778213
431842.113,4584552.399,2.18340729,41.40778213
433627.833,4586518.595,2.20455449,41.42564065
433627.833,4586518.595,2.20455449,41.42564065
429460.634,4581243.702,2.15530282,41.37777627
429460.634,4581243.702,2.15530282,41.37777627
433476.693,4585173.828,2.20289386,41.4135162
433476.693,4585173.828,2.20289386,41.4135162
432446.895,4583913.55,2.19071379,41.40207929
432446.895,4583913.55,2.19071379,41.40207929
431107.921,4585559.271,2.17450927,41.41678807
431107.921,4585559.271,2.17450927,41.41678807
430411.157,4583904.052,2.16636306,41.40182002
430411.157,4583904.052,2.16636306,41.40182002
430411.157,4583904.052,2.16636306,41.40182002
430340.321,4582873.924,2.16563429,41.39253585
430340.321,4582873.924,2.16563429,41.39253585
429593.607,4580955.637,2.15692635,41.37519341
429968.062,4586330.82,2.16078167,41.42363854
429968.062,4586330.82,2.16078167,41.42363854
432842.524,4585531.471,2.19526673,41.41668461
432842.524,4585531.471,2.19526673,41.41668461
432398.303,4587762.967,2.18970201,41.43674572
432547.696,4586347.378,2.19164809,41.42400853
432547.696,4586347.378,2.19164809,41.42400853
429899.857,4581130.836,2.16056797,41.37679813
429599.352,4583274.463,2.15672545,41.39607881
429599.352,4583274.463,2.15672545,41.39607881
429599.352,4583274.463,2.15672545,41.39607881
433748.204,4586229.832,2.20602658,41.42304978
427722.439,4582364.77,2.13438439,41.38771897
427722.439,4582364.77,2.13438439,41.38771897
429834.219,4583321.693,2.15952922,41.39652473
429834.219,4583321.693,2.15952922,41.39652473
427900.069,4583651.622,2.13635545,41.3993251
427900.069,4583651.622,2.13635545,41.3993251
434156.164,4583766.36,2.21117652,41.40089546
434156.164,4583766.36,2.21117652,41.40089546
433427.028,4584453.693,2.20237893,41.40702602
433427.028,4584453.693,2.20237893,41.40702602
430025.03,4582004.984,2.16196373,41.3846822
430025.03,4582004.984,2.16196373,41.3846822
429616.649,4587584.634,2.15643058,41.43490042
429616.649,4587584.634,2.15643058,41.43490042
429616.649,4587584.634,2.15643058,41.43490042
430931.778,4582415.709,2.17276063,41.38845989
430931.778,4582415.709,2.17276063,41.38845989
430747.042,4580463.921,2.17077441,41.3708648
430747.042,4580463.921,2.17077441,41.3708648
431043.633,4581451.185,2.17420821,41.37978229
431043.633,4581451.185,2.17420821,41.37978229
430699.371,4582830.182,2.16993368,41.39217292
430699.371,4582830.182,2.16993368,41.39217292
427813.62,4582264.685,2.13548678,41.38682573
427813.62,4582264.685,2.13548678,41.38682573
431724.231,4588823.719,2.1815144,41.44624247
431724.231,4588823.719,2.1815144,41.44624247
431357.406,4586967.113,2.17733444,41.42948939
431357.406,4586967.113,2.17733444,41.42948939
428427.555,4583551.021,2.1426769,41.39846617
428427.555,4583551.021,2.1426769,41.39846617
430505.455,4583808.03,2.16750209,41.40096334
430505.455,4583808.03,2.16750209,41.40096334
432540.208,4587740.245,2.19140295,41.43655301
432540.208,4587740.245,2.19140295,41.43655301
433712.502,4588479.585,2.20535248,41.4433097
433712.502,4588479.585,2.20535248,41.4433097
429068.511,4581836.059,2.15054459,41.38307694
429068.511,4581836.059,2.15054459,41.38307694
433434.2,4587417.299,2.20213834,41.43371898
433434.2,4587417.299,2.20213834,41.43371898
433499.338,4588462.36,2.20280283,41.44313693
433499.338,4588462.36,2.20280283,41.44313693
430097.196,4583030.096,2.16270839,41.39392134
430097.196,4583030.096,2.16270839,41.39392134
426778.032,4582242.133,2.1231047,41.38652897
426778.032,4582242.133,2.1231047,41.38652897
428573.889,4580547.771,2.14478151,41.37142999
428573.889,4580547.771,2.14478151,41.37142999
428695.243,4583761.203,2.14585406,41.400383
428695.243,4583761.203,2.14585406,41.400383
431117.348,4588576.489,2.17427805,41.44396388
431117.348,4588576.489,2.17427805,41.44396388
429405.161,4578337.292,2.15497799,41.35159424
429405.161,4578337.292,2.15497799,41.35159424
434131.962,4583677.306,2.21089671,41.40009139
434131.962,4583677.306,2.21089671,41.40009139
431411.846,4584303.419,2.17828814,41.40550303
431411.846,4584303.419,2.17828814,41.40550303
431411.846,4584303.419,2.17828814,41.40550303
431411.846,4584303.419,2.17828814,41.40550303
431411.846,4584303.419,2.17828814,41.40550303
431411.846,4584303.419,2.17828814,41.40550303
431063.772,4582480.951,2.17433181,41.38905883
431063.772,4582480.951,2.17433181,41.38905883
430308.489,4585070.438,2.16500055,41.41231636
430308.489,4585070.438,2.16500055,41.41231636
428064.542,4577451.959,2.13905878,41.34350163
428064.542,4577451.959,2.13905878,41.34350163
432127.702,4584285.311,2.18685382,41.40540073
432127.702,4584285.311,2.18685382,41.40540073
429069.792,4581070.36,2.15064957,41.37618066
429069.792,4581070.36,2.15064957,41.37618066
430472.249,4583761.305,2.16711026,41.40053963
430472.249,4583761.305,2.16711026,41.40053963
433371.15,4588051.993,2.20131374,41.43943024
433371.15,4588051.993,2.20131374,41.43943024
427980.486,4585452.254,2.13710296,41.41554986
430025.03,4582004.984,2.16196373,41.3846822
430025.03,4582004.984,2.16196373,41.3846822
429555.546,4581336.38,2.15642697,41.37861931
429555.546,4581336.38,2.15642697,41.37861931
432172.721,4585756.145,2.18722741,41.41865189
432172.721,4585756.145,2.18722741,41.41865189
432172.721,4585756.145,2.18722741,41.41865189
428879.29,4587091.721,2.14766382,41.43039597
428879.29,4587091.721,2.14766382,41.43039597
430718.446,4588420.749,2.16952114,41.44252685
430718.446,4588420.749,2.16952114,41.44252685
428981.298,4583264.726,2.14933405,41.39593674
428981.298,4583264.726,2.14933405,41.39593674
427686.8,4579351.817,2.13431777,41.3605792
427686.8,4579351.817,2.13431777,41.3605792
430967.495,4581570.069,2.1732842,41.38084652
430967.495,4581570.069,2.1732842,41.38084652
428283.938,4582019.174,2.14114052,41.3846566
428283.938,4582019.174,2.14114052,41.3846566
430003.008,4583178.757,2.16156465,41.39525208
430003.008,4583178.757,2.16156465,41.39525208
428427.45,4586473.164,2.14232979,41.42478473
428427.45,4586473.164,2.14232979,41.42478473
430858.05,4583381.218,2.17176859,41.3971496
430858.05,4583381.218,2.17176859,41.3971496
431837.481,4585501.876,2.18324485,41.41633339
431837.481,4585501.876,2.18324485,41.41633339
427969.12,4585470.189,2.13696484,41.41571038
427969.12,4585470.189,2.13696484,41.41571038
429430.48,4584835.339,2.15452349,41.41012225
427700.304,4581496.628,2.13422331,41.37989796
428923.219,4581678.571,2.14882559,41.38164567
428923.219,4581678.571,2.14882559,41.38164567
428923.219,4581678.571,2.14882559,41.38164567
428444.309,4583335.164,2.14290282,41.39652352
428444.309,4583335.164,2.14290282,41.39652352
428639.785,4584241.731,2.14513401,41.40470601
428639.785,4584241.731,2.14513401,41.40470601
433942.826,4585841.274,2.20839791,41.41956618
433942.826,4585841.274,2.20839791,41.41956618
433835.759,4586344.608,2.20706171,41.42409076
433835.759,4586344.608,2.20706171,41.42409076
433835.759,4586344.608,2.20706171,41.42409076
429544.563,4582114.924,2.15620507,41.38563044
429544.563,4582114.924,2.15620507,41.38563044
427680.555,4580336.099,2.13412569,41.36944372
427680.555,4580336.099,2.13412569,41.36944372
427680.555,4580336.099,2.13412569,41.36944372
430618.2,4587132.402,2.16846924,41.43091454
428302.834,4578258.522,2.14181138,41.35078735
428302.834,4578258.522,2.14181138,41.35078735
425500.897,4582637.989,2.10778258,41.38997694
425500.897,4582637.989,2.10778258,41.38997694
432149.426,4582734.904,2.18728756,41.39143848
432149.426,4582734.904,2.18728756,41.39143848
427219.06,4582723.277,2.12832118,41.39090248
427219.06,4582723.277,2.12832118,41.39090248
430403.064,4582955.169,2.16637539,41.39327304
430403.064,4582955.169,2.16637539,41.39327304
430878.56,4583234.65,2.17203064,41.39583126
430782.663,4580754.432,2.17116714,41.37348442
430782.663,4580754.432,2.17116714,41.37348442
430782.663,4580754.432,2.17116714,41.37348442
429274.49,4582375.277,2.15294482,41.38795164
429274.49,4582375.277,2.15294482,41.38795164
433508.157,4584607.541,2.20333257,41.40841841
433508.157,4584607.541,2.20333257,41.40841841
431082.072,4580862.203,2.17473488,41.37448079
431082.072,4580862.203,2.17473488,41.37448079
432786.884,4582237.771,2.19496692,41.38701448
432786.884,4582237.771,2.19496692,41.38701448
432786.884,4582237.771,2.19496692,41.38701448
432786.884,4582237.771,2.19496692,41.38701448
430987.104,4588550.726,2.172722,41.44372066
430987.104,4588550.726,2.172722,41.44372066
432553.696,4586508.615,2.19170189,41.42546125
432553.696,4586508.615,2.19170189,41.42546125
431302.276,4580803.952,2.17737449,41.37397498
431302.276,4580803.952,2.17737449,41.37397498
432689.737,4587920.722,2.19317249,41.43819106
428918.525,4584119.18,2.14848285,41.40362695
432177.162,4586165.542,2.18723461,41.42233958
432177.162,4586165.542,2.18723461,41.42233958
432177.162,4586165.542,2.18723461,41.42233958
428841.83,4587682.981,2.14714587,41.43571787
428841.83,4587682.981,2.14714587,41.43571787
429544.563,4582114.924,2.15620507,41.38563044
429544.563,4582114.924,2.15620507,41.38563044
428499.732,4582666.131,2.14364477,41.39050273
428499.732,4582666.131,2.14364477,41.39050273
432283.847,4589223.757,2.1881683,41.44989289
432283.847,4589223.757,2.1881683,41.44989289
432283.847,4589223.757,2.1881683,41.44989289
432283.847,4589223.757,2.1881683,41.44989289
430977.575,4583518.027,2.17318265,41.39839206
430977.575,4583518.027,2.17318265,41.39839206
430887.991,4582188.358,2.17226292,41.38640844
428268.894,4586082,2.1404789,41.42124753
428268.894,4586082,2.1404789,41.42124753
428268.894,4586082,2.1404789,41.42124753
425387.597,4581831.03,2.10652697,41.38269852
425387.597,4581831.03,2.10652697,41.38269852
425387.597,4581831.03,2.10652697,41.38269852
428703.18,4587242.456,2.14553848,41.43173795
428703.18,4587242.456,2.14553848,41.43173795
428480.379,4578252.067,2.14393427,41.35074501
428480.379,4578252.067,2.14393427,41.35074501
433476.693,4585173.828,2.20289386,41.4135162
433476.693,4585173.828,2.20289386,41.4135162
425910.222,4583445.835,2.11257911,41.39729068
432589.078,4587035.196,2.19206654,41.43020696
432589.078,4587035.196,2.19206654,41.43020696
432218.556,4588908.54,2.1874221,41.44704833
432218.556,4588908.54,2.1874221,41.44704833
432218.556,4588908.54,2.1874221,41.44704833
432218.556,4588908.54,2.1874221,41.44704833
432218.556,4588908.54,2.1874221,41.44704833
429364.559,4581149.807,2.15416494,41.37692216
429364.559,4581149.807,2.15416494,41.37692216
432697,4588930.461,2.19314686,41.44728605
432697,4588930.461,2.19314686,41.44728605
432697,4588930.461,2.19314686,41.44728605
430405.252,4583335.284,2.16635785,41.3966968
430405.252,4583335.284,2.16635785,41.3966968
427343.607,4581494.042,2.12995825,41.37984252
427343.607,4581494.042,2.12995825,41.37984252
433473.3,4582905.964,2.20310266,41.39308984
433473.3,4582905.964,2.20310266,41.39308984
433473.3,4582905.964,2.20310266,41.39308984
433473.3,4582905.964,2.20310266,41.39308984
430557.688,4582525.424,2.16827407,41.38941583
430557.688,4582525.424,2.16827407,41.38941583
429659.255,4585778.428,2.15715075,41.41863637
429659.255,4585778.428,2.15715075,41.41863637
431553.566,4584083.988,2.18000834,41.40353877
431553.566,4584083.988,2.18000834,41.40353877
427321.758,4580436.087,2.1298239,41.37031194
431026.984,4587540.783,2.17331471,41.43462791
431026.984,4587540.783,2.17331471,41.43462791
431740.056,4584265.345,2.18221875,41.40518806
431740.056,4584265.345,2.18221875,41.40518806
429460.634,4581243.702,2.15530282,41.37777627
429460.634,4581243.702,2.15530282,41.37777627
429684.206,4584315.731,2.15761938,41.40546458
429684.206,4584315.731,2.15761938,41.40546458
430897.788,4588560.785,2.17165176,41.44380357
430897.788,4588560.785,2.17165176,41.44380357
430897.788,4588560.785,2.17165176,41.44380357
428389.44,4586359.406,2.14188843,41.42375677
428389.44,4586359.406,2.14188843,41.42375677
428389.44,4586359.406,2.14188843,41.42375677
429405.161,4578337.292,2.15497799,41.35159424
429405.161,4578337.292,2.15497799,41.35159424
429089.946,4580529.965,2.15095381,41.37131527
429089.946,4580529.965,2.15095381,41.37131527
431166.25,4580844.365,2.17574344,41.37432734
431166.25,4580844.365,2.17574344,41.37432734
431166.25,4580844.365,2.17574344,41.37432734
431648.432,4583591.24,2.18119883,41.39910881
431648.432,4583591.24,2.18119883,41.39910881
430686.858,4580920.057,2.17000266,41.37496791
430686.858,4580920.057,2.17000266,41.37496791
430686.858,4580920.057,2.17000266,41.37496791
431752.086,4583696.656,2.18242681,41.40006707
431752.086,4583696.656,2.18242681,41.40006707
427589.394,4581481.936,2.13289881,41.37975565
427589.394,4581481.936,2.13289881,41.37975565
429649.258,4582966.26,2.1573582,41.3933073
429649.258,4582966.26,2.1573582,41.3933073
432136.485,4585039.629,2.18687425,41.41219539
432136.485,4585039.629,2.18687425,41.41219539
431606.692,4585970.566,2.18043047,41.4205351
431606.692,4585970.566,2.18043047,41.4205351
433846.579,4585543.059,2.20727891,41.41687231
433846.579,4585543.059,2.20727891,41.41687231
429688.642,4584955.161,2.15759811,41.41122408
429688.642,4584955.161,2.15759811,41.41122408
431371.112,4584089.393,2.17782513,41.40357189
431371.112,4584089.393,2.17782513,41.40357189
433590.899,4582862.799,2.20451395,41.39271078
433590.899,4582862.799,2.20451395,41.39271078
432650.054,4585231.289,2.19299728,41.41396484
432650.054,4585231.289,2.19299728,41.41396484
432650.054,4585231.289,2.19299728,41.41396484
432869.806,4582348.982,2.19594629,41.38802306
432869.806,4582348.982,2.19594629,41.38802306
431507.048,4581243.735,2.17977323,41.37795346
431507.048,4581243.735,2.17977323,41.37795346
430734.88,4585175.028,2.17008992,41.41329525
430734.88,4585175.028,2.17008992,41.41329525
428254.978,4579450.636,2.14109833,41.36152008
428254.978,4579450.636,2.14109833,41.36152008
431803.598,4581754.351,2.18326182,41.38257764
431803.598,4581754.351,2.18326182,41.38257764
431803.598,4581754.351,2.18326182,41.38257764
428108.685,4584126.851,2.13879435,41.40362399
428108.685,4584126.851,2.13879435,41.40362399
427830.476,4580380.469,2.13591286,41.3698568
427830.476,4580380.469,2.13591286,41.3698568
430000.351,4586099.216,2.16119487,41.42155539
434393.679,4585579.825,2.21382096,41.41724833
434393.679,4585579.825,2.21382096,41.41724833
427975.495,4584108.637,2.13720326,41.40344801
429647.394,4582775.175,2.15735811,41.3915861
429647.394,4582775.175,2.15735811,41.3915861
432842.524,4585531.471,2.19526673,41.41668461
432842.524,4585531.471,2.19526673,41.41668461
432395.728,4582825.005,2.19022333,41.39227075
432395.728,4582825.005,2.19022333,41.39227075
428989.313,4580940.29,2.1497025,41.37500206
428989.313,4580940.29,2.1497025,41.37500206
428989.313,4580940.29,2.1497025,41.37500206
429801.636,4588056.048,2.15858973,41.43916245
429801.636,4588056.048,2.15858973,41.43916245
426061.47,4584169.184,2.11429982,41.40381948
426061.47,4584169.184,2.11429982,41.40381948
427714.159,4585334.953,2.13393052,41.41446946
427714.159,4585334.953,2.13393052,41.41446946
427714.159,4585334.953,2.13393052,41.41446946
431082.771,4586768.871,2.17407044,41.42768036
430952.231,4581992.1,2.17305355,41.38464632
430277.162,4582833.019,2.1648836,41.39216196
430277.162,4582833.019,2.1648836,41.39216196
431240.14,4585355.228,2.17611447,41.41496166
431240.14,4585355.228,2.17611447,41.41496166
432028.355,4584359.685,2.185657,41.40606219
432028.355,4584359.685,2.185657,41.40606219
429069.792,4581070.36,2.15064957,41.37618066
429069.792,4581070.36,2.15064957,41.37618066
429069.792,4581070.36,2.15064957,41.37618066
430456.328,4582637.209,2.16704897,41.39041388
430456.328,4582637.209,2.16704897,41.39041388
427067.422,4582366.306,2.1265506,41.38767365
427067.422,4582366.306,2.1265506,41.38767365
430941.317,4585811.644,2.17248705,41.4190468
430941.317,4585811.644,2.17248705,41.4190468
430155.92,4582713.394,2.1634473,41.39107401
430155.92,4582713.394,2.1634473,41.39107401
429929.891,4582678.072,2.16074807,41.39073621
429929.891,4582678.072,2.16074807,41.39073621
430368.975,4584046.924,2.16584204,41.40310317
430368.975,4584046.924,2.16584204,41.40310317
432558.53,4585849.767,2.19183326,41.41952761
430080.361,4582095.48,2.16261498,41.38550209
430080.361,4582095.48,2.16261498,41.38550209
425818.017,4582082.484,2.11164331,41.38500308
425818.017,4582082.484,2.11164331,41.38500308
429965.341,4582901.035,2.16114626,41.39274745
429965.341,4582901.035,2.16114626,41.39274745
430277.162,4582833.019,2.1648836,41.39216196
430277.162,4582833.019,2.1648836,41.39216196
431839.354,4583623.636,2.18347893,41.39941681
431839.354,4583623.636,2.18347893,41.39941681
431210.703,4584454.918,2.17586468,41.40685034
431210.703,4584454.918,2.17586468,41.40685034
431210.703,4584454.918,2.17586468,41.40685034
428273.249,4582008.687,2.14101393,41.38456119
428273.249,4582008.687,2.14101393,41.38456119
428273.249,4582008.687,2.14101393,41.38456119
431100.418,4583134.621,2.17469568,41.39494939
431100.418,4583134.621,2.17469568,41.39494939
428188.512,4579099.978,2.14034529,41.35835589
428188.512,4579099.978,2.14034529,41.35835589
428363.799,4578593.868,2.14250046,41.35381314
428363.799,4578593.868,2.14250046,41.35381314
432061.161,4587020.344,2.18575044,41.43002869
427218.743,4581564.439,2.12845667,41.38046527
427218.743,4581564.439,2.12845667,41.38046527
426234.108,4581200.573,2.11672669,41.37709835
426234.108,4581200.573,2.11672669,41.37709835
431828.36,4584580.444,2.18323959,41.40803356
431828.36,4584580.444,2.18323959,41.40803356
431911.683,4581919.012,2.18453584,41.38406987
431911.683,4581919.012,2.18453584,41.38406987
427389.94,4577429.379,2.13099911,41.34323771
427389.94,4577429.379,2.13099911,41.34323771
427389.94,4577429.379,2.13099911,41.34323771
427389.94,4577429.379,2.13099911,41.34323771
431145.321,4584823.021,2.17504061,41.41016012
431145.321,4584823.021,2.17504061,41.41016012
429117.314,4581869.053,2.15112434,41.38337841
429117.314,4581869.053,2.15112434,41.38337841
432177.658,4586196.619,2.18723705,41.42261952
432177.658,4586196.619,2.18723705,41.42261952
431648.432,4583591.24,2.18119883,41.39910881
431648.432,4583591.24,2.18119883,41.39910881
430349.739,4582171.122,2.1658278,41.38620675
430349.739,4582171.122,2.1658278,41.38620675
425576.695,4582857.805,2.10866208,41.39196375
430580.984,4582087.827,2.16860285,41.38547654
430580.984,4582087.827,2.16860285,41.38547654
428840.576,4583848.342,2.14758225,41.40118071
428840.576,4583848.342,2.14758225,41.40118071
429064.743,4582754.715,2.1503919,41.39135062
429064.743,4582754.715,2.1503919,41.39135062
428500.637,4581652.192,2.14377533,41.38137062
428500.637,4581652.192,2.14377533,41.38137062
429759.361,4586668.515,2.15824509,41.4266618
429759.361,4586668.515,2.15824509,41.4266618
427575.967,4582577.493,2.13260722,41.3896217
427575.967,4582577.493,2.13260722,41.3896217
427575.967,4582577.493,2.13260722,41.3896217
430404.353,4583145.143,2.16636895,41.39498418
430404.353,4583145.143,2.16636895,41.39498418
433509.447,4585389.777,2.20326199,41.41546391
433509.447,4585389.777,2.20326199,41.41546391
426028.28,4583822.27,2.1139452,41.40069193
426028.28,4583822.27,2.1139452,41.40069193
433589.45,4588074.184,2.20392415,41.4396482
432217.32,4588883.976,2.18741006,41.44682699
432217.32,4588883.976,2.18741006,41.44682699
425467.322,4581756.188,2.10748957,41.38203184
425467.322,4581756.188,2.10748957,41.38203184
429738.8,4578637.354,2.15893117,41.35432601
432005.193,4585119.904,2.18529445,41.4129073
432005.193,4585119.904,2.18529445,41.4129073
430328.623,4585610.863,2.16517916,41.41718552
431724.231,4588823.719,2.1815144,41.44624247
431724.231,4588823.719,2.1815144,41.44624247
432757.168,4583179.063,2.19450696,41.39548998
432757.168,4583179.063,2.19450696,41.39548998
426177.852,4582125.238,2.11594131,41.38542126
426177.852,4582125.238,2.11594131,41.38542126
430471.155,4588315.378,2.1665733,41.44155642
430471.155,4588315.378,2.1665733,41.44155642
430124.959,4588297.482,2.16243163,41.44136517
430124.959,4588297.482,2.16243163,41.44136517
428075.877,4584533.26,2.13835357,41.40728141
428075.877,4584533.26,2.13835357,41.40728141
431949.839,4581626.151,2.18502506,41.38143537
431949.839,4581626.151,2.18502506,41.38143537
429831.322,4583321.359,2.15949461,41.39652147
430886.255,4582847.071,2.17216695,41.39234112
430886.255,4582847.071,2.17216695,41.39234112
431460.948,4584179.194,2.17888962,41.40438836
430310.815,4583051.566,2.16526093,41.39413326
430310.815,4583051.566,2.16526093,41.39413326
427439.715,4583501.572,2.1308669,41.39793222
427439.715,4583501.572,2.1308669,41.39793222
427439.715,4583501.572,2.1308669,41.39793222
427797.317,4585376.833,2.13492044,41.41485413
427797.317,4585376.833,2.13492044,41.41485413
425959.474,4581742.365,2.11337656,41.38195281
425959.474,4581742.365,2.11337656,41.38195281
428870.704,4584684.15,2.14784436,41.40871118
428870.704,4584684.15,2.14784436,41.40871118
425272.277,4584795.309,2.10478193,41.40938568
425272.277,4584795.309,2.10478193,41.40938568
427602.929,4583375.034,2.13283428,41.39680726
427602.929,4583375.034,2.13283428,41.39680726
431214.662,4587072.551,2.17561418,41.43042682
431214.662,4587072.551,2.17561418,41.43042682
432237.212,4585835.263,2.18799018,41.41936993
432237.212,4585835.263,2.18799018,41.41936993
429842.514,4582955.472,2.15967089,41.39322703
429842.514,4582955.472,2.15967089,41.39322703
430618.66,4580941.785,2.16918471,41.37515773
430618.66,4580941.785,2.16918471,41.37515773
428054.861,4580696.679,2.1385581,41.3727249
431563.435,4588806.197,2.17959162,41.44607095
431563.435,4588806.197,2.17959162,41.44607095
431563.435,4588806.197,2.17959162,41.44607095
429915.238,4581368.956,2.16072434,41.37894414
429893.521,4583312.218,2.16023964,41.39644458
429096.918,4580720.581,2.15101487,41.3730327
429096.918,4580720.581,2.15101487,41.3730327
429096.918,4580720.581,2.15101487,41.3730327
430331.954,4580725.873,2.16578134,41.37318829
430331.954,4580725.873,2.16578134,41.37318829
433458.025,4583464.937,2.2028585,41.39812311
433458.025,4583464.937,2.2028585,41.39812311
433458.025,4583464.937,2.2028585,41.39812311
431563.435,4588806.197,2.17959162,41.44607095
431563.435,4588806.197,2.17959162,41.44607095
427377.644,4585159.538,2.12992542,41.41285921
427954.947,4582701.104,2.13712502,41.39076907
427954.947,4582701.104,2.13712502,41.39076907
427237.23,4581703.798,2.128661,41.38172209
427237.23,4581703.798,2.128661,41.38172209
427237.23,4581703.798,2.128661,41.38172209
430073.009,4582088.288,2.16252789,41.38543667
430073.009,4582088.288,2.16252789,41.38543667
430073.009,4582088.288,2.16252789,41.38543667
430073.009,4582088.288,2.16252789,41.38543667
428449.152,4583842.023,2.14290082,41.40108904
428449.152,4583842.023,2.14290082,41.40108904
432284.097,4588345.476,2.18826981,41.44198255
432284.097,4588345.476,2.18826981,41.44198255
427607.673,4585312.481,2.13265917,41.41425747
427607.673,4585312.481,2.13265917,41.41425747
427607.673,4585312.481,2.13265917,41.41425747
432617.252,4588906.938,2.19219485,41.44706749
432617.252,4588906.938,2.19219485,41.44706749
427869.956,4585406.474,2.13578598,41.41512763
427869.956,4585406.474,2.13578598,41.41512763
427869.956,4585406.474,2.13578598,41.41512763
431462.395,4582829.687,2.17905977,41.39223388
431462.395,4582829.687,2.17905977,41.39223388
431462.395,4582829.687,2.17905977,41.39223388
430786.778,4582752.657,2.17098797,41.3914822
430786.778,4582752.657,2.17098797,41.3914822
431889.522,4581812.013,2.18428286,41.38310428
431889.522,4581812.013,2.18428286,41.38310428
432598.945,4588910.201,2.19197534,41.44709534
432598.945,4588910.201,2.19197534,41.44709534
427504.457,4585298.725,2.13142592,41.41412426
427504.457,4585298.725,2.13142592,41.41412426
428614.303,4582926.603,2.14498432,41.39285888
428614.303,4582926.603,2.14498432,41.39285888
428614.303,4582926.603,2.14498432,41.39285888
427711.675,4583017.054,2.13417777,41.39359287
427711.675,4583017.054,2.13417777,41.39359287
428064.895,4585426.692,2.13811592,41.4153272
428064.895,4585426.692,2.13811592,41.4153272
428064.895,4585426.692,2.13811592,41.4153272
433372.349,4585277.855,2.20163399,41.4144445
433372.349,4585277.855,2.20163399,41.4144445
430897.054,4581176.891,2.17248671,41.37729923
430897.054,4581176.891,2.17248671,41.37729923
427343.607,4581494.042,2.12995825,41.37984252
427343.607,4581494.042,2.12995825,41.37984252
427343.607,4581494.042,2.12995825,41.37984252
431928.62,4586792.566,2.18418994,41.42796594
427892.331,4582795.837,2.13636486,41.39161668
427892.331,4582795.837,2.13636486,41.39161668
432405.378,4583010.308,2.19031805,41.39394053
432405.378,4583010.308,2.19031805,41.39394053
429447.805,4582020.166,2.15505897,41.3847685
429447.805,4582020.166,2.15505897,41.3847685
428843.072,4582943.646,2.14771848,41.39303266
428843.072,4582943.646,2.14771848,41.39303266
427572.919,4583924.398,2.13240959,41.40175246
427572.919,4583924.398,2.13240959,41.40175246
431246.499,4583153.045,2.17644084,41.39512783
431246.499,4583153.045,2.17644084,41.39512783
427473.429,4581830.048,2.13147043,41.38288051
427473.429,4581830.048,2.13147043,41.38288051
431371.112,4584089.393,2.17782513,41.40357189
431371.112,4584089.393,2.17782513,41.40357189
431371.112,4584089.393,2.17782513,41.40357189
433631.068,4583934.095,2.2048769,41.40236302
433631.068,4583934.095,2.2048769,41.40236302
426894.964,4584773.842,2.12419726,41.40934164
426894.964,4584773.842,2.12419726,41.40934164
426894.964,4584773.842,2.12419726,41.40934164
426894.964,4584773.842,2.12419726,41.40934164
429590.889,4587614.783,2.15611877,41.4351697
432614.564,4582397.68,2.19288827,41.38844032
432614.564,4582397.68,2.19288827,41.38844032
432134.809,4584834.857,2.18687719,41.41035093
432134.809,4584834.857,2.18687719,41.41035093
428096.586,4583478.941,2.13872661,41.39778743
432207.284,4583013.699,2.18794833,41.3939544
432207.284,4583013.699,2.18794833,41.3939544
428733.324,4587304.222,2.14589193,41.43229692
428733.324,4587304.222,2.14589193,41.43229692
428733.324,4587304.222,2.14589193,41.43229692
431371.112,4584089.393,2.17782513,41.40357189
431371.112,4584089.393,2.17782513,41.40357189
426735.962,4581034.884,2.1227476,41.37565193
426735.962,4581034.884,2.1227476,41.37565193
432327.938,4585764.307,2.1890837,41.4187385
432327.938,4585764.307,2.1890837,41.4187385
432327.938,4585764.307,2.1890837,41.4187385
431005.786,4583570.292,2.17351413,41.39886522
431005.786,4583570.292,2.17351413,41.39886522
428472.278,4580733.609,2.14354466,41.37309474
428472.278,4580733.609,2.14354466,41.37309474
427504.457,4585298.725,2.13142592,41.41412426
427504.457,4585298.725,2.13142592,41.41412426
427504.457,4585298.725,2.13142592,41.41412426
427504.457,4585298.725,2.13142592,41.41412426
434611.873,4584583.076,2.21653946,41.40828865
434611.873,4584583.076,2.21653946,41.40828865
427905.592,4583905.709,2.13639124,41.40161405
427905.592,4583905.709,2.13639124,41.40161405
427905.592,4583905.709,2.13639124,41.40161405
427905.592,4583905.709,2.13639124,41.40161405
429768.536,4586546.081,2.15836911,41.42555989
429768.536,4586546.081,2.15836911,41.42555989
431953.989,4587605.944,2.18440191,41.43529392
431953.989,4587605.944,2.18440191,41.43529392
428550.715,4582946.042,2.14422149,41.39302831
428550.715,4582946.042,2.14422149,41.39302831
427557.222,4582526.092,2.13238919,41.38915707
427557.222,4582526.092,2.13238919,41.38915707
427557.222,4582526.092,2.13238919,41.38915707
428129.834,4585705.332,2.13885975,41.41784261
428129.834,4585705.332,2.13885975,41.41784261
428129.834,4585705.332,2.13885975,41.41784261
428129.834,4585705.332,2.13885975,41.41784261
433942.826,4585841.274,2.20839791,41.41956618
433942.826,4585841.274,2.20839791,41.41956618
431640.529,4585813.92,2.18085307,41.41912713
431640.529,4585813.92,2.18085307,41.41912713
427497.364,4581789.662,2.13176148,41.38251893
427497.364,4581789.662,2.13176148,41.38251893
431205.742,4585069.474,2.17573542,41.41238502
431205.742,4585069.474,2.17573542,41.41238502
430993.727,4580287.979,2.17374392,41.36930134
430993.727,4580287.979,2.17374392,41.36930134
430993.727,4580287.979,2.17374392,41.36930134
430993.727,4580287.979,2.17374392,41.36930134
433002.863,4583602.401,2.19739886,41.3993234
433002.863,4583602.401,2.19739886,41.3993234
427820.093,4584282.362,2.13532357,41.40499873
427820.093,4584282.362,2.13532357,41.40499873
430133.603,4580512.837,2.16343425,41.37125233
430133.603,4580512.837,2.16343425,41.37125233
433137.29,4583538.933,2.19901385,41.39876295
433137.29,4583538.933,2.19901385,41.39876295
429148.652,4583734.157,2.15128081,41.40017951
429148.652,4583734.157,2.15128081,41.40017951
429100.125,4581322.645,2.15098275,41.37845558
429100.125,4581322.645,2.15098275,41.37845558
429100.125,4581322.645,2.15098275,41.37845558
427480.561,4583218.427,2.1313894,41.39538574
427480.561,4583218.427,2.1313894,41.39538574
425208.784,4582104.265,2.10435491,41.38514281
425208.784,4582104.265,2.10435491,41.38514281
432177.347,4581332.409,2.18777859,41.37880893
432177.347,4581332.409,2.18777859,41.37880893
431375.444,4587164.978,2.17752782,41.43127304
431375.444,4587164.978,2.17752782,41.43127304
430075.201,4582658.303,2.16248827,41.39057081
430075.201,4582658.303,2.16248827,41.39057081
431658.613,4583392.929,2.18134301,41.39732355
431658.613,4583392.929,2.18134301,41.39732355
427043.304,4581037.178,2.12642227,41.37570053
427043.304,4581037.178,2.12642227,41.37570053
432462.273,4583122.567,2.19098603,41.39495641
432462.273,4583122.567,2.19098603,41.39495641
432147.88,4585942.067,2.1869093,41.42032433
432147.88,4585942.067,2.1869093,41.42032433
429154.95,4587167.561,2.15095383,41.4311034
429154.95,4587167.561,2.15095383,41.4311034
429154.95,4587167.561,2.15095383,41.4311034
432134.809,4584834.857,2.18687719,41.41035093
432134.809,4584834.857,2.18687719,41.41035093
429276.386,4584615.846,2.15270564,41.40813181
429629.86,4583284.505,2.15708918,41.39617193
429629.86,4583284.505,2.15708918,41.39617193
428696.684,4582788.667,2.14598588,41.39162385
428696.684,4582788.667,2.14598588,41.39162385
428696.684,4582788.667,2.14598588,41.39162385
428696.684,4582788.667,2.14598588,41.39162385
429801.835,4587377.111,2.15867102,41.43304756
429801.835,4587377.111,2.15867102,41.43304756
432424.549,4588658.301,2.18991594,41.4448119
432424.549,4588658.301,2.18991594,41.4448119
432424.549,4588658.301,2.18991594,41.4448119
430496.729,4582861.515,2.16750642,41.39243763
428366.248,4581951.731,2.14213283,41.3840565
432842.524,4585531.471,2.19526673,41.41668461
432842.524,4585531.471,2.19526673,41.41668461
429578.016,4581123.449,2.15672041,41.37670347
429578.016,4581123.449,2.15672041,41.37670347
430938.526,4582394.667,2.17284374,41.38827095
430938.526,4582394.667,2.17284374,41.38827095
427207.979,4584967.783,2.12791863,41.4111168
427207.979,4584967.783,2.12791863,41.4111168
430495.648,4582501.94,2.16753477,41.38919895
430495.648,4582501.94,2.16753477,41.38919895
430495.648,4582501.94,2.16753477,41.38919895
428561.029,4580768.458,2.14460172,41.3734165
428561.029,4580768.458,2.14460172,41.3734165
428235.71,4586046.197,2.14008609,41.4209221
428235.71,4586046.197,2.14008609,41.4209221
428235.71,4586046.197,2.14008609,41.4209221
427986.032,4582039.524,2.13757549,41.38481326
427986.032,4582039.524,2.13757549,41.38481326
431274.055,4584558.517,2.17661079,41.40778884
431274.055,4584558.517,2.17661079,41.40778884
428585.976,4581366.457,2.14482952,41.37880469
428585.976,4581366.457,2.14482952,41.37880469
430992.197,4584476.257,2.17324825,41.40702379
430992.197,4584476.257,2.17324825,41.40702379
432968.51,4589200.555,2.19636698,41.44974143
432968.51,4589200.555,2.19636698,41.44974143
433070.663,4582462.987,2.19833586,41.38906663
431293.948,4581061.374,2.17724572,41.3762928
431302.276,4580803.952,2.17737449,41.37397498
431302.276,4580803.952,2.17737449,41.37397498
431867.878,4587610.374,2.18337081,41.43532651
431867.878,4587610.374,2.18337081,41.43532651
431867.878,4587610.374,2.18337081,41.43532651
431958.965,4582933.384,2.18498728,41.39321004
431958.965,4582933.384,2.18498728,41.39321004
428842.038,4581038.14,2.14793003,41.37587034
430310.815,4583051.566,2.16526093,41.39413326
430310.815,4583051.566,2.16526093,41.39413326
433532.626,4586021.374,2.20346988,41.42115445
433532.626,4586021.374,2.20346988,41.42115445
430149.499,4579103.997,2.16378666,41.35856469
430149.499,4579103.997,2.16378666,41.35856469
430414.015,4582990.45,2.16650231,41.39359175
430414.015,4582990.45,2.16650231,41.39359175
427714.159,4585334.953,2.13393052,41.41446946
427714.159,4585334.953,2.13393052,41.41446946
427714.159,4585334.953,2.13393052,41.41446946
431595.901,4584325.817,2.18048742,41.40572046
431595.901,4584325.817,2.18048742,41.40572046
429405.447,4588011.508,2.15385298,41.43872655
429405.447,4588011.508,2.15385298,41.43872655
429173.978,4582876.378,2.15168413,41.39245603
429173.978,4582876.378,2.15168413,41.39245603
429836.053,4582774.512,2.15961458,41.39159663
429836.053,4582774.512,2.15961458,41.39159663
427335.747,4581467.317,2.12986747,41.37960111
427335.747,4581467.317,2.12986747,41.37960111
433118.072,4589134.775,2.19816467,41.44916146
433118.072,4589134.775,2.19816467,41.44916146
433118.072,4589134.775,2.19816467,41.44916146
431038.115,4582540.631,2.17401815,41.38959415
431038.115,4582540.631,2.17401815,41.38959415
429512.941,4582070.13,2.15583212,41.38522422
429512.941,4582070.13,2.15583212,41.38522422
429512.941,4582070.13,2.15583212,41.38522422
429132.409,4583853.739,2.15107249,41.40125511
429132.409,4583853.739,2.15107249,41.40125511
431457.138,4583406.898,2.17893153,41.3974322
431457.138,4583406.898,2.17893153,41.3974322
428283.938,4582019.174,2.14114052,41.3846566
428283.938,4582019.174,2.14114052,41.3846566
431735.719,4588048.318,2.18173959,41.43925968
431735.719,4588048.318,2.18173959,41.43925968
430529.918,4583386.1,2.16784316,41.39716526
429586.389,4583215.617,2.15657724,41.39554767
429586.389,4583215.617,2.15657724,41.39554767
429586.389,4583215.617,2.15657724,41.39554767
429586.389,4583215.617,2.15657724,41.39554767
429586.389,4583215.617,2.15657724,41.39554767
431076.53,4583033.397,2.17442149,41.39403565
431076.53,4583033.397,2.17442149,41.39403565
427992.001,4584009.75,2.13741248,41.40255886
427992.001,4584009.75,2.13741248,41.40255886
431246.499,4583153.045,2.17644084,41.39512783
431246.499,4583153.045,2.17644084,41.39512783
431246.499,4583153.045,2.17644084,41.39512783
433346.831,4589083.784,2.20090875,41.44872123
432826.97,4582277.954,2.19544186,41.38737975
432826.97,4582277.954,2.19544186,41.38737975
432826.97,4582277.954,2.19544186,41.38737975
429002.185,4583024.82,2.14961202,41.39377784
429002.185,4583024.82,2.14961202,41.39377784
431735.512,4586375.418,2.18192616,41.42419244
431735.512,4586375.418,2.18192616,41.42419244
432228.272,4583578.714,2.18813608,41.3990451
432228.272,4583578.714,2.18813608,41.3990451
430369.225,4586847.531,2.16552248,41.42832726
430369.225,4586847.531,2.16552248,41.42832726
430931.901,4582397.171,2.17276422,41.38829293
430931.901,4582397.171,2.17276422,41.38829293
427681.983,4583578.125,2.13375559,41.39864354
427681.983,4583578.125,2.13375559,41.39864354
430930.384,4581693.077,2.17282639,41.38195123
430930.384,4581693.077,2.17282639,41.38195123
429698.263,4588071.047,2.15735072,41.4392885
429698.263,4588071.047,2.15735072,41.4392885
430523.069,4580901.511,2.16804632,41.37478673
430523.069,4580901.511,2.16804632,41.37478673
431540.22,4584113.64,2.17984533,41.4038047
431540.22,4584113.64,2.17984533,41.4038047
431540.22,4584113.64,2.17984533,41.4038047
431540.22,4584113.64,2.17984533,41.4038047
431540.22,4584113.64,2.17984533,41.4038047
431540.22,4584113.64,2.17984533,41.4038047
429382.371,4586268.453,2.15378054,41.42302553
429382.371,4586268.453,2.15378054,41.42302553
430921.311,4587624.545,2.17204042,41.43537323
428786.331,4583714.554,2.14694912,41.39997092
428786.331,4583714.554,2.14694912,41.39997092
431921.891,4584644.088,2.18435137,41.40861472
431921.891,4584644.088,2.18435137,41.40861472
431946.949,4585099.154,2.18459994,41.41271548
429674.734,4583838.639,2.15756152,41.40116675
429674.734,4583838.639,2.15756152,41.40116675
427557.222,4582526.092,2.13238919,41.38915707
427557.222,4582526.092,2.13238919,41.38915707
427557.222,4582526.092,2.13238919,41.38915707
431923.526,4581769.697,2.18469426,41.38272602
431923.526,4581769.697,2.18469426,41.38272602
432583.219,4581468.304,2.19261686,41.38006703
432583.219,4581468.304,2.19261686,41.38006703
432598.945,4588910.201,2.19197534,41.44709534
432598.945,4588910.201,2.19197534,41.44709534
431678.587,4587031.017,2.18117085,41.43009235
431678.587,4587031.017,2.18117085,41.43009235
431678.587,4587031.017,2.18117085,41.43009235
433406.969,4582829.315,2.20231773,41.39239399
433406.969,4582829.315,2.20231773,41.39239399
433406.969,4582829.315,2.20231773,41.39239399
433406.969,4582829.315,2.20231773,41.39239399
433406.969,4582829.315,2.20231773,41.39239399
429362.79,4582875.786,2.15394245,41.39246731
429362.79,4582875.786,2.15394245,41.39246731
429703.051,4586093.1,2.15763817,41.42147433
429703.051,4586093.1,2.15763817,41.42147433
430698.553,4584185.004,2.16976873,41.40437529
430698.553,4584185.004,2.16976873,41.40437529
430698.553,4584185.004,2.16976873,41.40437529
430119.023,4584204.738,2.1628338,41.40450284
430119.023,4584204.738,2.1628338,41.40450284
428665.974,4587115.347,2.14510822,41.43058982
428665.974,4587115.347,2.14510822,41.43058982
428564.958,4586831.806,2.14393285,41.42802711
428564.958,4586831.806,2.14393285,41.42802711
428564.958,4586831.806,2.14393285,41.42802711
431768.444,4585618.907,2.18240563,41.41738158
431768.444,4585618.907,2.18240563,41.41738158
431768.444,4585618.907,2.18240563,41.41738158
426110.078,4581863.973,2.11516269,41.38306193
430993.374,4584658.47,2.17324153,41.40866503
430993.374,4584658.47,2.17324153,41.40866503
426848.158,4584681.179,2.12364851,41.4085028
426848.158,4584681.179,2.12364851,41.4085028
433198.239,4583381.628,2.19976026,41.39735121
433198.239,4583381.628,2.19976026,41.39735121
430411.846,4582420.48,2.16654189,41.38845802
429801.81,4580168.133,2.15950711,41.3681188
429801.81,4580168.133,2.15950711,41.3681188
429801.81,4580168.133,2.15950711,41.3681188
428270.55,4584213.391,2.14072038,41.40441788
428270.55,4584213.391,2.14072038,41.40441788
428613.675,4580152.788,2.14530374,41.36787604
428613.675,4580152.788,2.14530374,41.36787604
428613.675,4580152.788,2.14530374,41.36787604
426425.329,4575836.754,2.11966384,41.32880592
426425.329,4575836.754,2.11966384,41.32880592
430748.018,4580935.138,2.17073223,41.37510901
430748.018,4580935.138,2.17073223,41.37510901
430748.018,4580935.138,2.17073223,41.37510901
431242.622,4580854.666,2.17665545,41.37442665
431242.622,4580854.666,2.17665545,41.37442665
429684.854,4581708.845,2.15792997,41.3819853
429684.854,4581708.845,2.15792997,41.3819853
429684.854,4581708.845,2.15792997,41.3819853
429544.563,4582114.924,2.15620507,41.38563044
429544.563,4582114.924,2.15620507,41.38563044
432312.241,4583291.52,2.18917261,41.3964655
427420.283,4581561.467,2.13086705,41.38045671
427420.283,4581561.467,2.13086705,41.38045671
428075.877,4584533.26,2.13835357,41.40728141
428075.877,4584533.26,2.13835357,41.40728141
428473.451,4583594.921,2.1432207,41.39886565
428473.451,4583594.921,2.1432207,41.39886565
428473.451,4583594.921,2.1432207,41.39886565
428665.999,4584343.609,2.14543557,41.40562591
428665.999,4584343.609,2.14543557,41.40562591
433339.26,4582749.764,2.20151667,41.39167188
425510.262,4581363.36,2.10805137,41.37849779
430900.694,4582898.468,2.17233378,41.39280528
430900.694,4582898.468,2.17233378,41.39280528
431124.656,4587902.658,2.17444239,41.43789557
431124.656,4587902.658,2.17444239,41.43789557
431061.647,4586580.352,2.17383915,41.42598063
431061.647,4586580.352,2.17383915,41.42598063
427891.785,4583865.873,2.13623083,41.40125402
427891.785,4583865.873,2.13623083,41.40125402
430121.355,4582099.833,2.16310473,41.38554485
430121.355,4582099.833,2.16310473,41.38554485
425793.299,4582753.621,2.11126546,41.39104543
425793.299,4582753.621,2.11126546,41.39104543
425631.662,4582032.657,2.10942084,41.38453709
425631.662,4582032.657,2.10942084,41.38453709
428674.991,4581435.242,2.14588584,41.37943211
428674.991,4581435.242,2.14588584,41.37943211
433280.243,4588251.384,2.20020363,41.44121854
431362.474,4583277.258,2.17781393,41.3962565
431362.474,4583277.258,2.17781393,41.3962565
427564.461,4584379.091,2.13225397,41.40584692
427564.461,4584379.091,2.13225397,41.40584692
427381.028,4581010.596,2.13046368,41.37549168
427381.028,4581010.596,2.13046368,41.37549168
428644.451,4584237.466,2.14519033,41.40466801
428644.451,4584237.466,2.14519033,41.40466801
432990.873,4582346.818,2.19739444,41.38801367
432990.873,4582346.818,2.19739444,41.38801367
432990.873,4582346.818,2.19739444,41.38801367
433421.633,4589025.609,2.2018106,41.44820348
433421.633,4589025.609,2.2018106,41.44820348
433421.633,4589025.609,2.2018106,41.44820348
427313.001,4581276.701,2.12961835,41.37788224
427313.001,4581276.701,2.12961835,41.37788224
427313.001,4581276.701,2.12961835,41.37788224
432395.728,4582825.005,2.19022333,41.39227075
432395.728,4582825.005,2.19022333,41.39227075
432216.455,4583977.059,2.1879501,41.40263188
426706.404,4582364.534,2.12223326,41.38762486
428642.394,4581346.369,2.14550653,41.37862877
428642.394,4581346.369,2.14550653,41.37862877
431876.16,4581706.101,2.18413498,41.38214921
431876.16,4581706.101,2.18413498,41.38214921
431366.444,4586336.944,2.17751417,41.42381445
431366.444,4586336.944,2.17751417,41.42381445
430043.223,4583184.952,2.16204494,41.39531138
430043.223,4583184.952,2.16204494,41.39531138
428148.699,4579902.306,2.13977427,41.36557864
428148.699,4579902.306,2.13977427,41.36557864
427206.997,4582445.169,2.12821035,41.38839659
427206.997,4582445.169,2.12821035,41.38839659
428006.1,4582683.058,2.13773896,41.39061112
428006.1,4582683.058,2.13773896,41.39061112
431468.574,4582749.523,2.17914275,41.39151239
431468.574,4582749.523,2.17914275,41.39151239
431468.574,4582749.523,2.17914275,41.39151239
426649.365,4582527.028,2.12153144,41.38908317
426649.365,4582527.028,2.12153144,41.38908317
430804.953,4583373.808,2.17113432,41.39707828
430804.953,4583373.808,2.17113432,41.39707828
430804.953,4583373.808,2.17113432,41.39707828
431467.868,4588070.136,2.1785312,41.43943336
430851.922,4587928.231,2.17117519,41.43810244
430851.922,4587928.231,2.17117519,41.43810244
428427.45,4586473.164,2.14232979,41.42478473
428427.45,4586473.164,2.14232979,41.42478473
428427.45,4586473.164,2.14232979,41.42478473
430290.851,4580645.967,2.16529906,41.37246504
430290.851,4580645.967,2.16529906,41.37246504
430290.851,4580645.967,2.16529906,41.37246504
431337.137,4582019.069,2.17765358,41.38492219
431337.137,4582019.069,2.17765358,41.38492219
431337.137,4582019.069,2.17765358,41.38492219
425229.832,4582089.587,2.10460844,41.38501257
425229.832,4582089.587,2.10460844,41.38501257
428296.561,4586532.336,2.14075653,41.42530598
428296.561,4586532.336,2.14075653,41.42530598
428296.561,4586532.336,2.14075653,41.42530598
432743.595,4582267.161,2.19444594,41.38727558
432743.595,4582267.161,2.19444594,41.38727558
430983.769,4581098.839,2.1735325,41.37660368
430983.769,4581098.839,2.1735325,41.37660368
430983.769,4581098.839,2.1735325,41.37660368
429220.048,4586637.826,2.15179494,41.42633803
429220.048,4586637.826,2.15179494,41.42633803
430136.327,4582898.937,2.16319156,41.39274344
430136.327,4582898.937,2.16319156,41.39274344
428290.788,4584240.495,2.14095926,41.40466381
428290.788,4584240.495,2.14095926,41.40466381
433664.342,4584517.829,2.20521092,41.4076233
430228.01,4584092.678,2.16415049,41.40350303
430228.01,4584092.678,2.16415049,41.40350303
430228.01,4584092.678,2.16415049,41.40350303
427954.947,4582701.104,2.13712502,41.39076907
427954.947,4582701.104,2.13712502,41.39076907
428423.261,4581481.549,2.1428702,41.37982681
428423.261,4581481.549,2.1428702,41.37982681
426759.949,4583807.321,2.12269904,41.40062432
426759.949,4583807.321,2.12269904,41.40062432
428273.42,4583696.831,2.14081595,41.39976569
428273.42,4583696.831,2.14081595,41.39976569
432541.23,4586576.065,2.19154518,41.4260677
432541.23,4586576.065,2.19154518,41.4260677
428523.111,4583408.792,2.14383668,41.39719368
428523.111,4583408.792,2.14383668,41.39719368
431057.168,4583956.727,2.17408471,41.40235013
431057.168,4583956.727,2.17408471,41.40235013
427218.214,4584011.046,2.1281562,41.40250081
430272.36,4587731.06,2.16426132,41.43627645
430272.36,4587731.06,2.16426132,41.43627645
428970.849,4581553.162,2.14940987,41.38052036
428970.849,4581553.162,2.14940987,41.38052036
427504.457,4585298.725,2.13142592,41.41412426
427504.457,4585298.725,2.13142592,41.41412426
427504.457,4585298.725,2.13142592,41.41412426
428431.666,4586573.772,2.14236833,41.42569123
428431.666,4586573.772,2.14236833,41.42569123
430718.446,4588420.749,2.16952114,41.44252685
430718.446,4588420.749,2.16952114,41.44252685
431235.148,4583025.3,2.17631959,41.3939763
431235.148,4583025.3,2.17631959,41.3939763
431649.43,4587045.012,2.18082034,41.43021591
431649.43,4587045.012,2.18082034,41.43021591
429414.184,4587703.542,2.15399355,41.43595359
432177.347,4581332.409,2.18777859,41.37880893
432177.347,4581332.409,2.18777859,41.37880893
431457.138,4583406.898,2.17893153,41.3974322
431457.138,4583406.898,2.17893153,41.3974322
428270.55,4584213.391,2.14072038,41.40441788
428270.55,4584213.391,2.14072038,41.40441788
435033.445,4584725.51,2.2215676,41.40960573
435033.445,4584725.51,2.2215676,41.40960573
430187.139,4586714.881,2.16335879,41.42711671
428461.501,4586654.831,2.14271575,41.42642396
428461.501,4586654.831,2.14271575,41.42642396
427222.755,4582704.751,2.1283676,41.39073596
427222.755,4582704.751,2.1283676,41.39073596
427222.755,4582704.751,2.1283676,41.39073596
428663.934,4587128.151,2.14508229,41.43070496
428663.934,4587128.151,2.14508229,41.43070496
429364.838,4584699.097,2.15375409,41.4088894
429364.838,4584699.097,2.15375409,41.4088894
431558.693,4582921.934,2.1802011,41.39307293
431558.693,4582921.934,2.1802011,41.39307293
426848.127,4582296.782,2.12393637,41.38702756
426848.127,4582296.782,2.12393637,41.38702756
434579.475,4584910.184,2.21611648,41.4112322
434579.475,4584910.184,2.21611648,41.4112322
428505.87,4582846.363,2.1436969,41.39212655
428505.87,4582846.363,2.1436969,41.39212655
427180.418,4581358.774,2.12802311,41.37860945
427180.418,4581358.774,2.12802311,41.37860945
429514.176,4583218.133,2.15571321,41.39556401
429514.176,4583218.133,2.15571321,41.39556401
429514.176,4583218.133,2.15571321,41.39556401
431320.519,4580791.563,2.17759403,41.37386495
431320.519,4580791.563,2.17759403,41.37386495
433013.633,4588521.322,2.19698252,41.44362757
433013.633,4588521.322,2.19698252,41.44362757
427869.956,4585406.474,2.13578598,41.41512763
427869.956,4585406.474,2.13578598,41.41512763
426590.289,4575790.015,2.12164053,41.3284
426590.289,4575790.015,2.12164053,41.3284
433767.827,4588493.799,2.20601315,41.44344229
433767.827,4588493.799,2.20601315,41.44344229
429340.855,4578379.563,2.15420442,41.35196932
427269.906,4581441.242,2.12908328,41.3793603
427269.906,4581441.242,2.12908328,41.3793603
429261.572,4586137.345,2.15235041,41.42183406
429261.572,4586137.345,2.15235041,41.42183406
432314.572,4589102.134,2.18854974,41.44880008
432314.572,4589102.134,2.18854974,41.44880008
432314.572,4589102.134,2.18854974,41.44880008
430403.064,4582955.169,2.16637539,41.39327304
430403.064,4582955.169,2.16637539,41.39327304
432328.176,4581524.748,2.1895607,41.38055399
432869.806,4582348.982,2.19594629,41.38802306
432869.806,4582348.982,2.19594629,41.38802306
430080.794,4588135.461,2.16192175,41.43990207
430080.794,4588135.461,2.16192175,41.43990207
430641.861,4579587.946,2.16961707,41.36296607
430641.861,4579587.946,2.16961707,41.36296607
430326.426,4583211.666,2.16542922,41.39557659
430326.426,4583211.666,2.16542922,41.39557659
429513.961,4582145.905,2.15583549,41.38590679
429513.961,4582145.905,2.15583549,41.38590679
430168.582,4583213.161,2.16354109,41.39557635
430168.582,4583213.161,2.16354109,41.39557635
430168.582,4583213.161,2.16354109,41.39557635
430168.582,4583213.161,2.16354109,41.39557635
428363.12,4582059.665,2.14208266,41.38502835
428363.12,4582059.665,2.14208266,41.38502835
430987.16,4582551.3,2.17340752,41.38968588
430987.16,4582551.3,2.17340752,41.38968588
429177.803,4587818.313,2.15115102,41.43696646
429912.138,4582436.539,2.1605637,41.38855925
429912.138,4582436.539,2.1605637,41.38855925
431328.846,4586067.915,2.17709484,41.42138818
431328.846,4586067.915,2.17709484,41.42138818
431153.98,4586798.309,2.17491923,41.42795161
429802.634,4581408.405,2.15937326,41.37928962
429802.634,4581408.405,2.15937326,41.37928962
432285.574,4581840.351,2.18901597,41.38339296
432285.574,4581840.351,2.18901597,41.38339296
429315.102,4587927.895,2.15278146,41.43796553
429315.102,4587927.895,2.15278146,41.43796553
430303.249,4579227.374,2.16561043,41.35968924
430303.249,4579227.374,2.16561043,41.35968924
429737.738,4581724.845,2.15856052,41.38213403
429737.738,4581724.845,2.15856052,41.38213403
427575.967,4582577.493,2.13260722,41.3896217
427575.967,4582577.493,2.13260722,41.3896217
428270.55,4584213.391,2.14072038,41.40441788
428270.55,4584213.391,2.14072038,41.40441788
434731.89,4584332.532,2.21800231,41.40604182
434731.89,4584332.532,2.21800231,41.40604182
430147.356,4580948.369,2.16354847,41.37517623
430147.356,4580948.369,2.16354847,41.37517623
429819.394,4581767.804,2.15953203,41.38252808
429819.394,4581767.804,2.15953203,41.38252808
427101.501,4587210.281,2.12637431,41.4313043
427101.501,4587210.281,2.12637431,41.4313043
432984.805,4583568.611,2.19718659,41.39901755
432984.805,4583568.611,2.19718659,41.39901755
432497.544,4587657.677,2.19090156,41.43580576
432497.544,4587657.677,2.19090156,41.43580576
429430.093,4583191.251,2.15471064,41.39531451
429430.093,4583191.251,2.15471064,41.39531451
428389.44,4586359.406,2.14188843,41.42375677
428389.44,4586359.406,2.14188843,41.42375677
428389.44,4586359.406,2.14188843,41.42375677
426906.576,4583600.762,2.12447791,41.39877727
426906.576,4583600.762,2.12447791,41.39877727
428108.471,4581859.444,2.1390611,41.3832023
428108.471,4581859.444,2.1390611,41.3832023
428108.471,4581859.444,2.1390611,41.3832023
426378.625,4583534.615,2.11817094,41.39813333
426378.625,4583534.615,2.11817094,41.39813333
428965.775,4585702.938,2.14886204,41.41789542
428965.775,4585702.938,2.14886204,41.41789542
428965.775,4585702.938,2.14886204,41.41789542
428296.552,4577849.209,2.14178467,41.34710024
428296.552,4577849.209,2.14178467,41.34710024
431763.267,4588604.184,2.1820065,41.44426852
428885.894,4582593.132,2.14827183,41.38987951
428885.894,4582593.132,2.14827183,41.38987951
428436.592,4582129.896,2.142953,41.38566743
428436.592,4582129.896,2.142953,41.38566743
431008.75,4582322.703,2.1736918,41.38762882
431008.75,4582322.703,2.1736918,41.38762882
432169.339,4581624.906,2.18765007,41.3814427
432169.339,4581624.906,2.18765007,41.3814427
432169.339,4581624.906,2.18765007,41.3814427
432378.795,4581951.787,2.19011833,41.38440448
432378.795,4581951.787,2.19011833,41.38440448
431273.025,4584371.261,2.17661975,41.4061022
431273.025,4584371.261,2.17661975,41.4061022
428499.732,4582666.131,2.14364477,41.39050273
428499.732,4582666.131,2.14364477,41.39050273
428499.732,4582666.131,2.14364477,41.39050273
431379.842,4581118.42,2.17826633,41.37681393
431379.842,4581118.42,2.17826633,41.37681393
425615.835,4581133.221,2.10934203,41.3764348
425615.835,4581133.221,2.10934203,41.3764348
428416.857,4581807.666,2.14275508,41.38276347
428416.857,4581807.666,2.14275508,41.38276347
434513.589,4585066.809,2.21531126,41.41263752
434513.589,4585066.809,2.21531126,41.41263752
429938.148,4581711.735,2.16095863,41.38203344
429938.148,4581711.735,2.16095863,41.38203344
431873.347,4591155.099,2.18303611,41.46725299
431873.347,4591155.099,2.18303611,41.46725299
427182.434,4582398.224,2.12792223,41.38797155
427182.434,4582398.224,2.12792223,41.38797155
427182.434,4582398.224,2.12792223,41.38797155
427182.434,4582398.224,2.12792223,41.38797155
429042.337,4583824.885,2.14999845,41.40098728
429042.337,4583824.885,2.14999845,41.40098728
428602.61,4582502.687,2.14489446,41.38903979
428602.61,4582502.687,2.14489446,41.38903979
425773.035,4581961.264,2.11112024,41.38390715
425773.035,4581961.264,2.11112024,41.38390715
425773.035,4581961.264,2.11112024,41.38390715
428221.548,4582753.612,2.14030734,41.39126584
428221.548,4582753.612,2.14030734,41.39126584
431510.905,4588833.99,2.17895967,41.44631679
431510.905,4588833.99,2.17895967,41.44631679
429210.33,4583752.363,2.15201645,41.40034892
429210.33,4583752.363,2.15201645,41.40034892
429531.84,4587130.298,2.15546857,41.43080096
430948.881,4582872.679,2.17291306,41.39257715
430948.881,4582872.679,2.17291306,41.39257715
431905.402,4586258.163,2.18397231,41.42315078
431905.402,4586258.163,2.18397231,41.42315078
428875.943,4584366.28,2.14794441,41.40584871
428875.943,4584366.28,2.14794441,41.40584871
430656.756,4583941.386,2.16929667,41.4021775
430656.756,4583941.386,2.16929667,41.4021775
430656.756,4583941.386,2.16929667,41.4021775
430306.182,4584382.385,2.16505223,41.40611911
430748.143,4584030.445,2.17037965,41.40298751
430748.143,4584030.445,2.17037965,41.40298751
430208.677,4582391.902,2.16411535,41.38818301
430208.677,4582391.902,2.16411535,41.38818301
428134.361,4585621.646,2.13892386,41.41708929
428134.361,4585621.646,2.13892386,41.41708929
431363.279,4583313.928,2.1778194,41.39658684
431363.279,4583313.928,2.1778194,41.39658684
425436.774,4582420.616,2.10704246,41.38801321
425436.774,4582420.616,2.10704246,41.38801321
427269.906,4581441.242,2.12908328,41.3793603
427269.906,4581441.242,2.12908328,41.3793603
432490.307,4587856.851,2.19079268,41.43759904
432490.307,4587856.851,2.19079268,41.43759904
432490.307,4587856.851,2.19079268,41.43759904
431120.725,4587319.637,2.17446183,41.43264418
431120.725,4587319.637,2.17446183,41.43264418
427969.12,4585470.189,2.13696484,41.41571038
427969.12,4585470.189,2.13696484,41.41571038
427969.12,4585470.189,2.13696484,41.41571038
428423.261,4581481.549,2.1428702,41.37982681
428423.261,4581481.549,2.1428702,41.37982681
432115.589,4585273.076,2.18659805,41.41429621
432115.589,4585273.076,2.18659805,41.41429621
432115.589,4585273.076,2.18659805,41.41429621
432123.077,4586455.003,2.18655492,41.42494209
432123.077,4586455.003,2.18655492,41.42494209
432352.605,4587865.343,2.18914361,41.43766393
429844.787,4584373.978,2.15953361,41.40600323
427674.673,4583267.819,2.13370524,41.39584808
431460.948,4584179.194,2.17888962,41.40438836
431460.948,4584179.194,2.17888962,41.40438836
434723.774,4584307.912,2.21790787,41.40581941
434723.774,4584307.912,2.21790787,41.40581941
428983.643,4582689.634,2.14942957,41.3907573
428983.643,4582689.634,2.14942957,41.3907573
431047.219,4580373.322,2.17437377,41.37007459
431047.219,4580373.322,2.17437377,41.37007459
428787.039,4581740.072,2.14718987,41.38218754
428787.039,4581740.072,2.14718987,41.38218754
427073.37,4583527.259,2.12648186,41.39813042
427073.37,4583527.259,2.12648186,41.39813042
432533.615,4584838.162,2.19164802,41.41041429
432533.615,4584838.162,2.19164802,41.41041429
432533.615,4584838.162,2.19164802,41.41041429
432533.615,4584838.162,2.19164802,41.41041429
432533.615,4584838.162,2.19164802,41.41041429
431303.956,4580950.667,2.17737794,41.37529655
431303.956,4580950.667,2.17737794,41.37529655
432618.721,4588884.426,2.19221495,41.44686486
432618.721,4588884.426,2.19221495,41.44686486
425455.191,4582265.476,2.10728182,41.38661765
425455.191,4582265.476,2.10728182,41.38661765
425455.191,4582265.476,2.10728182,41.38661765
430411.157,4583904.052,2.16636306,41.40182002
430411.157,4583904.052,2.16636306,41.40182002
425730.67,4585506.588,2.11017847,41.41583434
425730.67,4585506.588,2.11017847,41.41583434
432908.119,4584275.127,2.19619096,41.40537456
432908.119,4584275.127,2.19619096,41.40537456
430590.233,4582764.013,2.16863594,41.39156754
430590.233,4582764.013,2.16863594,41.39156754
430073.96,4581405.408,2.1626181,41.37928627
430073.96,4581405.408,2.1626181,41.37928627
431089.062,4584377.386,2.17441831,41.40614161
431089.062,4584377.386,2.17441831,41.40614161
427714.854,4583654.888,2.13413961,41.39933787
427714.854,4583654.888,2.13413961,41.39933787
431882.442,4586202.057,2.1837039,41.4226435
431882.442,4586202.057,2.1837039,41.4226435
431882.442,4586202.057,2.1837039,41.4226435
431593.053,4588265.571,2.18000741,41.44120426
431593.053,4588265.571,2.18000741,41.44120426
429160.903,4583778.345,2.15142217,41.40057857
429160.903,4583778.345,2.15142217,41.40057857
430387.362,4582209.736,2.1662733,41.3865578
430387.362,4582209.736,2.1662733,41.3865578
430387.362,4582209.736,2.1662733,41.3865578
430081.213,4582619.591,2.16256464,41.39022267
430383.728,4583111.097,2.16612618,41.39467575
430383.728,4583111.097,2.16612618,41.39467575
430383.728,4583111.097,2.16612618,41.39467575
430922.487,4584531.395,2.172408,41.40751441
430922.487,4584531.395,2.172408,41.40751441
427811.242,4586707.434,2.13492813,41.42683953
427811.242,4586707.434,2.13492813,41.42683953
430658.003,4582415.709,2.16948638,41.38843632
430658.003,4582415.709,2.16948638,41.38843632
430658.003,4582415.709,2.16948638,41.38843632
430989.682,4580871.295,2.17362913,41.37455476
430989.682,4580871.295,2.17362913,41.37455476
430989.682,4580871.295,2.17362913,41.37455476
430443.152,4580944.446,2.16708581,41.37516653
430443.152,4580944.446,2.16708581,41.37516653
427884.668,4583176.476,2.13622785,41.39504426
427884.668,4583176.476,2.13622785,41.39504426
427135.105,4581702.426,2.12743993,41.38170048
427135.105,4581702.426,2.12743993,41.38170048
425346.532,4585348.872,2.10560193,41.41437826
425346.532,4585348.872,2.10560193,41.41437826
426998.274,4582457.093,2.12571269,41.38848506
426998.274,4582457.093,2.12571269,41.38848506
427976.267,4579539.99,2.13775583,41.36229997
427976.267,4579539.99,2.13775583,41.36229997
431022.559,4581149.126,2.17399061,41.37705993
431022.559,4581149.126,2.17399061,41.37705993
428870.108,4586365.725,2.14763939,41.42385641
428870.108,4586365.725,2.14763939,41.42385641
427642.195,4584065.087,2.13322144,41.40302583
427642.195,4584065.087,2.13322144,41.40302583
432294.332,4584205.804,2.18885609,41.40469869
432294.332,4584205.804,2.18885609,41.40469869
428224.399,4588969.609,2.13960337,41.44725096
428224.399,4588969.609,2.13960337,41.44725096
433044.669,4584829.294,2.19776313,41.41037717
433044.669,4584829.294,2.19776313,41.41037717
431058.409,4581427.909,2.17438756,41.37957392
431465.748,4583017.275,2.17907864,41.39392372
431465.748,4583017.275,2.17907864,41.39392372
430155.92,4582713.394,2.1634473,41.39107401
430757.91,4582404.967,2.17068246,41.38834818
430757.91,4582404.967,2.17068246,41.38834818
430757.91,4582404.967,2.17068246,41.38834818
427354.251,4582900.129,2.12991683,41.39250755
427354.251,4582900.129,2.12991683,41.39250755
431147.288,4584488.465,2.17510222,41.40714705
431147.288,4584488.465,2.17510222,41.40714705
431147.288,4584488.465,2.17510222,41.40714705
430453.768,4583743.327,2.16689126,41.4003761
430453.768,4583743.327,2.16689126,41.4003761
430453.768,4583743.327,2.16689126,41.4003761
430453.768,4583743.327,2.16689126,41.4003761
433072.086,4589234.165,2.19760315,41.45005279
431363.279,4583313.928,2.1778194,41.39658684
431363.279,4583313.928,2.1778194,41.39658684
428534.355,4582421.31,2.14408777,41.38830079
428534.355,4582421.31,2.14408777,41.38830079
428977.138,4587728.628,2.14875991,41.43614098
428977.138,4587728.628,2.14875991,41.43614098
432907.709,4585545.979,2.19604505,41.41682073
433786.963,4585756.275,2.20654225,41.41878778
433786.963,4585756.275,2.20654225,41.41878778
431740.056,4584265.345,2.18221875,41.40518806
431740.056,4584265.345,2.18221875,41.40518806
432888,4585390.263,2.19582652,41.4154166
432888,4585390.263,2.19582652,41.4154166
430403.064,4582955.169,2.16637539,41.39327304
430403.064,4582955.169,2.16637539,41.39327304
425450.717,4582691.65,2.10717583,41.39045559
430411.157,4583904.052,2.16636306,41.40182002
430411.157,4583904.052,2.16636306,41.40182002
430471.155,4588315.378,2.1665733,41.44155642
430471.155,4588315.378,2.1665733,41.44155642
428198.689,4585945.782,2.13965504,41.4200144
428198.689,4585945.782,2.13965504,41.4200144
430777.987,4584311.338,2.17070452,41.40552
430777.987,4584311.338,2.17070452,41.40552
429057.219,4588307.221,2.14965037,41.4413592
429057.219,4588307.221,2.14965037,41.4413592
428034.159,4584036.692,2.13791357,41.40280528
428034.159,4584036.692,2.13791357,41.40280528
429096.822,4581848.818,2.15088165,41.38319435
429096.822,4581848.818,2.15088165,41.38319435
429096.822,4581848.818,2.15088165,41.38319435
430450.924,4588287.22,2.16633439,41.44130106
430450.924,4588287.22,2.16633439,41.44130106
433982.144,4587738.474,2.20866106,41.43665697
433982.144,4587738.474,2.20866106,41.43665697
429002.821,4587726.307,2.14906756,41.43612235
429002.821,4587726.307,2.14906756,41.43612235
428919.223,4582584.5,2.14867146,41.3898047
431421.788,4582690.923,2.17858982,41.39098061
428728.976,4582805.389,2.14637013,41.39177733
428728.976,4582805.389,2.14637013,41.39177733
427954.947,4582701.104,2.13712502,41.39076907
427954.947,4582701.104,2.13712502,41.39076907
432869.806,4582348.982,2.19594629,41.38802306
432869.806,4582348.982,2.19594629,41.38802306
427824.325,4582438.444,2.1355941,41.38839167
427824.325,4582438.444,2.1355941,41.38839167
430452.149,4582422.954,2.16702361,41.38848379
430452.149,4582422.954,2.16702361,41.38848379
430452.149,4582422.954,2.16702361,41.38848379
433533.097,4584477.61,2.20364522,41.40725021
433533.097,4584477.61,2.20364522,41.40725021
428733.324,4587304.222,2.14589193,41.43229692
428733.324,4587304.222,2.14589193,41.43229692
429844.357,4583145.41,2.15967091,41.3949379
429844.357,4583145.41,2.15967091,41.3949379
430277.162,4582833.019,2.1648836,41.39216196
430277.162,4582833.019,2.1648836,41.39216196
427354.251,4582900.129,2.12991683,41.39250755
427354.251,4582900.129,2.12991683,41.39250755
432800.776,4584710.486,2.19485846,41.40928674
432800.776,4584710.486,2.19485846,41.40928674
431087.586,4584749.863,2.17435822,41.40949626
431087.586,4584749.863,2.17435822,41.40949626
430480.903,4582487.441,2.16736009,41.38906709
430480.903,4582487.441,2.16736009,41.38906709
433767.286,4588494.32,2.20600661,41.44344694
433767.286,4588494.32,2.20600661,41.44344694
433767.286,4588494.32,2.20600661,41.44344694
427314.387,4581452.328,2.12961384,41.37946418
427314.387,4581452.328,2.12961384,41.37946418
429574.61,4584031.059,2.15634145,41.40289105
429574.61,4584031.059,2.15634145,41.40289105
432849.102,4585214.594,2.19538063,41.41383115
432849.102,4585214.594,2.19538063,41.41383115
432849.102,4585214.594,2.19538063,41.41383115
430683.284,4584408.26,2.1695605,41.40638478
430683.284,4584408.26,2.1695605,41.40638478
431183.543,4584280.162,2.17555965,41.40527404
431183.543,4584280.162,2.17555965,41.40527404
426513.126,4583668.002,2.11976354,41.39934699
426513.126,4583668.002,2.11976354,41.39934699
426513.126,4583668.002,2.11976354,41.39934699
426513.126,4583668.002,2.11976354,41.39934699
429436.261,4588088.621,2.15421278,41.43942378
429436.261,4588088.621,2.15421278,41.43942378
428427.45,4586473.164,2.14232979,41.42478473
428427.45,4586473.164,2.14232979,41.42478473
429266.587,4582781.425,2.15280287,41.39160898
429266.587,4582781.425,2.15280287,41.39160898
430411.157,4583904.052,2.16636306,41.40182002
430411.157,4583904.052,2.16636306,41.40182002
430411.157,4583904.052,2.16636306,41.40182002
430311.08,4582286.328,2.1653522,41.38724102
430311.08,4582286.328,2.1653522,41.38724102
430311.08,4582286.328,2.1653522,41.38724102
430786.526,4585244.587,2.17069986,41.41392619
427406.986,4581534.244,2.13071131,41.38021032
427406.986,4581534.244,2.13071131,41.38021032
428744.956,4583316.601,2.14650107,41.39638305
428744.956,4583316.601,2.14650107,41.39638305
430599.118,4583712.762,2.16863341,41.40011338
430599.118,4583712.762,2.16863341,41.40011338
432275.456,4581857.727,2.18889302,41.38354861
432275.456,4581857.727,2.18889302,41.38354861
432275.456,4581857.727,2.18889302,41.38354861
431096.292,4589816.998,2.1738844,41.45513486
431977.605,4581755.098,2.18534261,41.38259911
432373.526,4586176.281,2.18958308,41.42245287
431432.954,4581201.384,2.17889203,41.3775657
431432.954,4581201.384,2.17889203,41.3775657
429885.481,4588089.588,2.15958938,41.43947186
429885.481,4588089.588,2.15958938,41.43947186
431837.23,4584359.618,2.1833706,41.4060454
431837.23,4584359.618,2.1833706,41.4060454
433723.918,4585600.717,2.20580495,41.41738151
433723.918,4585600.717,2.20580495,41.41738151
433723.918,4585600.717,2.20580495,41.41738151
432218.556,4588908.54,2.1874221,41.44704833
432218.556,4588908.54,2.1874221,41.44704833
430850.637,4583648.777,2.17164935,41.39955877
430850.637,4583648.777,2.17164935,41.39955877
430586.73,4581387.681,2.16875182,41.37917103
429766.217,4581904.298,2.15888028,41.38375279
429766.217,4581904.298,2.15888028,41.38375279
428249.626,4583819.298,2.14051681,41.40086657
428379.672,4585475.093,2.14187633,41.41579126
428379.672,4585475.093,2.14187633,41.41579126
429783.388,4580855.686,2.15920718,41.37430977
431582.27,4582754.76,2.18050199,41.39156924
431582.27,4582754.76,2.18050199,41.39156924
431493.563,4588524.92,2.17878715,41.44353163
430387.362,4582209.736,2.1662733,41.3865578
430387.362,4582209.736,2.1662733,41.3865578
428061.189,4580225.769,2.13868966,41.36848414
433969.557,4583899.287,2.2089298,41.40207739
433969.557,4583899.287,2.2089298,41.40207739
431805.448,4581609.926,2.1833002,41.381277
431805.448,4581609.926,2.1833002,41.381277
431805.448,4581609.926,2.1833002,41.381277
430375.83,4588042.896,2.16546374,41.43909402
430375.83,4588042.896,2.16546374,41.43909402
430375.83,4588042.896,2.16546374,41.43909402
431865.678,4583841.801,2.18376924,41.40138399
431865.678,4583841.801,2.18376924,41.40138399
429355.758,4582115.684,2.15394705,41.38562071
429355.758,4582115.684,2.15394705,41.38562071
433313.74,4583526.833,2.20112581,41.39866863
433917.866,4586366.498,2.20804182,41.42429468
433917.866,4586366.498,2.20804182,41.42429468
432800.776,4584710.486,2.19485846,41.40928674
432800.776,4584710.486,2.19485846,41.40928674
433798.219,4585392.312,2.20671678,41.4155106
433798.219,4585392.312,2.20671678,41.4155106
430033.534,4581806.071,2.1620884,41.3828914
430033.534,4581806.071,2.1620884,41.3828914
431837.481,4585501.876,2.18324485,41.41633339
431837.481,4585501.876,2.18324485,41.41633339
427388.839,4583866.886,2.13021453,41.40121786
427388.839,4583866.886,2.13021453,41.40121786
428741.95,4585300.932,2.14623136,41.41425488
433406.969,4582829.315,2.20231773,41.39239399
433406.969,4582829.315,2.20231773,41.39239399
430636.235,4583389.58,2.16911444,41.39720579
432565.123,4583244.664,2.1922026,41.39606474
432565.123,4583244.664,2.1922026,41.39606474
429170.507,4582688.109,2.15166465,41.39076006
429170.507,4582688.109,2.15166465,41.39076006
429753.109,4583832.976,2.15849969,41.4011226
429611.286,4583250.113,2.15687102,41.39586055
429611.286,4583250.113,2.15687102,41.39586055
429078.178,4578487.441,2.15105206,41.35291785
429078.178,4578487.441,2.15105206,41.35291785
428198.703,4585892.995,2.13966148,41.41953897
428198.703,4585892.995,2.13966148,41.41953897
428989.757,4580474.504,2.14976241,41.37080691
429457.786,4582778.442,2.15508998,41.39159891
429457.786,4582778.442,2.15508998,41.39159891
429457.786,4582778.442,2.15508998,41.39159891
430076.874,4585058.308,2.16223091,41.41218697
429382.728,4580885.974,2.15441295,41.37454749
429382.728,4580885.974,2.15441295,41.37454749
429382.728,4580885.974,2.15441295,41.37454749
430939.86,4582520.875,2.1728453,41.38940778
430939.86,4582520.875,2.1728453,41.38940778
430939.86,4582520.875,2.1728453,41.38940778
428564.958,4586831.806,2.14393285,41.42802711
428564.958,4586831.806,2.14393285,41.42802711
428564.958,4586831.806,2.14393285,41.42802711
430215.566,4583149.448,2.16411041,41.39500658
430215.566,4583149.448,2.16411041,41.39500658
431076.53,4583033.397,2.17442149,41.39403565
431076.53,4583033.397,2.17442149,41.39403565
427869.956,4585406.474,2.13578598,41.41512763
427869.956,4585406.474,2.13578598,41.41512763
429400.413,4581803.545,2.15451746,41.3828133
429400.413,4581803.545,2.15451746,41.3828133
426980.985,4584433.944,2.1252674,41.40628815
431521.967,4588753.935,2.17910116,41.44559671
432150.609,4581565.627,2.18743273,41.38090721
430411.157,4583904.052,2.16636306,41.40182002
430411.157,4583904.052,2.16636306,41.40182002
431180.379,4584467.183,2.17550051,41.40695821
431180.379,4584467.183,2.17550051,41.40695821
431275.016,4582830.464,2.17681856,41.39222488
431275.016,4582830.464,2.17681856,41.39222488
431309.494,4587225.009,2.17673173,41.43180807
431309.494,4587225.009,2.17673173,41.43180807
430309.168,4588339,2.16463169,41.44175513
432869.806,4582348.982,2.19594629,41.38802306
432869.806,4582348.982,2.19594629,41.38802306
432869.806,4582348.982,2.19594629,41.38802306
429508.566,4581982.982,2.15578994,41.38443893
429508.566,4581982.982,2.15578994,41.38443893
429988.696,4582602.331,2.16146013,41.39005915
429988.696,4582602.331,2.16146013,41.39005915
431658.081,4582171.821,2.18147452,41.38632533
431658.081,4582171.821,2.18147452,41.38632533
431001.448,4581060.981,2.17374821,41.37626422
431001.448,4581060.981,2.17374821,41.37626422
429738.375,4582491.086,2.15847923,41.38903537
429738.375,4582491.086,2.15847923,41.38903537
430498.665,4583050.268,2.16750791,41.39413783
430498.665,4583050.268,2.16750791,41.39413783
430498.665,4583050.268,2.16750791,41.39413783
429165.666,4583133.112,2.15155467,41.39476761
429165.666,4583133.112,2.15155467,41.39476761
429249.936,4585112.265,2.15233114,41.41260054
431572.972,4585437.4,2.18008735,41.41573018
431572.972,4585437.4,2.18008735,41.41573018
429623.98,4587069.677,2.15657831,41.43026305
429623.98,4587069.677,2.15657831,41.43026305
429735.285,4582301.519,2.15846428,41.38732773
429735.285,4582301.519,2.15846428,41.38732773
429735.285,4582301.519,2.15846428,41.38732773
429735.285,4582301.519,2.15846428,41.38732773
431843.449,4583785.44,2.18350968,41.40087448
431843.449,4583785.44,2.18350968,41.40087448
431843.449,4583785.44,2.18350968,41.40087448
428577.555,4580624.276,2.14481632,41.37211937
428577.555,4580624.276,2.14481632,41.37211937
434475.693,4584153.155,2.21495685,41.40440536
434475.693,4584153.155,2.21495685,41.40440536
426391.262,4581118.651,2.11861579,41.37637491
426391.262,4581118.651,2.11861579,41.37637491
426391.262,4581118.651,2.11861579,41.37637491
431068.549,4583231.963,2.17430342,41.39582338
427313.716,4585409.712,2.1291305,41.41510664
430793.857,4585211.757,2.17079132,41.41363113
430793.857,4585211.757,2.17079132,41.41363113
431463.856,4583995.646,2.17894519,41.40273545
431463.856,4583995.646,2.17894519,41.40273545
431463.856,4583995.646,2.17894519,41.40273545
427700.964,4585357.299,2.13376998,41.41466953
427700.964,4585357.299,2.13376998,41.41466953
428432.205,4586453.459,2.14238903,41.42460768
428432.205,4586453.459,2.14238903,41.42460768
429260.735,4582212.738,2.15279931,41.38648649
429260.735,4582212.738,2.15279931,41.38648649
431247.808,4586830.88,2.17603835,41.42825301
431247.808,4586830.88,2.17603835,41.42825301
431247.808,4586830.88,2.17603835,41.42825301
427190.351,4581031.447,2.12818122,41.37566224
427190.351,4581031.447,2.12818122,41.37566224
431031.814,4583551.286,2.17382764,41.39869628
431031.814,4583551.286,2.17382764,41.39869628
430056.962,4581724.716,2.16237797,41.38216069
430056.962,4581724.716,2.16237797,41.38216069
432990.873,4582346.818,2.19739444,41.38801367
432990.873,4582346.818,2.19739444,41.38801367
433571.403,4588460.507,2.20366564,41.4431262
433571.403,4588460.507,2.20366564,41.4431262
428200.17,4579031.23,2.14049278,41.35773774
428200.17,4579031.23,2.14049278,41.35773774
429468.254,4586315.181,2.15480276,41.42345394
429468.254,4586315.181,2.15480276,41.42345394
429468.254,4586315.181,2.15480276,41.42345394
429468.254,4586315.181,2.15480276,41.42345394
429468.254,4586315.181,2.15480276,41.42345394
429468.254,4586315.181,2.15480276,41.42345394
429468.254,4586315.181,2.15480276,41.42345394
429468.254,4586315.181,2.15480276,41.42345394
429468.254,4586315.181,2.15480276,41.42345394
429667.539,4581774.978,2.15771524,41.38257942
429667.539,4581774.978,2.15771524,41.38257942
426233.275,4576445.275,2.11729515,41.3342691
426233.275,4576445.275,2.11729515,41.3342691
427143.16,4584946.468,2.12714572,41.41091895
427143.16,4584946.468,2.12714572,41.41091895
428920.596,4584519.18,2.14846062,41.40722977
429260.059,4581256.398,2.15290294,41.377873
429260.059,4581256.398,2.15290294,41.377873
433421.353,4588814.788,2.20183051,41.44630466
433421.353,4588814.788,2.20183051,41.44630466
433752.23,4588498.691,2.20582592,41.44348507
433752.23,4588498.691,2.20582592,41.44348507
429304.341,4582146.131,2.15332859,41.38589043
427381.028,4581010.596,2.13046368,41.37549168
427381.028,4581010.596,2.13046368,41.37549168
428458.713,4579056.191,2.14358045,41.35798558
428458.713,4579056.191,2.14358045,41.35798558
428054.248,4582698.923,2.13831292,41.39075832
428054.248,4582698.923,2.13831292,41.39075832
428054.248,4582698.923,2.13831292,41.39075832
429260.059,4581256.398,2.15290294,41.377873
429260.059,4581256.398,2.15290294,41.377873
428508.547,4586165.07,2.14333666,41.42201708
428508.547,4586165.07,2.14333666,41.42201708
432352.605,4587865.343,2.18914361,41.43766393
432352.605,4587865.343,2.18914361,41.43766393
428060.463,4579292.812,2.1387917,41.36008125
428060.463,4579292.812,2.1387917,41.36008125
428057.219,4585517.885,2.13801322,41.41614785
428057.219,4585517.885,2.13801322,41.41614785
428057.219,4585517.885,2.13801322,41.41614785
427408.872,4584265.74,2.1304063,41.40481198
427408.872,4584265.74,2.1304063,41.40481198
428380.314,4580688.63,2.14245038,41.37268144
428380.314,4580688.63,2.14245038,41.37268144
429839.895,4581428.407,2.1598165,41.37947302
427857.176,4579829.6,2.13629766,41.36489771
427857.176,4579829.6,2.13629766,41.36489771
428769.74,4581177.116,2.1470492,41.37711565
431713.176,4583464.775,2.18198756,41.39797528
431713.176,4583464.775,2.18198756,41.39797528
432617.252,4588906.938,2.19219485,41.44706749
432617.252,4588906.938,2.19219485,41.44706749
429156.537,4583290.964,2.151427,41.39618853
427714.854,4583654.888,2.13413961,41.39933787
427714.854,4583654.888,2.13413961,41.39933787
428683.098,4583473.686,2.14574267,41.39779236
428683.098,4583473.686,2.14574267,41.39779236
426948.761,4581205.821,2.12527147,41.37721085
426948.761,4581205.821,2.12527147,41.37721085
426948.761,4581205.821,2.12527147,41.37721085
427797.317,4585376.833,2.13492044,41.41485413
427797.317,4585376.833,2.13492044,41.41485413
429935.264,4581522.185,2.16094608,41.38032597
429935.264,4581522.185,2.16094608,41.38032597
429935.264,4581522.185,2.16094608,41.38032597
429935.264,4581522.185,2.16094608,41.38032597
433090.048,4584419.2,2.1983514,41.40668735
433090.048,4584419.2,2.1983514,41.40668735
431463.856,4583995.646,2.17894519,41.40273545
431463.856,4583995.646,2.17894519,41.40273545
431793.431,4582022.921,2.18310998,41.38499572
431793.431,4582022.921,2.18310998,41.38499572
431074.797,4583801.691,2.17431325,41.40095528
431074.797,4583801.691,2.17431325,41.40095528
431530.101,4582681.04,2.17988637,41.39090083
431530.101,4582681.04,2.17988637,41.39090083
430606.225,4584469.471,2.16863162,41.40692942
430606.225,4584469.471,2.16863162,41.40692942
433370.975,4584134.235,2.20174354,41.4041441
433370.975,4584134.235,2.20174354,41.4041441
433370.975,4584134.235,2.20174354,41.4041441
433370.975,4584134.235,2.20174354,41.4041441
428496.708,4586642.23,2.14313855,41.42631361
428496.708,4586642.23,2.14313855,41.42631361
433461.565,4585951.604,2.20262725,41.42052016
433461.565,4585951.604,2.20262725,41.42052016
431903.237,4583429.789,2.18426489,41.3976763
431903.237,4583429.789,2.18426489,41.3976763
426530.933,4581414.221,2.12025004,41.37904977
431493.563,4588524.92,2.17878715,41.44353163
431461.642,4584743.79,2.17883394,41.40947356
432504.379,4585011.175,2.19127893,41.41197011
432504.379,4585011.175,2.19127893,41.41197011
428580.685,4585066.326,2.14432965,41.41212756
428580.685,4585066.326,2.14432965,41.41212756
433270.097,4583851.529,2.20056796,41.40158946
427265.973,4576644.808,2.12961157,41.33616015
427265.973,4576644.808,2.12961157,41.33616015
430121.863,4583246.633,2.16297842,41.39587376
430121.863,4583246.633,2.16297842,41.39587376
429180.709,4578306.439,2.15229874,41.35129664
429180.709,4578306.439,2.15229874,41.35129664
430941.626,4588581.967,2.17217406,41.44399812
432421.075,4583052.443,2.1905011,41.39432135
432421.075,4583052.443,2.1905011,41.39432135
430819.737,4584046.698,2.17123423,41.40314006
430819.737,4584046.698,2.17123423,41.40314006
427589.287,4582803.362,2.13273951,41.39165722
427589.287,4582803.362,2.13273951,41.39165722
427589.287,4582803.362,2.13273951,41.39165722
429540.633,4584487.253,2.15588187,41.40699684
429540.633,4584487.253,2.15588187,41.40699684
430061.219,4582806.771,2.16230389,41.39190679
430061.219,4582806.771,2.16230389,41.39190679
428248.629,4580598.917,2.14088649,41.37186169
429941.645,4583443.875,2.16080001,41.39763456
429941.645,4583443.875,2.16080001,41.39763456
429941.645,4583443.875,2.16080001,41.39763456
430822.072,4584694.389,2.17118808,41.4089738
430822.072,4584694.389,2.17118808,41.4089738
430822.072,4584694.389,2.17118808,41.4089738
432115.565,4581793.419,2.18698812,41.38295592
432115.565,4581793.419,2.18698812,41.38295592
430508.354,4586762.967,2.16719716,41.42757768
430508.354,4586762.967,2.16719716,41.42757768
428426.742,4581528.367,2.1429063,41.38024879
428426.742,4581528.367,2.1429063,41.38024879
428426.742,4581528.367,2.1429063,41.38024879
428665.974,4587115.347,2.14510822,41.43058982
428665.974,4587115.347,2.14510822,41.43058982
428630.389,4586546.699,2.14474952,41.42546509
431648.432,4583591.24,2.18119883,41.39910881
431648.432,4583591.24,2.18119883,41.39910881
430656.448,4582713.48,2.16943367,41.39111811
430656.448,4582713.48,2.16943367,41.39111811
430656.448,4582713.48,2.16943367,41.39111811
428748.1,4580791.105,2.14683584,41.37363707
428748.1,4580791.105,2.14683584,41.37363707
431748.023,4586528.131,2.18205862,41.42556893
431748.023,4586528.131,2.18205862,41.42556893
430387.362,4582209.736,2.1662733,41.3865578
430387.362,4582209.736,2.1662733,41.3865578
430387.362,4582209.736,2.1662733,41.3865578
431465.748,4583017.275,2.17907864,41.39392372
431465.748,4583017.275,2.17907864,41.39392372
433373.785,4584508.972,2.20173588,41.40751948
432968.51,4589200.555,2.19636698,41.44974143
432968.51,4589200.555,2.19636698,41.44974143
432968.51,4589200.555,2.19636698,41.44974143
432100.417,4589097.003,2.18598672,41.44873576
432100.417,4589097.003,2.18598672,41.44873576
432100.417,4589097.003,2.18598672,41.44873576
429379.119,4583230.27,2.15409639,41.39566146
429379.119,4583230.27,2.15409639,41.39566146
429379.119,4583230.27,2.15409639,41.39566146
428470.528,4582013.733,2.14337256,41.38462422
428470.528,4582013.733,2.14337256,41.38462422
428302.59,4580990.41,2.14148535,41.37539255
428302.59,4580990.41,2.14148535,41.37539255
431127.797,4583307.066,2.17500353,41.39650489
434371.961,4583978.786,2.21373485,41.40282639
434371.961,4583978.786,2.21373485,41.40282639
430456.328,4582637.209,2.16704897,41.39041388
430456.328,4582637.209,2.16704897,41.39041388
426362.653,4581389.869,2.11824074,41.37881505
426362.653,4581389.869,2.11824074,41.37881505
430373.632,4587109.218,2.16554506,41.43068455
428131.962,4586008.023,2.13884923,41.42056901
428131.962,4586008.023,2.13884923,41.42056901
430575.511,4585098.611,2.16819197,41.41259323
430575.511,4585098.611,2.16819197,41.41259323
430575.511,4585098.611,2.16819197,41.41259323
433731.044,4587185.223,2.20571645,41.4316533
433731.044,4587185.223,2.20571645,41.4316533
435033.445,4584725.51,2.2215676,41.40960573
435033.445,4584725.51,2.2215676,41.40960573
432504.379,4585011.175,2.19127893,41.41197011
432504.379,4585011.175,2.19127893,41.41197011
426391.262,4581118.651,2.11861579,41.37637491
426391.262,4581118.651,2.11861579,41.37637491
426391.262,4581118.651,2.11861579,41.37637491
430798.026,4582553.369,2.17114527,41.38968825
430798.026,4582553.369,2.17114527,41.38968825
432112.795,4583827.566,2.18672687,41.40127669
429128.42,4580567.282,2.15140946,41.37165477
433798.219,4585392.312,2.20671678,41.4155106
433798.219,4585392.312,2.20671678,41.4155106
430529.426,4586794.76,2.16744567,41.42786585
428900.148,4584346.754,2.14823627,41.40567499
428900.148,4584346.754,2.14823627,41.40567499
427208.073,4581714.187,2.12831108,41.38181302
427208.073,4581714.187,2.12831108,41.38181302
427256.745,4582543.504,2.1287935,41.38928676
427256.745,4582543.504,2.1287935,41.38928676
427256.745,4582543.504,2.1287935,41.38928676
427256.745,4582543.504,2.1287935,41.38928676
430981.256,4587722.062,2.17274672,41.43625669
430981.256,4587722.062,2.17274672,41.43625669
431839.774,4581625.773,2.1837089,41.38142265
431839.774,4581625.773,2.1837089,41.38142265
431839.774,4581625.773,2.1837089,41.38142265
433804.277,4587356.814,2.20657407,41.43320482
433804.277,4587356.814,2.20657407,41.43320482
427423.784,4581974.043,2.13085949,41.38417294
427423.784,4581974.043,2.13085949,41.38417294
429965.341,4582901.035,2.16114626,41.39274745
429965.341,4582901.035,2.16114626,41.39274745
427326.604,4583951.721,2.12945988,41.4019763
427326.604,4583951.721,2.12945988,41.4019763
427326.604,4583951.721,2.12945988,41.4019763
429265.138,4583110.78,2.15274704,41.39457523
429265.138,4583110.78,2.15274704,41.39457523
429265.138,4583110.78,2.15274704,41.39457523
429265.138,4583110.78,2.15274704,41.39457523
432371.066,4585052.877,2.18967932,41.4123345
432371.066,4585052.877,2.18967932,41.4123345
430989.251,4582740.713,2.17341095,41.39139204
430989.251,4582740.713,2.17341095,41.39139204
431490.883,4581404.374,2.17956177,41.37939891
429945.62,4581963.53,2.16101886,41.38430193
431943.631,4584665.068,2.18460909,41.40880552
428867.359,4583035.93,2.14799812,41.39386598
428867.359,4583035.93,2.14799812,41.39386598
429460.107,4586427.086,2.15469222,41.42446111
429460.107,4586427.086,2.15469222,41.42446111
430483.973,4583655.834,2.16726261,41.3995907
430483.973,4583655.834,2.16726261,41.3995907
429106.758,4581298.649,2.15106487,41.37824004
429763.459,4583506.419,2.15866141,41.39818232
428695.933,4579717.261,2.14633842,41.36396069
428695.933,4579717.261,2.14633842,41.36396069
428695.933,4579717.261,2.14633842,41.36396069
428695.933,4579717.261,2.14633842,41.36396069
428695.933,4579717.261,2.14633842,41.36396069
428695.933,4579717.261,2.14633842,41.36396069
432044.163,4583396.496,2.1859543,41.39738837
432044.163,4583396.496,2.1859543,41.39738837
426033.766,4576840.875,2.1148629,41.33781383
426033.766,4576840.875,2.1148629,41.33781383
431121.405,4588890.148,2.17429083,41.44678924
431121.405,4588890.148,2.17429083,41.44678924
430311.08,4582286.328,2.1653522,41.38724102
430311.08,4582286.328,2.1653522,41.38724102
430311.08,4582286.328,2.1653522,41.38724102
430479.376,4580353.544,2.16758675,41.36984758
430479.376,4580353.544,2.16758675,41.36984758
430479.376,4580353.544,2.16758675,41.36984758
427298.892,4580469.124,2.12954654,41.37060742
427298.892,4580469.124,2.12954654,41.37060742
431671.037,4583060.197,2.18152918,41.39432778
431604.94,4583358.705,2.18070489,41.39701073
431604.94,4583358.705,2.18070489,41.39701073
431919.547,4581929.162,2.18462875,41.38416194
431919.547,4581929.162,2.18462875,41.38416194
431919.547,4581929.162,2.18462875,41.38416194
431919.547,4581929.162,2.18462875,41.38416194
429554.215,4587185.77,2.15572987,41.43130254
429554.215,4587185.77,2.15572987,41.43130254
429554.215,4587185.77,2.15572987,41.43130254
431309.72,4588690.966,2.1765677,41.44501143
431309.72,4588690.966,2.1765677,41.44501143
431309.72,4588690.966,2.1765677,41.44501143
429523.607,4582120.552,2.1559538,41.38567929
429523.607,4582120.552,2.1559538,41.38567929
429523.607,4582120.552,2.1559538,41.38567929
429196.239,4581790.594,2.15207735,41.38267871
431772.4,4584747.489,2.18255128,41.40953333
434131.962,4583677.306,2.21089671,41.40009139
434131.962,4583677.306,2.21089671,41.40009139
433697.031,4583634.811,2.20569877,41.39967288
433421.612,4589026.096,2.20181029,41.44820786
433421.612,4589026.096,2.20181029,41.44820786
431290.308,4584028.524,2.17686543,41.40301676
431290.308,4584028.524,2.17686543,41.40301676
430481.27,4586962.948,2.16685004,41.42937648
430481.27,4586962.948,2.16685004,41.42937648
431111.554,4583853.981,2.17474699,41.4014294
431111.554,4583853.981,2.17474699,41.4014294
432850,4581986.521,2.19574961,41.38475682
432850,4581986.521,2.19574961,41.38475682
432494.471,4589095.187,2.19070405,41.44875266
432494.471,4589095.187,2.19070405,41.44875266
431350.636,4583265.766,2.17767363,41.39615198
431350.636,4583265.766,2.17767363,41.39615198
431350.636,4583265.766,2.17767363,41.39615198
431350.636,4583265.766,2.17767363,41.39615198
431350.636,4583265.766,2.17767363,41.39615198
432592.283,4582626.287,2.19259634,41.39049745
432592.283,4582626.287,2.19259634,41.39049745
429427.504,4583742.137,2.15461543,41.40027592
429165.187,4581164.972,2.15177918,41.3770412
429165.187,4581164.972,2.15177918,41.3770412
431643.111,4588377.722,2.18059388,41.44221863
429355.758,4582115.684,2.15394705,41.38562071
429355.758,4582115.684,2.15394705,41.38562071
428409.692,4584311.956,2.1423732,41.40531803
428409.692,4584311.956,2.1423732,41.40531803
429838.879,4586602.35,2.15920433,41.42607284
429838.879,4586602.35,2.15920433,41.42607284
429838.879,4586602.35,2.15920433,41.42607284
428030.375,4582691.118,2.13802833,41.39068589
428030.375,4582691.118,2.13802833,41.39068589
428030.375,4582691.118,2.13802833,41.39068589
431020.315,4586595.884,2.17334278,41.42611697
431020.315,4586595.884,2.17334278,41.42611697
433099.282,4584114.041,2.19849562,41.40393964
433099.282,4584114.041,2.19849562,41.40393964
428731.334,4582458.631,2.14643915,41.38865441
428731.334,4582458.631,2.14643915,41.38865441
428731.334,4582458.631,2.14643915,41.38865441
431202.556,4587816.468,2.17538458,41.43712597
431202.556,4587816.468,2.17538458,41.43712597
431967.163,4588446.714,2.18446486,41.44286755
430784.109,4582711.679,2.17096072,41.3911129
430784.109,4582711.679,2.17096072,41.3911129
430893.564,4582453.615,2.17229929,41.38879801
430893.564,4582453.615,2.17229929,41.38879801
433512.997,4585110.985,2.20333512,41.41295319
429564.42,4582120.728,2.15644186,41.38568446
429564.42,4582120.728,2.15644186,41.38568446
428962.802,4581018.272,2.14937637,41.37570208
428962.802,4581018.272,2.14937637,41.37570208
431016.969,4588249.471,2.1731139,41.44100993
433863.664,4588355.653,2.20717543,41.44220596
433863.664,4588355.653,2.20717543,41.44220596
426794.951,4584952.969,2.12297909,41.41094585
426794.951,4584952.969,2.12297909,41.41094585
432096.482,4586521.501,2.18622919,41.42553876
432096.482,4586521.501,2.18622919,41.42553876
427636.703,4583121.384,2.13326859,41.39452578
427191.097,4581776.766,2.12810056,41.38237511
427191.097,4581776.766,2.12810056,41.38237511
434020.309,4583616.443,2.20956776,41.39953405
434020.309,4583616.443,2.20956776,41.39953405
433646.34,4583272.17,2.20513217,41.39640247
433646.34,4583272.17,2.20513217,41.39640247
431229.537,4583220.085,2.17623035,41.39573019
431229.537,4583220.085,2.17623035,41.39573019
427021.862,4582096.748,2.12603822,41.38524172
429837.243,4580910.411,2.15984479,41.37480736
427198.067,4584670.764,2.1278358,41.40844079
427198.067,4584670.764,2.1278358,41.40844079
432509.954,4588440.063,2.19096265,41.44285349
432509.954,4588440.063,2.19096265,41.44285349
430269.344,4583217.344,2.16474581,41.39562277
430269.344,4583217.344,2.16474581,41.39562277
430269.344,4583217.344,2.16474581,41.39562277
434419.096,4584784.706,2.21421132,41.41008897
430834.735,4579924.772,2.17188444,41.36601638
430834.735,4579924.772,2.17188444,41.36601638
430834.735,4579924.772,2.17188444,41.36601638
432452.267,4585012.656,2.1906553,41.41197907
432452.267,4585012.656,2.1906553,41.41197907
433287.257,4588197.598,2.20029353,41.44073469
430897.898,4588506.773,2.17165926,41.44331711
430897.898,4588506.773,2.17165926,41.44331711
431962.501,4585371.532,2.18475535,41.41517002
431962.501,4585371.532,2.18475535,41.41517002
431962.501,4585371.532,2.18475535,41.41517002
431554.856,4584456.439,2.17998163,41.40689343
431554.856,4584456.439,2.17998163,41.40689343
432141.028,4585382.64,2.18689012,41.41528517
432141.028,4585382.64,2.18689012,41.41528517
427272.017,4580495.655,2.12922203,41.37084395
427272.017,4580495.655,2.12922203,41.37084395
430215.566,4583149.448,2.16411041,41.39500658
430215.566,4583149.448,2.16411041,41.39500658
432565.123,4583244.664,2.1922026,41.39606474
432565.123,4583244.664,2.1922026,41.39606474
432565.123,4583244.664,2.1922026,41.39606474
429762.745,4588120.868,2.15811671,41.43974285
429762.745,4588120.868,2.15811671,41.43974285
428191.832,4582401.795,2.13999366,41.38809451
426119.898,4584407.038,2.11496971,41.4059671
426119.898,4584407.038,2.11496971,41.4059671
426119.898,4584407.038,2.11496971,41.4059671
432987.53,4582269.631,2.197363,41.38731819
432987.53,4582269.631,2.197363,41.38731819
432987.53,4582269.631,2.197363,41.38731819
432004.028,4581708.233,2.18566386,41.38217925
432004.028,4581708.233,2.18566386,41.38217925
430094.668,4582858.128,2.16269801,41.39237226
430094.668,4582858.128,2.16269801,41.39237226
430281.027,4582334.866,2.1649872,41.38767559
430281.027,4582334.866,2.1649872,41.38767559
428132.795,4580116.762,2.13955871,41.36750875
428132.795,4580116.762,2.13955871,41.36750875
428132.795,4580116.762,2.13955871,41.36750875
427711.393,4579792.197,2.13455925,41.36454775
427711.393,4579792.197,2.13455925,41.36454775
425276.206,4585300.89,2.10476646,41.41393956
425276.206,4585300.89,2.10476646,41.41393956
428963.084,4580901.671,2.14939341,41.37465191
428963.084,4580901.671,2.14939341,41.37465191
428963.084,4580901.671,2.14939341,41.37465191
428963.084,4580901.671,2.14939341,41.37465191
428597.053,4587537.091,2.14423357,41.43438216
428597.053,4587537.091,2.14423357,41.43438216
432107.552,4586400.862,2.18637521,41.42445315
432107.552,4586400.862,2.18637521,41.42445315
432107.552,4586400.862,2.18637521,41.42445315
431860.788,4588390.164,2.18319796,41.4423492
431860.788,4588390.164,2.18319796,41.4423492
427711.393,4579792.197,2.13455925,41.36454775
427711.393,4579792.197,2.13455925,41.36454775
427711.393,4579792.197,2.13455925,41.36454775
429045.136,4580981.92,2.15036512,41.37538193
429045.136,4580981.92,2.15036512,41.37538193
429986.013,4582571.152,2.16143165,41.3897781
429986.013,4582571.152,2.16143165,41.3897781
428782.595,4581555.767,2.1471584,41.38052718
428782.595,4581555.767,2.1471584,41.38052718
432069.912,4582079.36,2.18641011,41.38552746
432107.592,4585401.755,2.18648792,41.4154545
432107.592,4585401.755,2.18648792,41.4154545
431653.309,4581582.41,2.18148397,41.38101626
427381.028,4581010.596,2.13046368,41.37549168
427381.028,4581010.596,2.13046368,41.37549168
431361.034,4582063.193,2.17793436,41.38532164
427969.12,4585470.189,2.13696484,41.41571038
431105.454,4588628.456,2.17412976,41.44443091
431105.454,4588628.456,2.17412976,41.44443091
427026.465,4581037.871,2.12622084,41.37570524
427026.465,4581037.871,2.12622084,41.37570524
431304.774,4590578.33,2.17629364,41.46200976
431304.774,4590578.33,2.17629364,41.46200976
431371.112,4584089.393,2.17782513,41.40357189
431371.112,4584089.393,2.17782513,41.40357189
427100.038,4583480.107,2.12680653,41.39770815
427100.038,4583480.107,2.12680653,41.39770815
429735.285,4582301.519,2.15846428,41.38732773
429735.285,4582301.519,2.15846428,41.38732773
433827.818,4583265.73,2.20730357,41.39635943
433827.818,4583265.73,2.20730357,41.39635943
429077.576,4586422.323,2.15011533,41.42438451
429077.576,4586422.323,2.15011533,41.42438451
429077.576,4586422.323,2.15011533,41.42438451
428977.138,4587728.628,2.14875991,41.43614098
428977.138,4587728.628,2.14875991,41.43614098
428977.138,4587728.628,2.14875991,41.43614098
428741.962,4584793.208,2.14629133,41.40968201
428741.962,4584793.208,2.14629133,41.40968201
428741.962,4584793.208,2.14629133,41.40968201
428741.962,4584793.208,2.14629133,41.40968201
427265.973,4576644.808,2.12961157,41.33616015
427265.973,4576644.808,2.12961157,41.33616015
429196.993,4584455.869,2.15177458,41.40668396
429196.993,4584455.869,2.15177458,41.40668396
429265.138,4583110.78,2.15274704,41.39457523
429265.138,4583110.78,2.15274704,41.39457523
433406.969,4582829.315,2.20231773,41.39239399
433406.969,4582829.315,2.20231773,41.39239399
430539.627,4583069.245,2.16799566,41.3943123
433042.41,4582486.788,2.19799533,41.38927865
433042.41,4582486.788,2.19799533,41.38927865
428761.171,4580804.057,2.14699061,41.37375488
430937.978,4582132.565,2.17286708,41.38591022
428564.958,4586831.806,2.14393285,41.42802711
428564.958,4586831.806,2.14393285,41.42802711
428564.958,4586831.806,2.14393285,41.42802711
431099.898,4581445.128,2.17488172,41.37973257
430498.665,4583050.268,2.16750791,41.39413783
430498.665,4583050.268,2.16750791,41.39413783
426980.583,4582337.706,2.12551551,41.38740818
428779.582,4581367.124,2.14714454,41.37882786
428779.582,4581367.124,2.14714454,41.37882786
428571.632,4586836.809,2.14401212,41.42807276
428571.632,4586836.809,2.14401212,41.42807276
431457.598,4586212.433,2.17861905,41.42270081
431457.598,4586212.433,2.17861905,41.42270081
432687.769,4582715.84,2.19372839,41.39131204
432687.769,4582715.84,2.19372839,41.39131204
430116.312,4582488.18,2.1629996,41.38904214
430116.312,4582488.18,2.1629996,41.38904214
433010.802,4584901.86,2.19734991,41.41102794
429941.645,4583443.875,2.16080001,41.39763456
429941.645,4583443.875,2.16080001,41.39763456
434475.693,4584153.155,2.21495685,41.40440536
434475.693,4584153.155,2.21495685,41.40440536
433744.764,4584320.107,2.20619468,41.40584911
433744.764,4584320.107,2.20619468,41.40584911
429447.805,4582020.166,2.15505897,41.3847685
429447.805,4582020.166,2.15505897,41.3847685
428622.579,4585216.086,2.14481319,41.41348011
432359.422,4588639.578,2.18913847,41.44463778
432359.422,4588639.578,2.18913847,41.44463778
429491.488,4582919.901,2.15547659,41.39287594
430134.592,4583421.81,2.16311045,41.39745262
430134.592,4583421.81,2.16311045,41.39745262
430134.592,4583421.81,2.16311045,41.39745262
431275.038,4584936.501,2.1765796,41.41119331
431275.038,4584936.501,2.1765796,41.41119331
425845.216,4584747.611,2.11164202,41.40900918
425845.216,4584747.611,2.11164202,41.40900918
427182.434,4582398.224,2.12792223,41.38797155
427182.434,4582398.224,2.12792223,41.38797155
431216.167,4589007.476,2.1754118,41.4478541
429301.117,4581583.405,2.15335573,41.38082186
429301.117,4581583.405,2.15335573,41.38082186
432147.88,4585942.067,2.1869093,41.42032433
431185.925,4583054.418,2.17572755,41.39423435
431185.925,4583054.418,2.17572755,41.39423435
428120.788,4580141.485,2.13941222,41.36773035
433614.285,4587828.232,2.20424845,41.43743505
433614.285,4587828.232,2.20424845,41.43743505
432147.88,4585942.067,2.1869093,41.42032433
432147.88,4585942.067,2.1869093,41.42032433
429544.942,4584911.945,2.15588394,41.41082226
425871.198,4577082.934,2.11289062,41.33997903
425871.198,4577082.934,2.11289062,41.33997903
432065.049,4584609.798,2.18606788,41.408318
432065.049,4584609.798,2.18606788,41.408318
428373.45,4586366.573,2.14169625,41.42381989
428373.45,4586366.573,2.14169625,41.42381989
428373.45,4586366.573,2.14169625,41.42381989
428373.45,4586366.573,2.14169625,41.42381989
428373.45,4586366.573,2.14169625,41.42381989
435085.592,4584918.922,2.22217071,41.41135196
435085.592,4584918.922,2.22217071,41.41135196
435085.592,4584918.922,2.22217071,41.41135196
427732.536,4582023.02,2.13454592,41.38464186
427732.536,4582023.02,2.13454592,41.38464186
432372.371,4589641.972,2.18918115,41.45366707
432372.371,4589641.972,2.18918115,41.45366707
429184.875,4581218.772,2.15200832,41.3775275
429184.875,4581218.772,2.15200832,41.3775275
426843.884,4580860.469,2.1240591,41.37409086
426843.884,4580860.469,2.1240591,41.37409086
430881.107,4580715.184,2.17234869,41.37313939
430881.107,4580715.184,2.17234869,41.37313939
430881.107,4580715.184,2.17234869,41.37313939
433447.076,4585424.052,2.20251197,41.41576744
433447.076,4585424.052,2.20251197,41.41576744
430126.003,4581709.911,2.16320531,41.38203336
430126.003,4581709.911,2.16320531,41.38203336
430126.003,4581709.911,2.16320531,41.38203336
429378.61,4583452.957,2.15406432,41.39766708
429378.61,4583452.957,2.15406432,41.39766708
431509.915,4583861.438,2.17951136,41.40153061
431509.915,4583861.438,2.17951136,41.40153061
430730.378,4582093.744,2.1703888,41.38554272
430730.378,4582093.744,2.1703888,41.38554272
430730.378,4582093.744,2.1703888,41.38554272
432990.873,4582346.818,2.19739444,41.38801367
432990.873,4582346.818,2.19739444,41.38801367
433748.554,4587419.196,2.20590035,41.43376207
433748.554,4587419.196,2.20590035,41.43376207
433748.554,4587419.196,2.20590035,41.43376207
433748.554,4587419.196,2.20590035,41.43376207
433748.554,4587419.196,2.20590035,41.43376207
430869.54,4581375.742,2.17213501,41.37908786
429258.924,4585992.947,2.15233563,41.42053329
429258.924,4585992.947,2.15233563,41.42053329
427575.967,4582577.493,2.13260722,41.3896217
431167.042,4583702.846,2.17542793,41.40007292
431167.042,4583702.846,2.17542793,41.40007292
431167.042,4583702.846,2.17542793,41.40007292
431167.042,4583702.846,2.17542793,41.40007292
430216.036,4583527.356,2.16407246,41.39841032
428205.114,4581516.998,2.1402574,41.38012665
428205.114,4581516.998,2.1402574,41.38012665
430196.474,4588246.752,2.16329347,41.44091449
430196.474,4588246.752,2.16329347,41.44091449
431167.042,4583702.846,2.17542793,41.40007292
431167.042,4583702.846,2.17542793,41.40007292
431167.042,4583702.846,2.17542793,41.40007292
429220.898,4581783.952,2.15237302,41.38262106
429220.898,4581783.952,2.15237302,41.38262106
428680.791,4581866.22,2.14590445,41.38331429
428680.791,4581866.22,2.14590445,41.38331429
431616.782,4591103.16,2.17996985,41.46676336
431616.782,4591103.16,2.17996985,41.46676336
431616.782,4591103.16,2.17996985,41.46676336
431616.782,4591103.16,2.17996985,41.46676336
431090.086,4586450.116,2.17419432,41.42481008
432164.826,4588560.702,2.18681801,41.44391094
432164.826,4588560.702,2.18681801,41.44391094
429899.861,4583369.721,2.1603088,41.39696304
429899.861,4583369.721,2.1603088,41.39696304
429266.587,4582781.425,2.15280287,41.39160898
429266.587,4582781.425,2.15280287,41.39160898
427256.745,4582543.504,2.1287935,41.38928676
427256.745,4582543.504,2.1287935,41.38928676
427256.745,4582543.504,2.1287935,41.38928676
427961.837,4579775.707,2.13755532,41.3644217
425858.313,4582977.129,2.11201565,41.39306447
430147.356,4580948.369,2.16354847,41.37517623
430147.356,4580948.369,2.16354847,41.37517623
430831.878,4581241.558,2.17169997,41.37787606
430831.878,4581241.558,2.17169997,41.37787606
431477.556,4584146.966,2.17909193,41.40409951
431477.556,4584146.966,2.17909193,41.40409951
433090.048,4584419.2,2.1983514,41.40668735
433090.048,4584419.2,2.1983514,41.40668735
433090.048,4584419.2,2.1983514,41.40668735
427586.118,4580514.64,2.13297525,41.37104327
427586.118,4580514.64,2.13297525,41.37104327
430252.303,4582787.353,2.16459154,41.3917485
430252.303,4582787.353,2.16459154,41.3917485
431314.345,4584686.514,2.17707825,41.40894511
431314.345,4584686.514,2.17707825,41.40894511
426395.364,4582680.978,2.11847496,41.39044652
426395.364,4582680.978,2.11847496,41.39044652
426395.364,4582680.978,2.11847496,41.39044652
433081.865,4584996.687,2.19818961,41.41188794
433081.865,4584996.687,2.19818961,41.41188794
433081.865,4584996.687,2.19818961,41.41188794
433081.865,4584996.687,2.19818961,41.41188794
431398.355,4590456.447,2.17742796,41.46092002
431398.355,4590456.447,2.17742796,41.46092002
432243.494,4581570.025,2.18854299,41.38095465
432243.494,4581570.025,2.18854299,41.38095465
429663.73,4584912.262,2.15730505,41.41083552
429663.73,4584912.262,2.15730505,41.41083552
429663.73,4584912.262,2.15730505,41.41083552
429663.73,4584912.262,2.15730505,41.41083552
431905.402,4586258.163,2.18397231,41.42315078
431905.402,4586258.163,2.18397231,41.42315078
432240.37,4589161.342,2.18765485,41.44932707
431934.298,4584656.062,2.18449845,41.40872362
431934.298,4584656.062,2.18449845,41.40872362
430570.031,4583954.499,2.16825773,41.40228812
430570.031,4583954.499,2.16825773,41.40228812
430570.031,4583954.499,2.16825773,41.40228812
430570.031,4583954.499,2.16825773,41.40228812
430570.031,4583954.499,2.16825773,41.40228812
430570.031,4583954.499,2.16825773,41.40228812
432024.015,4585501.492,2.18547673,41.41634574
431211.127,4586094.805,2.17568319,41.42162029
431211.127,4586094.805,2.17568319,41.42162029
431211.127,4586094.805,2.17568319,41.42162029
434942.849,4585182.085,2.22043462,41.41371067
434942.849,4585182.085,2.22043462,41.41371067
431187.153,4582141.198,2.17584604,41.38600934
430992.197,4584476.257,2.17324825,41.40702379
430992.197,4584476.257,2.17324825,41.40702379
430992.197,4584476.257,2.17324825,41.40702379
430598.598,4583522.164,2.16864905,41.39839669
430598.598,4583522.164,2.16864905,41.39839669
428831.967,4580872.856,2.14782902,41.37438079
431711.207,4582253.616,2.18210064,41.38706655
431711.207,4582253.616,2.18210064,41.38706655
429644.791,4578490.83,2.15782445,41.35299809
429644.791,4578490.83,2.15782445,41.35299809
429644.791,4578490.83,2.15782445,41.35299809
429644.791,4578490.83,2.15782445,41.35299809
429644.791,4578490.83,2.15782445,41.35299809
429644.791,4578490.83,2.15782445,41.35299809
429119.949,4584308.817,2.15087014,41.40535272
429119.949,4584308.817,2.15087014,41.40535272
429119.949,4584308.817,2.15087014,41.40535272
427439.001,4584159.736,2.13077943,41.40385997
427439.001,4584159.736,2.13077943,41.40385997
426793.069,4582325.321,2.12327446,41.38727958
426793.069,4582325.321,2.12327446,41.38727958
432462.863,4584186.249,2.19087436,41.40453675
427231.663,4581394.682,2.12863157,41.37893749
427231.663,4581394.682,2.12863157,41.37893749
431167.042,4583702.846,2.17542793,41.40007292
431167.042,4583702.846,2.17542793,41.40007292
426097.089,4583334.484,2.11482785,41.396305
426097.089,4583334.484,2.11482785,41.396305
431364.18,4583351.688,2.17782589,41.39692701
431364.18,4583351.688,2.17782589,41.39692701
431926.843,4586869.183,2.18416005,41.42865586
431926.843,4586869.183,2.18416005,41.42865586
431926.843,4586869.183,2.18416005,41.42865586
429029.435,4582720.076,2.14997368,41.39103553
429029.435,4582720.076,2.14997368,41.39103553
431166.25,4580844.365,2.17574344,41.37432734
431166.25,4580844.365,2.17574344,41.37432734
425462.153,4582543.105,2.1073309,41.38911877
432697,4588930.461,2.19314686,41.44728605
432697,4588930.461,2.19314686,41.44728605
427640.62,4578516.081,2.13386544,41.35304785
430786.778,4582752.657,2.17098797,41.3914822
430786.778,4582752.657,2.17098797,41.3914822
428192.564,4583333.213,2.13989192,41.3964835
428192.564,4583333.213,2.13989192,41.3964835
429481.43,4587965.089,2.15476783,41.43831515
429481.43,4587965.089,2.15476783,41.43831515
434371.961,4583978.786,2.21373485,41.40282639
434371.961,4583978.786,2.21373485,41.40282639
431347.621,4587137.532,2.17719797,41.43102346
431347.621,4587137.532,2.17719797,41.43102346
431082.072,4580862.203,2.17473488,41.37448079
431082.072,4580862.203,2.17473488,41.37448079
429556.491,4584841.333,2.15603034,41.4101873
429556.491,4584841.333,2.15603034,41.4101873
433344.447,4586007.417,2.20121971,41.42101314
433344.447,4586007.417,2.20121971,41.42101314
429644.791,4578490.83,2.15782445,41.35299809
429645.667,4584940.868,2.15708563,41.41109158
429645.667,4584940.868,2.15708563,41.41109158
429645.667,4584940.868,2.15708563,41.41109158
425960.022,4582013.56,2.11334996,41.3843954
425960.022,4582013.56,2.11334996,41.3843954
431725.278,4583217.095,2.18216025,41.39574553
432267.044,4589207.724,2.18796895,41.44974707
432267.044,4589207.724,2.18796895,41.44974707
431222.672,4583738.082,2.17608936,41.40039505
431222.672,4583738.082,2.17608936,41.40039505
428656.109,4584941.301,2.14524676,41.41100821
428656.109,4584941.301,2.14524676,41.41100821
428656.109,4584941.301,2.14524676,41.41100821
434167.407,4583754.912,2.21131226,41.40079327
434167.407,4583754.912,2.21131226,41.40079327
434167.407,4583754.912,2.21131226,41.40079327
428045.091,4585465.581,2.13787434,41.41567568
428045.091,4585465.581,2.13787434,41.41567568
428045.091,4585465.581,2.13787434,41.41567568
426159.362,4577236.123,2.11631572,41.34138522
430452.149,4582422.954,2.16702361,41.38848379
430452.149,4582422.954,2.16702361,41.38848379
430452.149,4582422.954,2.16702361,41.38848379
430005.45,4583130.22,2.16159947,41.39481514
430005.45,4583130.22,2.16159947,41.39481514
429632.313,4587044.265,2.15668099,41.43003491
425292.26,4584821.167,2.1050178,41.40962043
425292.26,4584821.167,2.1050178,41.40962043
425292.26,4584821.167,2.1050178,41.40962043
431463.856,4583995.646,2.17894519,41.40273545
431463.856,4583995.646,2.17894519,41.40273545
429890.824,4583409.024,2.16019615,41.39731624
432112.479,4585144.79,2.18657524,41.41314052
430762.269,4582690.252,2.17070197,41.39091803
430762.269,4582690.252,2.17070197,41.39091803
433055.354,4589197.343,2.19740694,41.44971975
433055.354,4589197.343,2.19740694,41.44971975
433055.354,4589197.343,2.19740694,41.44971975
429514.176,4583218.133,2.15571321,41.39556401
429514.176,4583218.133,2.15571321,41.39556401
431648.463,4583800.823,2.18117553,41.40099646
431648.463,4583800.823,2.18117553,41.40099646
434701.031,4585065.687,2.21755397,41.41264267
434701.031,4585065.687,2.21755397,41.41264267
430962.234,4581038.706,2.17328185,41.37606023
430962.234,4581038.706,2.17328185,41.37606023
426119.848,4583387.036,2.11509365,41.3967804
426119.848,4583387.036,2.11509365,41.3967804
426119.848,4583387.036,2.11509365,41.3967804
426119.848,4583387.036,2.11509365,41.3967804
426119.848,4583387.036,2.11509365,41.3967804
431572.688,4581329.724,2.18054842,41.37873352
433476.693,4585173.828,2.20289386,41.4135162
433476.693,4585173.828,2.20289386,41.4135162
428225.707,4580279.719,2.14065023,41.36898474
429572.145,4580708.879,2.1566984,41.37296905
429572.145,4580708.879,2.1566984,41.37296905
430888.607,4584181.251,2.1720427,41.40435787
430888.607,4584181.251,2.1720427,41.40435787
430888.607,4584181.251,2.1720427,41.40435787
431830.178,4583734.579,2.18335667,41.40041526
426097.089,4583334.484,2.11482785,41.396305
426097.089,4583334.484,2.11482785,41.396305
432773.44,4582254.561,2.19480427,41.38716459
432773.44,4582254.561,2.19480427,41.38716459
431277.266,4584186.433,2.17669147,41.40443788
431277.266,4584186.433,2.17669147,41.40443788
431277.266,4584186.433,2.17669147,41.40443788
430155.92,4582713.394,2.1634473,41.39107401
430155.92,4582713.394,2.1634473,41.39107401
432598.832,4585106.464,2.19239835,41.41283628
432598.832,4585106.464,2.19239835,41.41283628
432598.832,4585106.464,2.19239835,41.41283628
432598.832,4585106.464,2.19239835,41.41283628
430785.035,4588472.054,2.17031229,41.44299468
430785.035,4588472.054,2.17031229,41.44299468
429266.587,4582781.425,2.15280287,41.39160898
429266.587,4582781.425,2.15280287,41.39160898
430893.116,4582647.558,2.17227178,41.39054476
430893.116,4582647.558,2.17227178,41.39054476
431463.856,4583995.646,2.17894519,41.40273545
431463.856,4583995.646,2.17894519,41.40273545
431952.586,4582125.636,2.18500178,41.38593434
431952.586,4582125.636,2.18500178,41.38593434
431103.445,4581583.917,2.17490835,41.3809829
433204.479,4582713.126,2.19990868,41.3913307
433204.479,4582713.126,2.19990868,41.3913307
430992.197,4584476.257,2.17324825,41.40702379
430992.197,4584476.257,2.17324825,41.40702379
429362.79,4582875.786,2.15394245,41.39246731
429362.79,4582875.786,2.15394245,41.39246731
432302.475,4581487.936,2.18925747,41.38022027
432302.475,4581487.936,2.18925747,41.38022027
431068.549,4583231.963,2.17430342,41.39582338
431068.549,4583231.963,2.17430342,41.39582338
428230.047,4578975.157,2.14085657,41.35723537
428230.047,4578975.157,2.14085657,41.35723537
430567.859,4582328.422,2.1684183,41.38764237
430567.859,4582328.422,2.1684183,41.38764237
429587.933,4583761.388,2.1565322,41.40046338
427391.549,4581969.686,2.13047451,41.38413079
427391.549,4581969.686,2.13047451,41.38413079
432773.44,4582254.561,2.19480427,41.38716459
432773.44,4582254.561,2.19480427,41.38716459
433427.028,4584453.693,2.20237893,41.40702602
433427.028,4584453.693,2.20237893,41.40702602
427030.905,4583117.572,2.12602333,41.39443668
427030.905,4583117.572,2.12602333,41.39443668
433559.898,4584512.335,2.20396202,41.40756519
433559.898,4584512.335,2.20396202,41.40756519
429806.444,4583771.11,2.15914487,41.40057005
429806.444,4583771.11,2.15914487,41.40057005
431491.184,4581830.215,2.1795172,41.38323438
431491.184,4581830.215,2.1795172,41.38323438
431491.184,4581830.215,2.1795172,41.38323438
434546.442,4585266.348,2.21568272,41.41443739
434546.442,4585266.348,2.21568272,41.41443739
434546.442,4585266.348,2.21568272,41.41443739
433587.735,4588759.267,2.20382827,41.44581839
433587.735,4588759.267,2.20382827,41.44581839
428898.833,4583679.858,2.14829892,41.39966839
428898.833,4583679.858,2.14829892,41.39966839
431255.939,4586518.239,2.17617123,41.42543786
432504.112,4581340.313,2.19168515,41.37890761
432917.294,4582123.568,2.1965392,41.38599678
432917.294,4582123.568,2.1965392,41.38599678
430314.795,4583622.343,2.16524282,41.3992744
431752.075,4583297.378,2.18247171,41.39647089
431752.075,4583297.378,2.18247171,41.39647089
428506.237,4586566.966,2.14326148,41.42563658
430769.35,4588624.667,2.17010705,41.44436786
429254.32,4586113.221,2.15226646,41.42161614
428389.44,4586359.406,2.14188843,41.42375677
428389.44,4586359.406,2.14188843,41.42375677
429885.933,4584017.128,2.16006719,41.40279279
429885.933,4584017.128,2.16006719,41.40279279
429546.58,4581537.579,2.15629636,41.38043066
429546.58,4581537.579,2.15629636,41.38043066
427864.77,4578407.426,2.13655764,41.35208935
427864.77,4578407.426,2.13655764,41.35208935
429472.947,4582248.956,2.155333,41.38683135
429472.947,4582248.956,2.155333,41.38683135
429707.367,4585800.107,2.15772389,41.41883583
431842.113,4584552.399,2.18340729,41.40778213
431842.113,4584552.399,2.18340729,41.40778213
427926.954,4584909.889,2.13652713,41.4106602
427926.954,4584909.889,2.13652713,41.4106602
434419.096,4584784.706,2.21421132,41.41008897
434419.096,4584784.706,2.21421132,41.41008897
429662.62,4584955.102,2.15728679,41.41122127
429662.62,4584955.102,2.15728679,41.41122127
431264.611,4585345.54,2.17640835,41.4148765
431264.611,4585345.54,2.17640835,41.4148765
431264.611,4585345.54,2.17640835,41.4148765
427640.62,4578516.081,2.13386544,41.35304785
428397.643,4586311.711,2.14199225,41.42332793
431648.432,4583591.24,2.18119883,41.39910881
431648.432,4583591.24,2.18119883,41.39910881
430765.4,4585196.94,2.17045255,41.41349523
431585.194,4581321.687,2.18069888,41.3786622
431785.119,4582580.697,2.18294773,41.39001875
431785.119,4582580.697,2.18294773,41.39001875
432478.319,4588421.891,2.19058601,41.44268716
432478.319,4588421.891,2.19058601,41.44268716
433723.918,4585600.717,2.20580495,41.41738151
433723.918,4585600.717,2.20580495,41.41738151
431569.957,4587650.139,2.1798007,41.43565931
431569.957,4587650.139,2.1798007,41.43565931
431459.4,4590712.428,2.17812976,41.46323076
431459.4,4590712.428,2.17812976,41.46323076
431459.4,4590712.428,2.17812976,41.46323076
429544.563,4582114.924,2.15620507,41.38563044
429544.563,4582114.924,2.15620507,41.38563044
428189.671,4580069.099,2.14024434,41.36708455
428189.671,4580069.099,2.14024434,41.36708455
432022.052,4583190.019,2.18571302,41.39552682
432022.052,4583190.019,2.18571302,41.39552682
432022.052,4583190.019,2.18571302,41.39552682
431165.22,4587267.121,2.17500033,41.43217499
431165.22,4587267.121,2.17500033,41.43217499
432583.439,4588920.104,2.19178862,41.44718323
432583.439,4588920.104,2.19178862,41.44718323
430748.84,4582677.078,2.17054286,41.39079822
430748.84,4582677.078,2.17054286,41.39079822
430694.576,4582659.979,2.16989582,41.39063954
430694.576,4582659.979,2.16989582,41.39063954
430694.576,4582659.979,2.16989582,41.39063954
433363.251,4582786.072,2.20179961,41.39200089
433363.251,4582786.072,2.20179961,41.39200089
433363.251,4582786.072,2.20179961,41.39200089
433363.251,4582786.072,2.20179961,41.39200089
427681.172,4575489.983,2.13471073,41.32579637
427681.172,4575489.983,2.13471073,41.32579637
427681.172,4575489.983,2.13471073,41.32579637
433339.26,4582749.764,2.20151667,41.39167188
433339.26,4582749.764,2.20151667,41.39167188
428473.451,4583594.921,2.1432207,41.39886565
428473.451,4583594.921,2.1432207,41.39886565
434131.962,4583677.306,2.21089671,41.40009139
434131.962,4583677.306,2.21089671,41.40009139
430856.782,4585134.299,2.17155304,41.41293892
430856.782,4585134.299,2.17155304,41.41293892
430856.782,4585134.299,2.17155304,41.41293892
429369.604,4586529.075,2.15359731,41.42537173
429369.604,4586529.075,2.15359731,41.42537173
431201.899,4585634.145,2.17562519,41.4174705
431201.899,4585634.145,2.17562519,41.4174705
430061.219,4582806.771,2.16230389,41.39190679
430061.219,4582806.771,2.16230389,41.39190679
430061.219,4582806.771,2.16230389,41.39190679
430786.511,4583519.874,2.17089704,41.39839227
430786.511,4583519.874,2.17089704,41.39839227
430707.546,4582361.145,2.17008515,41.38794915
430707.546,4582361.145,2.17008515,41.38794915
430337.722,4588274.45,2.16498092,41.44117623
430337.722,4588274.45,2.16498092,41.44117623
425848.223,4582273.952,2.11198109,41.38673033
430342.383,4584222.912,2.16550367,41.40468592
430342.383,4584222.912,2.16550367,41.40468592
433863.578,4585831.345,2.20745076,41.41947023
431360.133,4587054.304,2.17735716,41.43027493
431360.133,4587054.304,2.17735716,41.43027493
428762.08,4583896.738,2.14663759,41.40160963
428762.08,4583896.738,2.14663759,41.40160963
428762.08,4583896.738,2.14663759,41.40160963
428620.393,4583304.621,2.14501258,41.39626409
428620.393,4583304.621,2.14501258,41.39626409
428620.393,4583304.621,2.14501258,41.39626409
427588.743,4584993.407,2.1324709,41.411382
427588.743,4584993.407,2.1324709,41.411382
427588.743,4584993.407,2.1324709,41.411382
429626.199,4582046.817,2.15718928,41.38502417
429626.199,4582046.817,2.15718928,41.38502417
432191.59,4581803.96,2.18789611,41.38305727
432191.59,4581803.96,2.18789611,41.38305727
430998.448,4588853.074,2.17282322,41.44644476
430998.448,4588853.074,2.17282322,41.44644476
427892.853,4581005.438,2.13658428,41.37549128
427892.853,4581005.438,2.13658428,41.37549128
428432.676,4578686.315,2.14331285,41.35465191
428432.676,4578686.315,2.14331285,41.35465191
428432.676,4578686.315,2.14331285,41.35465191
426794.727,4581925.757,2.1233426,41.38368102
431167.042,4583702.846,2.17542793,41.40007292
431167.042,4583702.846,2.17542793,41.40007292
431167.042,4583702.846,2.17542793,41.40007292
430638.778,4581899.91,2.16931554,41.38378901
430638.778,4581899.91,2.16931554,41.38378901
432053.718,4581755.67,2.18625275,41.3826107
432053.718,4581755.67,2.18625275,41.3826107
432053.718,4581755.67,2.18625275,41.3826107
429615.596,4586935.895,2.15649356,41.4290574
429615.596,4586935.895,2.15649356,41.4290574
430580.984,4582087.827,2.16860285,41.38547654
430580.984,4582087.827,2.16860285,41.38547654
427905.395,4577998.261,2.13709185,41.34840777
427905.395,4577998.261,2.13709185,41.34840777
429867.522,4583236.796,2.15993739,41.39576301
429867.522,4583236.796,2.15993739,41.39576301
430554.589,4583721.365,2.16809978,41.40018703
427673.026,4583623.287,2.13364305,41.39904949
427673.026,4583623.287,2.13364305,41.39904949
431264.715,4583795.846,2.17658571,41.4009189
431264.715,4583795.846,2.17658571,41.4009189
433942.826,4585841.274,2.20839791,41.41956618
433942.826,4585841.274,2.20839791,41.41956618
426968.02,4582381.679,2.12535996,41.38780309
426968.02,4582381.679,2.12535996,41.38780309
432843.831,4582162.616,2.1956563,41.38634234
432843.831,4582162.616,2.1956563,41.38634234
428397.938,4580448.656,2.14268947,41.37052165
428397.938,4580448.656,2.14268947,41.37052165
430534.476,4582361.551,2.16801525,41.38793787
430534.476,4582361.551,2.16801525,41.38793787
430089.532,4581389.562,2.16280614,41.3791449
430089.532,4581389.562,2.16280614,41.3791449
427995.126,4579326.624,2.13800662,41.36037993
429800.705,4582944.707,2.15917208,41.39312642
429800.705,4582944.707,2.15917208,41.39312642
428397.391,4581064.502,2.14261015,41.37606832
431005.679,4581313.069,2.17377009,41.37853507
431005.679,4581313.069,2.17377009,41.37853507
432147.095,4585756.377,2.18692076,41.41865182
432147.095,4585756.377,2.18692076,41.41865182
431266.996,4583221.108,2.17667828,41.39574261
431266.996,4583221.108,2.17667828,41.39574261
429743.715,4582869.408,2.15849919,41.39244325
429743.715,4582869.408,2.15849919,41.39244325
428210.426,4585888.549,2.13980227,41.41949998
428210.426,4585888.549,2.13980227,41.41949998
432917.294,4582123.568,2.1965392,41.38599678
432917.294,4582123.568,2.1965392,41.38599678
429932.29,4583618.114,2.16066793,41.39920306
429932.29,4583618.114,2.16066793,41.39920306
432301.888,4582921.058,2.18909021,41.39312798
432301.888,4582921.058,2.18909021,41.39312798
432697.38,4587963.85,2.19325915,41.43858014
432697.38,4587963.85,2.19325915,41.43858014
430859.478,4585850.591,2.17150337,41.41939055
430859.478,4585850.591,2.17150337,41.41939055
430173.819,4587368.308,2.16312388,41.43300072
430173.819,4587368.308,2.16312388,41.43300072
430073.009,4582088.288,2.16252789,41.38543667
430073.009,4582088.288,2.16252789,41.38543667
432126.113,4583506.996,2.18692213,41.39839053
432126.113,4583506.996,2.18692213,41.39839053
426794.727,4581925.757,2.1233426,41.38368102
432471.865,4589598.774,2.19037709,41.45328639
432471.865,4589598.774,2.19037709,41.45328639
427431.981,4583408.607,2.13078554,41.39709423
427431.981,4583408.607,2.13078554,41.39709423
432704.05,4582077.654,2.19399407,41.38556542
432704.05,4582077.654,2.19399407,41.38556542
430786.398,4583330.195,2.17091737,41.39668388
430786.398,4583330.195,2.17091737,41.39668388
430032.217,4585451.11,2.16165118,41.41572091
430032.217,4585451.11,2.16165118,41.41572091
430032.217,4585451.11,2.16165118,41.41572091
431306.631,4584694.442,2.17698506,41.40901586
431306.631,4584694.442,2.17698506,41.40901586
430981.236,4588779.656,2.17262559,41.44578203
430981.236,4588779.656,2.17262559,41.44578203
429743.715,4582869.408,2.15849919,41.39244325
429743.715,4582869.408,2.15849919,41.39244325
426465.723,4584125.104,2.11914097,41.40345957
426465.723,4584125.104,2.11914097,41.40345957
431305.189,4583856.344,2.17706299,41.40146725
431305.189,4583856.344,2.17706299,41.40146725
429045.136,4580981.92,2.15036512,41.37538193
429045.136,4580981.92,2.15036512,41.37538193
429045.136,4580981.92,2.15036512,41.37538193
432127.277,4583478.887,2.18693921,41.39813746
432127.277,4583478.887,2.18693921,41.39813746
431093.989,4583161.215,2.17461576,41.39518836
431093.989,4583161.215,2.17461576,41.39518836
428100.997,4582507.88,2.13889473,41.38904185
428100.997,4582507.88,2.13889473,41.38904185
430246.718,4584840.908,2.164288,41.4102437
431170.16,4589009.227,2.17486087,41.44786592
431170.16,4589009.227,2.17486087,41.44786592
430353.54,4584203.444,2.16563938,41.40451155
430353.54,4584203.444,2.16563938,41.40451155
430353.54,4584203.444,2.16563938,41.40451155
433925.278,4588192.736,2.20793076,41.44074369
429062.238,4581026.099,2.15056443,41.37578135
429062.238,4581026.099,2.15056443,41.37578135
429062.238,4581026.099,2.15056443,41.37578135
431847.792,4585680.086,2.18334813,41.41793934
431847.792,4585680.086,2.18334813,41.41793934
427781.196,4583713.617,2.13492614,41.39987279
427781.196,4583713.617,2.13492614,41.39987279
430097.196,4583030.096,2.16270839,41.39392134
430097.196,4583030.096,2.16270839,41.39392134
428282.779,4583771.692,2.14091903,41.40044076
428282.779,4583771.692,2.14091903,41.40044076
429875.2,4585055.261,2.15981844,41.41214195
431843.449,4583785.44,2.18350968,41.40087448
431843.449,4583785.44,2.18350968,41.40087448
431892.414,4581890.89,2.18430857,41.38381494
431892.414,4581890.89,2.18430857,41.38381494
431892.414,4581890.89,2.18430857,41.38381494
427969.12,4585470.189,2.13696484,41.41571038
433499.338,4588462.36,2.20280283,41.44313693
433499.338,4588462.36,2.20280283,41.44313693
433843.662,4585366.75,2.20726329,41.4152841
433843.662,4585366.75,2.20726329,41.4152841
430684.511,4582858.435,2.16975271,41.3924261
430684.511,4582858.435,2.16975271,41.3924261
430684.511,4582858.435,2.16975271,41.3924261
432359.581,4583689.471,2.18969437,41.40005372
432359.581,4583689.471,2.18969437,41.40005372
429571.107,4582213.3,2.15651107,41.38651881
429571.107,4582213.3,2.15651107,41.38651881
429571.107,4582213.3,2.15651107,41.38651881
430996.397,4584288.181,2.17331995,41.40533021
430996.397,4584288.181,2.17331995,41.40533021
430996.397,4584288.181,2.17331995,41.40533021
431156.748,4583866.955,2.17528613,41.40155012
431156.748,4583866.955,2.17528613,41.40155012
428787.039,4581740.072,2.14718987,41.38218754
428787.039,4581740.072,2.14718987,41.38218754
428805.386,4580812.36,2.1475183,41.37383357
428805.386,4580812.36,2.1475183,41.37383357
428805.386,4580812.36,2.1475183,41.37383357
430839.547,4585175.845,2.17134208,41.41331162
430839.547,4585175.845,2.17134208,41.41331162
431298.843,4583850.094,2.17698779,41.40141042
431298.843,4583850.094,2.17698779,41.40141042
431298.843,4583850.094,2.17698779,41.40141042
428488.156,4584085.407,2.14333861,41.40328458
428488.156,4584085.407,2.14333861,41.40328458
426800.621,4583741.277,2.12319355,41.40003319
429652.28,4583462.878,2.15733661,41.39778044
429652.28,4583462.878,2.15733661,41.39778044
430693.897,4582260.172,2.16993347,41.38703854
430693.897,4582260.172,2.16993347,41.38703854
429697.754,4582438.529,2.15799952,41.38855845
429697.754,4582438.529,2.15799952,41.38855845
429697.754,4582438.529,2.15799952,41.38855845
429697.754,4582438.529,2.15799952,41.38855845
433600.115,4582986.309,2.20461063,41.39382397
433600.115,4582986.309,2.20461063,41.39382397
433372.349,4585277.855,2.20163399,41.4144445
433372.349,4585277.855,2.20163399,41.4144445
428389.44,4586359.406,2.14188843,41.42375677
428389.44,4586359.406,2.14188843,41.42375677
428389.44,4586359.406,2.14188843,41.42375677
429640.111,4582207.726,2.15733695,41.38647464
429640.111,4582207.726,2.15733695,41.38647464
433049.277,4584856.397,2.19781526,41.41062167
433049.277,4584856.397,2.19781526,41.41062167
429914.384,4583230.13,2.16049868,41.39570706
429914.384,4583230.13,2.16049868,41.39570706
429914.384,4583230.13,2.16049868,41.39570706
428462.818,4586546.943,2.14274428,41.42545238
428462.818,4586546.943,2.14274428,41.42545238
428462.818,4586546.943,2.14274428,41.42545238
428462.818,4586546.943,2.14274428,41.42545238
428462.818,4586546.943,2.14274428,41.42545238
428462.818,4586546.943,2.14274428,41.42545238
432285.574,4581840.35,2.18901597,41.38339295
432285.574,4581840.35,2.18901597,41.38339295
433372.349,4585277.855,2.20163399,41.4144445
433372.349,4585277.855,2.20163399,41.4144445
433372.349,4585277.855,2.20163399,41.4144445
432695.295,4585200.751,2.19354196,41.41369359
432695.295,4585200.751,2.19354196,41.41369359
431129.79,4588452.834,2.17444109,41.44285124
431129.79,4588452.834,2.17444109,41.44285124
427046.684,4584150.642,2.12608751,41.40374254
427046.684,4584150.642,2.12608751,41.40374254
432314.067,4581138.982,2.18943509,41.3770783
432314.067,4581138.982,2.18943509,41.3770783
431087.586,4584749.863,2.17435822,41.40949626
431087.586,4584749.863,2.17435822,41.40949626
431410.132,4582921.091,2.17842433,41.39305267
431410.132,4582921.091,2.17842433,41.39305267
431913.451,4586839.152,2.18400316,41.42838424
431913.451,4586839.152,2.18400316,41.42838424
432118.05,4583103.425,2.18687095,41.394755
432118.05,4583103.425,2.18687095,41.394755
432597.324,4584229.475,2.19247806,41.40493737
432597.324,4584229.475,2.19247806,41.40493737
430134.592,4583421.81,2.16311045,41.39745262
430134.592,4583421.81,2.16311045,41.39745262
430314.795,4583622.343,2.16524282,41.3992744
430314.795,4583622.343,2.16524282,41.3992744
426270.622,4582154.02,2.11704724,41.38568901
426270.622,4582154.02,2.11704724,41.38568901
433174.222,4584862.134,2.19930944,41.41068375
433174.222,4584862.134,2.19930944,41.41068375
430847.338,4583034.041,2.17168013,41.39402175
430847.338,4583034.041,2.17168013,41.39402175
429892.461,4584640.047,2.16007309,41.40840378
433942.826,4585841.274,2.20839791,41.41956618
433942.826,4585841.274,2.20839791,41.41956618
427857.176,4579829.6,2.13629766,41.36489771
427857.176,4579829.6,2.13629766,41.36489771
432498.064,4582532.121,2.19147997,41.38964142
432498.064,4582532.121,2.19147997,41.38964142
431553.566,4584083.988,2.18000834,41.40353877
431553.566,4584083.988,2.18000834,41.40353877
432229,4584196.974,2.18807554,41.40461366
432229,4584196.974,2.18807554,41.40461366
431441.679,4583354.531,2.17875255,41.39695923
431441.679,4583354.531,2.17875255,41.39695923
431736.825,4582736.655,2.18235255,41.39141932
431736.825,4582736.655,2.18235255,41.39141932
426981.173,4580720.243,2.12571755,41.37284038
426981.173,4580720.243,2.12571755,41.37284038
429361.225,4582493.597,2.15396834,41.38902493
429361.225,4582493.597,2.15396834,41.38902493
427504.457,4585298.725,2.13142592,41.41412426
427504.457,4585298.725,2.13142592,41.41412426
430634.284,4579558.391,2.16952987,41.36269923
430634.284,4579558.391,2.16952987,41.36269923
431927.427,4588064.592,2.18403231,41.43942255
431058.409,4581427.909,2.17438756,41.37957392
430161.102,4581912.392,2.16360168,41.38386009
430161.102,4581912.392,2.16360168,41.38386009
430161.102,4581912.392,2.16360168,41.38386009
431597.643,4588485.062,2.18003748,41.44318152
431597.643,4588485.062,2.18003748,41.44318152
431597.643,4588485.062,2.18003748,41.44318152
434419.096,4584784.706,2.21421132,41.41008897
434419.096,4584784.706,2.21421132,41.41008897
427840.182,4585370.463,2.13543405,41.41480061
427840.182,4585370.463,2.13543405,41.41480061
427840.182,4585370.463,2.13543405,41.41480061
430909.144,4587372.772,2.1719236,41.43310456
430909.144,4587372.772,2.1719236,41.43310456
428395.217,4581569.247,2.14252449,41.38061419
428395.217,4581569.247,2.14252449,41.38061419
430978.263,4583706.756,2.17316935,41.40009194
430978.263,4583706.756,2.17316935,41.40009194
429243.534,4587388.509,2.15198806,41.43310119
429243.534,4587388.509,2.15198806,41.43310119
430786.526,4585244.587,2.17069986,41.41392619
430786.526,4585244.587,2.17069986,41.41392619
431877.462,4587310.646,2.18351932,41.43262778
431877.462,4587310.646,2.18351932,41.43262778
431877.462,4587310.646,2.18351932,41.43262778
429737.738,4581724.845,2.15856052,41.38213403
429737.738,4581724.845,2.15856052,41.38213403
429106.161,4583595.496,2.15078877,41.39892689
429106.161,4583595.496,2.15078877,41.39892689
433542.845,4583447.774,2.20387496,41.39797555
433542.845,4583447.774,2.20387496,41.39797555
431547.343,4590582.245,2.17919751,41.46206576
431547.343,4590582.245,2.17919751,41.46206576
432136.485,4585039.629,2.18687425,41.41219539
432136.485,4585039.629,2.18687425,41.41219539
432001.247,4588873.702,2.18482474,41.44671617
432001.247,4588873.702,2.18482474,41.44671617
432001.247,4588873.702,2.18482474,41.44671617
432001.247,4588873.702,2.18482474,41.44671617
432001.247,4588873.702,2.18482474,41.44671617
432001.247,4588873.702,2.18482474,41.44671617
426396.342,4584242.916,2.11829669,41.4045143
426396.342,4584242.916,2.11829669,41.4045143
428533.865,4580508.647,2.14430757,41.37107406
428533.865,4580508.647,2.14430757,41.37107406
427046.978,4580934.372,2.12647858,41.37477493
427046.978,4580934.372,2.12647858,41.37477493
426571.693,4584389.593,2.12037652,41.4058514
426571.693,4584389.593,2.12037652,41.4058514
428989.313,4580940.29,2.1497025,41.37500206
428989.313,4580940.29,2.1497025,41.37500206
429786.965,4582839.722,2.15901992,41.39217966
429786.965,4582839.722,2.15901992,41.39217966
428462.818,4586546.943,2.14274428,41.42545238
428462.818,4586546.943,2.14274428,41.42545238
428462.818,4586546.943,2.14274428,41.42545238
428462.818,4586546.943,2.14274428,41.42545238
432549.014,4583648.882,2.19196486,41.39970407
432549.014,4583648.882,2.19196486,41.39970407
428041.151,4580741.304,2.13838887,41.37312559
431463.856,4583995.646,2.17894519,41.40273545
431463.856,4583995.646,2.17894519,41.40273545
432372.371,4589641.972,2.18918115,41.45366707
429791.351,4582421.851,2.15912084,41.38841642
429791.351,4582421.851,2.15912084,41.38841642
429791.351,4582421.851,2.15912084,41.38841642
430456.328,4582637.209,2.16704897,41.39041388
430456.328,4582637.209,2.16704897,41.39041388
430153.492,4581277.658,2.16358388,41.37814257
430153.492,4581277.658,2.16358388,41.37814257
430707.546,4582361.145,2.17008515,41.38794915
432475.818,4589199.657,2.19046907,41.44969202
429355.758,4582115.684,2.15394705,41.38562071
429355.758,4582115.684,2.15394705,41.38562071
428361.747,4580964.804,2.14219573,41.3751672
428361.747,4580964.804,2.14219573,41.3751672
431098.984,4582534.548,2.17474684,41.38954459
431098.984,4582534.548,2.17474684,41.38954459
429489.154,4584783.8,2.15523145,41.40966321
429489.154,4584783.8,2.15523145,41.40966321
429489.154,4584783.8,2.15523145,41.40966321
431694.263,4581581.69,2.18197379,41.38101325
431694.263,4581581.69,2.18197379,41.38101325
431152.102,4584144.569,2.17519896,41.40405011
431652.369,4582545.333,2.18136403,41.38968896
431279.447,4582061.371,2.17695886,41.38529826
431279.447,4582061.371,2.17695886,41.38529826
431279.447,4582061.371,2.17695886,41.38529826
428020.43,4576283.261,2.13867018,41.33297157
428085.235,4580351.393,2.13896224,41.36961774
428085.235,4580351.393,2.13896224,41.36961774
431847.792,4585680.086,2.18334813,41.41793934
431847.792,4585680.086,2.18334813,41.41793934
431471.195,4588025.28,2.17857612,41.43902964
431471.195,4588025.28,2.17857612,41.43902964
429837.243,4580910.411,2.15984479,41.37480736
429837.243,4580910.411,2.15984479,41.37480736
432462.578,4582722.102,2.19103436,41.39134956
432462.578,4582722.102,2.19103436,41.39134956
432091.247,4584590.826,2.18638343,41.40814933
432091.247,4584590.826,2.18638343,41.40814933
432091.247,4584590.826,2.18638343,41.40814933
428020.327,4585240.77,2.13760481,41.41364868
428020.327,4585240.77,2.13760481,41.41364868
434644.151,4584350.365,2.21695076,41.40619531
434644.151,4584350.365,2.21695076,41.40619531
434644.151,4584350.365,2.21695076,41.40619531
432123.077,4586455.003,2.18655492,41.42494209
432123.077,4586455.003,2.18655492,41.42494209
433765.979,4585977.904,2.20626688,41.42078221
433765.979,4585977.904,2.20626688,41.42078221
429551.991,4580933.229,2.15643135,41.37498794
429551.991,4580933.229,2.15643135,41.37498794
432259.417,4587121.093,2.18811173,41.43095286
432888,4585390.263,2.19582652,41.4154166
432888,4585390.263,2.19582652,41.4154166
433372.349,4585277.855,2.20163399,41.4144445
433372.349,4585277.855,2.20163399,41.4144445
428408.372,4582110.786,2.14261778,41.3854928
428408.372,4582110.786,2.14261778,41.3854928
430208.677,4582391.902,2.16411535,41.38818301
430208.677,4582391.902,2.16411535,41.38818301
430208.677,4582391.902,2.16411535,41.38818301
431029.277,4580384.135,2.17415802,41.37017044
431029.277,4580384.135,2.17415802,41.37017044
432294.332,4584205.804,2.18885609,41.40469869
432294.332,4584205.804,2.18885609,41.40469869
428408.372,4582110.786,2.14261778,41.3854928
428408.372,4582110.786,2.14261778,41.3854928
428408.372,4582110.786,2.14261778,41.3854928
428418.543,4580468.714,2.14293346,41.37070414
428418.543,4580468.714,2.14293346,41.37070414
428418.543,4580468.714,2.14293346,41.37070414
428977.609,4582119.87,2.14942424,41.3856251
428977.609,4582119.87,2.14942424,41.3856251
429284.237,4582250.102,2.15307602,41.38682509
429284.237,4582250.102,2.15307602,41.38682509
429284.237,4582250.102,2.15307602,41.38682509
428695.933,4579717.261,2.14633842,41.36396069
428695.933,4579717.261,2.14633842,41.36396069
428695.933,4579717.261,2.14633842,41.36396069
433346.613,4587639.707,2.20106556,41.43571488
433346.613,4587639.707,2.20106556,41.43571488
431192.429,4589025.069,2.17512564,41.44801051
431545.867,4586548.719,2.17963719,41.42573715
431545.867,4586548.719,2.17963719,41.42573715
431091.064,4587936.278,2.17403651,41.43819549
431091.064,4587936.278,2.17403651,41.43819549
429001.923,4583052.429,2.14960564,41.39402648
429001.923,4583052.429,2.14960564,41.39402648
431454.082,4588301.479,2.17833994,41.44151581
431454.082,4588301.479,2.17833994,41.44151581
429382.371,4586268.453,2.15378054,41.42302553
429493.734,4587108.148,2.15501513,41.43059812
429493.734,4587108.148,2.15501513,41.43059812
430786.398,4583330.195,2.17091737,41.39668388
430786.398,4583330.195,2.17091737,41.39668388
430786.398,4583330.195,2.17091737,41.39668388
430786.398,4583330.195,2.17091737,41.39668388
430786.398,4583330.195,2.17091737,41.39668388
427333.296,4581026.059,2.12989109,41.37562664
427333.296,4581026.059,2.12989109,41.37562664
433767.286,4588494.32,2.20600661,41.44344694
430025.03,4582004.984,2.16196373,41.3846822
430025.03,4582004.984,2.16196373,41.3846822
426384.769,4582244.894,2.11840127,41.38651793
426384.769,4582244.894,2.11840127,41.38651793
429068.511,4581836.059,2.15054459,41.38307694
429068.511,4581836.059,2.15054459,41.38307694
429068.511,4581836.059,2.15054459,41.38307694
429068.511,4581836.059,2.15054459,41.38307694
427727.045,4584724.334,2.13415766,41.40897103
427727.045,4584724.334,2.13415766,41.40897103
429245.351,4581018.781,2.15275482,41.37573156
429245.351,4581018.781,2.15275482,41.37573156
429245.351,4581018.781,2.15275482,41.37573156
434134.782,4585450.249,2.21073735,41.41606009
434134.782,4585450.249,2.21073735,41.41606009
430786.526,4585244.587,2.17069986,41.41392619
430786.526,4585244.587,2.17069986,41.41392619
428127.438,4584439.102,2.13898158,41.40643798
428127.438,4584439.102,2.13898158,41.40643798
427711.548,4579792.083,2.13456111,41.36454674
427711.548,4579792.083,2.13456111,41.36454674
429173.978,4582876.378,2.15168413,41.39245603
429173.978,4582876.378,2.15168413,41.39245603
433283.032,4586516.329,2.20042865,41.42559166
433283.032,4586516.329,2.20042865,41.42559166
429450.519,4581444.101,2.15515854,41.37958031
429450.519,4581444.101,2.15515854,41.37958031
431902.112,4583926.41,2.18419554,41.40214913
431902.112,4583926.41,2.18419554,41.40214913
430172.639,4584428.507,2.16344935,41.40652291
430172.639,4584428.507,2.16344935,41.40652291
430834.736,4579924.771,2.17188445,41.36601637
430834.736,4579924.771,2.17188445,41.36601637
430834.736,4579924.771,2.17188445,41.36601637
430606.435,4588001.898,2.16822854,41.43874474
428014.077,4583986.134,2.13767937,41.40234813
428014.077,4583986.134,2.13767937,41.40234813
432983.928,4585480.269,2.19696429,41.41623526
432983.928,4585480.269,2.19696429,41.41623526
428027.099,4584288.351,2.13779918,41.40507125
431836.944,4581836.438,2.18365134,41.38331981
428782.595,4581555.767,2.1471584,41.38052718
428782.595,4581555.767,2.1471584,41.38052718
430423.266,4582722.921,2.16664371,41.391183
430423.266,4582722.921,2.16664371,41.391183
431298.013,4584597.762,2.17689294,41.40814436
431298.013,4584597.762,2.17689294,41.40814436
431507.233,4588266.89,2.17898005,41.44120881
431507.233,4588266.89,2.17898005,41.44120881
431246.31,4580919.223,2.17669222,41.37500841
431246.31,4580919.223,2.17669222,41.37500841
431021.789,4590376.045,2.17292854,41.46016356
431021.789,4590376.045,2.17292854,41.46016356
428499.732,4582666.131,2.14364477,41.39050273
428499.732,4582666.131,2.14364477,41.39050273
428499.732,4582666.131,2.14364477,41.39050273
432405.378,4583010.308,2.19031805,41.39394053
432405.378,4583010.308,2.19031805,41.39394053
429430.093,4583191.251,2.15471064,41.39531451
429430.093,4583191.251,2.15471064,41.39531451
433090.048,4584419.2,2.1983514,41.40668735
433090.048,4584419.2,2.1983514,41.40668735
430310.815,4583051.566,2.16526093,41.39413326
430310.815,4583051.566,2.16526093,41.39413326
430310.815,4583051.566,2.16526093,41.39413326
432888,4585390.263,2.19582652,41.4154166
432888,4585390.263,2.19582652,41.4154166
429145.916,4579933.963,2.15169269,41.3659522
426389.523,4584441.879,2.11819091,41.40630564
428499.732,4582666.131,2.14364477,41.39050273
428499.732,4582666.131,2.14364477,41.39050273
429126.329,4582815.185,2.1511214,41.39190069
427646.31,4583159.617,2.13337893,41.394871
427646.31,4583159.617,2.13337893,41.394871
431544.675,4591171.295,2.17909871,41.46737087
431544.675,4591171.295,2.17909871,41.46737087
434230.967,4585163.983,2.21191933,41.41348965
428598.252,4582125.566,2.14488682,41.38564281
428598.252,4582125.566,2.14488682,41.38564281
431314.134,4584880.779,2.17705367,41.41069479
431314.134,4584880.779,2.17705367,41.41069479
432991.784,4582704.531,2.19736575,41.39123559
432991.784,4582704.531,2.19736575,41.39123559
427906.586,4582686.978,2.13654831,41.39063751
427906.586,4582686.978,2.13654831,41.39063751
430260.763,4586971.161,2.16421025,41.42943133
430260.763,4586971.161,2.16421025,41.42943133
430260.763,4586971.161,2.16421025,41.42943133
428999.479,4584614.206,2.14939315,41.40809261
428999.479,4584614.206,2.14939315,41.40809261
428270.55,4584213.391,2.14072038,41.40441788
428270.55,4584213.391,2.14072038,41.40441788
429357.314,4587926.974,2.15328679,41.43796095
429357.314,4587926.974,2.15328679,41.43796095
426270.622,4582154.02,2.11704724,41.38568901
426270.622,4582154.02,2.11704724,41.38568901
430807.889,4584665.361,2.17102173,41.40871114
430807.889,4584665.361,2.17102173,41.40871114
430232.025,4586795.897,2.16388658,41.4278503
430232.025,4586795.897,2.16388658,41.4278503
430232.025,4586795.897,2.16388658,41.4278503
430232.025,4586795.897,2.16388658,41.4278503
430232.025,4586795.897,2.16388658,41.4278503
430232.025,4586795.897,2.16388658,41.4278503
433622.836,4585617.53,2.20459365,41.41752459
433622.836,4585617.53,2.20459365,41.41752459
430717.339,4579702.162,2.17050635,41.36400128
430717.339,4579702.162,2.17050635,41.36400128
430707.546,4582361.145,2.17008515,41.38794915
430707.546,4582361.145,2.17008515,41.38794915
430707.546,4582361.145,2.17008515,41.38794915
432792.799,4583380.528,2.19491078,41.3973075
432792.799,4583380.528,2.19491078,41.3973075
429930.96,4581144.612,2.16093828,41.37692491
429930.96,4581144.612,2.16093828,41.37692491
427599.641,4583509.259,2.1327789,41.39801588
427599.641,4583509.259,2.1327789,41.39801588
431149.5,4585946.49,2.17496266,41.42027919
428409.405,4582128.997,2.14262798,41.38565691
428409.405,4582128.997,2.14262798,41.38565691
434102.646,4585921.283,2.21030151,41.42029993
434102.646,4585921.283,2.21030151,41.42029993
434102.646,4585921.283,2.21030151,41.42029993
434102.646,4585921.283,2.21030151,41.42029993
434102.646,4585921.283,2.21030151,41.42029993
434102.646,4585921.283,2.21030151,41.42029993
434102.646,4585921.283,2.21030151,41.42029993
434102.646,4585921.283,2.21030151,41.42029993
434102.646,4585921.283,2.21030151,41.42029993
431167.042,4583702.846,2.17542793,41.40007292
431167.042,4583702.846,2.17542793,41.40007292
431058.409,4581427.909,2.17438756,41.37957392
433331.928,4582763.201,2.20142749,41.39179229
433331.928,4582763.201,2.20142749,41.39179229
433331.928,4582763.201,2.20142749,41.39179229
425821.528,4575819.947,2.11245134,41.32859917
425821.528,4575819.947,2.11245134,41.32859917
425821.528,4575819.947,2.11245134,41.32859917
431313.46,4585914.019,2.17692822,41.42000077
431313.46,4585914.019,2.17692822,41.42000077
431369.711,4583900.935,2.17782974,41.40187439
431369.711,4583900.935,2.17782974,41.40187439
433218.09,4582540.822,2.20009048,41.38977993
433218.09,4582540.822,2.20009048,41.38977993
430383.555,4588628.166,2.16548872,41.44436599
430383.555,4588628.166,2.16548872,41.44436599
431626.167,4588928.514,2.18032868,41.44717797
431626.167,4588928.514,2.18032868,41.44717797
427700.964,4585357.299,2.13376998,41.41466953
427700.964,4585357.299,2.13376998,41.41466953
427700.964,4585357.299,2.13376998,41.41466953
429456.178,4582587.713,2.15509297,41.38988094
429456.178,4582587.713,2.15509297,41.38988094
431642.397,4586873.456,2.18075557,41.42867017
431642.397,4586873.456,2.18075557,41.42867017
428433.848,4583204.165,2.14279319,41.39534273
428433.848,4583204.165,2.14279319,41.39534273
433723.918,4585600.717,2.20580495,41.41738151
433723.918,4585600.717,2.20580495,41.41738151
433723.918,4585600.717,2.20580495,41.41738151
433723.918,4585600.717,2.20580495,41.41738151
431806.319,4590299.174,2.18233029,41.45953831
431806.319,4590299.174,2.18233029,41.45953831
432847.486,4585262.438,2.19535598,41.41426193
432847.486,4585262.438,2.19535598,41.41426193
431303.201,4588235.904,2.17654144,41.4409123
431303.201,4588235.904,2.17654144,41.4409123
432361.778,4587223.735,2.18932525,41.43188595
432361.778,4587223.735,2.18932525,41.43188595
432806.853,4588576.117,2.19450129,41.4441038
432806.853,4588576.117,2.19450129,41.4441038
432922.163,4588961.806,2.19583869,41.44758722
432922.163,4588961.806,2.19583869,41.44758722
427079.899,4582469.66,2.12668737,41.38860565
427079.899,4582469.66,2.12668737,41.38860565
430554.044,4582014.107,2.16828913,41.38481024
430554.044,4582014.107,2.16828913,41.38481024
427635.063,4586885.058,2.1327986,41.42842345
427635.063,4586885.058,2.1327986,41.42842345
432457.297,4584419.843,2.19078169,41.4066402
432457.297,4584419.843,2.19078169,41.4066402
433221.687,4584879.705,2.19987537,41.41084595
432395.728,4582825.005,2.19022333,41.39227075
432395.728,4582825.005,2.19022333,41.39227075
432395.728,4582825.005,2.19022333,41.39227075
432395.728,4582825.005,2.19022333,41.39227075
432395.728,4582825.005,2.19022333,41.39227075
431859.591,4588859.6,2.18313066,41.44657714
431859.591,4588859.6,2.18313066,41.44657714
433609.048,4583773.607,2.2046311,41.40091572
427269.906,4581441.242,2.12908328,41.3793603
427269.906,4581441.242,2.12908328,41.3793603
430093.578,4586195.545,2.16229925,41.42243111
430093.578,4586195.545,2.16229925,41.42243111
428225.377,4578687.563,2.14083479,41.35464469
428225.377,4578687.563,2.14083479,41.35464469
430531.066,4582463.6,2.16796276,41.3888567
430531.066,4582463.6,2.16796276,41.3888567
430531.066,4582463.6,2.16796276,41.3888567
428598.708,4586926.274,2.14432557,41.42888094
428598.708,4586926.274,2.14432557,41.42888094
428598.708,4586926.274,2.14432557,41.42888094
431642.655,4590585.458,2.18033833,41.46210283
433282.467,4584238.298,2.20067328,41.40507402
433282.467,4584238.298,2.20067328,41.40507402
428089.88,4585613.769,2.1383926,41.41701436
428089.88,4585613.769,2.1383926,41.41701436
429929.36,4585238.471,2.16044517,41.41379679
429929.36,4585238.471,2.16044517,41.41379679
428206.707,4584157.956,2.13996323,41.4039129
428206.707,4584157.956,2.13996323,41.4039129
435033.445,4584725.51,2.2215676,41.40960573
435033.445,4584725.51,2.2215676,41.40960573
435033.445,4584725.51,2.2215676,41.40960573
430361.272,4588243.807,2.16526633,41.44090228
430361.272,4588243.807,2.16526633,41.44090228
430361.272,4588243.807,2.16526633,41.44090228
430361.272,4588243.807,2.16526633,41.44090228
433054.616,4582474.246,2.1981427,41.3891667
433054.616,4582474.246,2.1981427,41.3891667
431837.734,4583179.864,2.18350954,41.39541974
431837.734,4583179.864,2.18350954,41.39541974
427206.997,4582445.169,2.12821035,41.38839659
427206.997,4582445.169,2.12821035,41.38839659
430899.204,4584756.673,2.17210373,41.40954142
430899.204,4584756.673,2.17210373,41.40954142
429510.073,4586332.401,2.15530116,41.42361271
429510.073,4586332.401,2.15530116,41.42361271
430397.304,4585071.834,2.16606297,41.41233663
430397.304,4585071.834,2.16606297,41.41233663
431864.488,4581575.479,2.18401009,41.38097175
431864.488,4581575.479,2.18401009,41.38097175
427067.422,4582366.306,2.1265506,41.38767365
427067.422,4582366.306,2.1265506,41.38767365
432667.966,4589338.186,2.19275382,41.45095585
432667.966,4589338.186,2.19275382,41.45095585
431777.619,4586060.103,2.18246561,41.42135608
431693.799,4581490.566,2.18197853,41.38019249
431693.799,4581490.566,2.18197853,41.38019249
431693.799,4581490.566,2.18197853,41.38019249
431693.799,4581490.566,2.18197853,41.38019249
431693.799,4581490.566,2.18197853,41.38019249
430208.677,4582391.902,2.16411535,41.38818301
430208.677,4582391.902,2.16411535,41.38818301
428580.685,4585066.326,2.14432965,41.41212756
428580.685,4585066.326,2.14432965,41.41212756
427736.575,4583833.96,2.13437803,41.40095265
427736.575,4583833.96,2.13437803,41.40095265
427736.575,4583833.96,2.13437803,41.40095265
427736.575,4583833.96,2.13437803,41.40095265
428795.136,4580960.25,2.14737836,41.37516467
428795.136,4580960.25,2.14737836,41.37516467
427575.967,4582577.493,2.13260722,41.3896217
427575.967,4582577.493,2.13260722,41.3896217
427192.967,4582254.585,2.12806547,41.3866788
427192.967,4582254.585,2.12806547,41.3866788
430080.794,4588135.461,2.16192175,41.43990207
430080.794,4588135.461,2.16192175,41.43990207
430080.794,4588135.461,2.16192175,41.43990207
434731.89,4584332.532,2.21800231,41.40604182
434731.89,4584332.532,2.21800231,41.40604182
430390.311,4583117.556,2.16620418,41.3947345
430390.311,4583117.556,2.16620418,41.3947345
433776.888,4583070.472,2.20671576,41.39459659
433460.235,4585760.683,2.20263236,41.41880048
430468.301,4588235.153,2.16654838,41.44083362
430468.301,4588235.153,2.16654838,41.44083362
430468.301,4588235.153,2.16654838,41.44083362
426841.69,4576816.925,2.12452067,41.33767192
426841.69,4576816.925,2.12452067,41.33767192
429834.07,4581818.313,2.15970168,41.38298427
429834.07,4581818.313,2.15970168,41.38298427
429834.07,4581818.313,2.15970168,41.38298427
432104.288,4584824.06,2.18651325,41.41025111
432104.288,4584824.06,2.18651325,41.41025111
428449.161,4581414.469,2.14318784,41.37922495
428449.161,4581414.469,2.14318784,41.37922495
430457.121,4588348.411,2.16640152,41.44185273
430457.121,4588348.411,2.16640152,41.44185273
427625.854,4580300.674,2.1334759,41.36911974
427625.854,4580300.674,2.1334759,41.36911974
427625.854,4580300.674,2.1334759,41.36911974
432019.497,4583916.094,2.18560088,41.40206615
432019.497,4583916.094,2.18560088,41.40206615
427843.558,4577637.922,2.13639561,41.34515677
427843.558,4577637.922,2.13639561,41.34515677
429623.98,4587069.677,2.15657831,41.43026305
429623.98,4587069.677,2.15657831,41.43026305
432888.886,4582323.453,2.19617731,41.38779473
432888.886,4582323.453,2.19617731,41.38779473
432888.886,4582323.453,2.19617731,41.38779473
432888.886,4582323.453,2.19617731,41.38779473
431134.102,4586166.09,2.1747534,41.42225573
431134.102,4586166.09,2.1747534,41.42225573
432487.959,4581946.867,2.19142437,41.38436934
432487.959,4581946.867,2.19142437,41.38436934
431373.137,4585218.563,2.17772122,41.41374214
431373.137,4585218.563,2.17772122,41.41374214
430081.41,4582845.197,2.16254093,41.39225464
430081.41,4582845.197,2.16254093,41.39225464
431994.008,4586673.218,2.18498586,41.42689656
430684.511,4582858.435,2.16975271,41.3924261
430684.511,4582858.435,2.16975271,41.3924261
433303.909,4587817.751,2.2005348,41.43731491
433303.909,4587817.751,2.2005348,41.43731491
429743.715,4582869.408,2.15849919,41.39244325
429743.715,4582869.408,2.15849919,41.39244325
426831.226,4583845.806,2.12354699,41.40097742
426831.226,4583845.806,2.12354699,41.40097742
431554.856,4584456.439,2.17998163,41.40689343
431554.856,4584456.439,2.17998163,41.40689343
431584.894,4588795.144,2.17984974,41.44597323
431584.894,4588795.144,2.17984974,41.44597323
431584.894,4588795.144,2.17984974,41.44597323
431946.545,4585565.919,2.18454257,41.41691945
431946.545,4585565.919,2.18454257,41.41691945
430682.579,4585355.132,2.16944353,41.41491287
430682.579,4585355.132,2.16944353,41.41491287
428106.424,4582715.998,2.13893491,41.39091678
428106.424,4582715.998,2.13893491,41.39091678
428106.424,4582715.998,2.13893491,41.39091678
427817.98,4579776.81,2.13583536,41.36441874
427817.98,4579776.81,2.13583536,41.36441874
430281.027,4582334.866,2.1649872,41.38767559
430281.027,4582334.866,2.1649872,41.38767559
429699.614,4581733.08,2.15810366,41.38220487
429699.614,4581733.08,2.15810366,41.38220487
429699.614,4581733.08,2.15810366,41.38220487
429699.614,4581733.08,2.15810366,41.38220487
433609.048,4583773.607,2.2046311,41.40091572
433071.797,4584027.719,2.19817638,41.40315987
433071.797,4584027.719,2.19817638,41.40315987
433620.699,4584505.88,2.20469011,41.40751208
429772.864,4581006.332,2.15906388,41.37566567
429772.864,4581006.332,2.15906388,41.37566567
430404.353,4583145.143,2.16636895,41.39498418
430404.353,4583145.143,2.16636895,41.39498418
431486.276,4589432.351,2.17859692,41.45170389
431486.276,4589432.351,2.17859692,41.45170389
431466.557,4584937.051,2.17887083,41.41121463
431466.557,4584937.051,2.17887083,41.41121463
431466.557,4584937.051,2.17887083,41.41121463
429990.468,4582218.04,2.16152576,41.38659813
429990.468,4582218.04,2.16152576,41.38659813
429080.347,4584382.039,2.1503878,41.40600872
429080.347,4584382.039,2.1503878,41.40600872
433548.484,4588457.479,2.20339164,41.44309703
433548.484,4588457.479,2.20339164,41.44309703
433548.484,4588457.479,2.20339164,41.44309703
428628.405,4584611.804,2.1449542,41.4080381
428628.405,4584611.804,2.1449542,41.4080381
426767.409,4583823.782,2.1227863,41.40077325
426767.409,4583823.782,2.1227863,41.40077325
430606.886,4584279.651,2.16866131,41.40521984
430606.886,4584279.651,2.16866131,41.40521984
429430.093,4583191.251,2.15471064,41.39531451
429430.093,4583191.251,2.15471064,41.39531451
431235.917,4583975.023,2.17622087,41.40253023
431235.917,4583975.023,2.17622087,41.40253023
429103.803,4586258.276,2.15044841,41.42290933
431953.325,4584501.21,2.18474351,41.40733052
431953.325,4584501.21,2.18474351,41.40733052
426504.142,4575910.947,2.12059657,41.32948134
426504.142,4575910.947,2.12059657,41.32948134
430704.97,4582088.39,2.17008556,41.38549231
430704.97,4582088.39,2.17008556,41.38549231
429832.413,4584162.46,2.15941011,41.40409708
429832.413,4584162.46,2.15941011,41.40409708
428503.306,4583548.521,2.14358328,41.3984504
428503.306,4583548.521,2.14358328,41.3984504
428503.306,4583548.521,2.14358328,41.3984504
433609.048,4583773.607,2.2046311,41.40091572
428882.966,4582216.755,2.14828102,41.38648935
428882.966,4582216.755,2.14828102,41.38648935
430345.563,4582527.493,2.16573685,41.38941611
430345.563,4582527.493,2.16573685,41.38941611
430361.272,4588243.807,2.16526633,41.44090228
430361.272,4588243.807,2.16526633,41.44090228
428441.278,4586554.861,2.14248559,41.42552177
430142.306,4585964.004,2.16290908,41.42034994
430142.306,4585964.004,2.16290908,41.42034994
432792.635,4585292.446,2.19469638,41.41452761
432792.635,4585292.446,2.19469638,41.41452761
433501.245,4586845.074,2.20300373,41.42857068
433501.245,4586845.074,2.20300373,41.42857068
431169.925,4583892.602,2.17544083,41.40178224
431169.925,4583892.602,2.17544083,41.40178224
427913.737,4579656.465,2.13699445,41.36334341
433366.062,4585856.745,2.20149496,41.41965788
433366.062,4585856.745,2.20149496,41.41965788
433366.062,4585856.745,2.20149496,41.41965788
429216.582,4582903.125,2.15219056,41.39270069
429216.582,4582903.125,2.15219056,41.39270069
427092.141,4582471.601,2.12683354,41.38862424
427092.141,4582471.601,2.12683354,41.38862424
425271.78,4582185.562,2.10509824,41.38588087
425271.78,4582185.562,2.10509824,41.38588087
425271.78,4582185.562,2.10509824,41.38588087
428523.771,4586830.802,2.14344009,41.4280144
428523.771,4586830.802,2.14344009,41.4280144
428523.771,4586830.802,2.14344009,41.4280144
428129.834,4585705.332,2.13885975,41.41784261
428129.834,4585705.332,2.13885975,41.41784261
428737.416,4578083.995,2.14702629,41.34925403
428737.416,4578083.995,2.14702629,41.34925403
428737.416,4578083.995,2.14702629,41.34925403
431983.863,4582167.661,2.18537111,41.38631548
431983.863,4582167.661,2.18537111,41.38631548
430753.618,4584627.389,2.17037681,41.40836446
430753.618,4584627.389,2.17037681,41.40836446
430311.08,4582286.328,2.1653522,41.38724102
430311.08,4582286.328,2.1653522,41.38724102
431574.65,4585607.95,2.18008813,41.41726641
431574.65,4585607.95,2.18008813,41.41726641
430287.084,4584816.603,2.16477373,41.41002829
430287.084,4584816.603,2.16477373,41.41002829
426749.835,4584525.728,2.12249108,41.40709377
426749.835,4584525.728,2.12249108,41.40709377
426749.835,4584525.728,2.12249108,41.40709377
431369.711,4583900.935,2.17782974,41.40187439
431369.711,4583900.935,2.17782974,41.40187439
427429.536,4585230.89,2.13053768,41.41350654
427429.536,4585230.89,2.13053768,41.41350654
427161.664,4582031.385,2.12771797,41.3846657
427161.664,4582031.385,2.12771797,41.3846657
426793.069,4582325.321,2.12327446,41.38727958
426793.069,4582325.321,2.12327446,41.38727958
429430.093,4583191.251,2.15471064,41.39531451
429430.093,4583191.251,2.15471064,41.39531451
428662.579,4581241.896,2.14576019,41.37768961
428662.579,4581241.896,2.14576019,41.37768961
428662.579,4581241.896,2.14576019,41.37768961
428389.44,4586359.406,2.14188843,41.42375677
428389.44,4586359.406,2.14188843,41.42375677
428389.44,4586359.406,2.14188843,41.42375677
429905.778,4583784.531,2.16033152,41.40069961
429905.778,4583784.531,2.16033152,41.40069961
431748.846,4583093.33,2.18245611,41.39463282
431748.846,4583093.33,2.18245611,41.39463282
428806.874,4587490.88,2.14675016,41.4339846
428806.874,4587490.88,2.14675016,41.4339846
428806.874,4587490.88,2.14675016,41.4339846
427128.557,4584966.809,2.12696857,41.41110083
427128.557,4584966.809,2.12696857,41.41110083
427128.557,4584966.809,2.12696857,41.41110083
425852.582,4582020.451,2.11206426,41.38444757
425852.582,4582020.451,2.11206426,41.38444757
425852.582,4582020.451,2.11206426,41.38444757
431076.53,4583033.397,2.17442149,41.39403565
431076.53,4583033.397,2.17442149,41.39403565
431071.208,4583612.423,2.17429189,41.3992503
431071.208,4583612.423,2.17429189,41.3992503
431535.137,4581234.716,2.18011013,41.37787461
431535.137,4581234.716,2.18011013,41.37787461
431535.137,4581234.716,2.18011013,41.37787461
431535.137,4581234.716,2.18011013,41.37787461
432208.429,4581320.627,2.18815158,41.37870543
432208.429,4581320.627,2.18815158,41.37870543
430133.676,4584608.047,2.16296251,41.40813658
430133.676,4584608.047,2.16296251,41.40813658
425818.017,4582082.484,2.11164331,41.38500308
428695.452,4587021.546,2.14547206,41.42974762
428695.452,4587021.546,2.14547206,41.42974762
428695.452,4587021.546,2.14547206,41.42974762
431349.863,4582075.074,2.17779941,41.38542769
428791.128,4586147.602,2.14672001,41.42188486
428791.128,4586147.602,2.14672001,41.42188486
428791.128,4586147.602,2.14672001,41.42188486
431859.591,4588859.6,2.18313066,41.44657714
431859.591,4588859.6,2.18313066,41.44657714
427359.171,4585368.78,2.12967926,41.41474209
427359.171,4585368.78,2.12967926,41.41474209
432348.343,4583709.18,2.18955774,41.40023029
432348.343,4583709.18,2.18955774,41.40023029
430237.646,4585046.203,2.16415577,41.41209193
430237.646,4585046.203,2.16415577,41.41209193
429457.543,4580957.508,2.15529919,41.37519834
429457.543,4580957.508,2.15529919,41.37519834
427768.318,4579740.736,2.13524593,41.36408938
427768.318,4579740.736,2.13524593,41.36408938
426302.459,4584210.715,2.11717755,41.40421568
426302.459,4584210.715,2.11717755,41.40421568
427422.567,4581022.773,2.13095891,41.3756051
427422.567,4581022.773,2.13095891,41.3756051
431618.503,4585867.604,2.18058345,41.41960877
431618.503,4585867.604,2.18058345,41.41960877
432597.324,4584229.475,2.19247806,41.40493737
432597.324,4584229.475,2.19247806,41.40493737
433664.342,4584517.829,2.20521092,41.4076233
433664.342,4584517.829,2.20521092,41.4076233
427714.159,4585334.953,2.13393052,41.41446946
427714.159,4585334.953,2.13393052,41.41446946
427714.159,4585334.953,2.13393052,41.41446946
428389.44,4586359.406,2.14188843,41.42375677
428389.44,4586359.406,2.14188843,41.42375677
426968.02,4582381.679,2.12535996,41.38780309
426968.02,4582381.679,2.12535996,41.38780309
428824.333,4581986.972,2.14760683,41.38441458
428824.333,4581986.972,2.14760683,41.38441458
428824.333,4581986.972,2.14760683,41.38441458
428824.333,4581986.972,2.14760683,41.38441458
428824.333,4581986.972,2.14760683,41.38441458
428824.333,4581986.972,2.14760683,41.38441458
428824.333,4581986.972,2.14760683,41.38441458
428824.333,4581986.972,2.14760683,41.38441458
428824.333,4581986.972,2.14760683,41.38441458
428824.333,4581986.972,2.14760683,41.38441458
428824.333,4581986.972,2.14760683,41.38441458
428824.333,4581986.972,2.14760683,41.38441458
432696.193,4582125.652,2.19389476,41.38599707
432696.193,4582125.652,2.19389476,41.38599707
429696.603,4581720.193,2.15806915,41.38208853
429696.603,4581720.193,2.15806915,41.38208853
427714.159,4585334.953,2.13393052,41.41446946
427714.159,4585334.953,2.13393052,41.41446946
431740.056,4584265.345,2.18221875,41.40518806
431740.056,4584265.345,2.18221875,41.40518806
427099.638,4584090.753,2.12672817,41.40320795
427099.638,4584090.753,2.12672817,41.40320795
430277.162,4582833.019,2.1648836,41.39216196
430277.162,4582833.019,2.1648836,41.39216196
429645.667,4584940.868,2.15708563,41.41109158
429645.667,4584940.868,2.15708563,41.41109158
427645.02,4581636.846,2.13354547,41.38115587
429492.219,4585926.369,2.15513489,41.41995417
429492.219,4585926.369,2.15513489,41.41995417
430557.688,4582525.424,2.16827407,41.38941583
430557.688,4582525.424,2.16827407,41.38941583
430557.688,4582525.424,2.16827407,41.38941583
430993.727,4580287.979,2.17374392,41.36930134
430993.727,4580287.979,2.17374392,41.36930134
430993.727,4580287.979,2.17374392,41.36930134
425483.613,4582534.732,2.10758858,41.38904535
425483.613,4582534.732,2.10758858,41.38904535
428167.983,4583468.956,2.1395818,41.39770388
428167.983,4583468.956,2.1395818,41.39770388
431522.793,4588611.768,2.17912717,41.44431634
431522.793,4588611.768,2.17912717,41.44431634
431089.062,4584377.386,2.17441831,41.40614161
431089.062,4584377.386,2.17441831,41.40614161
431089.062,4584377.386,2.17441831,41.40614161
428879.489,4581838.147,2.14828391,41.38307905
428879.489,4581838.147,2.14828391,41.38307905
431643.496,4582480.41,2.18126525,41.38910346
431643.496,4582480.41,2.18126525,41.38910346
429905.301,4582641.964,2.16045815,41.39040885
434134.782,4585450.249,2.21073735,41.41606009
434134.782,4585450.249,2.21073735,41.41606009
431837.481,4585501.876,2.18324485,41.41633339
431837.481,4585501.876,2.18324485,41.41633339
429220.555,4582938.214,2.15223398,41.39301707
429220.555,4582938.214,2.15223398,41.39301707
429249.541,4584681.623,2.1523768,41.40872187
429249.541,4584681.623,2.1523768,41.40872187
429380.035,4585200.099,2.15387739,41.41340308
430268.318,4581122.563,2.16497479,41.37675564
430268.318,4581122.563,2.16497479,41.37675564
425650.847,4581916.119,2.10966458,41.38348926
425650.847,4581916.119,2.10966458,41.38348926
425650.847,4581916.119,2.10966458,41.38348926
427668.15,4585388.23,2.13337368,41.41494516
427668.15,4585388.23,2.13337368,41.41494516
431242.622,4580854.666,2.17665545,41.37442665
431242.622,4580854.666,2.17665545,41.37442665
431634.466,4585959.042,2.18076411,41.42043368
431634.466,4585959.042,2.18076411,41.42043368
430786.778,4582752.657,2.17098797,41.3914822
430786.778,4582752.657,2.17098797,41.3914822
430786.778,4582752.657,2.17098797,41.3914822
427864.644,4578639.201,2.13652857,41.35417686
427864.644,4578639.201,2.13652857,41.35417686
433293.163,4588028.528,2.2003829,41.43921242
429663.73,4584912.262,2.15730505,41.41083552
429663.73,4584912.262,2.15730505,41.41083552
431361.55,4586566.022,2.17742959,41.42587726
431361.55,4586566.022,2.17742959,41.42587726
429599.044,4581661.312,2.15690935,41.38154968
429599.044,4581661.312,2.15690935,41.38154968
430134.592,4583421.81,2.16311045,41.39745262
430134.592,4583421.81,2.16311045,41.39745262
428499.732,4582666.131,2.14364477,41.39050273
428499.732,4582666.131,2.14364477,41.39050273
427971.186,4579992.747,2.13764129,41.36637733
427971.186,4579992.747,2.13764129,41.36637733
430634.284,4579558.391,2.16952987,41.36269923
430634.284,4579558.391,2.16952987,41.36269923
430634.284,4579558.391,2.16952987,41.36269923
428492.614,4582751.299,2.14354958,41.39126917
428492.614,4582751.299,2.14354958,41.39126917
428492.614,4582751.299,2.14354958,41.39126917
428441.278,4586554.861,2.14248559,41.42552177
428441.278,4586554.861,2.14248559,41.42552177
431796.47,4584859.291,2.18282664,41.41054234
432352.302,4581878.927,2.18980964,41.38374602
432352.302,4581878.927,2.18980964,41.38374602
431707.868,4585529.187,2.18169097,41.41656836
431707.868,4585529.187,2.18169097,41.41656836
427394.621,4581507.579,2.13056665,41.37996904
427394.621,4581507.579,2.13056665,41.37996904
430707.546,4582361.145,2.17008515,41.38794915
427725.906,4583693.716,2.13426716,41.39968857
427725.906,4583693.716,2.13426716,41.39968857
433194.905,4584296.392,2.19961938,41.40558998
433194.905,4584296.392,2.19961938,41.40558998
433194.905,4584296.392,2.19961938,41.40558998
429784.76,4583454.383,2.15892223,41.39771551
433392.888,4586724.408,2.20172032,41.42747489
428440.032,4582350.835,2.14296803,41.38765766
428440.032,4582350.835,2.14296803,41.38765766
429829.376,4581777.702,2.15965025,41.3826181
429829.376,4581777.702,2.15965025,41.3826181
431117.078,4580639.186,2.17517881,41.37247514
431117.078,4580639.186,2.17517881,41.37247514
431809.736,4583714.489,2.18311441,41.40023258
428499.732,4582666.131,2.14364477,41.39050273
428499.732,4582666.131,2.14364477,41.39050273
428499.732,4582666.131,2.14364477,41.39050273
426776.568,4580944.143,2.12324411,41.37483836
426776.568,4580944.143,2.12324411,41.37483836
426776.568,4580944.143,2.12324411,41.37483836
425356.413,4584075.181,2.10587733,41.40290766
431686.606,4584414.63,2.18156249,41.40652808
431686.606,4584414.63,2.18156249,41.40652808
431369.306,4584838.671,2.1777185,41.41032024
432548.038,4586318.952,2.19165535,41.42375254
432548.038,4586318.952,2.19165535,41.42375254
430557.688,4582525.424,2.16827407,41.38941583
430557.688,4582525.424,2.16827407,41.38941583
430557.688,4582525.424,2.16827407,41.38941583
434869.95,4585334.519,2.21954601,41.41507769
434869.95,4585334.519,2.21954601,41.41507769
434869.95,4585334.519,2.21954601,41.41507769
427344.865,4582569.218,2.12984429,41.38952632
427344.865,4582569.218,2.12984429,41.38952632
425650.847,4581916.119,2.10966458,41.38348926
425650.847,4581916.119,2.10966458,41.38348926
427269.906,4581441.242,2.12908328,41.3793603
427269.906,4581441.242,2.12908328,41.3793603
431537.812,4588717.161,2.179295,41.44526685
431537.812,4588717.161,2.179295,41.44526685
431501.829,4584422.287,2.17935112,41.40658132
431501.829,4584422.287,2.17935112,41.40658132
431379.757,4583943.124,2.17794514,41.40225523
431379.757,4583943.124,2.17794514,41.40225523
433081.865,4584996.687,2.19818961,41.41188794
433081.865,4584996.687,2.19818961,41.41188794
429801.777,4585589.667,2.15887797,41.41694874
429801.777,4585589.667,2.15887797,41.41694874
431462.021,4583446.808,2.17898541,41.39779207
431462.021,4583446.808,2.17898541,41.39779207
431130.133,4583767.925,2.17497903,41.4006559
431130.133,4583767.925,2.17497903,41.4006559
432103.023,4585021.558,2.18647594,41.4120298
432103.023,4585021.558,2.18647594,41.4120298
432140.913,4582865.551,2.18717109,41.39261447
432140.913,4582865.551,2.18717109,41.39261447
432140.913,4582865.551,2.18717109,41.39261447
428867.718,4583410.978,2.14795834,41.39724394
428867.718,4583410.978,2.14795834,41.39724394
434203.925,4584173.261,2.21170358,41.40456424
434203.925,4584173.261,2.21170358,41.40456424
429355.758,4582115.684,2.15394705,41.38562071
429355.758,4582115.684,2.15394705,41.38562071
429062.848,4584178.653,2.15020232,41.40417535
429062.848,4584178.653,2.15020232,41.40417535
428775.137,4581196.231,2.14711149,41.37728829
428775.137,4581196.231,2.14711149,41.37728829
431213.914,4580892.215,2.17630792,41.37476239
431213.914,4580892.215,2.17630792,41.37476239
431213.914,4580892.215,2.17630792,41.37476239
433398.323,4584737.468,2.20200428,41.40957953
433398.323,4584737.468,2.20200428,41.40957953
428713.163,4583049.362,2.14615227,41.3939733
428713.163,4583049.362,2.14615227,41.3939733
428523.771,4586830.802,2.14344009,41.4280144
428523.771,4586830.802,2.14344009,41.4280144
428523.771,4586830.802,2.14344009,41.4280144
428523.771,4586830.802,2.14344009,41.4280144
430512.159,4581814.858,2.16781109,41.38301204
430512.159,4581814.858,2.16781109,41.38301204
429136.589,4587872.793,2.15065135,41.43745351
429136.589,4587872.793,2.15065135,41.43745351
426822.091,4583004.769,2.12353941,41.39340173
431530.101,4582681.04,2.17988637,41.39090083
431530.101,4582681.04,2.17988637,41.39090083
431457.598,4586212.433,2.17861905,41.42270081
431457.598,4586212.433,2.17861905,41.42270081
427991.651,4579511.31,2.13794315,41.36204304
427991.651,4579511.31,2.13794315,41.36204304
434078.332,4585946.199,2.21000786,41.42052235
434078.332,4585946.199,2.21000786,41.42052235
430807.154,4583867.73,2.17110417,41.40152707
429187.031,4583688.119,2.15174526,41.39976824
429187.031,4583688.119,2.15174526,41.39976824
429930.96,4581144.612,2.16093828,41.37692491
429930.96,4581144.612,2.16093828,41.37692491
433270.19,4585949.28,2.20033759,41.42048334
433270.19,4585949.28,2.20033759,41.42048334
430864.699,4584365.299,2.17173566,41.40601347
430864.699,4584365.299,2.17173566,41.40601347
428473.451,4583594.921,2.1432207,41.39886565
431076.53,4583033.397,2.17442149,41.39403565
431076.53,4583033.397,2.17442149,41.39403565
433473.504,4588945.789,2.20244034,41.44748887
433473.504,4588945.789,2.20244034,41.44748887
431100.418,4583134.621,2.17469568,41.39494939
431100.418,4583134.621,2.17469568,41.39494939
428875.474,4581460.323,2.14828026,41.37967576
428875.474,4581460.323,2.14828026,41.37967576
427583.384,4582648.238,2.13268747,41.39025954
427583.384,4582648.238,2.13268747,41.39025954
427583.384,4582648.238,2.13268747,41.39025954
431292.13,4580896.397,2.17724269,41.37480675
431292.13,4580896.397,2.17724269,41.37480675
429515.766,4584258.664,2.15561102,41.40493584
429515.766,4584258.664,2.15561102,41.40493584
431369.711,4583900.935,2.17782974,41.40187439
431369.711,4583900.935,2.17782974,41.40187439
431875.944,4583554.67,2.18392436,41.39879875
431875.944,4583554.67,2.18392436,41.39879875
432907.87,4582098.308,2.1964293,41.38576848
432907.87,4582098.308,2.1964293,41.38576848
429057.546,4583097.677,2.15026563,41.39443893
429057.546,4583097.677,2.15026563,41.39443893
429128.42,4580567.282,2.15140946,41.37165477
429128.42,4580567.282,2.15140946,41.37165477
429128.42,4580567.282,2.15140946,41.37165477
431273.075,4584744.549,2.17657793,41.40946429
431273.075,4584744.549,2.17657793,41.40946429
431648.432,4583591.24,2.18119883,41.39910881
431648.432,4583591.24,2.18119883,41.39910881
431558.693,4582921.934,2.1802011,41.39307293
431558.693,4582921.934,2.1802011,41.39307293
429427.637,4581227.604,2.15491013,41.37762838
429427.637,4581227.604,2.15491013,41.37762838
429011.507,4581051.644,2.14995483,41.37600694
429011.507,4581051.644,2.14995483,41.37600694
429011.507,4581051.644,2.14995483,41.37600694
430228.01,4584092.678,2.16415049,41.40350303
430228.01,4584092.678,2.16415049,41.40350303
430228.01,4584092.678,2.16415049,41.40350303
428009.068,4584050.369,2.1376118,41.40292622
428009.068,4584050.369,2.1376118,41.40292622
429621.915,4584689.007,2.15683078,41.40882108
429621.915,4584689.007,2.15683078,41.40882108
429621.915,4584689.007,2.15683078,41.40882108
434131.962,4583677.306,2.21089671,41.40009139
434131.962,4583677.306,2.21089671,41.40009139
427732.536,4582023.02,2.13454592,41.38464186
427732.536,4582023.02,2.13454592,41.38464186
434680.501,4584664.589,2.21735167,41.40902841
434680.501,4584664.589,2.21735167,41.40902841
434680.501,4584664.589,2.21735167,41.40902841
430696.791,4583995.828,2.16976933,41.4026713
430696.791,4583995.828,2.16976933,41.4026713
430696.791,4583995.828,2.16976933,41.4026713
433443.302,4582903.439,2.20274414,41.39306461
433443.302,4582903.439,2.20274414,41.39306461
432278.98,4585369.429,2.18854214,41.41517783
428805.386,4580812.36,2.1475183,41.37383357
428805.386,4580812.36,2.1475183,41.37383357
429679.921,4582226.568,2.15781086,41.38664783
429679.921,4582226.568,2.15781086,41.38664783
429679.921,4582226.568,2.15781086,41.38664783
428100.997,4582507.88,2.13889473,41.38904185
428100.997,4582507.88,2.13889473,41.38904185
429068.511,4581836.059,2.15054459,41.38307694
429068.511,4581836.059,2.15054459,41.38307694
433921.819,4583636.674,2.20838743,41.39970818
433921.819,4583636.674,2.20838743,41.39970818
431897.575,4586858.696,2.18381098,41.42855892
431897.575,4586858.696,2.18381098,41.42855892
428270.55,4584213.391,2.14072038,41.40441788
428270.55,4584213.391,2.14072038,41.40441788
431572.039,4584302.496,2.18020461,41.40550838
431572.039,4584302.496,2.18020461,41.40550838
431572.039,4584302.496,2.18020461,41.40550838
425253.195,4585248.848,2.10449759,41.41346871
425253.195,4585248.848,2.10449759,41.41346871
428389.44,4586359.406,2.14188843,41.42375677
428389.44,4586359.406,2.14188843,41.42375677
428389.44,4586359.406,2.14188843,41.42375677
428389.44,4586359.406,2.14188843,41.42375677
428389.44,4586359.406,2.14188843,41.42375677
427605.517,4583482.641,2.13285237,41.39777667
427605.517,4583482.641,2.13285237,41.39777667
433654.812,4584414.199,2.20510828,41.40668915
433654.812,4584414.199,2.20510828,41.40668915
433654.812,4584414.199,2.20510828,41.40668915
430521.692,4585050.339,2.16755362,41.4121538
430521.692,4585050.339,2.16755362,41.4121538
430521.692,4585050.339,2.16755362,41.4121538
430786.526,4585244.587,2.17069986,41.41392619
430786.526,4585244.587,2.17069986,41.41392619
428406.31,4582846.689,2.1425061,41.39212063
428406.31,4582846.689,2.1425061,41.39212063
425910.221,4583445.835,2.1125791,41.39729068
425910.221,4583445.835,2.1125791,41.39729068
425910.221,4583445.835,2.1125791,41.39729068
425910.221,4583445.835,2.1125791,41.39729068
430207.078,4584661.689,2.16383444,41.4086261
430207.078,4584661.689,2.16383444,41.4086261
431303.334,4583219.285,2.17711312,41.3957293
431303.334,4583219.285,2.17711312,41.3957293
427637.312,4583325.785,2.13325143,41.39636679
427637.312,4583325.785,2.13325143,41.39636679
432646.782,4584550.484,2.19303396,41.40783275
432646.782,4584550.484,2.19303396,41.40783275
430205.32,4584287.27,2.16385661,41.40525368
430205.32,4584287.27,2.16385661,41.40525368
431875.786,4587268.056,2.18350407,41.43224404
431875.786,4587268.056,2.18350407,41.43224404
431581.904,4585421.541,2.18019601,41.4155881
431581.904,4585421.541,2.18019601,41.4155881
428970.849,4581553.162,2.14940987,41.38052036
428970.849,4581553.162,2.14940987,41.38052036
432757.884,4585350.775,2.19427411,41.41505005
432757.884,4585350.775,2.19427411,41.41505005
428969.475,4586081.339,2.14886185,41.42130385
428969.475,4586081.339,2.14886185,41.42130385
428610.529,4587028.482,2.14445496,41.42980254
428610.529,4587028.482,2.14445496,41.42980254
428610.529,4587028.482,2.14445496,41.42980254
428610.529,4587028.482,2.14445496,41.42980254
431064.669,4590487.61,2.17342919,41.46117207
431064.669,4590487.61,2.17342919,41.46117207
431167.042,4583702.846,2.17542793,41.40007292
431167.042,4583702.846,2.17542793,41.40007292
434078.332,4585946.199,2.21000786,41.42052235
434078.332,4585946.199,2.21000786,41.42052235
432493.236,4588836.334,2.19071823,41.44642116
432493.236,4588836.334,2.19071823,41.44642116
427986.184,4583390.514,2.13741659,41.39698112
427986.184,4583390.514,2.13741659,41.39698112
428675.405,4581275.466,2.14590961,41.3779931
428675.405,4581275.466,2.14590961,41.3779931
428675.405,4581275.466,2.14590961,41.3779931
429641.798,4582396.806,2.15733515,41.38817777
429641.798,4582396.806,2.15733515,41.38817777
433610.198,4586123.71,2.20438684,41.42208257
433610.198,4586123.71,2.20438684,41.42208257
430018.615,4582204.719,2.16186392,41.38648059
430018.615,4582204.719,2.16186392,41.38648059
430018.615,4582204.719,2.16186392,41.38648059
430018.615,4582204.719,2.16186392,41.38648059
430018.615,4582204.719,2.16186392,41.38648059
430018.615,4582204.719,2.16186392,41.38648059
430018.615,4582204.719,2.16186392,41.38648059
430018.615,4582204.719,2.16186392,41.38648059
430018.615,4582204.719,2.16186392,41.38648059
430018.615,4582204.719,2.16186392,41.38648059
430452.149,4582422.954,2.16702361,41.38848379
430452.149,4582422.954,2.16702361,41.38848379
428614.303,4582926.603,2.14498432,41.39285888
428614.303,4582926.603,2.14498432,41.39285888
428042.571,4585241.971,2.1378708,41.41366149
428042.571,4585241.971,2.1378708,41.41366149
431023.967,4585870.036,2.17346933,41.41957982
431023.967,4585870.036,2.17346933,41.41957982
432405.378,4583010.308,2.19031805,41.39394053
432405.378,4583010.308,2.19031805,41.39394053
429139.56,4579303.271,2.15169043,41.3602712
429139.56,4579303.271,2.15169043,41.3602712
433880.302,4583804.096,2.20787251,41.40121269
433880.302,4583804.096,2.20787251,41.40121269
432835.77,4585366.762,2.19520422,41.41520056
432835.77,4585366.762,2.19520422,41.41520056
432835.77,4585366.762,2.19520422,41.41520056
427640.499,4579673.377,2.13372588,41.36347121
427640.499,4579673.377,2.13372588,41.36347121
427910.654,4582804.319,2.13658299,41.39169472
427910.654,4582804.319,2.13658299,41.39169472
430880.868,4583424.288,2.1720366,41.39753948
430880.868,4583424.288,2.1720366,41.39753948
432115.469,4581735.281,2.1869935,41.38243228
432115.469,4581735.281,2.1869935,41.38243228
429137.17,4584625.309,2.15103906,41.40820477
429137.17,4584625.309,2.15103906,41.40820477
433412.634,4589022.788,2.20170319,41.44817732
427225.119,4581539.793,2.12853588,41.38024386
427225.119,4581539.793,2.12853588,41.38024386
431275.837,4583019.166,2.17680695,41.39392453
431275.837,4583019.166,2.17680695,41.39392453
431275.837,4583019.166,2.17680695,41.39392453
433463.492,4588727.91,2.2023445,41.44552567
430361.272,4588243.807,2.16526633,41.44090228
430361.272,4588243.807,2.16526633,41.44090228
429052.478,4584095.895,2.15008797,41.40342907
429052.478,4584095.895,2.15008797,41.40342907
427253.124,4582427.169,2.12876417,41.38823865
427253.124,4582427.169,2.12876417,41.38823865
431340.589,4584047.152,2.17746479,41.40318883
431340.589,4584047.152,2.17746479,41.40318883
431340.589,4584047.152,2.17746479,41.40318883
430122.62,4583622.767,2.16294404,41.39926154
430122.62,4583622.767,2.16294404,41.39926154
433372.349,4585277.855,2.20163399,41.4144445
433372.349,4585277.855,2.20163399,41.4144445
428885.894,4582593.132,2.14827183,41.38987951
428885.894,4582593.132,2.14827183,41.38987951
427605.517,4583482.641,2.13285237,41.39777667
427605.517,4583482.641,2.13285237,41.39777667
432318.118,4580940.496,2.1895057,41.37529092
430987.104,4588550.726,2.172722,41.44372066
430987.104,4588550.726,2.172722,41.44372066
430987.104,4588550.726,2.172722,41.44372066
433954.806,4585919.592,2.2085327,41.42027255
433954.806,4585919.592,2.2085327,41.42027255
433954.806,4585919.592,2.2085327,41.42027255
429546.37,4582303.612,2.15620472,41.38733005
429546.37,4582303.612,2.15620472,41.38733005
429546.37,4582303.612,2.15620472,41.38733005
428045.091,4585465.581,2.13787434,41.41567568
428045.091,4585465.581,2.13787434,41.41567568
428045.091,4585465.581,2.13787434,41.41567568
430437.522,4584129.476,2.16665253,41.40385262
430437.522,4584129.476,2.16665253,41.40385262
430704.853,4588448.47,2.16935525,41.44277535
430704.853,4588448.47,2.16935525,41.44277535
426395.364,4582680.978,2.11847496,41.39044652
426395.364,4582680.978,2.11847496,41.39044652
429578.297,4586995.747,2.15604022,41.42959319
429578.297,4586995.747,2.15604022,41.42959319
430017.054,4583072.984,2.16174488,41.39430064
430017.054,4583072.984,2.16174488,41.39430064
429606.659,4583222.326,2.1568189,41.39560987
429606.659,4583222.326,2.1568189,41.39560987
430155.92,4582713.394,2.1634473,41.39107401
429257.366,4581833.721,2.1528033,41.38307252
429257.366,4581833.721,2.1528033,41.38307252
428549.796,4578010.594,2.14479243,41.3485763
430293.139,4583436.567,2.16500517,41.3975993
430293.139,4583436.567,2.16500517,41.3975993
429297.546,4587896.727,2.15257497,41.43768327
428384.01,4582806.7,2.14224411,41.39175848
428384.01,4582806.7,2.14224411,41.39175848
427684.141,4579230.815,2.13430041,41.35948913
428373.45,4586366.573,2.14169625,41.42381989
428373.45,4586366.573,2.14169625,41.42381989
431545.262,4583698.059,2.17995267,41.40006212
431545.262,4583698.059,2.17995267,41.40006212
430880.868,4583424.288,2.1720366,41.39753948
430880.868,4583424.288,2.1720366,41.39753948
426280.46,4583667.28,2.1169806,41.39931918
426280.46,4583667.28,2.1169806,41.39931918
426280.46,4583667.28,2.1169806,41.39931918
426693.347,4576336.593,2.12280595,41.33333223
426693.347,4576336.593,2.12280595,41.33333223
433559.898,4584512.335,2.20396202,41.40756519
433559.898,4584512.335,2.20396202,41.40756519
430432.27,4585343.191,2.16645009,41.41478368
430432.27,4585343.191,2.16645009,41.41478368
428580.685,4585066.326,2.14432965,41.41212756
428580.685,4585066.326,2.14432965,41.41212756
428580.685,4585066.326,2.14432965,41.41212756
432262.208,4589063.054,2.1879273,41.44844367
432262.208,4589063.054,2.1879273,41.44844367
430445.184,4582380.135,2.16694523,41.38809753
431470.446,4584031.576,2.17901995,41.40305962
431470.446,4584031.576,2.17901995,41.40305962
428889.044,4582784.581,2.14828701,41.39160409
428889.044,4582784.581,2.14828701,41.39160409
428443.009,4582915.924,2.14293684,41.39274747
428443.009,4582915.924,2.14293684,41.39274747
431246.499,4583153.045,2.17644084,41.39512783
431246.499,4583153.045,2.17644084,41.39512783
431246.499,4583153.045,2.17644084,41.39512783
431246.499,4583153.045,2.17644084,41.39512783
430918.174,4585678.337,2.17222538,41.41784416
430918.174,4585678.337,2.17222538,41.41784416
430918.174,4585678.337,2.17222538,41.41784416
429591.621,4580983.98,2.1568993,41.37544851
429591.621,4580983.98,2.1568993,41.37544851
430431.39,4580354.986,2.16701286,41.36985641
430431.39,4580354.986,2.16701286,41.36985641
430028.144,4583341.238,2.16184651,41.39671768
430028.144,4583341.238,2.16184651,41.39671768
429152.456,4584634.319,2.15122088,41.40828727
429152.456,4584634.319,2.15122088,41.40828727
429885.481,4588089.588,2.15958938,41.43947186
429885.481,4588089.588,2.15958938,41.43947186
429748.588,4584574.259,2.15835953,41.40779868
431287.811,4584713.784,2.17675771,41.40918846
431287.811,4584713.784,2.17675771,41.40918846
431287.811,4584713.784,2.17675771,41.40918846
430456.123,4582987.386,2.16700629,41.39356779
430456.123,4582987.386,2.16700629,41.39356779
430456.123,4582987.386,2.16700629,41.39356779
430557.688,4582525.424,2.16827407,41.38941583
430557.688,4582525.424,2.16827407,41.38941583
427714.629,4582690.845,2.13425204,41.3906551
427714.629,4582690.845,2.13425204,41.3906551
427714.629,4582690.845,2.13425204,41.3906551
428418.543,4580468.714,2.14293346,41.37070414
428418.543,4580468.714,2.14293346,41.37070414
429662.62,4584955.102,2.15728679,41.41122127
429662.62,4584955.102,2.15728679,41.41122127
428995.535,4582717.696,2.14956851,41.3910111
428995.535,4582717.696,2.14956851,41.3910111
428005.458,4582013.964,2.13781084,41.38458478
428005.458,4582013.964,2.13781084,41.38458478
430616.043,4588521.886,2.16828379,41.44342891
430780.986,4582951.227,2.17089598,41.39327017
430780.986,4582951.227,2.17089598,41.39327017
431797.042,4582391.785,2.18311162,41.38831828
431797.042,4582391.785,2.18311162,41.38831828
430674.983,4580319.431,2.16992938,41.36955721
435101.752,4584913.961,2.22236458,41.41130859
435101.752,4584913.961,2.22236458,41.41130859
426801.389,4582725.741,2.12332555,41.39088676
426801.389,4582725.741,2.12332555,41.39088676
429312.018,4583541.861,2.1532574,41.39846196
430662.516,4584319.898,2.16932218,41.40558714
430662.516,4584319.898,2.16932218,41.40558714
428771.364,4584915.839,2.14662864,41.41078911
428771.364,4584915.839,2.14662864,41.41078911
429551.991,4580933.229,2.15643135,41.37498794
429551.991,4580933.229,2.15643135,41.37498794
429551.991,4580933.229,2.15643135,41.37498794
432552.729,4586467.368,2.19169493,41.42508967
432552.729,4586467.368,2.19169493,41.42508967
429430.093,4583191.251,2.15471064,41.39531451
429430.093,4583191.251,2.15471064,41.39531451
434594.375,4584893.875,2.2162965,41.41108652
434594.375,4584893.875,2.2162965,41.41108652
425670.18,4583010.817,2.10976139,41.39335051
425670.18,4583010.817,2.10976139,41.39335051
425670.18,4583010.817,2.10976139,41.39335051
431607.292,4581503.156,2.18094263,41.38029852
431607.292,4581503.156,2.18094263,41.38029852
429819.222,4588109.769,2.15879398,41.43964784
429819.222,4588109.769,2.15879398,41.43964784
429819.222,4588109.769,2.15879398,41.43964784
426628.801,4586340.204,2.12082297,41.42342487
426628.801,4586340.204,2.12082297,41.42342487
429731.19,4581680.879,2.15848732,41.38173747
429731.19,4581680.879,2.15848732,41.38173747
429731.19,4581680.879,2.15848732,41.38173747
430452.149,4582422.954,2.16702361,41.38848379
430452.149,4582422.954,2.16702361,41.38848379
427071.011,4581013.997,2.12675636,41.37549426
427071.011,4581013.997,2.12675636,41.37549426
433620.077,4587890.987,2.20431087,41.43800074
433620.077,4587890.987,2.20431087,41.43800074
427091.961,4582162.837,2.12686856,41.38584331
427091.961,4582162.837,2.12686856,41.38584331
432072.542,4589330.987,2.18562671,41.45084081
432080.959,4589299.138,2.18573104,41.45055467
432080.959,4589299.138,2.18573104,41.45055467
432080.959,4589299.138,2.18573104,41.45055467
432080.959,4589299.138,2.18573104,41.45055467
432080.959,4589299.138,2.18573104,41.45055467
432080.959,4589299.138,2.18573104,41.45055467
430864.699,4584365.299,2.17173566,41.40601347
430864.699,4584365.299,2.17173566,41.40601347
430864.699,4584365.299,2.17173566,41.40601347
430605.513,4582330.163,2.16886842,41.3876613
430605.513,4582330.163,2.16886842,41.3876613
431553.841,4583500.417,2.18007765,41.39828275
431553.841,4583500.417,2.18007765,41.39828275
431553.841,4583500.417,2.18007765,41.39828275
432116.198,4582922.608,2.18686909,41.39312628
432116.198,4582922.608,2.18686909,41.39312628
433363.251,4582786.072,2.20179961,41.39200089
433363.251,4582786.072,2.20179961,41.39200089
427702.087,4579636.546,2.13446656,41.36314502
427702.087,4579636.546,2.13446656,41.36314502
427067.422,4582366.306,2.1265506,41.38767365
427067.422,4582366.306,2.1265506,41.38767365
428593.142,4582856.084,2.14473954,41.39222186
428593.142,4582856.084,2.14473954,41.39222186
432327.938,4585764.307,2.1890837,41.4187385
432327.938,4585764.307,2.1890837,41.4187385
434039.867,4585166.586,2.20963266,41.41349741
434039.867,4585166.586,2.20963266,41.41349741
433559.108,4584317.776,2.20397395,41.40581279
433559.108,4584317.776,2.20397395,41.40581279
433559.108,4584317.776,2.20397395,41.40581279
428915.662,4578173.613,2.14914626,41.35007695
429165.187,4581164.972,2.15177918,41.3770412
429165.187,4581164.972,2.15177918,41.3770412
429165.187,4581164.972,2.15177918,41.3770412
431070.701,4583423.604,2.17430733,41.39754962
431070.701,4583423.604,2.17430733,41.39754962
425915.079,4584736.45,2.11247917,41.4089151
425915.079,4584736.45,2.11247917,41.4089151
429735.285,4582301.519,2.15846428,41.38732773
429735.285,4582301.519,2.15846428,41.38732773
430420.209,4583514.234,2.16651617,41.39830984
428614.303,4582926.603,2.14498432,41.39285888
428614.303,4582926.603,2.14498432,41.39285888
435033.445,4584725.51,2.2215676,41.40960573
435033.445,4584725.51,2.2215676,41.40960573
435033.445,4584725.51,2.2215676,41.40960573
431141.525,4581056.298,2.1754237,41.37623405
431141.525,4581056.298,2.1754237,41.37623405
427954.947,4582701.104,2.13712502,41.39076907
427954.947,4582701.104,2.13712502,41.39076907
428804.733,4586082.36,2.14689049,41.42129846
428804.733,4586082.36,2.14689049,41.42129846
428804.733,4586082.36,2.14689049,41.42129846
428804.733,4586082.36,2.14689049,41.42129846
429758.692,4580088.604,2.15900081,41.36739874
429758.692,4580088.604,2.15900081,41.36739874
433156.123,4587610.511,2.19878892,41.43543607
433156.123,4587610.511,2.19878892,41.43543607
429382.371,4586268.453,2.15378054,41.42302553
429382.371,4586268.453,2.15378054,41.42302553
431280.631,4585721.104,2.17655733,41.41826045
431280.631,4585721.104,2.17655733,41.41826045
426268.304,4582116.216,2.11702412,41.38534831
426268.304,4582116.216,2.11702412,41.38534831
430119.387,4582656.982,2.16301688,41.39056275
430119.387,4582656.982,2.16301688,41.39056275
430119.387,4582656.982,2.16301688,41.39056275
430119.387,4582656.982,2.16301688,41.39056275
427857.176,4579829.6,2.13629766,41.36489771
429042.337,4583824.885,2.14999845,41.40098728
429042.337,4583824.885,2.14999845,41.40098728
429621.927,4584921.142,2.1568039,41.41091185
429621.927,4584921.142,2.1568039,41.41091185
434220.181,4586088.061,2.21168973,41.42181169
430800.01,4581073.327,2.17133812,41.37635811
430800.01,4581073.327,2.17133812,41.37635811
430696.42,4579682.667,2.17025849,41.36382389
430696.42,4579682.667,2.17025849,41.36382389
429331.946,4580959.166,2.15379721,41.37520225
429331.946,4580959.166,2.15379721,41.37520225
427327,4581120.029,2.12980454,41.37647242
427327,4581120.029,2.12980454,41.37647242
427327,4581120.029,2.12980454,41.37647242
430326.815,4582681.305,2.16549492,41.39079983
430326.815,4582681.305,2.16549492,41.39079983
429039.411,4586013.52,2.14970664,41.42069922
428424.284,4581928.789,2.14282959,41.38385504
428424.284,4581928.789,2.14282959,41.38385504
426997.086,4583262.795,2.12560131,41.39574157
426997.086,4583262.795,2.12560131,41.39574157
427451.663,4581082.263,2.1312997,41.37614353
426632.479,4583847.577,2.12116941,41.40097526
431740.527,4582375.11,2.18243759,41.3881633
431740.527,4582375.11,2.18243759,41.3881633
428885.164,4584339.05,2.14805793,41.40560428
428885.164,4584339.05,2.14805793,41.40560428
430838.81,4581811.793,2.17171775,41.38301261
428214.269,4585862.75,2.13985132,41.41926796
428214.269,4585862.75,2.13985132,41.41926796
431173.577,4581367.583,2.1757716,41.37904045
431130.892,4581327.879,2.17526568,41.3786792
431130.892,4581327.879,2.17526568,41.3786792
427295.819,4585640.065,2.12888868,41.4171797
427295.819,4585640.065,2.12888868,41.4171797
432140.244,4585237.317,2.18689705,41.41397623
432140.244,4585237.317,2.18689705,41.41397623
432770.756,4589514.494,2.19396469,41.45255242
432770.756,4589514.494,2.19396469,41.45255242
428333.995,4581417.714,2.14181032,41.37924393
428333.995,4581417.714,2.14181032,41.37924393
429413.194,4587915.039,2.15395699,41.43785837
430840.381,4581036.021,2.17182512,41.37602558
431214.086,4585366.03,2.17580151,41.41505672
428866.53,4581079.658,2.14821801,41.37624645
428866.53,4581079.658,2.14821801,41.37624645
427810.234,4583925.16,2.13524825,41.40178068
427810.234,4583925.16,2.13524825,41.40178068
427810.234,4583925.16,2.13524825,41.40178068
431750.929,4588553.494,2.18186453,41.44381092
429595.667,4578423.701,2.15724505,41.35238919
429595.667,4578423.701,2.15724505,41.35238919
429595.667,4578423.701,2.15724505,41.35238919
429595.667,4578423.701,2.15724505,41.35238919
429595.667,4578423.701,2.15724505,41.35238919
426485.152,4583183.797,2.11948774,41.39498341
432036.474,4588344.981,2.18530594,41.44195716
432036.474,4588344.981,2.18530594,41.44195716
432036.474,4588344.981,2.18530594,41.44195716
432411.1,4585107.286,2.1901522,41.41282792
432411.1,4585107.286,2.1901522,41.41282792
430735.033,4583260.582,2.17031095,41.39605247
430735.033,4583260.582,2.17031095,41.39605247
428426.742,4581528.367,2.1429063,41.38024879
428426.742,4581528.367,2.1429063,41.38024879
428426.742,4581528.367,2.1429063,41.38024879
431167.042,4583702.846,2.17542793,41.40007292
431167.042,4583702.846,2.17542793,41.40007292
431167.042,4583702.846,2.17542793,41.40007292
430299.423,4584642.038,2.16494145,41.40845712
430299.423,4584642.038,2.16494145,41.40845712
431411.302,4585396.13,2.1781577,41.41534469
431411.302,4585396.13,2.1781577,41.41534469
431411.302,4585396.13,2.1781577,41.41534469
427206.997,4582445.169,2.12821035,41.38839659
427206.997,4582445.169,2.12821035,41.38839659
431192.911,4581025.01,2.1760417,41.37595665
431192.911,4581025.01,2.1760417,41.37595665
428779.582,4581367.124,2.14714454,41.37882786
428779.582,4581367.124,2.14714454,41.37882786
428779.582,4581367.124,2.14714454,41.37882786
430316.254,4580904.024,2.16557312,41.37479148
430316.254,4580904.024,2.16557312,41.37479148
430316.254,4580904.024,2.16557312,41.37479148
432649.997,4587531.091,2.19274029,41.43467845
432649.997,4587531.091,2.19274029,41.43467845
432649.997,4587531.091,2.19274029,41.43467845
429451.214,4582209.993,2.15507763,41.38647851
429451.214,4582209.993,2.15507763,41.38647851
428313.454,4585180.584,2.14111897,41.41313283
428313.454,4585180.584,2.14111897,41.41313283
428313.454,4585180.584,2.14111897,41.41313283
432602.82,4585296.584,2.19242488,41.41454898
432602.82,4585296.584,2.19242488,41.41454898
432602.82,4585296.584,2.19242488,41.41454898
430255.828,4583549.07,2.16454592,41.39860935
430255.828,4583549.07,2.16454592,41.39860935
430116.312,4582488.18,2.1629996,41.38904214
430116.312,4582488.18,2.1629996,41.38904214
427691.529,4580010.844,2.13429569,41.36651525
427691.529,4580010.844,2.13429569,41.36651525
427691.529,4580010.844,2.13429569,41.36651525
431368.04,4586251.75,2.17754294,41.42304727
431368.04,4586251.75,2.17754294,41.42304727
431748.635,4584647.264,2.18227829,41.40862862
431748.635,4584647.264,2.18227829,41.40862862
429128.42,4580567.282,2.15140946,41.37165477
429128.42,4580567.282,2.15140946,41.37165477
427681.983,4583578.125,2.13375559,41.39864354
427681.983,4583578.125,2.13375559,41.39864354
431271.734,4588188.971,2.17617015,41.44048689
431271.734,4588188.971,2.17617015,41.44048689
432803.576,4584135.145,2.19495587,41.40410504
432803.576,4584135.145,2.19495587,41.40410504
426108.404,4584160.287,2.11486234,41.40374367
426108.404,4584160.287,2.11486234,41.40374367
430085.036,4583377.323,2.16252283,41.39704764
430085.036,4583377.323,2.16252283,41.39704764
430085.036,4583377.323,2.16252283,41.39704764
427400.692,4585011.325,2.13021896,41.41152641
427400.692,4585011.325,2.13021896,41.41152641
428379.672,4585475.093,2.14187633,41.41579126
428379.672,4585475.093,2.14187633,41.41579126
428379.672,4585475.093,2.14187633,41.41579126
428602.268,4586836.146,2.14437882,41.42806951
428602.268,4586836.146,2.14437882,41.42806951
428665.553,4580710.548,2.14585832,41.3729042
428665.553,4580710.548,2.14585832,41.3729042
428339.587,4584228.963,2.14154438,41.40456429
428339.587,4584228.963,2.14154438,41.40456429
431441.046,4581014.509,2.17900994,41.37588326
427249.558,4581542.012,2.12882786,41.38026606
427249.558,4581542.012,2.12882786,41.38026606
428866.53,4581079.658,2.14821801,41.37624645
428866.53,4581079.658,2.14821801,41.37624645
428572.194,4586119.577,2.14410363,41.421613
428572.194,4586119.577,2.14410363,41.421613
428343.713,4580119.819,2.14208002,41.3675551
433411.711,4587431.347,2.20186764,41.43384364
433411.711,4587431.347,2.20186764,41.43384364
427298.937,4583803.689,2.12914672,41.40064054
427298.937,4583803.689,2.12914672,41.40064054
429683.778,4584605.512,2.15758057,41.4080745
429683.778,4584605.512,2.15758057,41.4080745
431747.871,4584301.552,2.18230815,41.40551483
431747.871,4584301.552,2.18230815,41.40551483
429369.984,4587864.493,2.15344573,41.43739932
429369.984,4587864.493,2.15344573,41.43739932
431053.918,4584890.089,2.17393944,41.41075635
431053.918,4584890.089,2.17393944,41.41075635
431053.918,4584890.089,2.17393944,41.41075635
427640.62,4578516.081,2.13386544,41.35304785
427640.62,4578516.081,2.13386544,41.35304785
430972.703,4580188.48,2.1735039,41.36840337
430972.703,4580188.48,2.1735039,41.36840337
428711.389,4587312.187,2.14562848,41.43236671
428711.389,4587312.187,2.14562848,41.43236671
428711.389,4587312.187,2.14562848,41.43236671
427517.496,4585278.823,2.13158431,41.41394619
427517.496,4585278.823,2.13158431,41.41394619
430375.83,4588042.896,2.16546374,41.43909402
431365.53,4586414.49,2.17749442,41.4245128
431365.53,4586414.49,2.17749442,41.4245128
431365.53,4586414.49,2.17749442,41.4245128
427438.781,4582009.871,2.13103454,41.38449699
427438.781,4582009.871,2.13103454,41.38449699
428782.595,4581555.767,2.1471584,41.38052718
428782.595,4581555.767,2.1471584,41.38052718
431163.321,4585591.162,2.1751685,41.41708006
428238.974,4581334.999,2.14068387,41.37849046
428238.974,4581334.999,2.14068387,41.37849046
428238.974,4581334.999,2.14068387,41.37849046
427895.243,4581105.458,2.13660095,41.37639233
427895.243,4581105.458,2.13660095,41.37639233
429354.457,4581312.417,2.15402519,41.37838584
429354.457,4581312.417,2.15402519,41.37838584
429354.457,4581312.417,2.15402519,41.37838584
430704.853,4588448.47,2.16935525,41.44277535
430704.853,4588448.47,2.16935525,41.44277535
431082.485,4582644.494,2.17453699,41.39053342
431082.485,4582644.494,2.17453699,41.39053342
431945.539,4585771.813,2.18450735,41.41877379
431945.539,4585771.813,2.18450735,41.41877379
430987.16,4582551.3,2.17340752,41.38968588
430987.16,4582551.3,2.17340752,41.38968588
428901.527,4582756.523,2.14843961,41.39135249
432139.356,4585186.754,2.18689209,41.41352075
432139.356,4585186.754,2.18689209,41.41352075
432139.356,4585186.754,2.18689209,41.41352075
426464.732,4575950.851,2.12012084,41.32983715
426464.732,4575950.851,2.12012084,41.32983715
428904.984,4581446.553,2.14863476,41.37955435
428904.984,4581446.553,2.14863476,41.37955435
431363.279,4583313.928,2.1778194,41.39658684
431363.279,4583313.928,2.1778194,41.39658684
429323.046,4583663.07,2.15337516,41.39955461
428523.771,4586830.802,2.14344009,41.4280144
428523.771,4586830.802,2.14344009,41.4280144
429201.35,4582692.703,2.15203299,41.39080414
429201.35,4582692.703,2.15203299,41.39080414
429201.35,4582692.703,2.15203299,41.39080414
429646,4586146.255,2.15694934,41.42194808
427507.799,4582621.744,2.13178666,41.39001411
427507.799,4582621.744,2.13178666,41.39001411
427875.299,4579689.314,2.13653102,41.36363583
427875.299,4579689.314,2.13653102,41.36363583
427334.3,4581216.555,2.12988025,41.37734245
427334.3,4581216.555,2.12988025,41.37734245
429699.48,4582290.779,2.15803732,41.38722787
429699.48,4582290.779,2.15803732,41.38722787
429699.48,4582290.779,2.15803732,41.38722787
431112.993,4584377.086,2.17470464,41.40614095
431112.993,4584377.086,2.17470464,41.40614095
427330.774,4582826.257,2.12964492,41.3918401
427330.774,4582826.257,2.12964492,41.3918401
427330.774,4582826.257,2.12964492,41.3918401
428346.334,4585620.628,2.14146021,41.41709906
428346.334,4585620.628,2.14146021,41.41709906
426023.814,4583237.036,2.11396333,41.39542058
426023.814,4583237.036,2.11396333,41.39542058
426023.814,4583237.036,2.11396333,41.39542058
426023.814,4583237.036,2.11396333,41.39542058
429038.156,4587812.175,2.14948037,41.43689884
429038.156,4587812.175,2.14948037,41.43689884
428425.505,4583658.825,2.14263963,41.39943694
428425.505,4583658.825,2.14263963,41.39943694
429275.068,4582007.62,2.15299469,41.38464033
429275.068,4582007.62,2.15299469,41.38464033
432119.653,4588374.504,2.18629823,41.4422301
433042.41,4582486.788,2.19799533,41.38927865
433042.41,4582486.788,2.19799533,41.38927865
433042.41,4582486.788,2.19799533,41.38927865
431620.354,4582588.674,2.18097625,41.3900766
432200.212,4581787.629,2.18800105,41.38291091
432200.212,4581787.629,2.18800105,41.38291091
432200.212,4581787.629,2.18800105,41.38291091
432200.212,4581787.629,2.18800105,41.38291091
432200.212,4581787.629,2.18800105,41.38291091
432200.212,4581787.629,2.18800105,41.38291091
431844.57,4583386.878,2.18356798,41.39728484
431844.57,4583386.878,2.18356798,41.39728484
430106.781,4580907.159,2.16306807,41.37480154
430106.781,4580907.159,2.16306807,41.37480154
425993.738,4581375.624,2.11383111,41.37865289
425404.649,4581888.602,2.1067238,41.38321863
425404.649,4581888.602,2.1067238,41.38321863
430866.47,4583476.827,2.17185837,41.39801144
430866.47,4583476.827,2.17185837,41.39801144
428907.633,4578650.157,2.14899445,41.35436833
428907.633,4578650.157,2.14899445,41.35436833
428769.74,4581177.116,2.1470492,41.37711565
428769.74,4581177.116,2.1470492,41.37711565
428203.56,4580970.812,2.14030356,41.3752072
428203.56,4580970.812,2.14030356,41.3752072
427231.663,4581394.682,2.12863157,41.37893749
427231.663,4581394.682,2.12863157,41.37893749
433242.654,4588428.796,2.1997341,41.44281331
433242.654,4588428.796,2.1997341,41.44281331
430121.355,4582099.833,2.16310473,41.38554485
430121.355,4582099.833,2.16310473,41.38554485
431003.638,4583748.248,2.17346815,41.40046783
431003.638,4583748.248,2.17346815,41.40046783
429544.563,4582114.924,2.15620507,41.38563044
429544.563,4582114.924,2.15620507,41.38563044
430053.14,4582592.287,2.16223204,41.3899743
430053.14,4582592.287,2.16223204,41.3899743
431242.622,4580854.666,2.17665545,41.37442665
431242.622,4580854.666,2.17665545,41.37442665
429549.706,4584377.857,2.15600315,41.40601234
429549.706,4584377.857,2.15600315,41.40601234
430628.279,4583156.152,2.16904604,41.39510269
430628.279,4583156.152,2.16904604,41.39510269
431284.054,4585847.272,2.17658395,41.41939709
431284.054,4585847.272,2.17658395,41.41939709
428340.477,4579517.677,2.14211251,41.36213152
428340.477,4579517.677,2.14211251,41.36213152
428340.477,4579517.677,2.14211251,41.36213152
431128.479,4583712.328,2.17496558,41.40015502
431128.479,4583712.328,2.17496558,41.40015502
431128.479,4583712.328,2.17496558,41.40015502
429001.923,4583052.429,2.14960564,41.39402648
429001.923,4583052.429,2.14960564,41.39402648
429001.923,4583052.429,2.14960564,41.39402648
433186.489,4584891.954,2.19945291,41.41095334
433186.489,4584891.954,2.19945291,41.41095334
432548.038,4586318.952,2.19165535,41.42375254
432548.038,4586318.952,2.19165535,41.42375254
432548.038,4586318.952,2.19165535,41.42375254
429767.349,4587332.858,2.15826345,41.43264597
429767.349,4587332.858,2.15826345,41.43264597
429114.201,4584586.678,2.15076881,41.40785481
429114.201,4584586.678,2.15076881,41.40785481
429114.201,4584586.678,2.15076881,41.40785481
428876.649,4583180.871,2.1480922,41.39517224
428876.649,4583180.871,2.1480922,41.39517224
429830.925,4582396.046,2.15959712,41.38818746
429830.925,4582396.046,2.15959712,41.38818746
432381.981,4588685.057,2.1894034,41.44504929
432381.981,4588685.057,2.1894034,41.44504929
432381.981,4588685.057,2.1894034,41.44504929
432381.981,4588685.057,2.1894034,41.44504929
432381.981,4588685.057,2.1894034,41.44504929
425583.706,4581366.372,2.10892921,41.37853172
425583.706,4581366.372,2.10892921,41.37853172
431463.856,4583995.646,2.17894519,41.40273545
431463.856,4583995.646,2.17894519,41.40273545
429874.232,4582063.669,2.16015355,41.38519762
429874.232,4582063.669,2.16015355,41.38519762
427647.521,4579751.263,2.13380054,41.36417334
427647.521,4579751.263,2.13380054,41.36417334
428625.521,4578279.092,2.14566592,41.3510013
428625.521,4578279.092,2.14566592,41.3510013
428860.062,4583006.33,2.14791433,41.39359874
428860.062,4583006.33,2.14791433,41.39359874
428860.062,4583006.33,2.14791433,41.39359874
433311.15,4584742.76,2.20096079,41.40961996
433311.15,4584742.76,2.20096079,41.40961996
433311.15,4584742.76,2.20096079,41.40961996
429022.455,4586612.7,2.14943338,41.42609429
429022.455,4586612.7,2.14943338,41.42609429
433476.693,4585173.828,2.20289386,41.4135162
433476.693,4585173.828,2.20289386,41.4135162
431857.279,4582523.743,2.18381718,41.3895119
431857.279,4582523.743,2.18381718,41.3895119
431857.279,4582523.743,2.18381718,41.3895119
433094.114,4589068.945,2.19788517,41.44856655
433094.114,4589068.945,2.19788517,41.44856655
430361.272,4588243.807,2.16526633,41.44090228
430361.272,4588243.807,2.16526633,41.44090228
430361.272,4588243.807,2.16526633,41.44090228
430361.272,4588243.807,2.16526633,41.44090228
431142.174,4590542.345,2.1743509,41.46167171
431142.174,4590542.345,2.1743509,41.46167171
431142.174,4590542.345,2.1743509,41.46167171
425997.887,4583703.364,2.11359619,41.3996182
425997.887,4583703.364,2.11359619,41.3996182
428802.121,4585022.751,2.14698402,41.41175475
428802.121,4585022.751,2.14698402,41.41175475
427994.282,4577969.06,2.13815771,41.34815272
428408.372,4582110.786,2.14261778,41.3854928
428408.372,4582110.786,2.14261778,41.3854928
430028.144,4583341.238,2.16184651,41.39671768
430028.144,4583341.238,2.16184651,41.39671768
428092.647,4584454.987,2.13856349,41.40657793
428092.647,4584454.987,2.13856349,41.40657793
429737.738,4581724.845,2.15856052,41.38213403
429737.738,4581724.845,2.15856052,41.38213403
428360.523,4581737.74,2.14208968,41.38212865
428360.523,4581737.74,2.14208968,41.38212865
428737.416,4578083.995,2.14702629,41.34925403
428737.416,4578083.995,2.14702629,41.34925403
429430.093,4583191.251,2.15471064,41.39531451
429430.093,4583191.251,2.15471064,41.39531451
428238.974,4581334.999,2.14068387,41.37849046
428238.974,4581334.999,2.14068387,41.37849046
430921.311,4587624.545,2.17204042,41.43537323
430422.9,4588088.04,2.16602192,41.43950469
430422.9,4588088.04,2.16602192,41.43950469
427714.854,4583654.888,2.13413961,41.39933787
427714.854,4583654.888,2.13413961,41.39933787
427807.975,4581703.229,2.13548621,41.3817684
427807.975,4581703.229,2.13548621,41.3817684
425391.943,4582224.874,2.10653042,41.38624609
425391.943,4582224.874,2.10653042,41.38624609
431275.837,4583019.166,2.17680695,41.39392453
431275.837,4583019.166,2.17680695,41.39392453
431029.304,4584306.693,2.1737115,41.40549977
431029.304,4584306.693,2.1737115,41.40549977
432277.201,4583129.086,2.18877167,41.39499955
432277.201,4583129.086,2.18877167,41.39499955
430972.098,4581122.92,2.17339021,41.37681957
430972.098,4581122.92,2.17339021,41.37681957
431317.351,4588218.926,2.17671274,41.44076059
431317.351,4588218.926,2.17671274,41.44076059
431317.351,4588218.926,2.17671274,41.44076059
427959.323,4580039.04,2.13749396,41.36679323
427959.323,4580039.04,2.13749396,41.36679323
427734.561,4583219.963,2.13442727,41.39542245
427734.561,4583219.963,2.13442727,41.39542245
427216.265,4580639.802,2.12853813,41.37213718
427216.265,4580639.802,2.12853813,41.37213718
428876.649,4583180.871,2.1480922,41.39517224
428876.649,4583180.871,2.1480922,41.39517224
428831.967,4580872.856,2.14782902,41.37438079
428831.967,4580872.856,2.14782902,41.37438079
430254.691,4584135.924,2.16446467,41.40389485
430254.691,4584135.924,2.16446467,41.40389485
433349.553,4585185.383,2.20137144,41.41360973
433349.553,4585185.383,2.20137144,41.41360973
427902.941,4583999.141,2.1363484,41.40245532
427902.941,4583999.141,2.1363484,41.40245532
429735.285,4582301.519,2.15846428,41.38732773
429735.285,4582301.519,2.15846428,41.38732773
429744.272,4581335.473,2.15868382,41.37862765
429744.272,4581335.473,2.15868382,41.37862765
429651.392,4581596.083,2.15754291,41.38096676
429651.392,4581596.083,2.15754291,41.38096676
429699.614,4581733.08,2.15810366,41.38220487
429699.614,4581733.08,2.15810366,41.38220487
426649.721,4582241.36,2.12157029,41.38651031
426649.721,4582241.36,2.12157029,41.38651031
427779.727,4579926.503,2.1353602,41.36576354
427779.727,4579926.503,2.1353602,41.36576354
428136.901,4585486.263,2.13897035,41.41587018
428136.901,4585486.263,2.13897035,41.41587018
431691.561,4590794.987,2.18090017,41.46399414
427191.097,4581776.766,2.12810056,41.38237511
427191.097,4581776.766,2.12810056,41.38237511
431246.499,4583153.045,2.17644084,41.39512783
431246.499,4583153.045,2.17644084,41.39512783
425483.613,4582534.732,2.10758858,41.38904535
425483.613,4582534.732,2.10758858,41.38904535
425483.613,4582534.732,2.10758858,41.38904535
425483.613,4582534.732,2.10758858,41.38904535
429110.304,4584714.584,2.1507072,41.40900647
429110.304,4584714.584,2.1507072,41.40900647
426784.38,4584603.635,2.12289492,41.40779859
426784.38,4584603.635,2.12289492,41.40779859
426784.38,4584603.635,2.12289492,41.40779859
426784.38,4584603.635,2.12289492,41.40779859
426784.38,4584603.635,2.12289492,41.40779859
430291.635,4588098.338,2.16444961,41.43958605
430291.635,4588098.338,2.16444961,41.43958605
430028.144,4583341.238,2.16184651,41.39671768
430028.144,4583341.238,2.16184651,41.39671768
434599.95,4584179.693,2.21644042,41.40465451
434599.95,4584179.693,2.21644042,41.40465451
428022.17,4585473.763,2.13759913,41.41574732
428022.17,4585473.763,2.13759913,41.41574732
430073.009,4582088.288,2.16252789,41.38543667
430073.009,4582088.288,2.16252789,41.38543667
426678.724,4583700.429,2.12174042,41.39965418
426678.724,4583700.429,2.12174042,41.39965418
428147.506,4581360.914,2.13958704,41.37871571
428147.506,4581360.914,2.13958704,41.37871571
431582.27,4582754.76,2.18050199,41.39156924
431582.27,4582754.76,2.18050199,41.39156924
430948.757,4582529.716,2.17295069,41.38948817
434583.118,4585010.162,2.21614925,41.41213297
434583.118,4585010.162,2.21614925,41.41213297
434583.118,4585010.162,2.21614925,41.41213297
432001.247,4588873.702,2.18482474,41.44671617
432001.247,4588873.702,2.18482474,41.44671617
426530.933,4581414.221,2.12025004,41.37904977
426530.933,4581414.221,2.12025004,41.37904977
426530.933,4581414.221,2.12025004,41.37904977
434910.71,4585214.712,2.22004658,41.41400192
434910.71,4585214.712,2.22004658,41.41400192
434910.71,4585214.712,2.22004658,41.41400192
434910.71,4585214.712,2.22004658,41.41400192
434910.71,4585214.712,2.22004658,41.41400192
434910.71,4585214.712,2.22004658,41.41400192
432438.643,4582852.264,2.19073356,41.39251988
432438.643,4582852.264,2.19073356,41.39251988
428029.779,4579819.25,2.1383624,41.36481996
428029.779,4579819.25,2.1383624,41.36481996
432752.53,4585285.364,2.19421733,41.41446046
432752.53,4585285.364,2.19421733,41.41446046
433300.973,4588091.411,2.20046943,41.43977944
433300.973,4588091.411,2.20046943,41.43977944
427158.96,4581802.783,2.12771312,41.38260652
427158.96,4581802.783,2.12771312,41.38260652
431563.435,4588806.197,2.17959162,41.44607095
431563.435,4588806.197,2.17959162,41.44607095
431563.435,4588806.197,2.17959162,41.44607095
431563.435,4588806.197,2.17959162,41.44607095
427857.176,4579829.6,2.13629766,41.36489771
427857.176,4579829.6,2.13629766,41.36489771
432207.284,4583013.699,2.18794833,41.3939544
432207.284,4583013.699,2.18794833,41.3939544
430029.446,4581426.918,2.16208332,41.37947613
432831.36,4587102.905,2.1949585,41.43083711
432831.36,4587102.905,2.1949585,41.43083711
431940.008,4584488.157,2.18458566,41.40721182
431940.008,4584488.157,2.18458566,41.40721182
431940.008,4584488.157,2.18458566,41.40721182
427013.002,4583581.839,2.1257532,41.39861651
427013.002,4583581.839,2.1257532,41.39861651
430117.182,4581336.013,2.16314296,41.378665
430117.182,4581336.013,2.16314296,41.378665
433419.728,4584565.958,2.20227924,41.40803655
433419.728,4584565.958,2.20227924,41.40803655
430217.868,4585050.854,2.16391861,41.4121321
430217.868,4585050.854,2.16391861,41.4121321
428749.922,4580951.334,2.14683878,41.37508036
428749.922,4580951.334,2.14683878,41.37508036
430337.722,4588274.45,2.16498092,41.44117623
430337.722,4588274.45,2.16498092,41.44117623
429801.101,4586346.488,2.15878198,41.42376507
429801.101,4586346.488,2.15878198,41.42376507
433587.735,4588759.267,2.20382827,41.44581839
433587.735,4588759.267,2.20382827,41.44581839
433587.735,4588759.267,2.20382827,41.44581839
430165.905,4584463.518,2.16336476,41.40683766
430165.905,4584463.518,2.16336476,41.40683766
430335.303,4582343.663,2.1656353,41.38775952
430335.303,4582343.663,2.1656353,41.38775952
431268.034,4585099.778,2.17647724,41.41266329
431268.034,4585099.778,2.17647724,41.41266329
427843.558,4577637.922,2.13639561,41.34515677
427843.558,4577637.922,2.13639561,41.34515677
427463.728,4581008.228,2.13145282,41.37547782
432095.026,4588548.301,2.18598391,41.44379334
432095.026,4588548.301,2.18598391,41.44379334
430701.441,4584372.931,2.16978176,41.40606815
430701.441,4584372.931,2.16978176,41.40606815
433002.233,4583939.317,2.19735401,41.40235785
428666.701,4581674.198,2.14575857,41.38158357
428666.701,4581674.198,2.14575857,41.38158357
428666.701,4581674.198,2.14575857,41.38158357
431320.174,4586412.75,2.17695188,41.42449325
431320.174,4586412.75,2.17695188,41.42449325
431320.174,4586412.75,2.17695188,41.42449325
426177.254,4583275.09,2.11579395,41.39577743
426177.254,4583275.09,2.11579395,41.39577743
426177.254,4583275.09,2.11579395,41.39577743
426980.562,4584831.31,2.12521437,41.40986701
426980.562,4584831.31,2.12521437,41.40986701
427113.636,4582130.469,2.12713167,41.38555375
427113.636,4582130.469,2.12713167,41.38555375
431269.092,4587279.784,2.17624199,41.43229795
431269.092,4587279.784,2.17624199,41.43229795
431089.062,4584377.386,2.17441831,41.40614161
431089.062,4584377.386,2.17441831,41.40614161
430838.81,4581811.793,2.17171775,41.38301261
426671.111,4581135.47,2.12196,41.37655196
426671.111,4581135.47,2.12196,41.37655196
428321.727,4583627.936,2.14140194,41.39914948
428321.727,4583627.936,2.14140194,41.39914948
431553.841,4583500.417,2.18007765,41.39828275
431553.841,4583500.417,2.18007765,41.39828275
433363.251,4582786.072,2.20179961,41.39200089
433363.251,4582786.072,2.20179961,41.39200089
430028.144,4583341.238,2.16184651,41.39671768
430028.144,4583341.238,2.16184651,41.39671768
431311.392,4583191.617,2.17721265,41.39548079
431311.392,4583191.617,2.17721265,41.39548079
431013.112,4587997.663,2.1730965,41.43874166
431013.112,4587997.663,2.1730965,41.43874166
428993.507,4578436.777,2.1500459,41.35245406
428993.507,4578436.777,2.1500459,41.35245406
431213.914,4580892.215,2.17630792,41.37476239
431213.914,4580892.215,2.17630792,41.37476239
432127.277,4583478.887,2.18693921,41.39813746
432127.277,4583478.887,2.18693921,41.39813746
432127.277,4583478.887,2.18693921,41.39813746
431105.454,4588628.456,2.17412976,41.44443091
431105.454,4588628.456,2.17412976,41.44443091
432687.769,4582715.84,2.19372839,41.39131204
432687.769,4582715.84,2.19372839,41.39131204
434729.882,4585323.352,2.21787134,41.41496574
425917.801,4576746.51,2.11348862,41.33695326
425917.801,4576746.51,2.11348862,41.33695326
425917.801,4576746.51,2.11348862,41.33695326
429649.258,4582966.26,2.1573582,41.3933073
429649.258,4582966.26,2.1573582,41.3933073
431457.138,4583406.898,2.17893153,41.3974322
431457.138,4583406.898,2.17893153,41.3974322
429495.194,4581450.36,2.15569203,41.3796406
429495.194,4581450.36,2.15569203,41.3796406
429495.194,4581450.36,2.15569203,41.3796406
429649.258,4582966.26,2.1573582,41.3933073
429649.258,4582966.26,2.1573582,41.3933073
429649.258,4582966.26,2.1573582,41.3933073
431535.048,4581785.479,2.18004682,41.38283518
431535.048,4581785.479,2.18004682,41.38283518
430294.46,4586781.503,2.16463539,41.42772608
430294.46,4586781.503,2.16463539,41.42772608
428831.967,4580872.856,2.14782902,41.37438079
428831.967,4580872.856,2.14782902,41.37438079
434723.774,4584307.912,2.21790787,41.40581941
434723.774,4584307.912,2.21790787,41.40581941
428665.999,4584343.609,2.14543557,41.40562591
428665.999,4584343.609,2.14543557,41.40562591
431372.381,4585035.948,2.17773291,41.41209731
431372.381,4585035.948,2.17773291,41.41209731
433762.35,4583188.314,2.20652898,41.39565677
433762.35,4583188.314,2.20652898,41.39565677
432134.809,4584834.857,2.18687719,41.41035093
432134.809,4584834.857,2.18687719,41.41035093
432134.809,4584834.857,2.18687719,41.41035093
428148.795,4582984.876,2.13940975,41.39334225
428148.795,4582984.876,2.13940975,41.39334225
432311.775,4584204.78,2.18906487,41.40469094
432311.775,4584204.78,2.18906487,41.40469094
432311.775,4584204.78,2.18906487,41.40469094
429378.61,4583452.957,2.15406432,41.39766708
429378.61,4583452.957,2.15406432,41.39766708
430810.78,4584480.489,2.17107746,41.40704631
430810.78,4584480.489,2.17107746,41.40704631
431894.265,4587406.023,2.18370966,41.43348823
431894.265,4587406.023,2.18370966,41.43348823
431018.305,4582886.535,2.17374182,41.39270791
427869.956,4585406.474,2.13578598,41.41512763
427869.956,4585406.474,2.13578598,41.41512763
427869.956,4585406.474,2.13578598,41.41512763
427869.956,4585406.474,2.13578598,41.41512763
431455.985,4583368.436,2.17892209,41.39708569
431455.985,4583368.436,2.17892209,41.39708569
433720.943,4584492.652,2.2058908,41.40740122
433720.943,4584492.652,2.2058908,41.40740122
433720.943,4584492.652,2.2058908,41.40740122
433720.943,4584492.652,2.2058908,41.40740122
431421.29,4581932.438,2.17866977,41.38414911
431421.29,4581932.438,2.17866977,41.38414911
429142.098,4583070.276,2.15128014,41.39419959
430602.498,4583903.413,2.16865197,41.40183081
430602.498,4583903.413,2.16865197,41.40183081
430602.498,4583903.413,2.16865197,41.40183081
431651.118,4584550.195,2.18112262,41.40774606
431651.118,4584550.195,2.18112262,41.40774606
429396.268,4581353.15,2.1545204,41.37875638
429396.268,4581353.15,2.1545204,41.37875638
425404.649,4581888.602,2.1067238,41.38321863
425404.649,4581888.602,2.1067238,41.38321863
425404.649,4581888.602,2.1067238,41.38321863
425404.649,4581888.602,2.1067238,41.38321863
430121.355,4582099.833,2.16310473,41.38554485
430121.355,4582099.833,2.16310473,41.38554485
430121.355,4582099.833,2.16310473,41.38554485
433985.174,4584651.811,2.20903449,41.40885648
430378.91,4585003.93,2.16585072,41.41172345
430378.91,4585003.93,2.16585072,41.41172345
430585.339,4581346.073,2.16873996,41.37879616
428222.254,4581709.5,2.14043956,41.38186197
428222.254,4581709.5,2.14043956,41.38186197
426879.018,4583639.479,2.1241436,41.39912347
426879.018,4583639.479,2.1241436,41.39912347
426879.018,4583639.479,2.1241436,41.39912347
426879.018,4583639.479,2.1241436,41.39912347
426879.018,4583639.479,2.1241436,41.39912347
426879.018,4583639.479,2.1241436,41.39912347
426818.232,4583848.666,2.12339122,41.401002
426818.232,4583848.666,2.12339122,41.401002
430810.78,4584480.489,2.17107746,41.40704631
430810.78,4584480.489,2.17107746,41.40704631
428741.962,4584793.208,2.14629133,41.40968201
428741.962,4584793.208,2.14629133,41.40968201
431456.869,4588005.444,2.1784069,41.43884976
431456.869,4588005.444,2.1784069,41.43884976
431456.869,4588005.444,2.1784069,41.43884976
431865.121,4587114.857,2.1833937,41.43086332
431865.121,4587114.857,2.1833937,41.43086332
429119.052,4586068.491,2.15065313,41.42120135
429119.052,4586068.491,2.15065313,41.42120135
427399.632,4581074.787,2.13067845,41.3760715
427399.632,4581074.787,2.13067845,41.3760715
427399.632,4581074.787,2.13067845,41.3760715
427399.632,4581074.787,2.13067845,41.3760715
427399.632,4581074.787,2.13067845,41.3760715
427399.632,4581074.787,2.13067845,41.3760715
428625.521,4578279.092,2.14566592,41.3510013
430634.284,4579558.391,2.16952987,41.36269923
430634.284,4579558.391,2.16952987,41.36269923
433054.616,4582474.246,2.1981427,41.3891667
433054.616,4582474.246,2.1981427,41.3891667
428973.693,4581930.805,2.14939959,41.38392192
428973.693,4581930.805,2.14939959,41.38392192
433843.662,4585366.75,2.20726329,41.4152841
433843.662,4585366.75,2.20726329,41.4152841
430411.846,4582420.48,2.16654189,41.38845802
430411.846,4582420.48,2.16654189,41.38845802
426932.238,4582332.681,2.12493795,41.38735853
426932.238,4582332.681,2.12493795,41.38735853
431941.435,4584821.009,2.18456527,41.41020985
431941.435,4584821.009,2.18456527,41.41020985
427710.204,4586506.519,2.13374308,41.42502089
429637.356,4585335.122,2.15694032,41.41464176
432028.355,4584359.685,2.185657,41.40606219
432028.355,4584359.685,2.185657,41.40606219
431834.386,4584168.888,2.18335807,41.40432731
431834.386,4584168.888,2.18335807,41.40432731
431571.349,4581748.501,2.1804851,41.38250522
431571.349,4581748.501,2.1804851,41.38250522
431194.702,4581062.491,2.17605887,41.37629438
430640.187,4583167.828,2.16918713,41.39520888
430640.187,4583167.828,2.16918713,41.39520888
428727.267,4580770.518,2.14658916,41.3734498
428727.267,4580770.518,2.14658916,41.3734498
427655.063,4583522.624,2.13344023,41.39814124
427655.063,4583522.624,2.13344023,41.39814124
430217.647,4586393.729,2.16376095,41.42422687
430217.647,4586393.729,2.16376095,41.42422687
430217.647,4586393.729,2.16376095,41.42422687
430694.576,4582659.979,2.16989582,41.39063954
430694.576,4582659.979,2.16989582,41.39063954
431275.63,4588731.92,2.17615498,41.44537737
431275.63,4588731.92,2.17615498,41.44537737
428494.093,4581458.787,2.1437199,41.37962811
430246.053,4583163.854,2.1644734,41.39513898
430246.053,4583163.854,2.1644734,41.39513898
430489.583,4582555.48,2.16745609,41.38968065
430489.583,4582555.48,2.16745609,41.38968065
428630.257,4583887.401,2.14506183,41.40151384
427298.892,4580469.124,2.12954654,41.37060742
427298.892,4580469.124,2.12954654,41.37060742
427950.936,4582654.582,2.13708259,41.39034971
427950.936,4582654.582,2.13708259,41.39034971
427950.936,4582654.582,2.13708259,41.39034971
427906.246,4583318.319,2.13646905,41.39632372
427906.246,4583318.319,2.13646905,41.39632372
430996.397,4584288.181,2.17331995,41.40533021
430996.397,4584288.181,2.17331995,41.40533021
430521.692,4585050.339,2.16755362,41.4121538
430521.692,4585050.339,2.16755362,41.4121538
429737.738,4581724.845,2.15856052,41.38213403
429737.738,4581724.845,2.15856052,41.38213403
429737.738,4581724.845,2.15856052,41.38213403
427857.176,4579829.6,2.13629766,41.36489771
427857.176,4579829.6,2.13629766,41.36489771
427857.176,4579829.6,2.13629766,41.36489771
430321.166,4583996.528,2.16527593,41.40264512
430321.166,4583996.528,2.16527593,41.40264512
427472.889,4577486.551,2.13198362,41.34376011
427472.889,4577486.551,2.13198362,41.34376011
427472.889,4577486.551,2.13198362,41.34376011
427472.889,4577486.551,2.13198362,41.34376011
430824.502,4583881.386,2.17131012,41.40165156
429178.92,4583416.394,2.15168005,41.3973202
429178.92,4583416.394,2.15168005,41.3973202
429136.589,4587872.793,2.15065135,41.43745351
429136.589,4587872.793,2.15065135,41.43745351
430311.625,4583242.671,2.16524862,41.39585455
430311.625,4583242.671,2.16524862,41.39585455
430311.625,4583242.671,2.16524862,41.39585455
430311.625,4583242.671,2.16524862,41.39585455
430311.625,4583242.671,2.16524862,41.39585455
431123.11,4586192.036,2.17461891,41.42248847
431123.11,4586192.036,2.17461891,41.42248847
431162.724,4581902.206,2.17558105,41.38385472
432147.88,4585942.067,2.1869093,41.42032433
432147.88,4585942.067,2.1869093,41.42032433
431460.81,4585127.294,2.17878052,41.41292759
431460.81,4585127.294,2.17878052,41.41292759
426134.003,4576565.862,2.11609423,41.33534609
426134.003,4576565.862,2.11609423,41.33534609
431455.985,4583368.436,2.17892209,41.39708569
431455.985,4583368.436,2.17892209,41.39708569
431455.985,4583368.436,2.17892209,41.39708569
427666.789,4583187.905,2.13362049,41.39512762
427666.789,4583187.905,2.13362049,41.39512762
433023.834,4586098.799,2.19737323,41.42180952
433023.834,4586098.799,2.19737323,41.42180952
432207.189,4584478.34,2.18778308,41.407146
432257.398,4584731.541,2.18835538,41.40943074
432257.398,4584731.541,2.18835538,41.40943074
429275.068,4582007.62,2.15299469,41.38464033
429275.068,4582007.62,2.15299469,41.38464033
429275.068,4582007.62,2.15299469,41.38464033
427870.208,4576001.716,2.13690856,41.33042234
427870.208,4576001.716,2.13690856,41.33042234
430467.436,4581526.468,2.16730938,41.38041074
430467.436,4581526.468,2.16730938,41.38041074
430467.436,4581526.468,2.16730938,41.38041074
432141.028,4585382.64,2.18689012,41.41528517
432141.028,4585382.64,2.18689012,41.41528517
430783.97,4583142.582,2.17090979,41.3949939
432167.548,4585305.884,2.18721602,41.41459609
432167.548,4585305.884,2.18721602,41.41459609
427850.84,4583435.979,2.1357923,41.39737847
427850.84,4583435.979,2.1357923,41.39737847
427850.84,4583435.979,2.1357923,41.39737847
427850.84,4583435.979,2.1357923,41.39737847
431088.856,4587892.298,2.17401509,41.43779919
431088.856,4587892.298,2.17401509,41.43779919
431461.642,4584743.79,2.17883394,41.40947356
431461.642,4584743.79,2.17883394,41.40947356
428302.834,4578258.522,2.14181138,41.35078735
428302.834,4578258.522,2.14181138,41.35078735
428302.834,4578258.522,2.14181138,41.35078735
428417.38,4580290.377,2.14294061,41.36909782
428417.38,4580290.377,2.14294061,41.36909782
433406.969,4582829.315,2.20231773,41.39239399
433406.969,4582829.315,2.20231773,41.39239399
430673.286,4584228.016,2.16946155,41.40476052
430673.286,4584228.016,2.16946155,41.40476052
429473.165,4581501.327,2.15542267,41.38009771
429473.165,4581501.327,2.15542267,41.38009771
428009.317,4584032.562,2.1376169,41.40276586
428009.317,4584032.562,2.1376169,41.40276586
428244.271,4580297.887,2.14087003,41.36915003
428244.271,4580297.887,2.14087003,41.36915003
432907.87,4582098.308,2.1964293,41.38576848
432907.87,4582098.308,2.1964293,41.38576848
431002.681,4585039.44,2.17330941,41.4120971
431002.681,4585039.44,2.17330941,41.4120971
433148.545,4587948.555,2.19866081,41.43848009
426887.558,4583957.556,2.12420732,41.40198904
426887.558,4583957.556,2.12420732,41.40198904
429781.302,4581802.667,2.15907246,41.38283876
429781.302,4581802.667,2.15907246,41.38283876
428245.334,4585983.282,2.14020871,41.42035632
428245.334,4585983.282,2.14020871,41.42035632
428245.334,4585983.282,2.14020871,41.42035632
431857.139,4583752.584,2.18367714,41.40057972
431857.139,4583752.584,2.18367714,41.40057972
431637.366,4582910.289,2.18114339,41.39297474
432901.433,4584611.258,2.19607368,41.40840144
432901.433,4584611.258,2.19607368,41.40840144
430321.689,4584187.342,2.16526021,41.40436376
430321.689,4584187.342,2.16526021,41.40436376
426093.666,4582151.838,2.11493129,41.3856531
426093.666,4582151.838,2.11493129,41.3856531
432033.182,4584528.829,2.18569574,41.40758604
432033.182,4584528.829,2.18569574,41.40758604
426270.622,4582154.02,2.11704724,41.38568901
426270.622,4582154.02,2.11704724,41.38568901
429752.968,4581121.197,2.15881266,41.37669849
429752.968,4581121.197,2.15881266,41.37669849
427626.118,4583259.648,2.13312546,41.39577012
427626.118,4583259.648,2.13312546,41.39577012
427626.118,4583259.648,2.13312546,41.39577012
427626.118,4583259.648,2.13312546,41.39577012
432267.447,4580958.782,2.18889777,41.37545135
432267.447,4580958.782,2.18889777,41.37545135
428711.389,4587312.187,2.14562848,41.43236671
428711.389,4587312.187,2.14562848,41.43236671
428711.389,4587312.187,2.14562848,41.43236671
433611.391,4584061.72,2.20462751,41.40351087
433611.391,4584061.72,2.20462751,41.40351087
429469.184,4580894.659,2.15544571,41.37463329
429469.184,4580894.659,2.15544571,41.37463329
429469.184,4580894.659,2.15544571,41.37463329
431076.53,4583033.397,2.17442149,41.39403565
431076.53,4583033.397,2.17442149,41.39403565
431076.53,4583033.397,2.17442149,41.39403565
431076.53,4583033.397,2.17442149,41.39403565
431076.53,4583033.397,2.17442149,41.39403565
432792.635,4585292.446,2.19469638,41.41452761
432792.635,4585292.446,2.19469638,41.41452761
429270.14,4587461.066,2.15229798,41.43375703
429270.14,4587461.066,2.15229798,41.43375703
429847.355,4584383.531,2.15956322,41.40608949
430310.815,4583051.566,2.16526093,41.39413326
430310.815,4583051.566,2.16526093,41.39413326
430121.355,4582099.833,2.16310473,41.38554485
430121.355,4582099.833,2.16310473,41.38554485
429965.341,4582901.035,2.16114626,41.39274745
429965.341,4582901.035,2.16114626,41.39274745
427729.24,4579935.033,2.13475559,41.36583583
427729.24,4579935.033,2.13475559,41.36583583
430105.038,4584356.903,2.16264892,41.40587212
430105.038,4584356.903,2.16264892,41.40587212
428131.962,4586008.023,2.13884923,41.42056901
428131.962,4586008.023,2.13884923,41.42056901
426054.593,4576055.179,2.11520749,41.33073926
426054.593,4576055.179,2.11520749,41.33073926
433099.656,4585009.657,2.19840102,41.41200624
433099.656,4585009.657,2.19840102,41.41200624
432695.295,4585200.751,2.19354196,41.41369359
432695.295,4585200.751,2.19354196,41.41369359
427518.331,4580997.242,2.13210703,41.37538379
427518.331,4580997.242,2.13210703,41.37538379
427591.64,4577810.306,2.13336422,41.34668676
427591.64,4577810.306,2.13336422,41.34668676
425562.495,4581974.25,2.10860088,41.38400465
425562.495,4581974.25,2.10860088,41.38400465
433372.349,4585277.855,2.20163399,41.4144445
433372.349,4585277.855,2.20163399,41.4144445
428656.326,4583424.417,2.14542824,41.39734624
428656.326,4583424.417,2.14542824,41.39734624
426532.46,4582239.971,2.12016812,41.3864871
426532.46,4582239.971,2.12016812,41.3864871
432167.766,4585320.198,2.18721702,41.41472503
432167.766,4585320.198,2.18721702,41.41472503
432134.809,4584834.857,2.18687719,41.41035093
432134.809,4584834.857,2.18687719,41.41035093
426608.306,4583707.045,2.12089729,41.39970734
426608.306,4583707.045,2.12089729,41.39970734
432697,4588930.461,2.19314686,41.44728605
432697,4588930.461,2.19314686,41.44728605
431246.499,4583153.045,2.17644084,41.39512783
430311.08,4582286.328,2.1653522,41.38724102
430311.08,4582286.328,2.1653522,41.38724102
428632.376,4587020.885,2.1447173,41.42973606
428632.376,4587020.885,2.1447173,41.42973606
431211.83,4583484.434,2.17598851,41.39810959
431211.83,4583484.434,2.17598851,41.39810959
426793.069,4582325.321,2.12327446,41.38727958
426793.069,4582325.321,2.12327446,41.38727958
432490.181,4586081.682,2.19098954,41.42161066
432490.181,4586081.682,2.19098954,41.42161066
432490.181,4586081.682,2.19098954,41.42161066
429504.973,4586562.197,2.15521333,41.42568194
428804.369,4584671.589,2.14705225,41.40859217
428804.369,4584671.589,2.14705225,41.40859217
428804.369,4584671.589,2.14705225,41.40859217
432986.826,4584903.522,2.19706288,41.41104091
432986.826,4584903.522,2.19706288,41.41104091
433226.887,4587462.304,2.19965224,41.4341071
432872.315,4582231.557,2.19598931,41.38696566
432872.315,4582231.557,2.19598931,41.38696566
430124.959,4588297.482,2.16243163,41.44136517
430124.959,4588297.482,2.16243163,41.44136517
431350.41,4586227.794,2.1773347,41.42283
431350.41,4586227.794,2.1773347,41.42283
432357.349,4584599.132,2.18956596,41.40824659
432357.349,4584599.132,2.18956596,41.40824659
425562.495,4581974.25,2.10860088,41.38400465
425562.495,4581974.25,2.10860088,41.38400465
425562.495,4581974.25,2.10860088,41.38400465
427685.476,4580095.877,2.13421318,41.36728057
430283.02,4582781.665,2.16495958,41.39169994
430283.02,4582781.665,2.16495958,41.39169994
429172.877,4580937.872,2.15189768,41.37499647
429172.877,4580937.872,2.15189768,41.37499647
428767.508,4583564.527,2.14674163,41.39861802
428767.508,4583564.527,2.14674163,41.39861802
428898.691,4578205.14,2.14893972,41.35035941
428898.691,4578205.14,2.14893972,41.35035941
431977.687,4583292.759,2.18517082,41.39644841
431977.687,4583292.759,2.18517082,41.39644841
434107.514,4585711.813,2.21038259,41.41841369
434107.514,4585711.813,2.21038259,41.41841369
432198.657,4583921.536,2.18774342,41.4021303
431575.457,4583633.922,2.18032111,41.39948703
431575.457,4583633.922,2.18032111,41.39948703
429371.317,4581511.19,2.15420361,41.3801776
434371.961,4583978.786,2.21373485,41.40282639
434371.961,4583978.786,2.21373485,41.40282639
434371.961,4583978.786,2.21373485,41.40282639
432126.113,4583506.996,2.18692213,41.39839053
432126.113,4583506.996,2.18692213,41.39839053
426793.069,4582325.321,2.12327446,41.38727958
426793.069,4582325.321,2.12327446,41.38727958
426793.069,4582325.321,2.12327446,41.38727958
426793.069,4582325.321,2.12327446,41.38727958
431646.49,4585469.73,2.18096332,41.41602763
431646.49,4585469.73,2.18096332,41.41602763
431886.592,4585980.719,2.1837785,41.42065034
432270.803,4584972.114,2.18848881,41.41159864
432270.803,4584972.114,2.18848881,41.41159864
427362.324,4580605.497,2.1302886,41.37184141
427362.324,4580605.497,2.1302886,41.37184141
429663.73,4584912.262,2.15730505,41.41083552
429663.73,4584912.262,2.15730505,41.41083552
432193.241,4581418.072,2.18795906,41.37958182
431496.763,4587050.401,2.1789927,41.43025144
431496.763,4587050.401,2.1789927,41.43025144
432986.826,4584903.522,2.19706288,41.41104091
432986.826,4584903.522,2.19706288,41.41104091
428561.03,4580046.729,2.14468682,41.36691613
430046.494,4584205.861,2.16196604,41.40450664
430046.494,4584205.861,2.16196604,41.40450664
430046.494,4584205.861,2.16196604,41.40450664
432147.88,4585942.067,2.1869093,41.42032433
432147.88,4585942.067,2.1869093,41.42032433
425452.512,4581717.249,2.10731727,41.38167976
425452.512,4581717.249,2.10731727,41.38167976
431047.219,4580373.323,2.17437377,41.3700746
431047.219,4580373.323,2.17437377,41.3700746
432668.44,4584197.288,2.19333238,41.40465343
432668.44,4584197.288,2.19333238,41.40465343
434731.89,4584332.532,2.21800231,41.40604182
434731.89,4584332.532,2.21800231,41.40604182
434731.89,4584332.532,2.21800231,41.40604182
431401.854,4583673.372,2.17824005,41.39982754
431401.854,4583673.372,2.17824005,41.39982754
432795.352,4582156.272,2.19507723,41.38628115
432795.352,4582156.272,2.19507723,41.38628115
431634.795,4585306.266,2.18084186,41.41455436
431634.795,4585306.266,2.18084186,41.41455436
431634.795,4585306.266,2.18084186,41.41455436
430479.419,4581533.303,2.16745189,41.38047333
432104.288,4584824.06,2.18651325,41.41025111
427438.537,4580857.657,2.13116964,41.37411941
429767.571,4586344.353,2.158381,41.42374292
428395.217,4581569.247,2.14252449,41.38061419
428395.217,4581569.247,2.14252449,41.38061419
428395.217,4581569.247,2.14252449,41.38061419
431566.963,4581876.712,2.18041816,41.38365961
431566.963,4581876.712,2.18041816,41.38365961
431209.989,4580625.8,2.17629124,41.37236253
432413.506,4585676.577,2.19011735,41.41795555
432413.506,4585676.577,2.19011735,41.41795555
429136.539,4584813.993,2.15100941,41.40990412
429136.539,4584813.993,2.15100941,41.40990412
430899.204,4584756.673,2.17210373,41.40954142
430899.204,4584756.673,2.17210373,41.40954142
431403.255,4582699.913,2.17836714,41.39106
431403.255,4582699.913,2.17836714,41.39106
430393.801,4583476.242,2.16620467,41.39796537
430393.801,4583476.242,2.16620467,41.39796537
427232.882,4582645.449,2.12849584,41.39020277
427232.882,4582645.449,2.12849584,41.39020277
430134.592,4583421.81,2.16311045,41.39745262
430134.592,4583421.81,2.16311045,41.39745262
432526.879,4584188.301,2.19163993,41.40456061
432526.879,4584188.301,2.19163993,41.40456061
432869.806,4582348.982,2.19594629,41.38802306
432869.806,4582348.982,2.19594629,41.38802306
429307.587,4582724.857,2.15329983,41.3911031
429307.587,4582724.857,2.15329983,41.3911031
429451.214,4582209.993,2.15507763,41.38647851
429451.214,4582209.993,2.15507763,41.38647851
429451.214,4582209.993,2.15507763,41.38647851
426998.274,4582457.093,2.12571269,41.38848506
426998.274,4582457.093,2.12571269,41.38848506
428996.861,4581351.884,2.14974451,41.37870982
428996.861,4581351.884,2.14974451,41.37870982
428996.861,4581351.884,2.14974451,41.37870982
428996.861,4581351.884,2.14974451,41.37870982
431457.138,4583406.898,2.17893153,41.3974322
428711.213,4582610.573,2.14618061,41.39002112
428711.213,4582610.573,2.14618061,41.39002112
427904.652,4579673.774,2.13688378,41.36349849
427904.652,4579673.774,2.13688378,41.36349849
427904.652,4579673.774,2.13688378,41.36349849
432487.959,4581946.867,2.19142437,41.38436934
432487.959,4581946.867,2.19142437,41.38436934
432487.959,4581946.867,2.19142437,41.38436934
431087.383,4584563.889,2.17437698,41.40782124
431087.383,4584563.889,2.17437698,41.40782124
432718.66,4585252.402,2.19381577,41.41416076
432718.66,4585252.402,2.19381577,41.41416076
432718.66,4585252.402,2.19381577,41.41416076
432513.829,4586217.63,2.19125732,41.42283709
432513.829,4586217.63,2.19125732,41.42283709
429922.078,4582109.899,2.16072038,41.38561817
429922.078,4582109.899,2.16072038,41.38561817
430978.263,4583706.756,2.17316935,41.40009194
430978.263,4583706.756,2.17316935,41.40009194
430978.263,4583706.756,2.17316935,41.40009194
430550.11,4585063.912,2.16789206,41.41227851
430550.11,4585063.912,2.16789206,41.41227851
430550.11,4585063.912,2.16789206,41.41227851
430550.11,4585063.912,2.16789206,41.41227851
427151.904,4582081.096,2.12759526,41.38511254
427151.904,4582081.096,2.12759526,41.38511254
428611.951,4585289.847,2.14467733,41.4141435
426690.459,4584024.423,2.12184152,41.40257331
426690.459,4584024.423,2.12184152,41.40257331
426391.945,4581984.693,2.11851872,41.38417507
427222.991,4585010.926,2.12809303,41.41150674
427222.991,4585010.926,2.12809303,41.41150674
428458.713,4579056.191,2.14358045,41.35798558
428458.713,4579056.191,2.14358045,41.35798558
428206.707,4584157.956,2.13996323,41.4039129
428206.707,4584157.956,2.13996323,41.4039129
431103.58,4580455.454,2.17503831,41.37081915
427590.157,4580879.076,2.13298,41.37432598
429180.709,4578306.439,2.15229874,41.35129664
429180.709,4578306.439,2.15229874,41.35129664
429180.709,4578306.439,2.15229874,41.35129664
429180.709,4578306.439,2.15229874,41.35129664
429180.709,4578306.439,2.15229874,41.35129664
429180.709,4578306.439,2.15229874,41.35129664
428056.278,4584262.006,2.13815137,41.40483658
428056.278,4584262.006,2.13815137,41.40483658
430445.166,4582976.361,2.16687651,41.39346755
430445.166,4582976.361,2.16687651,41.39346755
430445.166,4582976.361,2.16687651,41.39346755
430445.166,4582976.361,2.16687651,41.39346755
427594.427,4583098.281,2.1327657,41.39431389
427594.427,4583098.281,2.1327657,41.39431389
430277.162,4582833.019,2.1648836,41.39216196
430277.162,4582833.019,2.1648836,41.39216196
430974.785,4583328.332,2.17317091,41.3966833
430974.785,4583328.332,2.17317091,41.3966833
429554.723,4584862.729,2.1560067,41.41037985
429554.723,4584862.729,2.1560067,41.41037985
428206.707,4584157.956,2.13996323,41.4039129
428206.707,4584157.956,2.13996323,41.4039129
433937.166,4584315.364,2.20849689,41.40582224
433937.166,4584315.364,2.20849689,41.40582224
430663.838,4585413.998,2.16921256,41.41544143
426742.97,4581364.462,2.12279155,41.37862095
426742.97,4581364.462,2.12279155,41.37862095
426742.97,4581364.462,2.12279155,41.37862095
429078.132,4584621.671,2.15033321,41.40816679
431103.413,4585525.087,2.17445923,41.4164798
431103.413,4585525.087,2.17445923,41.4164798
429995.809,4585211.44,2.16124332,41.41355912
429995.809,4585211.44,2.16124332,41.41355912
431026.984,4587540.783,2.17331471,41.43462791
431026.984,4587540.783,2.17331471,41.43462791
430996.397,4584288.181,2.17331995,41.40533021
430996.397,4584288.181,2.17331995,41.40533021
431631.595,4587876.453,2.18051279,41.4377029
431631.595,4587876.453,2.18051279,41.4377029
428947.833,4581402.335,2.14915234,41.37915988
428947.833,4581402.335,2.14915234,41.37915988
432116.198,4582922.608,2.18686909,41.39312628
432116.198,4582922.608,2.18686909,41.39312628
432720.038,4588904.372,2.19342553,41.447053
432720.038,4588904.372,2.19342553,41.447053
433081.865,4584996.687,2.19818961,41.41188794
433081.865,4584996.687,2.19818961,41.41188794
429079.892,4582972.709,2.15054755,41.39331536
429079.892,4582972.709,2.15054755,41.39331536
433710.925,4588545.211,2.20532639,41.44390064
433710.925,4588545.211,2.20532639,41.44390064
433710.925,4588545.211,2.20532639,41.44390064
431353.65,4586877.331,2.17729969,41.42868043
431353.65,4586877.331,2.17729969,41.42868043
427932.103,4582045.226,2.13692988,41.38485978
427932.103,4582045.226,2.13692988,41.38485978
431137.811,4590366.261,2.17431877,41.46008541
429990.607,4580950.293,2.16167397,41.37517993
431248.004,4586592.625,2.17606781,41.42610715
431248.004,4586592.625,2.17606781,41.42610715
430331.704,4582822.555,2.16553715,41.39207244
430331.704,4582822.555,2.16553715,41.39207244
432707.92,4587264.105,2.19346327,41.43227865
432707.92,4587264.105,2.19346327,41.43227865
432707.92,4587264.105,2.19346327,41.43227865
431520.588,4581243.791,2.17993513,41.37795511
431520.588,4581243.791,2.17993513,41.37795511
426475.932,4581633.636,2.11956572,41.38102092
432687.769,4582715.84,2.19372839,41.39131204
432687.769,4582715.84,2.19372839,41.39131204
430801.048,4581295.357,2.17132518,41.37835796
430801.048,4581295.357,2.17132518,41.37835796
430381.716,4583296.976,2.16608073,41.39634973
430381.716,4583296.976,2.16608073,41.39634973
430381.716,4583296.976,2.16608073,41.39634973
426948.761,4581205.821,2.12527147,41.37721085
426948.761,4581205.821,2.12527147,41.37721085
429486.429,4580957.263,2.15564461,41.37519866
429486.429,4580957.263,2.15564461,41.37519866
427748.774,4579939.75,2.13498856,41.36588007
427748.774,4579939.75,2.13498856,41.36588007
428196.254,4582836.09,2.13999503,41.39200643
428196.254,4582836.09,2.13999503,41.39200643
428196.254,4582836.09,2.13999503,41.39200643
430276.875,4581670.335,2.16501406,41.38169001
430023.806,4586977.046,2.16137388,41.42946372
430023.806,4586977.046,2.16137388,41.42946372
429616.649,4587584.634,2.15643058,41.43490042
429616.649,4587584.634,2.15643058,41.43490042
429616.649,4587584.634,2.15643058,41.43490042
427021.862,4582096.748,2.12603822,41.38524172
427028.24,4584882.893,2.12577853,41.41033593
427028.24,4584882.893,2.12577853,41.41033593
427961.276,4584143.436,2.13702902,41.40376016
427961.276,4584143.436,2.13702902,41.40376016
431418.023,4583625.086,2.17843893,41.39939402
431418.023,4583625.086,2.17843893,41.39939402
433349.553,4585185.383,2.20137144,41.41360973
433349.553,4585185.383,2.20137144,41.41360973
433349.553,4585185.383,2.20137144,41.41360973
432107.552,4586400.862,2.18637521,41.42445315
432107.552,4586400.862,2.18637521,41.42445315
433373.518,4587455.697,2.20140786,41.43405978
433373.518,4587455.697,2.20140786,41.43405978
433373.518,4587455.697,2.20140786,41.43405978
432452.267,4585012.656,2.1906553,41.41197907
429546.58,4581537.579,2.15629636,41.38043066
429546.58,4581537.579,2.15629636,41.38043066
432565.123,4583244.664,2.1922026,41.39606474
432565.123,4583244.664,2.1922026,41.39606474
427560.34,4581004.778,2.13260844,41.37545545
430570.647,4588498.768,2.16774307,41.44321676
430570.647,4588498.768,2.16774307,41.44321676
430804.36,4583680.427,2.17109217,41.39983986
430804.36,4583680.427,2.17109217,41.39983986
433057.206,4585063.155,2.19788723,41.41248455
433057.206,4585063.155,2.19788723,41.41248455
433057.206,4585063.155,2.19788723,41.41248455
433057.206,4585063.155,2.19788723,41.41248455
429753.109,4583832.976,2.15849969,41.4011226
429016.404,4586705.685,2.14935005,41.42693123
429016.404,4586705.685,2.14935005,41.42693123
430733.803,4585298.346,2.17006291,41.41440584
429640.111,4582207.726,2.15733695,41.38647464
429640.111,4582207.726,2.15733695,41.38647464
430967.995,4587671.104,2.17259382,41.43579659
430967.995,4587671.104,2.17259382,41.43579659
432815.198,4584663.899,2.19503617,41.40886835
432815.198,4584663.899,2.19503617,41.40886835
432815.198,4584663.899,2.19503617,41.40886835
428270.55,4584213.391,2.14072038,41.40441788
428270.55,4584213.391,2.14072038,41.40441788
428499.732,4582666.131,2.14364477,41.39050273
428499.732,4582666.131,2.14364477,41.39050273
428499.732,4582666.131,2.14364477,41.39050273
428499.732,4582666.131,2.14364477,41.39050273
429022.455,4586612.7,2.14943338,41.42609429
429022.455,4586612.7,2.14943338,41.42609429
429893.521,4583312.218,2.16023964,41.39644458
429893.521,4583312.218,2.16023964,41.39644458
433805.717,4583170.615,2.20704963,41.39550093
433805.717,4583170.615,2.20704963,41.39550093
428120.788,4580141.485,2.13941222,41.36773035
428120.788,4580141.485,2.13941222,41.36773035
427018.126,4583156.982,2.12586573,41.39479047
430060.944,4582076.483,2.16238496,41.3853293
430060.944,4582076.483,2.16238496,41.3853293
426268.304,4582116.216,2.11702412,41.38534831
426268.304,4582116.216,2.11702412,41.38534831
431846.305,4584575.7,2.18345481,41.40799235
431846.305,4584575.7,2.18345481,41.40799235
426260.419,4584171.062,2.11667947,41.40385468
426260.419,4584171.062,2.11667947,41.40385468
431553.841,4583500.417,2.18007765,41.39828275
431553.841,4583500.417,2.18007765,41.39828275
428900.855,4584757.518,2.14819644,41.40937465
428900.855,4584757.518,2.14819644,41.40937465
428900.855,4584757.518,2.14819644,41.40937465
428900.855,4584757.518,2.14819644,41.40937465
431275.63,4588731.92,2.17615498,41.44537737
431275.63,4588731.92,2.17615498,41.44537737
431275.63,4588731.92,2.17615498,41.44537737
432466.262,4585265.133,2.19079454,41.41425424
432466.262,4585265.133,2.19079454,41.41425424
428309.132,4583448.24,2.14127257,41.39752991
426532.954,4583444.125,2.12002789,41.39733245
426532.954,4583444.125,2.12002789,41.39733245
431121.687,4580897.913,2.1752045,41.37480582
431121.687,4580897.913,2.1752045,41.37480582
429348.805,4583864.56,2.15365975,41.40137162
429348.805,4583864.56,2.15365975,41.40137162
430931.778,4582415.709,2.17276063,41.38845989
430931.778,4582415.709,2.17276063,41.38845989
427952.005,4582061.234,2.13716598,41.38500574
427952.005,4582061.234,2.13716598,41.38500574
429726.584,4581676.521,2.15843275,41.38169782
429726.584,4581676.521,2.15843275,41.38169782
428307.922,4578872.897,2.14179956,41.35632129
428307.922,4578872.897,2.14179956,41.35632129
432751.35,4582465.56,2.19451665,41.38906315
432751.35,4582465.56,2.19451665,41.38906315
429738.121,4586869.307,2.15796756,41.4284684
429738.121,4586869.307,2.15796756,41.4284684
429738.121,4586869.307,2.15796756,41.4284684
430061.219,4582806.771,2.16230389,41.39190679
430061.219,4582806.771,2.16230389,41.39190679
430061.219,4582806.771,2.16230389,41.39190679
430707.546,4582361.145,2.17008515,41.38794915
430707.546,4582361.145,2.17008515,41.38794915
430707.546,4582361.145,2.17008515,41.38794915
431275.63,4588731.92,2.17615498,41.44537737
431275.63,4588731.92,2.17615498,41.44537737
431275.63,4588731.92,2.17615498,41.44537737
429544.563,4582114.924,2.15620507,41.38563044
429544.563,4582114.924,2.15620507,41.38563044
429544.563,4582114.924,2.15620507,41.38563044
430174.798,4585319.702,2.16337228,41.41454978
430174.798,4585319.702,2.16337228,41.41454978
431641.015,4581562.874,2.18133916,41.38083925
431641.015,4581562.874,2.18133916,41.38083925
432223.39,4583384.91,2.1880994,41.39729915
432223.39,4583384.91,2.1880994,41.39729915
431528.49,4582026.508,2.17994113,41.38500551
431528.49,4582026.508,2.17994113,41.38500551
428753.887,4585105.55,2.1463972,41.41249621
428753.887,4585105.55,2.1463972,41.41249621
429683.778,4584605.512,2.15758057,41.4080745
429683.778,4584605.512,2.15758057,41.4080745
429683.778,4584605.512,2.15758057,41.4080745
428885.894,4582593.132,2.14827183,41.38987951
428885.894,4582593.132,2.14827183,41.38987951
432222.718,4588666.222,2.18749913,41.44486622
432222.718,4588666.222,2.18749913,41.44486622
432222.718,4588666.222,2.18749913,41.44486622
432222.718,4588666.222,2.18749913,41.44486622
427882.693,4583897.922,2.13611825,41.40154186
427882.693,4583897.922,2.13611825,41.40154186
427882.693,4583897.922,2.13611825,41.40154186
428909.269,4581807.569,2.14864363,41.38280628
428909.269,4581807.569,2.14864363,41.38280628
433375.144,4584699.573,2.20173114,41.4092363
433375.144,4584699.573,2.20173114,41.4092363
428814.526,4580855.529,2.14762251,41.37422319
428814.526,4580855.529,2.14762251,41.37422319
428814.526,4580855.529,2.14762251,41.37422319
432472.525,4585383.934,2.1908562,41.41532477
432472.525,4585383.934,2.1908562,41.41532477
432472.525,4585383.934,2.1908562,41.41532477
432231.689,4581407.867,2.18841997,41.37949314
432231.689,4581407.867,2.18841997,41.37949314
432719.944,4588904.373,2.19342441,41.44705301
432719.944,4588904.373,2.19342441,41.44705301
428523.771,4586830.802,2.14344009,41.4280144
432465.93,4589414.672,2.19032665,41.45162775
432465.93,4589414.672,2.19032665,41.45162775
430536.226,4584543.284,2.16778575,41.40758819
431613.629,4588955.726,2.18017551,41.44742199
431613.629,4588955.726,2.18017551,41.44742199
433279.165,4584604.952,2.20059334,41.4083761
433279.165,4584604.952,2.20059334,41.4083761
433279.165,4584604.952,2.20059334,41.4083761
432969.159,4589201.616,2.19637463,41.44975104
432969.159,4589201.616,2.19637463,41.44975104
429028.666,4580683.296,2.15020315,41.37269087
429028.666,4580683.296,2.15020315,41.37269087
429028.666,4580683.296,2.15020315,41.37269087
431281.37,4587977.117,2.17630959,41.43857963
431281.37,4587977.117,2.17630959,41.43857963
431281.37,4587977.117,2.17630959,41.43857963
431869.107,4582242.945,2.18399024,41.38698383
428866.53,4581079.658,2.14821801,41.37624645
428866.53,4581079.658,2.14821801,41.37624645
429794.198,4587011.924,2.15862206,41.42975779
430786.778,4582752.657,2.17098797,41.3914822
430786.778,4582752.657,2.17098797,41.3914822
430786.778,4582752.657,2.17098797,41.3914822
432161.844,4584936.094,2.18718926,41.41126502
430777.154,4587569.822,2.17032138,41.43486794
425576.679,4582827.98,2.10866555,41.39169513
425576.679,4582827.98,2.10866555,41.39169513
428427.45,4586473.164,2.14232979,41.42478473
428427.45,4586473.164,2.14232979,41.42478473
428036.106,4581974.175,2.13818209,41.38422916
428036.106,4581974.175,2.13818209,41.38422916
425452.512,4581717.249,2.10731727,41.38167976
425452.512,4581717.249,2.10731727,41.38167976
425452.512,4581717.249,2.10731727,41.38167976
430706.95,4583601.636,2.169936,41.39912181
430706.95,4583601.636,2.169936,41.39912181
429641.975,4581631.115,2.15742623,41.38128146
429641.975,4581631.115,2.15742623,41.38128146
427496.555,4581217.938,2.13182024,41.37736955
427496.555,4581217.938,2.13182024,41.37736955
432023.483,4582086.232,2.18585408,41.38558543
430701.441,4584372.931,2.16978176,41.40606815
430701.441,4584372.931,2.16978176,41.40606815
428780.099,4581707.011,2.14711077,41.38188916
428780.099,4581707.011,2.14711077,41.38188916
430470.425,4583048.062,2.16717038,41.39411552
433042.41,4582486.788,2.19799533,41.38927865
433042.41,4582486.788,2.19799533,41.38927865
427343.607,4581494.042,2.12995825,41.37984252
427343.607,4581494.042,2.12995825,41.37984252
427343.607,4581494.042,2.12995825,41.37984252
434443.916,4584049.575,2.21458793,41.40346985
434443.916,4584049.575,2.21458793,41.40346985
434443.916,4584049.575,2.21458793,41.40346985
434443.916,4584049.575,2.21458793,41.40346985
431186.767,4588635.99,2.17510221,41.44450574
431186.767,4588635.99,2.17510221,41.44450574
431186.767,4588635.99,2.17510221,41.44450574
431758.411,4586279.799,2.18221097,41.42333317
431758.411,4586279.799,2.18221097,41.42333317
430361.272,4588243.807,2.16526633,41.44090228
430361.272,4588243.807,2.16526633,41.44090228
430155.92,4582713.394,2.1634473,41.39107401
430155.92,4582713.394,2.1634473,41.39107401
430955.382,4580894.893,2.17321631,41.37476436
430955.382,4580894.893,2.17321631,41.37476436
426985.28,4584781.941,2.12527676,41.40942279
426985.28,4584781.941,2.12527676,41.40942279
431887.264,4581842.36,2.18425244,41.38337741
431887.264,4581842.36,2.18425244,41.38337741
429153.501,4586503.471,2.15101435,41.42512209
429153.501,4586503.471,2.15101435,41.42512209
427714.854,4583654.888,2.13413961,41.39933787
427714.854,4583654.888,2.13413961,41.39933787
426445.663,4583615.56,2.11896296,41.3988685
426445.663,4583615.56,2.11896296,41.3988685
427191.097,4581776.766,2.12810056,41.38237511
427191.097,4581776.766,2.12810056,41.38237511
430388.09,4584903.087,2.16597216,41.41081599
428989.237,4584048.581,2.14933702,41.40299734
428989.237,4584048.581,2.14933702,41.40299734
428989.237,4584048.581,2.14933702,41.40299734
428020.43,4576283.261,2.13867018,41.33297157
431332.807,4588732.68,2.17683931,41.4453891
431332.807,4588732.68,2.17683931,41.4453891
428885.894,4582593.132,2.14827183,41.38987951
428885.894,4582593.132,2.14827183,41.38987951
433319.04,4587950.736,2.20070121,41.43851392
426554.025,4575908.844,2.12119286,41.32946695
426554.025,4575908.844,2.12119286,41.32946695
432751.35,4582465.56,2.19451665,41.38906315
432751.35,4582465.56,2.19451665,41.38906315
432751.35,4582465.56,2.19451665,41.38906315
429088.664,4578269.667,2.15120285,41.35095734
429088.664,4578269.667,2.15120285,41.35095734
429187.089,4588733.934,2.15115478,41.44521389
429187.089,4588733.934,2.15115478,41.44521389
430407.808,4582234.979,2.16651491,41.38678692
430407.808,4582234.979,2.16651491,41.38678692
433792.154,4586302.141,2.20654456,41.42370468
433792.154,4586302.141,2.20654456,41.42370468
430028.144,4583341.238,2.16184651,41.39671768
430028.144,4583341.238,2.16184651,41.39671768
431740.056,4584265.345,2.18221875,41.40518806
431740.056,4584265.345,2.18221875,41.40518806
428694.92,4584332.919,2.14578281,41.4055322
428694.92,4584332.919,2.14578281,41.4055322
428694.92,4584332.919,2.14578281,41.4055322
426111.679,4581655.5,2.11520726,41.38118445
426111.679,4581655.5,2.11520726,41.38118445
430073.977,4588159.76,2.16183736,41.44012032
430073.977,4588159.76,2.16183736,41.44012032
429174.678,4586405.198,2.15127928,41.42423884
429174.678,4586405.198,2.15127928,41.42423884
427174.444,4582544.762,2.12780905,41.38929063
427174.444,4582544.762,2.12780905,41.38929063
427174.444,4582544.762,2.12780905,41.38929063
430078.936,4581936.067,2.16261634,41.38406618
430078.936,4581936.067,2.16261634,41.38406618
426778.032,4582242.133,2.1231047,41.38652897
426778.032,4582242.133,2.1231047,41.38652897
426778.032,4582242.133,2.1231047,41.38652897
428353.021,4580988.578,2.14208859,41.37538054
426652.041,4581131.865,2.12173241,41.37651775
426652.041,4581131.865,2.12173241,41.37651775
432400.822,4588896.104,2.1896053,41.44695171
432400.822,4588896.104,2.1896053,41.44695171
426605.324,4582461.52,2.12101266,41.38848915
429122.92,4584616.293,2.15086965,41.40812231
429122.92,4584616.293,2.15086965,41.40812231
429206.331,4584149.846,2.1519221,41.40392855
429206.331,4584149.846,2.1519221,41.40392855
429868.703,4582996.42,2.15997937,41.39359813
429868.703,4582996.42,2.15997937,41.39359813
432118.05,4583103.425,2.18687095,41.394755
432118.05,4583103.425,2.18687095,41.394755
429644.791,4578490.83,2.15782445,41.35299809
429644.791,4578490.83,2.15782445,41.35299809
433072.086,4589234.165,2.19760315,41.45005279
433180.783,4586046.783,2.199257,41.42135409
433180.783,4586046.783,2.199257,41.42135409
431750.671,4586337.217,2.18211186,41.42384966
428270.55,4584213.391,2.14072038,41.40441788
428270.55,4584213.391,2.14072038,41.40441788
431545.262,4583698.059,2.17995267,41.40006212
431545.262,4583698.059,2.17995267,41.40006212
427409.925,4581023.251,2.13080769,41.37560826
427409.925,4581023.251,2.13080769,41.37560826
427409.925,4581023.251,2.13080769,41.37560826
428420.864,4584232.881,2.1425162,41.40460683
431554.856,4584456.439,2.17998163,41.40689343
431554.856,4584456.439,2.17998163,41.40689343
431554.856,4584456.439,2.17998163,41.40689343
434417.83,4583948.44,2.21428684,41.40255682
434417.83,4583948.44,2.21428684,41.40255682
428561.03,4580046.729,2.14468682,41.36691613
433442.713,4585901.422,2.20240721,41.42006662
433442.713,4585901.422,2.20240721,41.42006662
429738.375,4582491.086,2.15847923,41.38903537
429738.375,4582491.086,2.15847923,41.38903537
428593.142,4582856.084,2.14473954,41.39222186
428593.142,4582856.084,2.14473954,41.39222186
431496.763,4587050.401,2.1789927,41.43025144
425519.546,4582221.745,2.10805683,41.38622974
425519.546,4582221.745,2.10805683,41.38622974
428360.523,4581737.74,2.14208968,41.38212865
428360.523,4581737.74,2.14208968,41.38212865
430903.241,4584387.737,2.17219417,41.40621888
430903.241,4584387.737,2.17219417,41.40621888
432294.332,4584205.804,2.18885609,41.40469869
432294.332,4584205.804,2.18885609,41.40469869
432294.332,4584205.804,2.18885609,41.40469869
430976.055,4585343.336,2.17295618,41.4148319
430976.055,4585343.336,2.17295618,41.4148319
428270.55,4584213.391,2.14072038,41.40441788
428270.55,4584213.391,2.14072038,41.40441788
430839.547,4585175.845,2.17134208,41.41331162
430931.911,4584522.011,2.17252182,41.4074307
430931.911,4584522.011,2.17252182,41.4074307
428577.555,4580624.276,2.14481632,41.37211937
428577.555,4580624.276,2.14481632,41.37211937
429361.225,4582493.597,2.15396834,41.38902493
429361.225,4582493.597,2.15396834,41.38902493
427172.921,4581353.422,2.1279341,41.37856057
427172.921,4581353.422,2.1279341,41.37856057
431394.3,4580979.914,2.1784549,41.37556768
431394.3,4580979.914,2.1784549,41.37556768
431242.622,4580854.666,2.17665545,41.37442665
431242.622,4580854.666,2.17665545,41.37442665
426062.63,4583917.332,2.11434447,41.40155128
426062.63,4583917.332,2.11434447,41.40155128
427636.703,4583121.384,2.13326859,41.39452578
427636.703,4583121.384,2.13326859,41.39452578
432865.792,4582626.095,2.19586755,41.39051861
432865.792,4582626.095,2.19586755,41.39051861
427092.141,4582471.601,2.12683354,41.38862424
427092.141,4582471.601,2.12683354,41.38862424
429413.194,4587915.039,2.15395699,41.43785837
429413.194,4587915.039,2.15395699,41.43785837
431201.305,4583911.017,2.17581411,41.40195079
431201.305,4583911.017,2.17581411,41.40195079
428426.742,4581528.367,2.1429063,41.38024879
428426.742,4581528.367,2.1429063,41.38024879
428426.742,4581528.367,2.1429063,41.38024879
428399.221,4578659.164,2.14291616,41.35440439
428399.221,4578659.164,2.14291616,41.35440439
428399.221,4578659.164,2.14291616,41.35440439
430149.78,4581327.129,2.16353378,41.37858782
430149.78,4581327.129,2.16353378,41.37858782
428558.94,4584339.747,2.14415531,41.40558162
428558.94,4584339.747,2.14415531,41.40558162
429973.255,4580927.65,2.16146911,41.37497448
429973.255,4580927.65,2.16146911,41.37497448
429973.255,4580927.65,2.16146911,41.37497448
429452.995,4583348.929,2.15496619,41.39673667
429452.995,4583348.929,2.15496619,41.39673667
429452.995,4583348.929,2.15496619,41.39673667
433723.918,4585600.717,2.20580495,41.41738151
433723.918,4585600.717,2.20580495,41.41738151
429544.392,4580182.77,2.15642774,41.36822813
433265.693,4585246.866,2.20036132,41.41415652
433265.693,4585246.866,2.20036132,41.41415652
429831.322,4583321.359,2.15949461,41.39652147
429831.322,4583321.359,2.15949461,41.39652147
433073.705,4584050.341,2.1981967,41.40336378
433505.413,4584018.409,2.20336451,41.40311202
433505.413,4584018.409,2.20336451,41.40311202
431192.049,4584442.572,2.17564292,41.40673755
431192.049,4584442.572,2.17564292,41.40673755
431403.216,4583317.144,2.17829672,41.39661922
431403.216,4583317.144,2.17829672,41.39661922
431403.216,4583317.144,2.17829672,41.39661922
430918.177,4584167.823,2.17239797,41.40423947
430918.177,4584167.823,2.17239797,41.40423947
431055.493,4584953.253,2.17395109,41.41132538
431055.493,4584953.253,2.17395109,41.41132538
433921.819,4583636.674,2.20838743,41.39970818
433921.819,4583636.674,2.20838743,41.39970818
431075.246,4585522.42,2.17412253,41.41645336
431075.246,4585522.42,2.17412253,41.41645336
429745.729,4581524.231,2.15867936,41.38032786
429745.729,4581524.231,2.15867936,41.38032786
430749.607,4583658.347,2.17043976,41.39963627
430749.607,4583658.347,2.17043976,41.39963627
430749.607,4583658.347,2.17043976,41.39963627
429184.51,4580112.856,2.1521332,41.36756683
431071.208,4583612.423,2.17429189,41.3992503
431071.208,4583612.423,2.17429189,41.3992503
432167.766,4585320.198,2.18721702,41.41472503
432167.766,4585320.198,2.18721702,41.41472503
427381.028,4581010.596,2.13046368,41.37549168
427381.028,4581010.596,2.13046368,41.37549168
428963.002,4584575.173,2.14896135,41.40773783
428963.002,4584575.173,2.14896135,41.40773783
433092.709,4584796.525,2.1983415,41.41008604
433092.709,4584796.525,2.1983415,41.41008604
433092.709,4584796.525,2.1983415,41.41008604
426939.881,4584873.217,2.12472262,41.41024075
426939.881,4584873.217,2.12472262,41.41024075
428610.075,4578353.336,2.14547257,41.35166862
428610.075,4578353.336,2.14547257,41.35166862
428610.075,4578353.336,2.14547257,41.35166862
429374.82,4583480.795,2.15401574,41.39791747
429374.82,4583480.795,2.15401574,41.39791747
429910.358,4588113.372,2.15988436,41.43968825
429910.358,4588113.372,2.15988436,41.43968825
429910.358,4588113.372,2.15988436,41.43968825
428576.935,4586934.77,2.14406401,41.42895553
428576.935,4586934.77,2.14406401,41.42895553
428576.935,4586934.77,2.14406401,41.42895553
426279.799,4585731.626,2.11672107,41.41791173
426279.799,4585731.626,2.11672107,41.41791173
430126.003,4581709.911,2.16320531,41.38203336
430126.003,4581709.911,2.16320531,41.38203336
430422.05,4582129.944,2.1666973,41.38584213
430422.05,4582129.944,2.1666973,41.38584213
430906.319,4586666.844,2.17197053,41.42674628
430906.319,4586666.844,2.17197053,41.42674628
429355.758,4582115.684,2.15394705,41.38562071
429355.758,4582115.684,2.15394705,41.38562071
427640.62,4578516.081,2.13386544,41.35304785
428085.383,4584474.282,2.13847431,41.40675107
428085.383,4584474.282,2.13847431,41.40675107
428559.017,4584322.861,2.14415823,41.40542954
428559.017,4584322.861,2.14415823,41.40542954
432046.363,4586051.663,2.18568228,41.42130285
432046.363,4586051.663,2.18568228,41.42130285
428910.038,4579398.539,2.14893545,41.36110899
428910.038,4579398.539,2.14893545,41.36110899
431553.496,4581354.674,2.18031611,41.3789566
431262.415,4584217.046,2.17651035,41.40471233
431262.415,4584217.046,2.17651035,41.40471233
431262.415,4584217.046,2.17651035,41.40471233
431153.98,4586798.309,2.17491923,41.42795161
431153.98,4586798.309,2.17491923,41.42795161
430874.31,4582682.981,2.17204282,41.39086219
430874.31,4582682.981,2.17204282,41.39086219
429135.436,4588416.822,2.15057371,41.44235324
429135.436,4588416.822,2.15057371,41.44235324
427206.997,4582445.169,2.12821035,41.38839659
427206.997,4582445.169,2.12821035,41.38839659
426435.918,4575622.849,2.11981629,41.32688031
426435.918,4575622.849,2.11981629,41.32688031
427736.825,4579867.079,2.13485437,41.36522448
427736.825,4579867.079,2.13485437,41.36522448
430136.462,4584503.574,2.1630079,41.40719587
430136.462,4584503.574,2.1630079,41.40719587
432285.574,4581840.35,2.18901597,41.38339295
432285.574,4581840.35,2.18901597,41.38339295
427954.947,4582701.104,2.13712502,41.39076907
427954.947,4582701.104,2.13712502,41.39076907
427954.947,4582701.104,2.13712502,41.39076907
429411.085,4587178.852,2.15401778,41.43122766
429411.085,4587178.852,2.15401778,41.43122766
429935.264,4581522.185,2.16094608,41.38032597
429935.264,4581522.185,2.16094608,41.38032597
433443.302,4582903.439,2.20274414,41.39306461
433443.302,4582903.439,2.20274414,41.39306461
427950.936,4582654.582,2.13708259,41.39034971
427950.936,4582654.582,2.13708259,41.39034971
429862.122,4582405.465,2.15996913,41.38827501
429862.122,4582405.465,2.15996913,41.38827501
432373.067,4588343.313,2.18933499,41.44197057
432373.067,4588343.313,2.18933499,41.44197057
432078.974,4589999.286,2.18562848,41.45686048
427800.516,4581171.727,2.13546037,41.3769807
427800.516,4581171.727,2.13546037,41.3769807
428222.026,4580970.229,2.14052443,41.3752036
429456.178,4582587.713,2.15509297,41.38988094
429456.178,4582587.713,2.15509297,41.38988094
429668.033,4583917.219,2.15747223,41.40187391
429668.033,4583917.219,2.15747223,41.40187391
429668.033,4583917.219,2.15747223,41.40187391
431366.1,4584649.152,2.17770166,41.40861303
431366.1,4584649.152,2.17770166,41.40861303
428748.1,4580791.105,2.14683584,41.37363707
432147.88,4585942.067,2.1869093,41.42032433
432147.88,4585942.067,2.1869093,41.42032433
427647.521,4579751.263,2.13380054,41.36417334
427647.521,4579751.263,2.13380054,41.36417334
429827.117,4582016.525,2.15959557,41.3847689
429827.117,4582016.525,2.15959557,41.3847689
432839.501,4589349.921,2.19480599,41.45107592
431740.056,4584265.345,2.18221875,41.40518806
431740.056,4584265.345,2.18221875,41.40518806
431966.084,4587791.583,2.18452576,41.43696693
431966.084,4587791.583,2.18452576,41.43696693
427183.332,4581831.13,2.12800116,41.38286404
427183.332,4581831.13,2.12800116,41.38286404
427183.332,4581831.13,2.12800116,41.38286404
430838.81,4581811.793,2.17171775,41.38301261
430838.81,4581811.793,2.17171775,41.38301261
427971.503,4583982.821,2.13717049,41.40231448
427971.503,4583982.821,2.13717049,41.40231448
427971.503,4583982.821,2.13717049,41.40231448
428703.18,4587242.456,2.14553848,41.43173795
428703.18,4587242.456,2.14553848,41.43173795
428703.18,4587242.456,2.14553848,41.43173795
432714.854,4582201.498,2.19410951,41.38668176
432714.854,4582201.498,2.19410951,41.38668176
429654.31,4586473.948,2.15701063,41.42490022
429654.31,4586473.948,2.15701063,41.42490022
429654.31,4586473.948,2.15701063,41.42490022
429654.31,4586473.948,2.15701063,41.42490022
432170.137,4585483.465,2.18722708,41.41619573
432170.137,4585483.465,2.18722708,41.41619573
432170.137,4585483.465,2.18722708,41.41619573
432170.137,4585483.465,2.18722708,41.41619573
428501.187,4579099.867,2.14408303,41.35838273
429554.338,4583063.602,2.15621157,41.39417572
429554.338,4583063.602,2.15621157,41.39417572
428525.146,4581452.654,2.14409195,41.37957563
428525.146,4581452.654,2.14409195,41.37957563
431621.702,4583447.927,2.18089529,41.39781576
431621.702,4583447.927,2.18089529,41.39781576
432702.327,4587206.313,2.19340277,41.43175767
429058.62,4584404.705,2.15012524,41.40621094
429058.62,4584404.705,2.15012524,41.40621094
431698.839,4586683.273,2.18145252,41.42696207
434232.229,4585351.503,2.21191404,41.41517869
434232.229,4585351.503,2.21191404,41.41517869
433080.252,4583662.488,2.19831792,41.39987103
433080.252,4583662.488,2.19831792,41.39987103
428656.109,4584941.301,2.14524676,41.41100821
428656.109,4584941.301,2.14524676,41.41100821
428656.109,4584941.301,2.14524676,41.41100821
427187.099,4581911.028,2.12803661,41.38358399
427187.099,4581911.028,2.12803661,41.38358399
432141.028,4585382.64,2.18689012,41.41528517
432141.028,4585382.64,2.18689012,41.41528517
431166.294,4585616.306,2.17520121,41.41730678
431166.294,4585616.306,2.17520121,41.41730678
431166.294,4585616.306,2.17520121,41.41730678
431139.435,4588613.124,2.17453826,41.44429574
431139.435,4588613.124,2.17453826,41.44429574
431139.435,4588613.124,2.17453826,41.44429574
431139.435,4588613.124,2.17453826,41.44429574
426767.061,4584542.315,2.12269515,41.40724473
426767.061,4584542.315,2.12269515,41.40724473
430061.219,4582806.771,2.16230389,41.39190679
430061.219,4582806.771,2.16230389,41.39190679
432483.535,4588714.694,2.19061571,41.44532478
432483.535,4588714.694,2.19061571,41.44532478
432093.956,4587033.082,2.18614147,41.43014619
432093.956,4587033.082,2.18614147,41.43014619
432093.956,4587033.082,2.18614147,41.43014619
426606.275,4576959.657,2.12169015,41.33893604
427761.343,4582290.321,2.13485853,41.38705194
426811.33,4583711.829,2.12332521,41.39976894
426811.33,4583711.829,2.12332521,41.39976894
430428.377,4585223.075,2.16641733,41.4137015
430428.377,4585223.075,2.16641733,41.4137015
431305.698,4587845.451,2.17661574,41.43739584
431305.698,4587845.451,2.17661574,41.43739584
431681.177,4585534.104,2.18137106,41.41661037
431681.177,4585534.104,2.18137106,41.41661037
427350.84,4585168.983,2.1296036,41.41294186
427350.84,4585168.983,2.1296036,41.41294186
427350.84,4585168.983,2.1296036,41.41294186
431614.568,4581515.331,2.18102827,41.3804088
431614.568,4581515.331,2.18102827,41.3804088
430431.754,4583752.677,2.16662685,41.40045842
430431.754,4583752.677,2.16662685,41.40045842
427666.551,4587262.365,2.13313024,41.43182452
427666.551,4587262.365,2.13313024,41.43182452
427666.551,4587262.365,2.13313024,41.43182452
432996.942,4588404.961,2.19679564,41.44257815
432996.942,4588404.961,2.19679564,41.44257815
429466.888,4586630.619,2.1547496,41.42629484
429466.888,4586630.619,2.1547496,41.42629484
431803.598,4581754.351,2.18326182,41.38257764
431803.598,4581754.351,2.18326182,41.38257764
431466.799,4586224.073,2.17872783,41.42280643
431466.799,4586224.073,2.17872783,41.42280643
426590.9,4582222.455,2.12086914,41.38633467
426590.9,4582222.455,2.12086914,41.38633467
430021.82,4585192.379,2.16155673,41.41338971
430021.82,4585192.379,2.16155673,41.41338971
430021.82,4585192.379,2.16155673,41.41338971
428246.71,4580227.584,2.14090752,41.36851706
428246.71,4580227.584,2.14090752,41.36851706
431167.042,4583702.846,2.17542793,41.40007292
431167.042,4583702.846,2.17542793,41.40007292
427112.709,4582502.608,2.12707579,41.38890538
427112.709,4582502.608,2.12707579,41.38890538
427112.709,4582502.608,2.12707579,41.38890538
427112.709,4582502.608,2.12707579,41.38890538
427206.997,4582445.169,2.12821035,41.38839659
427206.997,4582445.169,2.12821035,41.38839659
431112.532,4587960.493,2.17429069,41.43841543
431112.532,4587960.493,2.17429069,41.43841543
431112.532,4587960.493,2.17429069,41.43841543
433721.572,4585095.314,2.20583228,41.41282929
433721.572,4585095.314,2.20583228,41.41282929
433721.572,4585095.314,2.20583228,41.41282929
433721.572,4585095.314,2.20583228,41.41282929
433721.572,4585095.314,2.20583228,41.41282929
430926.756,4586784.444,2.17220165,41.42780722
430926.756,4586784.444,2.17220165,41.42780722
429445.219,4582807.421,2.1549363,41.39185882
429445.219,4582807.421,2.1549363,41.39185882
433113.994,4588880.725,2.19814401,41.44687297
433113.994,4588880.725,2.19814401,41.44687297
432823.775,4582436.896,2.19538601,41.38881103
432823.775,4582436.896,2.19538601,41.38881103
426597.818,4582621.729,2.12090347,41.3899314
426597.818,4582621.729,2.12090347,41.3899314
429411.085,4587178.852,2.15401778,41.43122766
429411.085,4587178.852,2.15401778,41.43122766
430057.719,4583167.191,2.16222038,41.39515268
432172.416,4588464.098,2.18691972,41.44304151
432172.416,4588464.098,2.18691972,41.44304151
432172.416,4588464.098,2.18691972,41.44304151
430517.337,4582620.373,2.16778057,41.39026752
431277.266,4584186.433,2.17669147,41.40443788
431277.266,4584186.433,2.17669147,41.40443788
429768.536,4586546.081,2.15836911,41.42555989
429768.536,4586546.081,2.15836911,41.42555989
429045.136,4580981.92,2.15036512,41.37538193
429045.136,4580981.92,2.15036512,41.37538193
425597.765,4582819.56,2.10891878,41.39162124
425597.765,4582819.56,2.10891878,41.39162124
425597.765,4582819.56,2.10891878,41.39162124
427652.69,4584420.4,2.13330448,41.40622693
427652.69,4584420.4,2.13330448,41.40622693
433698.18,4588639.956,2.20516343,41.44475293
433698.18,4588639.956,2.20516343,41.44475293
428098.172,4580082.756,2.13914879,41.36719938
428098.172,4580082.756,2.13914879,41.36719938
427842.474,4582730.168,2.13577638,41.39102075
427842.474,4582730.168,2.13577638,41.39102075
434021.832,4587802.972,2.20912903,41.43724115
434021.832,4587802.972,2.20912903,41.43724115
430498.665,4583050.268,2.16750791,41.39413783
430498.665,4583050.268,2.16750791,41.39413783
431985.94,4583661.451,2.18522809,41.39976982
431985.94,4583661.451,2.18522809,41.39976982
429514.176,4583218.133,2.15571321,41.39556401
431274.055,4584558.517,2.17661079,41.40778884
431274.055,4584558.517,2.17661079,41.40778884
429121.812,4587869.525,2.15047488,41.43742277
429121.812,4587869.525,2.15047488,41.43742277
429121.812,4587869.525,2.15047488,41.43742277
429121.812,4587869.525,2.15047488,41.43742277
430992.197,4584476.257,2.17324825,41.40702379
430992.197,4584476.257,2.17324825,41.40702379
430149.499,4579103.997,2.16378666,41.35856469
430149.499,4579103.997,2.16378666,41.35856469
430149.499,4579103.997,2.16378666,41.35856469
427772.149,4583752.037,2.13481335,41.40021801
427772.149,4583752.037,2.13481335,41.40021801
433283.842,4586463.871,2.20044414,41.42511925
433283.842,4586463.871,2.20044414,41.42511925
432214.552,4580843.381,2.1882782,41.37440751
432214.552,4580843.381,2.1882782,41.37440751
430694.576,4582659.979,2.16989582,41.39063954
430694.576,4582659.979,2.16989582,41.39063954
428779.829,4581124.956,2.14717597,41.37664676
429816.905,4583384.305,2.15931486,41.39708715
427948.613,4582755.864,2.13704274,41.39126171
427948.613,4582755.864,2.13704274,41.39126171
427948.613,4582755.864,2.13704274,41.39126171
429097.538,4585972.649,2.15040696,41.42033624
431202.155,4586291.389,2.17555345,41.42339009
433118.072,4589134.775,2.19816467,41.44916146
430397.304,4585071.834,2.16606297,41.41233663
430397.304,4585071.834,2.16606297,41.41233663
429322.77,4582932.422,2.15345719,41.3929739
429322.77,4582932.422,2.15345719,41.3929739
426449.383,4584094.02,2.11894929,41.40317811
426449.383,4584094.02,2.11894929,41.40317811
427751.014,4583467.831,2.13459446,41.39765637
427751.014,4583467.831,2.13459446,41.39765637
427714.854,4583654.888,2.13413961,41.39933787
427714.854,4583654.888,2.13413961,41.39933787
429390.497,4584079.095,2.15413344,41.40330753
429390.497,4584079.095,2.15413344,41.40330753
432506.936,4588502.105,2.19091958,41.44341202
432506.936,4588502.105,2.19091958,41.44341202
429880.398,4582443.91,2.16018325,41.38862287
429880.398,4582443.91,2.16018325,41.38862287
430675.24,4579628.357,2.1700115,41.36333291
430675.24,4579628.357,2.1700115,41.36333291
428249.626,4583819.298,2.14051681,41.40086657
428249.626,4583819.298,2.14051681,41.40086657
428249.626,4583819.298,2.14051681,41.40086657
430230.605,4580625.464,2.16458109,41.37227514
426636.938,4584467.894,2.12114752,41.40656259
426636.938,4584467.894,2.12114752,41.40656259
426636.938,4584467.894,2.12114752,41.40656259
432001.247,4588873.702,2.18482474,41.44671617
432001.247,4588873.702,2.18482474,41.44671617
432001.247,4588873.702,2.18482474,41.44671617
430321.689,4584187.342,2.16526021,41.40436376
430321.689,4584187.342,2.16526021,41.40436376
428885.894,4582593.132,2.14827183,41.38987951
428885.894,4582593.132,2.14827183,41.38987951
425982.384,4583777.908,2.11340164,41.40028816
425982.384,4583777.908,2.11340164,41.40028816
425982.384,4583777.908,2.11340164,41.40028816
430960.452,4587988.157,2.17246731,41.43865152
430960.452,4587988.157,2.17246731,41.43865152
430960.452,4587988.157,2.17246731,41.43865152
428855.303,4583926.029,2.14774928,41.40188171
428855.303,4583926.029,2.14774928,41.40188171
432706.677,4584237.277,2.19378535,41.4050168
432706.677,4584237.277,2.19378535,41.4050168
425631.662,4582032.657,2.10942084,41.38453709
425631.662,4582032.657,2.10942084,41.38453709
426507.446,4583075.524,2.11976755,41.39401028
426507.446,4583075.524,2.11976755,41.39401028
428436.901,4584268.919,2.14270378,41.40493284
428436.901,4584268.919,2.14270378,41.40493284
428895.529,4587439,2.14781727,41.4335252
429774.921,4584566.561,2.15867545,41.40773165
429774.921,4584566.561,2.15867545,41.40773165
432773.44,4582254.561,2.19480427,41.38716459
432773.44,4582254.561,2.19480427,41.38716459
432773.44,4582254.561,2.19480427,41.38716459
428022.17,4585473.763,2.13759913,41.41574732
428022.17,4585473.763,2.13759913,41.41574732
428022.17,4585473.763,2.13759913,41.41574732
434039.867,4585166.586,2.20963266,41.41349741
434039.867,4585166.586,2.20963266,41.41349741
430442.774,4583169.157,2.16682574,41.3952038
430442.774,4583169.157,2.16682574,41.3952038
430358.153,4581066.846,2.16605539,41.3762616
430358.153,4581066.846,2.16605539,41.3762616
430358.153,4581066.846,2.16605539,41.3762616
430358.153,4581066.846,2.16605539,41.3762616
431038.115,4582540.631,2.17401815,41.38959415
431038.115,4582540.631,2.17401815,41.38959415
431038.115,4582540.631,2.17401815,41.38959415
432310.948,4589160.317,2.18849984,41.4493238
432310.948,4589160.317,2.18849984,41.4493238
429269.66,4581057.546,2.15304096,41.37608285
429269.66,4581057.546,2.15304096,41.37608285
428614.303,4582926.603,2.14498432,41.39285888
428614.303,4582926.603,2.14498432,41.39285888
428614.303,4582926.603,2.14498432,41.39285888
428978.994,4583580.008,2.14926949,41.39877617
428978.994,4583580.008,2.14926949,41.39877617
431441.679,4583354.531,2.17875255,41.39695923
431441.679,4583354.531,2.17875255,41.39695923
431338.447,4584637.519,2.17737216,41.40850589
431338.447,4584637.519,2.17737216,41.40850589
429673.448,4583506.872,2.1575847,41.39817853
428189.671,4580069.099,2.14024434,41.36708455
428189.671,4580069.099,2.14024434,41.36708455
428065.219,4583080.26,2.13839881,41.39419386
428065.219,4583080.26,2.13839881,41.39419386
428065.219,4583080.26,2.13839881,41.39419386
428065.219,4583080.26,2.13839881,41.39419386
428065.219,4583080.26,2.13839881,41.39419386
430187.727,4582930.627,2.16380267,41.39303332
430187.727,4582930.627,2.16380267,41.39303332
429718.504,4581379.167,2.15837063,41.37901893
429718.504,4581379.167,2.15837063,41.37901893
430955.382,4580894.893,2.17321631,41.37476436
430955.382,4580894.893,2.17321631,41.37476436
429553.081,4582871.595,2.15621889,41.39244627
429553.081,4582871.595,2.15621889,41.39244627
427200.43,4577361.602,2.12874236,41.34261015
427200.43,4577361.602,2.12874236,41.34261015
427200.43,4577361.602,2.12874236,41.34261015
430224.724,4582083.493,2.16434281,41.38540667
430224.724,4582083.493,2.16434281,41.38540667
430224.724,4582083.493,2.16434281,41.38540667
432107.592,4585401.755,2.18648792,41.4154545
432107.592,4585401.755,2.18648792,41.4154545
432107.592,4585401.755,2.18648792,41.4154545
429269.682,4580346.538,2.15312422,41.36967903
432610.792,4583198.243,2.19275402,41.39565047
432610.792,4583198.243,2.19275402,41.39565047
428373.45,4586366.573,2.14169625,41.42381989
428373.45,4586366.573,2.14169625,41.42381989
430684.511,4582858.435,2.16975271,41.3924261
430684.511,4582858.435,2.16975271,41.3924261
430684.511,4582858.435,2.16975271,41.3924261
431463.856,4583995.646,2.17894519,41.40273545
431463.856,4583995.646,2.17894519,41.40273545
431463.856,4583995.646,2.17894519,41.40273545
431463.856,4583995.646,2.17894519,41.40273545
432598.945,4588910.201,2.19197534,41.44709534
432598.945,4588910.201,2.19197534,41.44709534
432598.945,4588910.201,2.19197534,41.44709534
433042.41,4582486.788,2.19799533,41.38927865
433042.41,4582486.788,2.19799533,41.38927865
433042.41,4582486.788,2.19799533,41.38927865
425238.834,4581781.81,2.10475409,41.3822414
425238.834,4581781.81,2.10475409,41.3822414
425238.834,4581781.81,2.10475409,41.3822414
431631.448,4584019.511,2.18094729,41.40296468
431631.448,4584019.511,2.18094729,41.40296468
431631.448,4584019.511,2.18094729,41.40296468
428593.142,4582856.084,2.14473954,41.39222186
428593.142,4582856.084,2.14473954,41.39222186
426637.688,4581317.332,2.12153832,41.37818687
426637.688,4581317.332,2.12153832,41.37818687
431180.379,4584467.183,2.17550051,41.40695821
431180.379,4584467.183,2.17550051,41.40695821
428922.253,4584577.345,2.14847361,41.40775379
428922.253,4584577.345,2.14847361,41.40775379
428973.629,4581742.447,2.14942091,41.38222544
428973.629,4581742.447,2.14942091,41.38222544
431176.581,4588464.753,2.17499981,41.4429626
431176.581,4588464.753,2.17499981,41.4429626
431176.581,4588464.753,2.17499981,41.4429626
428596.335,4581745.97,2.14490865,41.38222374
428596.335,4581745.97,2.14490865,41.38222374
434981.22,4584639.263,2.22095208,41.40882469
434981.22,4584639.263,2.22095208,41.40882469
434981.22,4584639.263,2.22095208,41.40882469
427691.529,4580010.844,2.13429569,41.36651525
427691.529,4580010.844,2.13429569,41.36651525
429661.891,4585299.832,2.15723797,41.41432606
430471.155,4588315.378,2.1665733,41.44155642
430471.155,4588315.378,2.1665733,41.44155642
432400.822,4588896.104,2.1896053,41.44695171
432400.822,4588896.104,2.1896053,41.44695171
428060.38,4585283.102,2.13807899,41.41403354
428060.38,4585283.102,2.13807899,41.41403354
429170.507,4582688.109,2.15166465,41.39076006
429170.507,4582688.109,2.15166465,41.39076006
428294.964,4580274.972,2.14147883,41.36894816
428294.964,4580274.972,2.14147883,41.36894816
428376.073,4581229.957,2.14233568,41.37755661
431736.825,4582736.655,2.18235255,41.39141932
431736.825,4582736.655,2.18235255,41.39141932
426649.721,4582241.36,2.12157029,41.38651031
426649.721,4582241.36,2.12157029,41.38651031
429739.795,4588052.889,2.15784993,41.4391286
429739.795,4588052.889,2.15784993,41.4391286
429739.795,4588052.889,2.15784993,41.4391286
427980.486,4585452.254,2.13710296,41.41554986
427980.486,4585452.254,2.13710296,41.41554986
428576.435,4584035.468,2.14440053,41.40284265
428576.435,4584035.468,2.14440053,41.40284265
433072.086,4589234.165,2.19760315,41.45005279
433072.086,4589234.165,2.19760315,41.45005279
433072.086,4589234.165,2.19760315,41.45005279
433072.086,4589234.165,2.19760315,41.45005279
428715.915,4582443.499,2.14625652,41.38851676
428715.915,4582443.499,2.14625652,41.38851676
427182.434,4582398.224,2.12792223,41.38797155
427182.434,4582398.224,2.12792223,41.38797155
431028.022,4584609.933,2.17366158,41.40823084
431028.022,4584609.933,2.17366158,41.40823084
430228.01,4584092.678,2.16415049,41.40350303
430228.01,4584092.678,2.16415049,41.40350303
430979.953,4582939.238,2.1732771,41.39317929
430979.953,4582939.238,2.1732771,41.39317929
429255.162,4588043.96,2.15205045,41.43900559
429255.162,4588043.96,2.15205045,41.43900559
432359.581,4583689.471,2.18969437,41.40005372
432359.581,4583689.471,2.18969437,41.40005372
432359.581,4583689.471,2.18969437,41.40005372
429731.205,4581923.321,2.15845937,41.38392107
429731.205,4581923.321,2.15845937,41.38392107
429731.205,4581923.321,2.15845937,41.38392107
429731.205,4581923.321,2.15845937,41.38392107
430387.362,4582209.736,2.1662733,41.3865578
430387.362,4582209.736,2.1662733,41.3865578
431205.742,4585069.474,2.17573542,41.41238502
431205.742,4585069.474,2.17573542,41.41238502
431358.529,4581040.456,2.17802032,41.37610991
431358.529,4581040.456,2.17802032,41.37610991
431358.529,4581040.456,2.17802032,41.37610991
428427.45,4586473.164,2.14232979,41.42478473
428427.45,4586473.164,2.14232979,41.42478473
430512.159,4581814.858,2.16781109,41.38301204
430512.159,4581814.858,2.16781109,41.38301204
429176.659,4582506.787,2.15175943,41.38912749
429176.659,4582506.787,2.15175943,41.38912749
430327.1,4587724.337,2.16491725,41.43622066
430327.1,4587724.337,2.16491725,41.43622066
429361.225,4582493.597,2.15396834,41.38902493
428625.521,4578279.092,2.14566592,41.3510013
428625.521,4578279.092,2.14566592,41.3510013
430920.335,4583442.177,2.17250663,41.39770398
430920.335,4583442.177,2.17250663,41.39770398
429773.302,4583431.882,2.15878779,41.39751185
429773.302,4583431.882,2.15878779,41.39751185
428171.554,4580363.137,2.1399929,41.36973122
428171.554,4580363.137,2.1399929,41.36973122
432116.009,4588628.108,2.1862261,41.44451391
432116.009,4588628.108,2.1862261,41.44451391
428020.43,4576283.261,2.13867018,41.33297157
428020.43,4576283.261,2.13867018,41.33297157
431603.548,4585443.432,2.18045249,41.41578711
431603.548,4585443.432,2.18045249,41.41578711
429637.589,4586004.206,2.15686524,41.42066796
429637.589,4586004.206,2.15686524,41.42066796
431931.309,4584263.018,2.18450693,41.40518333
431243.159,4588705.762,2.17576928,41.44513899
431243.159,4588705.762,2.17576928,41.44513899
431243.159,4588705.762,2.17576928,41.44513899
428217.263,4581940.169,2.14035253,41.38393908
428217.263,4581940.169,2.14035253,41.38393908
428595.779,4586932.161,2.14428982,41.4289337
428595.779,4586932.161,2.14428982,41.4289337
429042.337,4583824.885,2.14999845,41.40098728
429042.337,4583824.885,2.14999845,41.40098728
432838.987,4589349.786,2.19479985,41.45107466
430050.467,4581198.965,2.16236102,41.37742486
432875.27,4584651.953,2.19575616,41.40876578
432875.27,4584651.953,2.19575616,41.40876578
429332.126,4582700.067,2.15359622,41.39088198
429332.126,4582700.067,2.15359622,41.39088198
429332.126,4582700.067,2.15359622,41.39088198
429332.126,4582700.067,2.15359622,41.39088198
433363.251,4582786.072,2.20179961,41.39200089
433363.251,4582786.072,2.20179961,41.39200089
433363.251,4582786.072,2.20179961,41.39200089
428210.426,4585888.549,2.13980227,41.41949998
428210.426,4585888.549,2.13980227,41.41949998
425910.222,4583445.835,2.11257911,41.39729068
425910.222,4583445.835,2.11257911,41.39729068
431837.23,4584359.618,2.1833706,41.4060454
431837.23,4584359.618,2.1833706,41.4060454
431243.915,4583260.458,2.17639773,41.39609505
431243.915,4583260.458,2.17639773,41.39609505
429144.628,4583098.777,2.15130706,41.39445651
429144.628,4583098.777,2.15130706,41.39445651
433375.144,4584699.573,2.20173114,41.4092363
433375.144,4584699.573,2.20173114,41.4092363
429906.02,4583287.069,2.16039204,41.39621916
429906.02,4583287.069,2.16039204,41.39621916
430582.05,4584566.048,2.16833133,41.40779718
430582.05,4584566.048,2.16833133,41.40779718
428506.237,4586566.966,2.14326148,41.42563658
428506.237,4586566.966,2.14326148,41.42563658
431563.435,4588806.197,2.17959162,41.44607095
431563.435,4588806.197,2.17959162,41.44607095
431563.435,4588806.197,2.17959162,41.44607095
432855.239,4584265.7,2.1955594,41.40528523
425982.384,4583777.908,2.11340164,41.40028816
425982.384,4583777.908,2.11340164,41.40028816
429555.546,4581336.38,2.15642697,41.37861931
429555.546,4581336.38,2.15642697,41.37861931
430974.785,4583328.332,2.17317091,41.3966833
430974.785,4583328.332,2.17317091,41.3966833
431031.814,4583551.286,2.17382764,41.39869628
431031.814,4583551.286,2.17382764,41.39869628
428958.418,4583740.528,2.14900452,41.4002201
430097.196,4583030.096,2.16270839,41.39392134
430097.196,4583030.096,2.16270839,41.39392134
430097.196,4583030.096,2.16270839,41.39392134
430361.272,4588243.807,2.16526633,41.44090228
430361.272,4588243.807,2.16526633,41.44090228
430029.446,4581426.918,2.16208332,41.37947613
430029.446,4581426.918,2.16208332,41.37947613
432559.239,4588119.187,2.19158841,41.43996761
432559.239,4588119.187,2.19158841,41.43996761
432559.239,4588119.187,2.19158841,41.43996761
432559.239,4588119.187,2.19158841,41.43996761
432559.239,4588119.187,2.19158841,41.43996761
432559.239,4588119.187,2.19158841,41.43996761
431643.111,4588377.722,2.18059388,41.44221863
431643.111,4588377.722,2.18059388,41.44221863
429524.172,4579988.309,2.15620861,41.3664749
429524.172,4579988.309,2.15620861,41.3664749
430736.951,4585638.719,2.17006158,41.41747173
432508.827,4589042.458,2.1908818,41.44827896
432508.827,4589042.458,2.1908818,41.44827896
430664.602,4583949.002,2.16938965,41.40224677
430664.602,4583949.002,2.16938965,41.40224677
430664.602,4583949.002,2.16938965,41.40224677
426058.147,4583946.543,2.11428728,41.40181395
426058.147,4583946.543,2.11428728,41.40181395
426058.147,4583946.543,2.11428728,41.40181395
432125.472,4586281.492,2.18660307,41.42337954
432125.472,4586281.492,2.18660307,41.42337954
430936.59,4584132.116,2.17262231,41.40391944
430936.59,4584132.116,2.17262231,41.40391944
429152.456,4584634.319,2.15122088,41.40828727
429152.456,4584634.319,2.15122088,41.40828727
428020.327,4585240.77,2.13760481,41.41364868
428020.327,4585240.77,2.13760481,41.41364868
428593.091,4580604.424,2.14500442,41.37194195
431299.046,4582959.379,2.17709134,41.39338804
431299.046,4582959.379,2.17709134,41.39338804
431299.046,4582959.379,2.17709134,41.39338804
427504.457,4585298.725,2.13142592,41.41412426
427504.457,4585298.725,2.13142592,41.41412426
429738.375,4582491.086,2.15847923,41.38903537
429738.375,4582491.086,2.15847923,41.38903537
426793.069,4582325.321,2.12327446,41.38727958
426793.069,4582325.321,2.12327446,41.38727958
425818.017,4582082.484,2.11164331,41.38500308
432030.192,4582034.216,2.18594015,41.3851175
432030.192,4582034.216,2.18594015,41.3851175
432030.192,4582034.216,2.18594015,41.3851175
432554.054,4586337.907,2.19172523,41.42392377
432554.054,4586337.907,2.19172523,41.42392377
431563.435,4588806.197,2.17959162,41.44607095
431563.435,4588806.197,2.17959162,41.44607095
430880.868,4583424.288,2.1720366,41.39753948
430880.868,4583424.288,2.1720366,41.39753948
431455.985,4583368.436,2.17892209,41.39708569
431455.985,4583368.436,2.17892209,41.39708569
431051.734,4587188.561,2.17365113,41.4314577
428097.57,4582748.966,2.13882511,41.39121292
428097.57,4582748.966,2.13882511,41.39121292
428373.45,4586366.573,2.14169625,41.42381989
428373.45,4586366.573,2.14169625,41.42381989
431242.622,4580854.666,2.17665545,41.37442665
431242.622,4580854.666,2.17665545,41.37442665
432164.979,4585195.467,2.18719767,41.41360139
432164.979,4585195.467,2.18719767,41.41360139
430452.149,4582422.954,2.16702361,41.38848379
430452.149,4582422.954,2.16702361,41.38848379
431453.079,4587065.695,2.17846818,41.43038546
431453.079,4587065.695,2.17846818,41.43038546
432483.81,4588874.369,2.19060114,41.44676293
432483.81,4588874.369,2.19060114,41.44676293
432483.81,4588874.369,2.19060114,41.44676293
429452.6,4582399.396,2.15507213,41.38818452
429452.6,4582399.396,2.15507213,41.38818452
428005.458,4582013.964,2.13781084,41.38458478
428005.458,4582013.964,2.13781084,41.38458478
430597.29,4582227.144,2.16878189,41.38673273
430597.29,4582227.144,2.16878189,41.38673273
430698.553,4584185.004,2.16976873,41.40437529
430698.553,4584185.004,2.16976873,41.40437529
431089.062,4584377.386,2.17441831,41.40614161
432114.649,4588122.617,2.18626666,41.43996102
432114.649,4588122.617,2.18626666,41.43996102
432114.649,4588122.617,2.18626666,41.43996102
431457.138,4583406.898,2.17893153,41.3974322
431457.138,4583406.898,2.17893153,41.3974322
431147.954,4582171.622,2.17537379,41.38628001
427472.724,4582498.357,2.13138195,41.38889965
427472.724,4582498.357,2.13138195,41.38889965
431243.159,4588705.762,2.17576928,41.44513899
432111.763,4586065.606,2.18646327,41.42143395
432111.763,4586065.606,2.18646327,41.42143395
432111.763,4586065.606,2.18646327,41.42143395
429874.322,4588069.397,2.15945816,41.43928904
429874.322,4588069.397,2.15945816,41.43928904
429874.322,4588069.397,2.15945816,41.43928904
429874.322,4588069.397,2.15945816,41.43928904
431112.532,4587960.493,2.17429069,41.43841543
431112.532,4587960.493,2.17429069,41.43841543
432134.809,4584834.857,2.18687719,41.41035093
432134.809,4584834.857,2.18687719,41.41035093
433167.94,4582635.803,2.19948021,41.39063123
433167.94,4582635.803,2.19948021,41.39063123
433167.94,4582635.803,2.19948021,41.39063123
429680.151,4585735.604,2.15740576,41.41825249
429680.151,4585735.604,2.15740576,41.41825249
430603.222,4584092.489,2.16863895,41.40353382
430603.222,4584092.489,2.16863895,41.40353382
429771.205,4582360.832,2.15888698,41.38786508
429771.205,4582360.832,2.15888698,41.38786508
429771.205,4582360.832,2.15888698,41.38786508
432189.153,4584672.131,2.18754558,41.4088899
432189.153,4584672.131,2.18754558,41.4088899
427895.243,4581105.458,2.13660095,41.37639233
433416.901,4583011.21,2.20241652,41.3940331
431409.05,4583395.388,2.17835764,41.39732444
431409.05,4583395.388,2.17835764,41.39732444
431553.841,4583500.417,2.18007765,41.39828275
431553.841,4583500.417,2.18007765,41.39828275
431553.841,4583500.417,2.18007765,41.39828275
431553.841,4583500.417,2.18007765,41.39828275
430134.592,4583421.81,2.16311045,41.39745262
430134.592,4583421.81,2.16311045,41.39745262
433406.969,4582829.315,2.20231773,41.39239399
433406.969,4582829.315,2.20231773,41.39239399
431805.566,4583335.014,2.18310729,41.39681441
431805.566,4583335.014,2.18310729,41.39681441
427200.372,4583487.593,2.12800575,41.39778468
427200.372,4583487.593,2.12800575,41.39778468
429135.986,4582517.08,2.15127179,41.38921662
428296.552,4577849.209,2.14178467,41.34710024
428296.552,4577849.209,2.14178467,41.34710024
430647.332,4582213.246,2.16938195,41.38661188
426980.583,4582337.706,2.12551551,41.38740818
426980.583,4582337.706,2.12551551,41.38740818
431545.262,4583698.059,2.17995267,41.40006212
431545.262,4583698.059,2.17995267,41.40006212
430678.112,4585439.724,2.16938039,41.41567437
430678.112,4585439.724,2.16938039,41.41567437
431466.557,4584937.051,2.17887083,41.41121463
431466.557,4584937.051,2.17887083,41.41121463
431466.557,4584937.051,2.17887083,41.41121463
431466.557,4584937.051,2.17887083,41.41121463
430987.16,4582551.3,2.17340752,41.38968588
430987.16,4582551.3,2.17340752,41.38968588
433360.699,4589095.87,2.20107343,41.44883124
433360.699,4589095.87,2.20107343,41.44883124
433360.699,4589095.87,2.20107343,41.44883124
433360.699,4589095.87,2.20107343,41.44883124
429418.607,4583801.032,2.15450214,41.40080558
429418.607,4583801.032,2.15450214,41.40080558
427954.947,4582701.104,2.13712502,41.39076907
427954.947,4582701.104,2.13712502,41.39076907
427954.947,4582701.104,2.13712502,41.39076907
429024.254,4581845.284,2.15001425,41.38315612
429024.254,4581845.284,2.15001425,41.38315612
428920.138,4581047.93,2.14886274,41.37596543
428920.138,4581047.93,2.14886274,41.37596543
430400.817,4581042.581,2.16656833,41.37604675
430400.817,4581042.581,2.16656833,41.37604675
430400.817,4581042.581,2.16656833,41.37604675
429206.725,4579426.054,2.15247901,41.36138297
427128.557,4584966.809,2.12696857,41.41110083
427128.557,4584966.809,2.12696857,41.41110083
427128.557,4584966.809,2.12696857,41.41110083
431660.604,4584737.389,2.18121495,41.40943287
431660.604,4584737.389,2.18121495,41.40943287
429045.136,4580981.92,2.15036512,41.37538193
429045.136,4580981.92,2.15036512,41.37538193
431180.379,4584467.183,2.17550051,41.40695821
431180.379,4584467.183,2.17550051,41.40695821
431855.831,4586046.677,2.18340298,41.42124179
431855.831,4586046.677,2.18340298,41.42124179
424015.506,4586789.969,2.08949617,41.42723262
434848.852,4584967.564,2.21933311,41.4117709
434078.332,4585946.199,2.21000786,41.42052235
434078.332,4585946.199,2.21000786,41.42052235
434078.332,4585946.199,2.21000786,41.42052235
434078.332,4585946.199,2.21000786,41.42052235
434078.332,4585946.199,2.21000786,41.42052235
431978.337,4590161.914,2.18440529,41.45831668
431978.337,4590161.914,2.18440529,41.45831668
431645.925,4581570.377,2.18139703,41.38090725
431645.925,4581570.377,2.18139703,41.38090725
430992.197,4584476.257,2.17324825,41.40702379
430992.197,4584476.257,2.17324825,41.40702379
431649.43,4587045.012,2.18082034,41.43021591
431649.43,4587045.012,2.18082034,41.43021591
431649.43,4587045.012,2.18082034,41.43021591
431649.43,4587045.012,2.18082034,41.43021591
427525.965,4580375.394,2.1322727,41.36978372
427525.965,4580375.394,2.1322727,41.36978372
430502.482,4585416.609,2.16728169,41.41545101
430502.482,4585416.609,2.16728169,41.41545101
427575.967,4582577.493,2.13260722,41.3896217
427575.967,4582577.493,2.13260722,41.3896217
427575.967,4582577.493,2.13260722,41.3896217
428086.481,4581832.774,2.1388013,41.38296012
428086.481,4581832.774,2.1388013,41.38296012
431309.06,4587956.75,2.17664332,41.43839856
431309.06,4587956.75,2.17664332,41.43839856
426554.025,4575908.844,2.12119286,41.32946695
426554.025,4575908.844,2.12119286,41.32946695
431903.193,4587439.249,2.18381276,41.43378824
431903.193,4587439.249,2.18381276,41.43378824
432968.51,4589200.555,2.19636698,41.44974143
432968.51,4589200.555,2.19636698,41.44974143
430013.511,4578960.667,2.16217758,41.35726193
430013.511,4578960.667,2.16217758,41.35726193
428832.031,4583752.644,2.14749129,41.40031804
428832.031,4583752.644,2.14749129,41.40031804
428832.031,4583752.644,2.14749129,41.40031804
427954.947,4582701.104,2.13712502,41.39076907
427954.947,4582701.104,2.13712502,41.39076907
428804.38,4583474.144,2.1471933,41.39780724
428804.38,4583474.144,2.1471933,41.39780724
431693.799,4581490.565,2.18197853,41.38019248
431693.799,4581490.565,2.18197853,41.38019248
431749.924,4583528.764,2.18241989,41.39855473
429058.62,4584404.705,2.15012524,41.40621094
429058.62,4584404.705,2.15012524,41.40621094
432180.012,4585953.628,2.18729248,41.42043118
432180.012,4585953.628,2.18729248,41.42043118
426762.609,4583222.225,2.12280168,41.39535485
426762.609,4583222.225,2.12280168,41.39535485
429322.077,4581785.116,2.15358283,41.38264044
429322.077,4581785.116,2.15358283,41.38264044
429322.077,4581785.116,2.15358283,41.38264044
430686.858,4580920.057,2.17000266,41.37496791
430686.858,4580920.057,2.17000266,41.37496791
428201.364,4584174.206,2.13989738,41.40405878
428201.364,4584174.206,2.13989738,41.40405878
426784.38,4584603.635,2.12289492,41.40779859
426784.38,4584603.635,2.12289492,41.40779859
429650.923,4581430.435,2.15755655,41.37947478
429650.923,4581430.435,2.15755655,41.37947478
427894.587,4579091.369,2.13683271,41.35825207
428590.931,4584314.03,2.14454105,41.40535283
428590.931,4584314.03,2.14454105,41.40535283
428590.931,4584314.03,2.14454105,41.40535283
427378.413,4581168.679,2.13041346,41.37691524
427378.413,4581168.679,2.13041346,41.37691524
427378.413,4581168.679,2.13041346,41.37691524
431166.25,4580844.365,2.17574344,41.37432734
431166.25,4580844.365,2.17574344,41.37432734
428626.714,4582957.559,2.14512911,41.39313879
428626.714,4582957.559,2.14512911,41.39313879
431350.636,4583265.766,2.17767363,41.39615198
431350.636,4583265.766,2.17767363,41.39615198
431350.636,4583265.766,2.17767363,41.39615198
429925.34,4583325.784,2.16061865,41.39656954
429925.34,4583325.784,2.16061865,41.39656954
427631.167,4583529.519,2.13315358,41.3982012
427631.167,4583529.519,2.13315358,41.3982012
427631.167,4583529.519,2.13315358,41.3982012
426657.96,4583906.163,2.1214671,41.40150523
426657.96,4583906.163,2.1214671,41.40150523
431394.903,4586283.411,2.17786079,41.42333473
431394.903,4586283.411,2.17786079,41.42333473
430512.54,4580901.658,2.16792041,41.37478716
429186.115,4586139.7,2.15144724,41.42184862
429186.115,4586139.7,2.15144724,41.42184862
428711.389,4587312.187,2.14562848,41.43236671
428711.389,4587312.187,2.14562848,41.43236671
433010.802,4584901.86,2.19734991,41.41102794
433010.802,4584901.86,2.19734991,41.41102794
430421.441,4585408.98,2.16631295,41.41537528
430421.441,4585408.98,2.16631295,41.41537528
432118.05,4583103.425,2.18687095,41.394755
432118.05,4583103.425,2.18687095,41.394755
432096.482,4586521.501,2.18622919,41.42553876
432096.482,4586521.501,2.18622919,41.42553876
425692.697,4583109.845,2.11001854,41.39424449
425692.697,4583109.845,2.11001854,41.39424449
428871.603,4587569.59,2.14751555,41.43469924
428871.603,4587569.59,2.14751555,41.43469924
428871.603,4587569.59,2.14751555,41.43469924
431624.307,4586491.289,2.18058233,41.42522659
430187.727,4582930.627,2.16380267,41.39303332
430187.727,4582930.627,2.16380267,41.39303332
429542.244,4579962.716,2.15642765,41.36624597
429542.244,4579962.716,2.15642765,41.36624597
428283.938,4582019.174,2.14114052,41.3846566
428283.938,4582019.174,2.14114052,41.3846566
430706.95,4583601.636,2.169936,41.39912181
430706.95,4583601.636,2.169936,41.39912181
430706.95,4583601.636,2.169936,41.39912181
428933.636,4581033.693,2.14902581,41.37583839
428933.636,4581033.693,2.14902581,41.37583839
430909.436,4582363.131,2.17249943,41.38798441
430909.436,4582363.131,2.17249943,41.38798441
428867.359,4583035.93,2.14799812,41.39386598
428867.359,4583035.93,2.14799812,41.39386598
429673.776,4587653.133,2.1571063,41.43552237
429673.776,4587653.133,2.1571063,41.43552237
430901.774,4584863.979,2.17212222,41.41050811
430901.774,4584863.979,2.17212222,41.41050811
428492.614,4582751.299,2.14354958,41.39126917
428492.614,4582751.299,2.14354958,41.39126917
428492.614,4582751.299,2.14354958,41.39126917
431008.244,4582354.807,2.17368208,41.38791793
431008.244,4582354.807,2.17368208,41.38791793
429173.978,4582876.378,2.15168413,41.39245603
429173.978,4582876.378,2.15168413,41.39245603
425359.831,4582358.849,2.10612988,41.38744977
425359.831,4582358.849,2.10612988,41.38744977
432475.483,4589691.166,2.19041007,41.45411883
432475.483,4589691.166,2.19041007,41.45411883
426480.658,4584332.251,2.11929446,41.40532662
426480.658,4584332.251,2.11929446,41.40532662
426480.658,4584332.251,2.11929446,41.40532662
431363.279,4583313.928,2.1778194,41.39658684
431363.279,4583313.928,2.1778194,41.39658684
429817.133,4582361.217,2.15943621,41.38787256
429817.133,4582361.217,2.15943621,41.38787256
432113.662,4582742.383,2.18685897,41.39150282
432113.662,4582742.383,2.18685897,41.39150282
431638.774,4583430.478,2.18110147,41.39766005
430278.354,4584914.174,2.16465803,41.41090633
430278.354,4584914.174,2.16465803,41.41090633
430278.354,4584914.174,2.16465803,41.41090633
431073.781,4582522.394,2.17444679,41.38943296
431073.781,4582522.394,2.17444679,41.38943296
432758.379,4581836.017,2.19467063,41.3833936
432123.077,4586455.003,2.18655492,41.42494209
432123.077,4586455.003,2.18655492,41.42494209
432123.077,4586455.003,2.18655492,41.42494209
428953.878,4582272.644,2.14912251,41.38699899
427557.222,4582526.092,2.13238919,41.38915707
427557.222,4582526.092,2.13238919,41.38915707
426498.51,4582192.316,2.1197679,41.38605478
426498.51,4582192.316,2.1197679,41.38605478
427722.439,4582364.77,2.13438439,41.38771897
427722.439,4582364.77,2.13438439,41.38771897
434020.309,4583616.443,2.20956776,41.39953405
434020.309,4583616.443,2.20956776,41.39953405
428155.966,4582708.109,2.13952837,41.39085015
428155.966,4582708.109,2.13952837,41.39085015
431618.011,4588855.592,2.18023931,41.44652049
431618.011,4588855.592,2.18023931,41.44652049
431618.011,4588855.592,2.18023931,41.44652049
431618.011,4588855.592,2.18023931,41.44652049
427731.101,4584363.337,2.13424932,41.40572004
427731.101,4584363.337,2.13424932,41.40572004
427731.101,4584363.337,2.13424932,41.40572004
426511.58,4584385.351,2.11965791,41.40580769
426511.58,4584385.351,2.11965791,41.40580769
426062.63,4583917.332,2.11434447,41.40155128
426062.63,4583917.332,2.11434447,41.40155128
426062.63,4583917.332,2.11434447,41.40155128
426062.63,4583917.332,2.11434447,41.40155128
429119.639,4581196.167,2.15123089,41.37731816
429119.639,4581196.167,2.15123089,41.37731816
428097.57,4582748.966,2.13882511,41.39121292
428097.57,4582748.966,2.13882511,41.39121292
432951.187,4584960.738,2.19663016,41.41155326
432951.187,4584960.738,2.19663016,41.41155326
432922.678,4588961.943,2.19584484,41.4475885
432922.678,4588961.943,2.19584484,41.4475885
430313.666,4581107.996,2.16551871,41.37662837
430313.666,4581107.996,2.16551871,41.37662837
430134.837,4585150.645,2.16291371,41.41302367
430134.837,4585150.645,2.16291371,41.41302367
431388.323,4583719.128,2.17807301,41.40023849
431388.323,4583719.128,2.17807301,41.40023849
429775.473,4578643.737,2.1593688,41.3543867
429775.473,4578643.737,2.1593688,41.3543867
429775.473,4578643.737,2.1593688,41.3543867
429775.473,4578643.737,2.1593688,41.3543867
430453.561,4581623.91,2.16713227,41.38128717
430453.561,4581623.91,2.16713227,41.38128717
434796.981,4584868.105,2.21872325,41.41087089
434796.981,4584868.105,2.21872325,41.41087089
431108.154,4586871.621,2.17436247,41.42860797
431108.154,4586871.621,2.17436247,41.42860797
427116.461,4577304.64,2.12774568,41.34208952
427116.461,4577304.64,2.12774568,41.34208952
431967.192,4588893.813,2.18441482,41.44689442
428474.914,4586649.835,2.14287685,41.42638016
428474.914,4586649.835,2.14287685,41.42638016
430022.751,4582583.058,2.16186966,41.38988853
430022.751,4582583.058,2.16186966,41.38988853
431638.814,4585804.307,2.18083364,41.4190404
431638.814,4585804.307,2.18083364,41.4190404
431638.814,4585804.307,2.18083364,41.4190404
428307.922,4578872.897,2.14179956,41.35632129
428307.922,4578872.897,2.14179956,41.35632129
429844.787,4584373.978,2.15953361,41.40600323
427206.997,4582445.169,2.12821035,41.38839659
427206.997,4582445.169,2.12821035,41.38839659
433070.663,4582462.987,2.19833586,41.38906663
428739.017,4585434.884,2.14618048,41.41546107
428739.017,4585434.884,2.14618048,41.41546107
431306.804,4582018.495,2.17729089,41.38491442
431306.804,4582018.495,2.17729089,41.38491442
429253.126,4581213.368,2.15282507,41.37748484
429253.126,4581213.368,2.15282507,41.37748484
430081.384,4581868.232,2.16265345,41.38345542
428499.732,4582666.131,2.14364477,41.39050273
428499.732,4582666.131,2.14364477,41.39050273
432055.039,4588441.181,2.18551733,41.44282517
432055.039,4588441.181,2.18551733,41.44282517
429841.216,4581617.309,2.15981042,41.38117452
429841.216,4581617.309,2.15981042,41.38117452
429841.216,4581617.309,2.15981042,41.38117452
429462.179,4584163.783,2.15498104,41.40407658
429462.179,4584163.783,2.15498104,41.40407658
429507.187,4581564.136,2.1558222,41.38066639
429507.187,4581564.136,2.1558222,41.38066639
429507.187,4581564.136,2.1558222,41.38066639
431379.757,4583943.124,2.17794514,41.40225523
431379.757,4583943.124,2.17794514,41.40225523
431379.757,4583943.124,2.17794514,41.40225523
430277.162,4582833.019,2.1648836,41.39216196
430277.162,4582833.019,2.1648836,41.39216196
430277.162,4582833.019,2.1648836,41.39216196
431611.322,4585883.198,2.18049577,41.4197486
431611.322,4585883.198,2.18049577,41.4197486
430793.352,4588493.952,2.17040933,41.44319262
430793.352,4588493.952,2.17040933,41.44319262
430793.352,4588493.952,2.17040933,41.44319262
430793.352,4588493.952,2.17040933,41.44319262
430793.352,4588493.952,2.17040933,41.44319262
428871.603,4587569.59,2.14751555,41.43469924
428871.603,4587569.59,2.14751555,41.43469924
428871.603,4587569.59,2.14751555,41.43469924
431275.837,4583019.166,2.17680695,41.39392453
431275.837,4583019.166,2.17680695,41.39392453
431275.837,4583019.166,2.17680695,41.39392453
430028.144,4583341.238,2.16184651,41.39671768
430028.144,4583341.238,2.16184651,41.39671768
430417.451,4584280.134,2.1663951,41.40520781
430417.451,4584280.134,2.1663951,41.40520781
430417.451,4584280.134,2.1663951,41.40520781
430417.451,4584280.134,2.1663951,41.40520781
428015.151,4579337.272,2.13824474,41.36047763
428015.151,4579337.272,2.13824474,41.36047763
428415.711,4579339.21,2.14303299,41.36053082
430971.258,4588585.669,2.17252833,41.44403401
430971.258,4588585.669,2.17252833,41.44403401
430971.258,4588585.669,2.17252833,41.44403401
430704.97,4582088.39,2.17008556,41.38549231
430704.97,4582088.39,2.17008556,41.38549231
429460.634,4581243.702,2.15530282,41.37777627
429460.634,4581243.702,2.15530282,41.37777627
432107.867,4584675.253,2.18657277,41.40891114
432107.867,4584675.253,2.18657277,41.40891114
429716.408,4583312.23,2.15812116,41.39642921
429716.408,4583312.23,2.15812116,41.39642921
429716.408,4583312.23,2.15812116,41.39642921
429716.408,4583312.23,2.15812116,41.39642921
430307.435,4584218.486,2.16508611,41.40464303
430307.435,4584218.486,2.16508611,41.40464303
431369.711,4583900.935,2.17782974,41.40187439
431369.711,4583900.935,2.17782974,41.40187439
427891.785,4583865.873,2.13623083,41.40125402
427891.785,4583865.873,2.13623083,41.40125402
427216.563,4581653.313,2.12841993,41.38126552
427216.563,4581653.313,2.12841993,41.38126552
427216.563,4581653.313,2.12841993,41.38126552
428404.807,4585495.936,2.14217459,41.41598123
428404.807,4585495.936,2.14217459,41.41598123
427591.64,4577810.306,2.13336422,41.34668676
427591.64,4577810.306,2.13336422,41.34668676
427500.529,4584915.376,2.13142488,41.41067126
427500.529,4584915.376,2.13142488,41.41067126
433324.776,4583780.858,2.20122982,41.40095749
426976.16,4581591.516,2.12555259,41.38068714
426976.16,4581591.516,2.12555259,41.38068714
426976.16,4581591.516,2.12555259,41.38068714
429445.102,4580699.514,2.15518047,41.37287357
429445.102,4580699.514,2.15518047,41.37287357
427605.517,4583482.641,2.13285237,41.39777667
427605.517,4583482.641,2.13285237,41.39777667
427605.517,4583482.641,2.13285237,41.39777667
429828.576,4582206.544,2.15959099,41.38648047
429828.576,4582206.544,2.15959099,41.38648047
431909.926,4584820.253,2.18418839,41.41020037
431909.926,4584820.253,2.18418839,41.41020037
428695.452,4587021.546,2.14547206,41.42974762
428695.452,4587021.546,2.14547206,41.42974762
431584.894,4588795.144,2.17984974,41.44597323
431584.894,4588795.144,2.17984974,41.44597323
429737.738,4581724.845,2.15856052,41.38213403
429737.738,4581724.845,2.15856052,41.38213403
430978.263,4583706.756,2.17316935,41.40009194
430978.263,4583706.756,2.17316935,41.40009194
430018.615,4582204.719,2.16186392,41.38648059
430018.615,4582204.719,2.16186392,41.38648059
428499.732,4582666.131,2.14364477,41.39050273
428499.732,4582666.131,2.14364477,41.39050273
434002.995,4584610.324,2.20925223,41.40848428
434002.995,4584610.324,2.20925223,41.40848428
430855.98,4579978.799,2.17213228,41.36650481
430855.98,4579978.799,2.17213228,41.36650481
428831.744,4583915.624,2.14746868,41.40178591
428831.744,4583915.624,2.14746868,41.40178591
428503.129,4584982.906,2.14341164,41.41136933
428503.129,4584982.906,2.14341164,41.41136933
431549.668,4586503.683,2.17968777,41.42533185
431549.668,4586503.683,2.17968777,41.42533185
425404.649,4581888.602,2.1067238,41.38321863
425404.649,4581888.602,2.1067238,41.38321863
433859.539,4587503.471,2.2072194,41.43453026
431537.812,4588717.161,2.179295,41.44526685
431537.812,4588717.161,2.179295,41.44526685
431537.812,4588717.161,2.179295,41.44526685
432800.776,4584710.486,2.19485846,41.40928674
432800.776,4584710.486,2.19485846,41.40928674
434025.654,4587739.871,2.20918168,41.43667313
434025.654,4587739.871,2.20918168,41.43667313
426033.766,4576840.875,2.1148629,41.33781383
431733.576,4589037.342,2.18160211,41.44816729
431733.576,4589037.342,2.18160211,41.44816729
431733.576,4589037.342,2.18160211,41.44816729
433709.405,4588051.548,2.20536239,41.43945424
433709.405,4588051.548,2.20536239,41.43945424
432147.095,4585756.377,2.18692076,41.41865182
432147.095,4585756.377,2.18692076,41.41865182
429453.555,4578421.994,2.15554658,41.35236137
429453.555,4578421.994,2.15554658,41.35236137
429453.555,4578421.994,2.15554658,41.35236137
431299.37,4583378.449,2.17704764,41.3971625
431299.37,4583378.449,2.17704764,41.3971625
429204.565,4580586.973,2.15231759,41.37183882
432046.093,4583751.411,2.18593752,41.40058515
432046.093,4583751.411,2.18593752,41.40058515
432850.382,4587069.279,2.19518988,41.43053584
432850.382,4587069.279,2.19518988,41.43053584
432602.82,4585296.584,2.19242488,41.41454898
432602.82,4585296.584,2.19242488,41.41454898
431374.625,4588717.957,2.17734155,41.44526008
431374.625,4588717.957,2.17734155,41.44526008
433010.802,4584901.86,2.19734991,41.41102794
433010.802,4584901.86,2.19734991,41.41102794
433996.603,4587900.48,2.20881642,41.4381173
433996.603,4587900.48,2.20881642,41.4381173
429453.322,4583441.157,2.15495935,41.39756737
429453.322,4583441.157,2.15495935,41.39756737
431530.797,4582759.732,2.1798858,41.39160965
431530.797,4582759.732,2.1798858,41.39160965
428118.565,4580973.907,2.13928689,41.37522749
428118.565,4580973.907,2.13928689,41.37522749
430786.003,4584628.535,2.17076411,41.40837757
430786.003,4584628.535,2.17076411,41.40837757
432208.429,4581320.627,2.18815158,41.37870543
428960.491,4587747.759,2.14855842,41.43631181
428960.491,4587747.759,2.14855842,41.43631181
428960.491,4587747.759,2.14855842,41.43631181
427428.574,4584292.647,2.13063876,41.4050561
427428.574,4584292.647,2.13063876,41.4050561
430022.751,4582583.058,2.16186966,41.38988853
430022.751,4582583.058,2.16186966,41.38988853
428695.452,4587021.546,2.14547206,41.42974762
428695.452,4587021.546,2.14547206,41.42974762
428399.472,4585019.832,2.14216713,41.41169267
428399.472,4585019.832,2.14216713,41.41169267
428399.472,4585019.832,2.14216713,41.41169267
428984.21,4581769.761,2.14954424,41.38247238
429502.767,4580956.955,2.15584,41.37519732
430212.588,4581379.338,2.16427881,41.37906351
430212.588,4581379.338,2.16427881,41.37906351
428045.091,4585465.581,2.13787434,41.41567568
428045.091,4585465.581,2.13787434,41.41567568
427647.521,4579751.263,2.13380054,41.36417334
427647.521,4579751.263,2.13380054,41.36417334
427647.521,4579751.263,2.13380054,41.36417334
431615.599,4583180.11,2.18085255,41.39540309
431615.599,4583180.11,2.18085255,41.39540309
430000.922,4581633.072,2.16171841,41.38133041
430000.922,4581633.072,2.16171841,41.38133041
430000.922,4581633.072,2.16171841,41.38133041
428536.804,4586651.514,2.14361726,41.42640079
428536.804,4586651.514,2.14361726,41.42640079
428536.804,4586651.514,2.14361726,41.42640079
434007.449,4585877.103,2.20916724,41.4198942
434007.449,4585877.103,2.20916724,41.4198942
434007.449,4585877.103,2.20916724,41.4198942
434007.449,4585877.103,2.20916724,41.4198942
434007.449,4585877.103,2.20916724,41.4198942
434007.449,4585877.103,2.20916724,41.4198942
429640.111,4582207.726,2.15733695,41.38647464
429640.111,4582207.726,2.15733695,41.38647464
429436.237,4582624.808,2.15485017,41.39021329
429436.237,4582624.808,2.15485017,41.39021329
433780.432,4583404.458,2.2067216,41.39760502
433780.432,4583404.458,2.2067216,41.39760502
429649.258,4582966.26,2.1573582,41.3933073
429649.258,4582966.26,2.1573582,41.3933073
427463.754,4580706.265,2.13148929,41.37275814
429509.439,4580569.978,2.1559648,41.37171253
429509.439,4580569.978,2.1559648,41.37171253
430134.592,4583421.81,2.16311045,41.39745262
430134.592,4583421.81,2.16311045,41.39745262
427978.745,4580978.495,2.13761451,41.3752563
427978.745,4580978.495,2.13761451,41.3752563
429354.289,4581928.398,2.15395132,41.38393377
428052.356,4578736.631,2.13876078,41.35507118
429578.297,4586995.747,2.15604022,41.42959319
431743.794,4584455.08,2.18224206,41.40689727
431743.794,4584455.08,2.18224206,41.40689727
428623.71,4581415.947,2.1452749,41.37925378
428623.71,4581415.947,2.1452749,41.37925378
428702.476,4587136.006,2.14554261,41.43077913
428702.476,4587136.006,2.14554261,41.43077913
431625.872,4585436.176,2.18072041,41.41572366
431625.872,4585436.176,2.18072041,41.41572366
433772.118,4587665.514,2.20615536,41.43598253
433772.118,4587665.514,2.20615536,41.43598253
433054.616,4582474.246,2.1981427,41.3891667
433054.616,4582474.246,2.1981427,41.3891667
428250.74,4581450.638,2.14081087,41.37953304
428250.74,4581450.638,2.14081087,41.37953304
431584.894,4588795.144,2.17984974,41.44597323
431584.894,4588795.144,2.17984974,41.44597323
431584.894,4588795.144,2.17984974,41.44597323
434371.961,4583978.786,2.21373485,41.40282639
434371.961,4583978.786,2.21373485,41.40282639
430706.95,4583601.636,2.169936,41.39912181
430706.95,4583601.636,2.169936,41.39912181
429962.898,4582548.175,2.16115786,41.38956914
429962.898,4582548.175,2.16115786,41.38956914
429962.898,4582548.175,2.16115786,41.38956914
432503.366,4588216.801,2.19090875,41.44084209
429283.608,4582606.912,2.15302682,41.3900387
429283.608,4582606.912,2.15302682,41.3900387
428855.24,4578603.228,2.14837367,41.35394103
428855.24,4578603.228,2.14837367,41.35394103
428855.24,4578603.228,2.14837367,41.35394103
430879.481,4580880.608,2.17231039,41.37462918
430879.481,4580880.608,2.17231039,41.37462918
426649.721,4582241.36,2.12157029,41.38651031
426649.721,4582241.36,2.12157029,41.38651031
429578.297,4586995.747,2.15604022,41.42959319
429578.297,4586995.747,2.15604022,41.42959319
432147.88,4585942.067,2.1869093,41.42032433
432147.88,4585942.067,2.1869093,41.42032433
426480.452,4584345.667,2.11929036,41.40544744
426480.452,4584345.667,2.11929036,41.40544744
427833.612,4579896.024,2.13600803,41.36549386
431898.044,4585915.041,2.18392292,41.42005977
431898.044,4585915.041,2.18392292,41.42005977
430268.771,4588059.446,2.16418045,41.43923379
430268.771,4588059.446,2.16418045,41.43923379
429649.258,4582966.26,2.1573582,41.3933073
429649.258,4582966.26,2.1573582,41.3933073
428408.32,4586457.54,2.14210273,41.4246423
428408.32,4586457.54,2.14210273,41.4246423
430931.778,4582415.709,2.17276063,41.38845989
430931.778,4582415.709,2.17276063,41.38845989
430319.15,4584380.574,2.16520757,41.40610391
430319.15,4584380.574,2.16520757,41.40610391
427682.472,4583182.375,2.13380873,41.39507923
427682.472,4583182.375,2.13380873,41.39507923
433275.459,4588288.593,2.20014226,41.44155327
433275.459,4588288.593,2.20014226,41.44155327
430350.87,4583026.432,2.16574291,41.39391036
429737.738,4581724.845,2.15856052,41.38213403
429737.738,4581724.845,2.15856052,41.38213403
430097.196,4583030.096,2.16270839,41.39392134
430097.196,4583030.096,2.16270839,41.39392134
431423.577,4588735.238,2.17792554,41.44541991
429626.942,4583004.58,2.15708683,41.39365049
429626.942,4583004.58,2.15708683,41.39365049
429982.106,4582522.937,2.16139051,41.3893435
429982.106,4582522.937,2.16139051,41.3893435
433606.109,4587959.344,2.20413618,41.43861525
433606.109,4587959.344,2.20413618,41.43861525
430323.868,4586789.538,2.16498639,41.427801
430323.868,4586789.538,2.16498639,41.427801
429144.628,4583098.777,2.15130706,41.39445651
429144.628,4583098.777,2.15130706,41.39445651
427438.781,4582009.871,2.13103454,41.38449699
427438.781,4582009.871,2.13103454,41.38449699
427438.781,4582009.871,2.13103454,41.38449699
427438.781,4582009.871,2.13103454,41.38449699
429144.628,4583098.777,2.15130706,41.39445651
429144.628,4583098.777,2.15130706,41.39445651
429144.628,4583098.777,2.15130706,41.39445651
428023.379,4579362.533,2.13834012,41.36070588
428023.379,4579362.533,2.13834012,41.36070588
425786.685,4584456.334,2.11097754,41.40638038
425786.685,4584456.334,2.11097754,41.40638038
429722.015,4582462.242,2.15828692,41.38877415
429722.015,4582462.242,2.15828692,41.38877415
427269.206,4581410.675,2.12907858,41.37908494
427269.206,4581410.675,2.12907858,41.37908494
427726.021,4579962.154,2.13471387,41.36607981
427726.021,4579962.154,2.13471387,41.36607981
427012.552,4581944.113,2.12594528,41.38386615
427012.552,4581944.113,2.12594528,41.38386615
430955.382,4580894.893,2.17321631,41.37476436
431480.571,4584041.838,2.17913992,41.40315291
431480.571,4584041.838,2.17913992,41.40315291
431480.571,4584041.838,2.17913992,41.40315291
428509.16,4586744.684,2.14327543,41.42723747
428509.16,4586744.684,2.14327543,41.42723747
428509.16,4586744.684,2.14327543,41.42723747
428509.16,4586744.684,2.14327543,41.42723747
428509.16,4586744.684,2.14327543,41.42723747
428509.16,4586744.684,2.14327543,41.42723747
428509.16,4586744.684,2.14327543,41.42723747
428509.16,4586744.684,2.14327543,41.42723747
431324.478,4583529.837,2.17733078,41.39852815
433752.23,4588498.691,2.20582592,41.44348507
433752.23,4588498.691,2.20582592,41.44348507
429388.258,4587872.077,2.15366356,41.43746924
429388.258,4587872.077,2.15366356,41.43746924
429068.511,4581836.059,2.15054459,41.38307694
429068.511,4581836.059,2.15054459,41.38307694
429774.769,4583089.182,2.15884511,41.3944254
429774.769,4583089.182,2.15884511,41.3944254
429774.769,4583089.182,2.15884511,41.3944254
433372.349,4585277.855,2.20163399,41.4144445
433372.349,4585277.855,2.20163399,41.4144445
433372.349,4585277.855,2.20163399,41.4144445
430432.835,4585050.815,2.16649049,41.4121504
430432.835,4585050.815,2.16649049,41.4121504
427782.279,4585202.748,2.13476132,41.41328487
427782.279,4585202.748,2.13476132,41.41328487
428505.87,4582846.363,2.1436969,41.39212655
428505.87,4582846.363,2.1436969,41.39212655
428505.87,4582846.363,2.1436969,41.39212655
430972.098,4581122.92,2.17339021,41.37681957
430972.098,4581122.92,2.17339021,41.37681957
429115.589,4583945.867,2.15086051,41.40208339
427578.774,4580280.39,2.13291544,41.36893281
427578.774,4580280.39,2.13291544,41.36893281
430136.462,4584503.574,2.1630079,41.40719587
430136.462,4584503.574,2.1630079,41.40719587
432036.474,4588344.981,2.18530594,41.44195716
432695.295,4585200.751,2.19354196,41.41369359
432695.295,4585200.751,2.19354196,41.41369359
429359.703,4583452.756,2.15383819,41.39766361
429359.703,4583452.756,2.15383819,41.39766361
427887.366,4585413.364,2.13599346,41.41519124
427887.366,4585413.364,2.13599346,41.41519124
429198.107,4586613.298,2.15153526,41.42611518
429198.107,4586613.298,2.15153526,41.42611518
429198.107,4586613.298,2.15153526,41.42611518
430786.398,4583330.195,2.17091737,41.39668388
430786.398,4583330.195,2.17091737,41.39668388
432986.826,4584903.522,2.19706288,41.41104091
432986.826,4584903.522,2.19706288,41.41104091
430599.118,4583712.762,2.16863341,41.40011338
430599.118,4583712.762,2.16863341,41.40011338
427354.251,4582900.129,2.12991683,41.39250755
429136.194,4587843.357,2.15065008,41.43718835
429136.194,4587843.357,2.15065008,41.43718835
428403.298,4582903.759,2.14246332,41.39263437
428403.298,4582903.759,2.14246332,41.39263437
427954.947,4582701.104,2.13712502,41.39076907
427954.947,4582701.104,2.13712502,41.39076907
431461.533,4584551.408,2.17885443,41.40774083
424309.786,4587080.11,2.09298132,41.42987355
430410.296,4583715.96,2.16637439,41.40012586
430410.296,4583715.96,2.16637439,41.40012586
430983.348,4584083.918,2.17318715,41.40348936
430983.348,4584083.918,2.17318715,41.40348936
427282.374,4582280.533,2.1291316,41.3869206
427282.374,4582280.533,2.1291316,41.3869206
434412.067,4584349.397,2.21417442,41.40616767
430124.959,4588297.482,2.16243163,41.44136517
430124.959,4588297.482,2.16243163,41.44136517
427461.504,4584100.122,2.13105577,41.40332509
426354.248,4581090.183,2.11817667,41.37611512
426354.248,4581090.183,2.11817667,41.37611512
433653.973,4586136.524,2.20490924,41.42220161
433653.973,4586136.524,2.20490924,41.42220161
428624.179,4581364.967,2.14528652,41.37879466
428624.179,4581364.967,2.14528652,41.37879466
430126.003,4581709.911,2.16320531,41.38203336
430126.003,4581709.911,2.16320531,41.38203336
431584.894,4588795.144,2.17984974,41.44597323
431584.894,4588795.144,2.17984974,41.44597323
430991.246,4583556.03,2.17334184,41.39873552
430991.246,4583556.03,2.17334184,41.39873552
430991.246,4583556.03,2.17334184,41.39873552
429526.499,4584621.466,2.15569715,41.40820441
429526.499,4584621.466,2.15569715,41.40820441
433080.252,4583662.488,2.19831792,41.39987103
433080.252,4583662.488,2.19831792,41.39987103
431553.841,4583500.417,2.18007765,41.39828275
431553.841,4583500.417,2.18007765,41.39828275
427190.786,4582695.783,2.12798633,41.3906523
427190.786,4582695.783,2.12798633,41.3906523
433674.472,4583435.454,2.20545077,41.39787546
428022.17,4585473.763,2.13759913,41.41574732
428022.17,4585473.763,2.13759913,41.41574732
431074.869,4584632.3,2.17421947,41.40843632
431074.869,4584632.3,2.17421947,41.40843632
430390.999,4588528.385,2.16558933,41.44346794
426177.852,4582125.238,2.11594131,41.38542126
426177.852,4582125.238,2.11594131,41.38542126
426177.852,4582125.238,2.11594131,41.38542126
430430.934,4585118.987,2.1664599,41.41276424
430430.934,4585118.987,2.1664599,41.41276424
434419.096,4584784.706,2.21421132,41.41008897
434419.096,4584784.706,2.21421132,41.41008897
434419.096,4584784.706,2.21421132,41.41008897
434419.096,4584784.706,2.21421132,41.41008897
430577.542,4582299.784,2.16853739,41.38738527
430577.542,4582299.784,2.16853739,41.38738527
430577.542,4582299.784,2.16853739,41.38738527
427626.55,4582662.44,2.13320203,41.39039134
427626.55,4582662.44,2.13320203,41.39039134
430175.609,4583501.335,2.16359189,41.39817244
430175.609,4583501.335,2.16359189,41.39817244
431706.075,4582274.467,2.18203691,41.38725391
431706.075,4582274.467,2.18203691,41.38725391
432996.942,4588404.961,2.19679564,41.44257815
432996.942,4588404.961,2.19679564,41.44257815
432996.942,4588404.961,2.19679564,41.44257815
429681.445,4582374.163,2.15781194,41.3879773
429681.445,4582374.163,2.15781194,41.3879773
431900.34,4586103.955,2.18392912,41.42176145
431900.34,4586103.955,2.18392912,41.42176145
431713.948,4581617.074,2.18220521,41.38133362
431713.948,4581617.074,2.18220521,41.38133362
427725.906,4583693.716,2.13426716,41.39968857
427725.906,4583693.716,2.13426716,41.39968857
434007.449,4585877.103,2.20916724,41.4198942
434007.449,4585877.103,2.20916724,41.4198942
430121.355,4582099.833,2.16310473,41.38554485
430121.355,4582099.833,2.16310473,41.38554485
427237.63,4581029.647,2.12874676,41.37565031
427237.63,4581029.647,2.12874676,41.37565031
429423.128,4583162.055,2.15463074,41.39505094
429423.128,4583162.055,2.15463074,41.39505094
429423.128,4583162.055,2.15463074,41.39505094
431842.113,4584552.399,2.18340729,41.40778213
431842.113,4584552.399,2.18340729,41.40778213
431842.113,4584552.399,2.18340729,41.40778213
430694.576,4582659.979,2.16989582,41.39063954
430694.576,4582659.979,2.16989582,41.39063954
430694.576,4582659.979,2.16989582,41.39063954
429154.671,4583863.259,2.15133769,41.40134281
429154.671,4583863.259,2.15133769,41.40134281
427707.675,4579681.552,2.134528,41.36355088
427707.675,4579681.552,2.134528,41.36355088
431563.435,4588806.197,2.17959162,41.44607095
431563.435,4588806.197,2.17959162,41.44607095
431263.351,4581784.651,2.17679778,41.38280454
430278.769,4583465.06,2.16483001,41.39785468
430278.769,4583465.06,2.16483001,41.39785468
429589.83,4582224.7,2.15673366,41.38662312
429589.83,4582224.7,2.15673366,41.38662312
430689.868,4583237.734,2.16977335,41.39584279
428418.543,4580468.714,2.14293346,41.37070414
428418.543,4580468.714,2.14293346,41.37070414
430052.919,4582636.555,2.16222429,41.39037299
430052.919,4582636.555,2.16222429,41.39037299
428262.704,4579003.567,2.14124358,41.35749417
428262.704,4579003.567,2.14124358,41.35749417
433664.342,4584517.829,2.20521092,41.4076233
430831.878,4581241.558,2.17169997,41.37787606
430831.878,4581241.558,2.17169997,41.37787606
427518.764,4580549.611,2.13216576,41.37135218
427518.764,4580549.611,2.13216576,41.37135218
431605.765,4585370.871,2.18048723,41.41513377
431605.765,4585370.871,2.18048723,41.41513377
431605.765,4585370.871,2.18048723,41.41513377
429551.721,4582681.467,2.15622475,41.39073373
426937.481,4584495.808,2.12473949,41.40684137
426937.481,4584495.808,2.12473949,41.40684137
431305.782,4583388.459,2.1771232,41.3972532
431305.782,4583388.459,2.1771232,41.3972532
434385.736,4583964.782,2.21390114,41.40270138
434385.736,4583964.782,2.21390114,41.40270138
434385.736,4583964.782,2.21390114,41.40270138
434385.736,4583964.782,2.21390114,41.40270138
434385.736,4583964.782,2.21390114,41.40270138
430406.122,4588623.198,2.16575942,41.4443232
430406.122,4588623.198,2.16575942,41.4443232
430406.122,4588623.198,2.16575942,41.4443232
428598.708,4586926.274,2.14432557,41.42888094
428598.708,4586926.274,2.14432557,41.42888094
428598.708,4586926.274,2.14432557,41.42888094
431516.302,4587473.292,2.17917859,41.43406194
431516.302,4587473.292,2.17917859,41.43406194
431516.302,4587473.292,2.17917859,41.43406194
429469.184,4580894.659,2.15544571,41.37463329
429469.184,4580894.659,2.15544571,41.37463329
427621.972,4585406.975,2.13281894,41.41510982
427621.972,4585406.975,2.13281894,41.41510982
430793.068,4583897.513,2.17093226,41.4017941
430793.068,4583897.513,2.17093226,41.4017941
433723.918,4585600.717,2.20580495,41.41738151
433723.918,4585600.717,2.20580495,41.41738151
431842.113,4584552.399,2.18340729,41.40778213
431842.113,4584552.399,2.18340729,41.40778213
431842.113,4584552.399,2.18340729,41.40778213
432695.295,4585200.751,2.19354196,41.41369359
432695.295,4585200.751,2.19354196,41.41369359
430852.191,4584805.774,2.17153567,41.40997961
430852.191,4584805.774,2.17153567,41.40997961
430305.801,4582503.129,2.16526411,41.38919323
430305.801,4582503.129,2.16526411,41.38919323
434731.89,4584332.532,2.21800231,41.40604182
434731.89,4584332.532,2.21800231,41.40604182
429880.398,4582443.91,2.16018325,41.38862287
429880.398,4582443.91,2.16018325,41.38862287
429880.398,4582443.91,2.16018325,41.38862287
427321.758,4580436.087,2.1298239,41.37031194
427321.758,4580436.087,2.1298239,41.37031194
427578.774,4580280.39,2.13291544,41.36893281
427578.774,4580280.39,2.13291544,41.36893281
428903.837,4580824.307,2.14869407,41.37394989
428903.837,4580824.307,2.14869407,41.37394989
431145.899,4587390.968,2.17475497,41.43328879
431145.899,4587390.968,2.17475497,41.43328879
432565.123,4583244.664,2.1922026,41.39606474
432565.123,4583244.664,2.1922026,41.39606474
426759.949,4583807.321,2.12269904,41.40062432
426759.949,4583807.321,2.12269904,41.40062432
425098.691,4581932.441,2.10305959,41.38358502
425098.691,4581932.441,2.10305959,41.38358502
425098.691,4581932.441,2.10305959,41.38358502
428602.268,4586836.146,2.14437882,41.42806951
428602.268,4586836.146,2.14437882,41.42806951
432044.163,4583396.496,2.1859543,41.39738837
432044.163,4583396.496,2.1859543,41.39738837
429142.194,4583820.381,2.15119345,41.40095552
429142.194,4583820.381,2.15119345,41.40095552
429841.216,4581617.309,2.15981042,41.38117452
429841.216,4581617.309,2.15981042,41.38117452
428632.376,4587020.885,2.1447173,41.42973606
428632.376,4587020.885,2.1447173,41.42973606
429078.411,4582782.776,2.15055208,41.39160456
429078.411,4582782.776,2.15055208,41.39160456
429078.411,4582782.776,2.15055208,41.39160456
432021.733,4588978.606,2.18505815,41.44766274
432021.733,4588978.606,2.18505815,41.44766274
430562.795,4583557.345,2.16821675,41.39871045
430562.795,4583557.345,2.16821675,41.39871045
429104.503,4581856.378,2.15097262,41.38326312
429104.503,4581856.378,2.15097262,41.38326312
429104.503,4581856.378,2.15097262,41.38326312
427435.962,4576447.933,2.13166647,41.33440229
427435.962,4576447.933,2.13166647,41.33440229
427435.962,4576447.933,2.13166647,41.33440229
427435.962,4576447.933,2.13166647,41.33440229
433072.055,4589234.307,2.19760276,41.45005406
433072.055,4589234.307,2.19760276,41.45005406
430993.997,4584846.26,2.17322757,41.41035644
429831.322,4583321.359,2.15949461,41.39652147
431610.376,4586260.319,2.18044178,41.42314513
431610.376,4586260.319,2.18044178,41.42314513
429845.904,4582433.842,2.15977188,41.38852918
429845.904,4582433.842,2.15977188,41.38852918
429845.904,4582433.842,2.15977188,41.38852918
429845.904,4582433.842,2.15977188,41.38852918
427333.663,4585086.156,2.12940804,41.41219432
427333.663,4585086.156,2.12940804,41.41219432
427333.663,4585086.156,2.12940804,41.41219432
429393.928,4585072.987,2.15405845,41.41225945
429393.928,4585072.987,2.15405845,41.41225945
426887.192,4584726.25,2.12411004,41.40891229
426887.192,4584726.25,2.12411004,41.40891229
426887.192,4584726.25,2.12411004,41.40891229
431510.905,4588833.99,2.17895967,41.44631679
431510.905,4588833.99,2.17895967,41.44631679
426793.069,4582325.321,2.12327446,41.38727958
426793.069,4582325.321,2.12327446,41.38727958
429409.171,4586570.547,2.15406595,41.42574873
429409.171,4586570.547,2.15406595,41.42574873
428192.381,4585110.716,2.13967875,41.41249274
428192.381,4585110.716,2.13967875,41.41249274
433605.541,4584487.782,2.20451076,41.40734783
433605.541,4584487.782,2.20451076,41.40734783
428979.624,4582309.394,2.14942611,41.38733226
428979.624,4582309.394,2.14942611,41.38733226
429249.541,4584681.623,2.1523768,41.40872187
429249.541,4584681.623,2.1523768,41.40872187
429741.275,4580930.721,2.15869493,41.37498191
429741.275,4580930.721,2.15869493,41.37498191
428038.95,4585288.931,2.1378219,41.41408412
428038.95,4585288.931,2.1378219,41.41408412
427947.163,4585379.477,2.13671294,41.4148914
427947.163,4585379.477,2.13671294,41.4148914
427067.422,4582366.306,2.1265506,41.38767365
431254.986,4585086.979,2.17632259,41.41254689
431254.986,4585086.979,2.17632259,41.41254689
428097.57,4582748.966,2.13882511,41.39121292
428097.57,4582748.966,2.13882511,41.39121292
428097.57,4582748.966,2.13882511,41.39121292
428077.446,4582706.622,2.13858945,41.39082974
428077.446,4582706.622,2.13858945,41.39082974
429546.734,4584235.889,2.15598413,41.40473343
431015.694,4580281.48,2.1740073,41.36924469
431015.694,4580281.48,2.1740073,41.36924469
431015.694,4580281.48,2.1740073,41.36924469
430094.668,4582858.128,2.16269801,41.39237226
430094.668,4582858.128,2.16269801,41.39237226
430684.477,4587630.734,2.16920523,41.43540856
430684.477,4587630.734,2.16920523,41.43540856
434328.895,4585442.704,2.21306071,41.41600803
430931.582,4582928.692,2.17269976,41.39308016
430931.582,4582928.692,2.17269976,41.39308016
430931.582,4582928.692,2.17269976,41.39308016
429096.918,4580720.581,2.15101487,41.3730327
429096.918,4580720.581,2.15101487,41.3730327
428743.284,4584591.459,2.14633091,41.40786506
428743.284,4584591.459,2.14633091,41.40786506
431029.277,4580384.135,2.17415802,41.37017044
431029.277,4580384.135,2.17415802,41.37017044
429548.345,4582493.343,2.15620627,41.38903906
429548.345,4582493.343,2.15620627,41.38903906
427339.934,4581173.569,2.12995277,41.3769558
427339.934,4581173.569,2.12995277,41.3769558
430155.92,4582713.394,2.1634473,41.39107401
430155.92,4582713.394,2.1634473,41.39107401
429845.904,4582433.842,2.15977188,41.38852918
429845.904,4582433.842,2.15977188,41.38852918
431180.988,4582927.014,2.17568298,41.39308644
431180.988,4582927.014,2.17568298,41.39308644
430639.264,4582486.431,2.16925416,41.38907167
430639.264,4582486.431,2.16925416,41.38907167
427441.955,4581022.04,2.13119082,41.37560025
427441.955,4581022.04,2.13119082,41.37560025
433764.025,4587327.651,2.20609554,41.43293883
433764.025,4587327.651,2.20609554,41.43293883
433116.32,4582877,2.19883617,41.39279934
433116.32,4582877,2.19883617,41.39279934
433116.32,4582877,2.19883617,41.39279934
427714.159,4585334.953,2.13393052,41.41446946
427714.159,4585334.953,2.13393052,41.41446946
427714.159,4585334.953,2.13393052,41.41446946
428614.303,4582926.603,2.14498432,41.39285888
428614.303,4582926.603,2.14498432,41.39285888
431503.155,4586146.569,2.17917166,41.42211148
431503.155,4586146.569,2.17917166,41.42211148
427343.607,4581494.042,2.12995825,41.37984252
427343.607,4581494.042,2.12995825,41.37984252
427343.607,4581494.042,2.12995825,41.37984252
430314.795,4583622.343,2.16524282,41.3992744
430314.795,4583622.343,2.16524282,41.3992744
430314.795,4583622.343,2.16524282,41.3992744
430314.795,4583622.343,2.16524282,41.3992744
430783.34,4580931.82,2.17115496,41.37508217
430783.34,4580931.82,2.17115496,41.37508217
430783.34,4580931.82,2.17115496,41.37508217
430684.511,4582858.435,2.16975271,41.3924261
430684.511,4582858.435,2.16975271,41.3924261
427568.119,4579901.009,2.13283339,41.3655149
427568.119,4579901.009,2.13283339,41.3655149
427197.979,4581371.167,2.12823161,41.37872265
427197.979,4581371.167,2.12823161,41.37872265
430045.861,4583689.736,2.16201815,41.39985802
430311.625,4583242.671,2.16524862,41.39585455
430311.625,4583242.671,2.16524862,41.39585455
433012.664,4588988.968,2.19691902,41.44783942
433012.664,4588988.968,2.19691902,41.44783942
433012.664,4588988.968,2.19691902,41.44783942
432968.51,4589200.555,2.19636698,41.44974143
432968.51,4589200.555,2.19636698,41.44974143
432968.51,4589200.555,2.19636698,41.44974143
432968.51,4589200.555,2.19636698,41.44974143
432974.352,4584304.212,2.19698006,41.40564204
432974.352,4584304.212,2.19698006,41.40564204
432974.352,4584304.212,2.19698006,41.40564204
431089.062,4584377.386,2.17441831,41.40614161
431089.062,4584377.386,2.17441831,41.40614161
429159.036,4584532.419,2.15131154,41.40737007
430707.546,4582361.145,2.17008515,41.38794915
430707.546,4582361.145,2.17008515,41.38794915
430594.162,4583143.181,2.16863945,41.39498292
430594.162,4583143.181,2.16863945,41.39498292
430594.162,4583143.181,2.16863945,41.39498292
431475.409,4588470.789,2.17857599,41.44304254
431475.409,4588470.789,2.17857599,41.44304254
431475.409,4588470.789,2.17857599,41.44304254
430219.454,4581381.755,2.16436063,41.37908587
433649.349,4584225.941,2.20506357,41.40499311
433649.349,4584225.941,2.20506357,41.40499311
428889.044,4582784.581,2.14828701,41.39160409
428889.044,4582784.581,2.14828701,41.39160409
433372.349,4585277.855,2.20163399,41.4144445
433372.349,4585277.855,2.20163399,41.4144445
433372.349,4585277.855,2.20163399,41.4144445
429978.13,4588136.19,2.16069288,41.43989968
429978.13,4588136.19,2.16069288,41.43989968
433764.025,4587327.651,2.20609554,41.43293883
433764.025,4587327.651,2.20609554,41.43293883
426564.884,4582505.322,2.1205237,41.38887996
426564.884,4582505.322,2.1205237,41.38887996
426564.884,4582505.322,2.1205237,41.38887996
432096.203,4585900.167,2.18629567,41.41994258
432096.203,4585900.167,2.18629567,41.41994258
431426.038,4583988.274,2.17849364,41.40266583
431426.038,4583988.274,2.17849364,41.40266583
431426.038,4583988.274,2.17849364,41.40266583
428614.899,4587084.654,2.14450061,41.43030885
428614.899,4587084.654,2.14450061,41.43030885
430155.92,4582713.394,2.1634473,41.39107401
430155.92,4582713.394,2.1634473,41.39107401
430155.92,4582713.394,2.1634473,41.39107401
431572.791,4581512.154,2.18052905,41.38037663
432067.556,4584334.897,2.18612875,41.40584225
432067.556,4584334.897,2.18612875,41.40584225
427404.859,4581027.441,2.13074661,41.37564554
427404.859,4581027.441,2.13074661,41.37564554
431937.469,4583875.377,2.18462423,41.40169248
428169.161,4582827.418,2.13967202,41.3919259
428876.649,4583180.871,2.1480922,41.39517224
428876.649,4583180.871,2.1480922,41.39517224
428876.649,4583180.871,2.1480922,41.39517224
428876.649,4583180.871,2.1480922,41.39517224
428876.649,4583180.871,2.1480922,41.39517224
429411.085,4587178.852,2.15401778,41.43122766
429411.085,4587178.852,2.15401778,41.43122766
431854.719,4581597.368,2.18389082,41.38116807
431854.719,4581597.368,2.18389082,41.38116807
431854.719,4581597.368,2.18389082,41.38116807
431854.719,4581597.368,2.18389082,41.38116807
428427.45,4586473.164,2.14232979,41.42478473
428427.45,4586473.164,2.14232979,41.42478473
425238.834,4581781.81,2.10475409,41.3822414
425238.834,4581781.81,2.10475409,41.3822414
430317.305,4585099.909,2.16510263,41.41258256
430317.305,4585099.909,2.16510263,41.41258256
433646.34,4583272.17,2.20513217,41.39640247
433646.34,4583272.17,2.20513217,41.39640247
430031.232,4581617.199,2.1620827,41.38119008
430031.232,4581617.199,2.1620827,41.38119008
430005.45,4583130.22,2.16159947,41.39481514
430005.45,4583130.22,2.16159947,41.39481514
429742.651,4582333.208,2.15854869,41.38761379
429742.651,4582333.208,2.15854869,41.38761379
428188.947,4580529.12,2.14018118,41.37122774
428188.947,4580529.12,2.14018118,41.37122774
428188.947,4580529.12,2.14018118,41.37122774
429331.007,4582892.327,2.15356039,41.3926135
429331.007,4582892.327,2.15356039,41.3926135
430290.604,4583088.442,2.16501495,41.39446364
430290.604,4583088.442,2.16501495,41.39446364
430277.162,4582833.019,2.1648836,41.39216196
430277.162,4582833.019,2.1648836,41.39216196
430277.162,4582833.019,2.1648836,41.39216196
429394.601,4586754.222,2.15387013,41.42740173
429394.601,4586754.222,2.15387013,41.42740173
429305.551,4587950.916,2.15266445,41.43817203
429305.551,4587950.916,2.15266445,41.43817203
431076.53,4583033.397,2.17442149,41.39403565
431076.53,4583033.397,2.17442149,41.39403565
432869.806,4582348.982,2.19594629,41.38802306
432869.806,4582348.982,2.19594629,41.38802306
433773.706,4584609.139,2.20650926,41.40845474
433773.706,4584609.139,2.20650926,41.40845474
430316.254,4580904.024,2.16557312,41.37479148
430316.254,4580904.024,2.16557312,41.37479148
425852.582,4582020.451,2.11206426,41.38444757
425852.582,4582020.451,2.11206426,41.38444757
425852.582,4582020.451,2.11206426,41.38444757
427426.768,4580841.638,2.13103084,41.37397407
427426.768,4580841.638,2.13103084,41.37397407
427869.956,4585406.474,2.13578598,41.41512763
427869.956,4585406.474,2.13578598,41.41512763
428737.416,4578083.995,2.14702629,41.34925403
428737.416,4578083.995,2.14702629,41.34925403
433652.428,4585530.404,2.20495728,41.41674232
433652.428,4585530.404,2.20495728,41.41674232
427959.323,4580039.04,2.13749396,41.36679323
427959.323,4580039.04,2.13749396,41.36679323
427959.323,4580039.04,2.13749396,41.36679323
427959.323,4580039.04,2.13749396,41.36679323
431258.873,4580951.93,2.17683873,41.37530407
431258.873,4580951.93,2.17683873,41.37530407
427128.557,4584966.809,2.12696857,41.41110083
427128.557,4584966.809,2.12696857,41.41110083
427128.557,4584966.809,2.12696857,41.41110083
427128.557,4584966.809,2.12696857,41.41110083
431373.137,4585218.563,2.17772122,41.41374214
431373.137,4585218.563,2.17772122,41.41374214
426082.192,4583901.997,2.11458035,41.40141496
426082.192,4583901.997,2.11458035,41.40141496
433419.728,4584565.958,2.20227924,41.40803655
433419.728,4584565.958,2.20227924,41.40803655
430592.1,4583173.234,2.16861135,41.39525342
427282.374,4582280.533,2.1291316,41.3869206
427282.374,4582280.533,2.1291316,41.3869206
430346.276,4580622.704,2.16596444,41.37226031
430346.276,4580622.704,2.16596444,41.37226031
427428.574,4584292.647,2.13063876,41.4050561
427428.574,4584292.647,2.13063876,41.4050561
431167.042,4583702.846,2.17542793,41.40007292
431167.042,4583702.846,2.17542793,41.40007292
432352.605,4587865.343,2.18914361,41.43766393
432352.605,4587865.343,2.18914361,41.43766393
430375.949,4582519.185,2.16610121,41.38934392
430375.949,4582519.185,2.16610121,41.38934392
430375.949,4582519.185,2.16610121,41.38934392
430189.549,4581878.028,2.16394583,41.38355306
430189.549,4581878.028,2.16394583,41.38355306
426498.51,4582192.316,2.1197679,41.38605478
426498.51,4582192.316,2.1197679,41.38605478
430896.382,4588524.605,2.17163907,41.44347758
430896.382,4588524.605,2.17163907,41.44347758
431523.693,4588815.124,2.17911488,41.44614796
431523.693,4588815.124,2.17911488,41.44614796
427381.791,4581160.345,2.13045485,41.37684048
427381.791,4581160.345,2.13045485,41.37684048
433841.502,4584030.809,2.2073836,41.40325144
433841.502,4584030.809,2.2073836,41.40325144
427953.189,4576020.525,2.13789786,41.33059917
427953.189,4576020.525,2.13789786,41.33059917
427953.189,4576020.525,2.13789786,41.33059917
432969.159,4589201.616,2.19637463,41.44975104
432969.159,4589201.616,2.19637463,41.44975104
431622.059,4585995.458,2.18061154,41.42076061
431622.059,4585995.458,2.18061154,41.42076061
429021.331,4583530.773,2.14978168,41.39833647
429021.331,4583530.773,2.14978168,41.39833647
429072.878,4584437.46,2.15029196,41.40650721
429072.878,4584437.46,2.15029196,41.40650721
427991.722,4585305.071,2.13725493,41.41422526
427991.722,4585305.071,2.13725493,41.41422526
433591.926,4584081.379,2.2043925,41.40368633
433591.926,4584081.379,2.2043925,41.40368633
430602.498,4583903.413,2.16865197,41.40183081
430602.498,4583903.413,2.16865197,41.40183081
430602.498,4583903.413,2.16865197,41.40183081
430993.374,4584658.47,2.17324153,41.40866503
430993.374,4584658.47,2.17324153,41.40866503
434051.105,4587698.491,2.2094908,41.43630252
428210.426,4585888.549,2.13980227,41.41949998
428210.426,4585888.549,2.13980227,41.41949998
433457.109,4585569.803,2.20261596,41.41708101
433457.109,4585569.803,2.20261596,41.41708101
428427.45,4586473.164,2.14232979,41.42478473
428427.45,4586473.164,2.14232979,41.42478473
431026.984,4587540.783,2.17331471,41.43462791
431026.984,4587540.783,2.17331471,41.43462791
430337.722,4588274.45,2.16498092,41.44117623
430337.722,4588274.45,2.16498092,41.44117623
427603.242,4585335.3,2.13260342,41.4144626
432755.314,4585307.648,2.19424816,41.4146614
427932.492,4580580.568,2.13710878,41.37166818
427932.492,4580580.568,2.13710878,41.37166818
428066.633,4585051.291,2.13818137,41.41194628
428066.633,4585051.291,2.13818137,41.41194628
427647.11,4580111.534,2.13375262,41.36741813
427647.11,4580111.534,2.13375262,41.36741813
430579.611,4587097.874,2.16801139,41.43060023
430579.611,4587097.874,2.16801139,41.43060023
429180.71,4578306.438,2.15229875,41.35129663
429180.71,4578306.438,2.15229875,41.35129663
428173.369,4580228.731,2.14003052,41.36852084
431461.533,4584551.408,2.17885443,41.40774083
430081.493,4582023.746,2.1626368,41.3848561
430081.493,4582023.746,2.1626368,41.3848561
429845.904,4582433.842,2.15977188,41.38852918
429845.904,4582433.842,2.15977188,41.38852918
430311.08,4582286.328,2.1653522,41.38724102
430311.08,4582286.328,2.1653522,41.38724102
430311.08,4582286.328,2.1653522,41.38724102
430690.501,4583426.611,2.1697593,41.397544
430690.501,4583426.611,2.1697593,41.397544
430228.01,4584092.678,2.16415049,41.40350303
430228.01,4584092.678,2.16415049,41.40350303
431164.612,4583326.2,2.17544171,41.39668038
431164.612,4583326.2,2.17544171,41.39668038
429054.273,4583653.953,2.15016127,41.39944881
429054.273,4583653.953,2.15016127,41.39944881
430361.272,4588243.807,2.16526633,41.44090228
430361.272,4588243.807,2.16526633,41.44090228
433090.149,4586350.987,2.19813882,41.42408642
433090.149,4586350.987,2.19813882,41.42408642
432474.274,4586693.888,2.19073078,41.42712327
432474.274,4586693.888,2.19073078,41.42712327
430543.616,4580942.83,2.16828728,41.37516066
430543.616,4580942.83,2.16828728,41.37516066
430543.616,4580942.83,2.16828728,41.37516066
428559.017,4584322.861,2.14415823,41.40542954
428559.017,4584322.861,2.14415823,41.40542954
428559.017,4584322.861,2.14415823,41.40542954
429644.791,4578490.83,2.15782445,41.35299809
429644.791,4578490.83,2.15782445,41.35299809
429644.791,4578490.83,2.15782445,41.35299809
427423.784,4581974.043,2.13085949,41.38417294
427423.784,4581974.043,2.13085949,41.38417294
427111.042,4584061.101,2.12686816,41.40294192
427111.042,4584061.101,2.12686816,41.40294192
427111.042,4584061.101,2.12686816,41.40294192
428250.74,4581450.638,2.14081087,41.37953304
431827.936,4583820.52,2.18332016,41.40118912
431827.936,4583820.52,2.18332016,41.40118912
430455.38,4588033.267,2.16641697,41.43901419
430455.38,4588033.267,2.16641697,41.43901419
431236.775,4584509.068,2.17617043,41.40734029
431998.577,4585528.22,2.18516937,41.41658431
431998.577,4585528.22,2.18516937,41.41658431
431181.285,4587936.675,2.1751163,41.4382068
431181.285,4587936.675,2.1751163,41.4382068
431181.285,4587936.675,2.1751163,41.4382068
431463.856,4583995.646,2.17894519,41.40273545
431463.856,4583995.646,2.17894519,41.40273545
430786.511,4583519.874,2.17089704,41.39839227
430786.511,4583519.874,2.17089704,41.39839227
430061.219,4582806.771,2.16230389,41.39190679
430061.219,4582806.771,2.16230389,41.39190679
430061.219,4582806.771,2.16230389,41.39190679
431889.993,4587018.859,2.18370218,41.43000082
431889.993,4587018.859,2.18370218,41.43000082
430949.235,4584104.69,2.1727767,41.40367352
430949.235,4584104.69,2.1727767,41.40367352
430949.235,4584104.69,2.1727767,41.40367352
428177.166,4585885.504,2.13940467,41.41946957
428177.166,4585885.504,2.13940467,41.41946957
426909.241,4583916.216,2.12447169,41.40161868
426909.241,4583916.216,2.12447169,41.40161868
429880.2,4588120.612,2.15952256,41.43975083
429880.2,4588120.612,2.15952256,41.43975083
429880.2,4588120.612,2.15952256,41.43975083
427113.636,4582130.469,2.12713167,41.38555375
427113.636,4582130.469,2.12713167,41.38555375
429443.402,4581071.931,2.15511678,41.37622767
429443.402,4581071.931,2.15511678,41.37622767
430092.872,4583083.164,2.16265054,41.39439893
430092.872,4583083.164,2.16265054,41.39439893
430092.872,4583083.164,2.16265054,41.39439893
428448.641,4582827.778,2.14301463,41.39195407
428448.641,4582827.778,2.14301463,41.39195407
428448.641,4582827.778,2.14301463,41.39195407
428448.641,4582827.778,2.14301463,41.39195407
430559.813,4582336.392,2.16832116,41.38771346
430559.813,4582336.392,2.16832116,41.38771346
428315.283,4582032.15,2.14151383,41.38477626
428315.283,4582032.15,2.14151383,41.38477626
429388.818,4587623.35,2.15369934,41.43522911
429388.818,4587623.35,2.15369934,41.43522911
428691.278,4580704.768,2.14616659,41.37285442
427504.457,4585298.725,2.13142592,41.41412426
427504.457,4585298.725,2.13142592,41.41412426
431025.318,4586658.155,2.17339555,41.42667826
431025.318,4586658.155,2.17339555,41.42667826
431734.227,4582471.909,2.18235133,41.38903461
429122.617,4583540.975,2.150992,41.39843729
431643.268,4587233.44,2.18072527,41.4319125
431643.268,4587233.44,2.18072527,41.4319125
432496.676,4589251.264,2.190713,41.45015857
430457.121,4588348.411,2.16640152,41.44185273
430457.121,4588348.411,2.16640152,41.44185273
429830.925,4582396.046,2.15959712,41.38818746
429830.925,4582396.046,2.15959712,41.38818746
429830.925,4582396.046,2.15959712,41.38818746
429257.366,4581833.721,2.1528033,41.38307252
429257.366,4581833.721,2.1528033,41.38307252
429257.366,4581833.721,2.1528033,41.38307252
427115.905,4583172.34,2.12703338,41.39493767
427115.905,4583172.34,2.12703338,41.39493767
428732.446,4584934.237,2.14616087,41.41095136
428732.446,4584934.237,2.14616087,41.41095136
431213.914,4580892.215,2.17630792,41.37476239
431213.914,4580892.215,2.17630792,41.37476239
431213.914,4580892.215,2.17630792,41.37476239
431089.062,4584377.386,2.17441831,41.40614161
431089.062,4584377.386,2.17441831,41.40614161
432508.776,4585577.91,2.19126829,41.4170749
432508.776,4585577.91,2.19126829,41.4170749
430953.115,4585833.289,2.17262575,41.41924277
430953.115,4585833.289,2.17262575,41.41924277
430121.355,4582099.833,2.16310473,41.38554485
430121.355,4582099.833,2.16310473,41.38554485
427681.571,4583319.401,2.13378158,41.39631328
427782.204,4581008.612,2.13526085,41.37550993
430654.184,4581687.049,2.16952415,41.38187317
433465.207,4586330.484,2.20262912,41.42393293
427714.629,4582690.845,2.13425204,41.3906551
434136.558,4585258.541,2.21077949,41.41433357
434136.558,4585258.541,2.21077949,41.41433357
428864.998,4584394.31,2.14781018,41.40610019
428864.998,4584394.31,2.14781018,41.40610019
428864.998,4584394.31,2.14781018,41.40610019
425738.246,4582336.766,2.11065816,41.38728592
425738.246,4582336.766,2.11065816,41.38728592
427436.59,4575256.619,2.13181633,41.32367253
427436.59,4575256.619,2.13181633,41.32367253
432180.599,4581416.593,2.18780805,41.37956743
432180.599,4581416.593,2.18780805,41.37956743
427459.188,4580201.46,2.13149512,41.36821114
432543.765,4586490.118,2.19158512,41.42529382
427873.2,4580383.438,2.13642332,41.36988738
430257.838,4580474.519,2.16492408,41.37091799
430257.838,4580474.519,2.16492408,41.37091799
433600.115,4582986.309,2.20461063,41.39382397
433600.115,4582986.309,2.20461063,41.39382397
433600.115,4582986.309,2.20461063,41.39382397
433600.115,4582986.309,2.20461063,41.39382397
429334.496,4587746.579,2.15303478,41.4363342
429334.496,4587746.579,2.15303478,41.4363342
429334.496,4587746.579,2.15303478,41.4363342
431198.994,4586308.946,2.17551362,41.42354795
431198.994,4586308.946,2.17551362,41.42354795
431003.638,4583748.248,2.17346815,41.40046783
430838.81,4581811.793,2.17171775,41.38301261
428984.913,4581582.927,2.14957455,41.38078968
428984.913,4581582.927,2.14957455,41.38078968
429949.381,4578885.898,2.16141961,41.35658293
429949.381,4578885.898,2.16141961,41.35658293
429949.381,4578885.898,2.16141961,41.35658293
429949.381,4578885.898,2.16141961,41.35658293
425631.662,4582032.657,2.10942084,41.38453709
433100.969,4586256.978,2.1982787,41.42324061
428307.922,4578872.897,2.14179956,41.35632129
428307.922,4578872.897,2.14179956,41.35632129
428456.157,4582583.902,2.14313334,41.38975824
428585.976,4581366.457,2.14482952,41.37880469
428585.976,4581366.457,2.14482952,41.37880469
429219.726,4582749.912,2.15224608,41.39132102
429219.726,4582749.912,2.15224608,41.39132102
429219.726,4582749.912,2.15224608,41.39132102
428743.205,4581907.341,2.146646,41.38369019
428743.205,4581907.341,2.146646,41.38369019
434522.896,4584101.322,2.21552714,41.40394236
434522.896,4584101.322,2.21552714,41.40394236
429993.29,4582588.192,2.16151671,41.38993221
429993.29,4582588.192,2.16151671,41.38993221
429993.29,4582588.192,2.16151671,41.38993221
429989.489,4582530.097,2.16147798,41.38940863
429989.489,4582530.097,2.16147798,41.38940863
429989.489,4582530.097,2.16147798,41.38940863
430606.225,4584469.471,2.16863162,41.40692942
430606.225,4584469.471,2.16863162,41.40692942
430606.225,4584469.471,2.16863162,41.40692942
430606.225,4584469.471,2.16863162,41.40692942
430606.225,4584469.471,2.16863162,41.40692942
425006.85,4581750.138,2.10198387,41.38193455
431310.903,4588137.111,2.17664486,41.44002317
431310.903,4588137.111,2.17664486,41.44002317
431310.903,4588137.111,2.17664486,41.44002317
427143.16,4584946.468,2.12714572,41.41091895
427143.16,4584946.468,2.12714572,41.41091895
428175.875,4585794.943,2.13939999,41.41865382
428175.875,4585794.943,2.13939999,41.41865382
430311.625,4583242.671,2.16524862,41.39585455
430311.625,4583242.671,2.16524862,41.39585455
428974.327,4580977.977,2.14951889,41.37534017
428974.327,4580977.977,2.14951889,41.37534017
432278.763,4584102.024,2.18868146,41.40376266
432278.763,4584102.024,2.18868146,41.40376266
432278.763,4584102.024,2.18868146,41.40376266
432911.008,4587620.863,2.19585415,41.43550886
432911.008,4587620.863,2.19585415,41.43550886
430910.676,4587969.706,2.17187365,41.43848106
430910.676,4587969.706,2.17187365,41.43848106
432475.525,4587057.208,2.19070515,41.43039568
432475.525,4587057.208,2.19070515,41.43039568
426841.69,4576816.925,2.12452067,41.33767192
426841.69,4576816.925,2.12452067,41.33767192
426841.69,4576816.925,2.12452067,41.33767192
426841.69,4576816.925,2.12452067,41.33767192
426883.331,4583690.919,2.12418898,41.39958716
426883.331,4583690.919,2.12418898,41.39958716
431371.112,4584089.393,2.17782513,41.40357189
431371.112,4584089.393,2.17782513,41.40357189
427161.762,4584990.867,2.12736292,41.41132052
427161.762,4584990.867,2.12736292,41.41132052
427161.762,4584990.867,2.12736292,41.41132052
429932.038,4583380.079,2.16069248,41.39705914
429932.038,4583380.079,2.16069248,41.39705914
432911.21,4586154.254,2.19601943,41.42229958
430786.511,4583519.874,2.17089704,41.39839227
430786.511,4583519.874,2.17089704,41.39839227
430786.511,4583519.874,2.17089704,41.39839227
427788.901,4582270.551,2.13519046,41.38687634
427788.901,4582270.551,2.13519046,41.38687634
428523.771,4586830.802,2.14344009,41.4280144
428523.771,4586830.802,2.14344009,41.4280144
430337.722,4588274.45,2.16498092,41.44117623
430337.722,4588274.45,2.16498092,41.44117623
430337.722,4588274.45,2.16498092,41.44117623
430647.332,4582213.246,2.16938195,41.38661188
433711.324,4584341.438,2.2057923,41.40603848
433711.324,4584341.438,2.2057923,41.40603848
427813.929,4582265.175,2.13549042,41.38683017
427813.929,4582265.175,2.13549042,41.38683017
429382.371,4586268.453,2.15378054,41.42302553
429382.371,4586268.453,2.15378054,41.42302553
429382.371,4586268.453,2.15378054,41.42302553
429928.428,4580928.187,2.16093305,41.37497541
429928.428,4580928.187,2.16093305,41.37497541
428499.732,4582666.131,2.14364477,41.39050273
428499.732,4582666.131,2.14364477,41.39050273
432296.159,4586244.083,2.18864972,41.42305701
432296.159,4586244.083,2.18864972,41.42305701
429650.923,4581430.435,2.15755655,41.37947478
429650.923,4581430.435,2.15755655,41.37947478
430329.577,4584389.044,2.16533134,41.4061811
430329.577,4584389.044,2.16533134,41.4061811
429430.093,4583191.251,2.15471064,41.39531451
429430.093,4583191.251,2.15471064,41.39531451
431553.841,4583500.417,2.18007765,41.39828275
431553.841,4583500.417,2.18007765,41.39828275
431026.984,4587540.783,2.17331471,41.43462791
431026.984,4587540.783,2.17331471,41.43462791
431026.984,4587540.783,2.17331471,41.43462791
432400.822,4588896.104,2.1896053,41.44695171
432400.822,4588896.104,2.1896053,41.44695171
429355.758,4582115.684,2.15394705,41.38562071
429355.758,4582115.684,2.15394705,41.38562071
431224.256,4586673.949,2.17577437,41.42683757
431224.256,4586673.949,2.17577437,41.42683757
428075.423,4584981.774,2.1382948,41.41132095
428075.423,4584981.774,2.1382948,41.41132095
430061.219,4582806.771,2.16230389,41.39190679
430061.219,4582806.771,2.16230389,41.39190679
430061.219,4582806.771,2.16230389,41.39190679
430061.219,4582806.771,2.16230389,41.39190679
427911.545,4585501.919,2.13627219,41.41599098
427911.545,4585501.919,2.13627219,41.41599098
431178.689,4584655.522,2.17545887,41.40865437
431178.689,4584655.522,2.17545887,41.40865437
431098.193,4587075.962,2.17421997,41.43044755
431126.221,4581922.539,2.17514221,41.38403472
431126.221,4581922.539,2.17514221,41.38403472
427216.265,4580639.802,2.12853813,41.37213718
427216.265,4580639.802,2.12853813,41.37213718
426398.249,4584288.715,2.11831394,41.40492697
426398.249,4584288.715,2.11831394,41.40492697
426398.249,4584288.715,2.11831394,41.40492697
431791.791,4584391.301,2.18282344,41.4063269
431791.791,4584391.301,2.18282344,41.4063269
431791.791,4584391.301,2.18282344,41.4063269
429819.222,4588109.769,2.15879398,41.43964784
428022.17,4585473.763,2.13759913,41.41574732
428022.17,4585473.763,2.13759913,41.41574732
432414.802,4585486.32,2.19015413,41.41624207
432414.802,4585486.32,2.19015413,41.41624207
427903.694,4582327.226,2.13655656,41.3873971
427903.694,4582327.226,2.13655656,41.3873971
427903.694,4582327.226,2.13655656,41.3873971
435047.596,4584825.898,2.22172612,41.41051104
435047.596,4584825.898,2.22172612,41.41051104
427951.726,4576183.927,2.13786099,41.33207076
427951.726,4576183.927,2.13786099,41.33207076
433608.228,4587790.681,2.20418007,41.43709634
433608.228,4587790.681,2.20418007,41.43709634
433608.228,4587790.681,2.20418007,41.43709634
429831.322,4583321.359,2.15949461,41.39652147
429831.322,4583321.359,2.15949461,41.39652147
427842.474,4582730.168,2.13577638,41.39102075
427842.474,4582730.168,2.13577638,41.39102075
428691.278,4580704.768,2.14616659,41.37285442
428691.278,4580704.768,2.14616659,41.37285442
432082.028,4588499.162,2.18583385,41.44334966
432082.028,4588499.162,2.18583385,41.44334966
431255.084,4583080.572,2.17655176,41.39447582
431255.084,4583080.572,2.17655176,41.39447582
431271.12,4583837.528,2.1766576,41.40129487
428341.087,4582712.895,2.14174186,41.39090978
428341.087,4582712.895,2.14174186,41.39090978
428054.248,4582698.923,2.13831292,41.39075832
428054.248,4582698.923,2.13831292,41.39075832
431281.038,4585126.89,2.17662974,41.41290859
431281.038,4585126.89,2.17662974,41.41290859
426268.304,4582116.216,2.11702412,41.38534831
426268.304,4582116.216,2.11702412,41.38534831
430272.36,4587731.06,2.16426132,41.43627645
430272.36,4587731.06,2.16426132,41.43627645
428101.031,4579217.44,2.13928561,41.35940602
428101.031,4579217.44,2.13928561,41.35940602
428101.031,4579217.44,2.13928561,41.35940602
432028.355,4584359.685,2.185657,41.40606219
432028.355,4584359.685,2.185657,41.40606219
428075.423,4584981.774,2.1382948,41.41132095
428075.423,4584981.774,2.1382948,41.41132095
427256.745,4582543.504,2.1287935,41.38928676
427256.745,4582543.504,2.1287935,41.38928676
429831.322,4583321.359,2.15949461,41.39652147
429831.322,4583321.359,2.15949461,41.39652147
431911.683,4581919.012,2.18453584,41.38406987
431911.683,4581919.012,2.18453584,41.38406987
427815.426,4583480.388,2.13536342,41.39777526
427815.426,4583480.388,2.13536342,41.39777526
431827.533,4584521.339,2.18323637,41.40750115
431827.533,4584521.339,2.18323637,41.40750115
429551.991,4580933.229,2.15643135,41.37498794
429551.991,4580933.229,2.15643135,41.37498794
430215.725,4582751.318,2.16415821,41.39142078
430215.725,4582751.318,2.16415821,41.39142078
427266.852,4584298.08,2.1287035,41.40509041
427266.852,4584298.08,2.1287035,41.40509041
427769.455,4582595.225,2.13491918,41.38979881
427769.455,4582595.225,2.13491918,41.38979881
434881.797,4584996.205,2.21972418,41.41203154
434881.797,4584996.205,2.21972418,41.41203154
427826.669,4580984.358,2.13579542,41.37529548
427826.669,4580984.358,2.13579542,41.37529548
427826.669,4580984.358,2.13579542,41.37529548
433636.661,4586091.358,2.20470704,41.42179338
433636.661,4586091.358,2.20470704,41.42179338
427269.906,4581441.242,2.12908328,41.3793603
427269.906,4581441.242,2.12908328,41.3793603
429636.623,4581401.483,2.15738892,41.37921277
429636.623,4581401.483,2.15738892,41.37921277
432131.07,4584631.661,2.18685526,41.40852049
432131.07,4584631.661,2.18685526,41.40852049
429305.551,4587950.916,2.15266445,41.43817203
429305.551,4587950.916,2.15266445,41.43817203
430352.671,4584998.203,2.16553746,41.41166959
430352.671,4584998.203,2.16553746,41.41166959
429512.258,4584889.735,2.15549551,41.41061935
429512.258,4584889.735,2.15549551,41.41061935
428222.623,4582992.414,2.14029188,41.39341673
428222.623,4582992.414,2.14029188,41.39341673
428876.649,4583180.871,2.1480922,41.39517224
428876.649,4583180.871,2.1480922,41.39517224
428876.649,4583180.871,2.1480922,41.39517224
428876.649,4583180.871,2.1480922,41.39517224
427046.684,4584150.642,2.12608751,41.40374254
427046.684,4584150.642,2.12608751,41.40374254
427046.684,4584150.642,2.12608751,41.40374254
432766.652,4582128.158,2.19473712,41.38602553
429356.228,4583269.254,2.15381804,41.39601057
429356.228,4583269.254,2.15381804,41.39601057
429356.228,4583269.254,2.15381804,41.39601057
425818.017,4582082.484,2.11164331,41.38500308
425818.017,4582082.484,2.11164331,41.38500308
427605.517,4583482.641,2.13285237,41.39777667
427605.517,4583482.641,2.13285237,41.39777667
430647.488,4585019.335,2.1690622,41.41188543
430647.488,4585019.335,2.1690622,41.41188543
429756.955,4583325.469,2.15860461,41.396552
429756.955,4583325.469,2.15860461,41.396552
429756.955,4583325.469,2.15860461,41.396552
429756.955,4583325.469,2.15860461,41.396552
428860.062,4583006.33,2.14791433,41.39359874
428860.062,4583006.33,2.14791433,41.39359874
429844.787,4584373.978,2.15953361,41.40600323
428198.769,4585820.361,2.1396709,41.41888479
428198.769,4585820.361,2.1396709,41.41888479
428528.014,4584350.222,2.14378412,41.40567321
428528.014,4584350.222,2.14378412,41.40567321
428270.55,4584213.391,2.14072038,41.40441788
428270.55,4584213.391,2.14072038,41.40441788
430311.625,4583242.671,2.16524862,41.39585455
430311.625,4583242.671,2.16524862,41.39585455
429204.163,4586654.395,2.15160291,41.42648586
429204.163,4586654.395,2.15160291,41.42648586
429204.163,4586654.395,2.15160291,41.42648586
430696.574,4583807.328,2.16978833,41.40097352
430696.574,4583807.328,2.16978833,41.40097352
430696.574,4583807.328,2.16978833,41.40097352
431242.622,4580854.666,2.17665545,41.37442665
431242.622,4580854.666,2.17665545,41.37442665
430539.83,4582801.684,2.16802879,41.39190247
430539.83,4582801.684,2.16802879,41.39190247
430539.83,4582801.684,2.16802879,41.39190247
430706.95,4583601.636,2.169936,41.39912181
430706.95,4583601.636,2.169936,41.39912181
430706.95,4583601.636,2.169936,41.39912181
429649.336,4578377.744,2.15789189,41.35197995
429649.336,4578377.744,2.15789189,41.35197995
430694.576,4582659.979,2.16989582,41.39063954
430694.576,4582659.979,2.16989582,41.39063954
429689.44,4582991.318,2.15783588,41.39353651
429689.44,4582991.318,2.15783588,41.39353651
427525.965,4580375.394,2.1322727,41.36978372
427525.965,4580375.394,2.1322727,41.36978372
424364.435,4586356.755,2.09372585,41.42336384
424364.435,4586356.755,2.09372585,41.42336384
431859.591,4588859.6,2.18313066,41.44657714
431859.591,4588859.6,2.18313066,41.44657714
427288.792,4583539.962,2.12905706,41.39826434
427288.792,4583539.962,2.12905706,41.39826434
426354.894,4581588.426,2.11812382,41.38060266
426354.894,4581588.426,2.11812382,41.38060266
429868.703,4582996.42,2.15997937,41.39359813
427067.422,4582366.306,2.1265506,41.38767365
427067.422,4582366.306,2.1265506,41.38767365
427067.422,4582366.306,2.1265506,41.38767365
427067.422,4582366.306,2.1265506,41.38767365
427067.422,4582366.306,2.1265506,41.38767365
429214.788,4581289.72,2.15235771,41.37816914
429214.788,4581289.72,2.15235771,41.37816914
430972.098,4581122.92,2.17339021,41.37681957
430972.098,4581122.92,2.17339021,41.37681957
428677.612,4583746.55,2.14564489,41.40024946
428677.612,4583746.55,2.14564489,41.40024946
428677.612,4583746.55,2.14564489,41.40024946
427762.238,4581298.011,2.1349876,41.37811465
427762.238,4581298.011,2.1349876,41.37811465
427762.238,4581298.011,2.1349876,41.37811465
427504.457,4585298.725,2.13142592,41.41412426
427504.457,4585298.725,2.13142592,41.41412426
427504.457,4585298.725,2.13142592,41.41412426
427504.457,4585298.725,2.13142592,41.41412426
427504.457,4585298.725,2.13142592,41.41412426
427504.457,4585298.725,2.13142592,41.41412426
427504.457,4585298.725,2.13142592,41.41412426
429230.332,4580913.823,2.15258749,41.37478492
429230.332,4580913.823,2.15258749,41.37478492
429230.332,4580913.823,2.15258749,41.37478492
429002.185,4583024.82,2.14961202,41.39377784
429002.185,4583024.82,2.14961202,41.39377784
431847.792,4585680.086,2.18334813,41.41793934
431847.792,4585680.086,2.18334813,41.41793934
429943.218,4584573.171,2.16068805,41.40780588
429943.218,4584573.171,2.16068805,41.40780588
429943.218,4584573.171,2.16068805,41.40780588
435012.771,4585164.645,2.22127307,41.41355924
435012.771,4585164.645,2.22127307,41.41355924
435012.771,4585164.645,2.22127307,41.41355924
427786.735,4579747.405,2.13546531,41.36415109
427786.735,4579747.405,2.13546531,41.36415109
431252.005,4586429.182,2.17613428,41.42463542
431252.005,4586429.182,2.17613428,41.42463542
430978.263,4583706.756,2.17316935,41.40009194
430978.263,4583706.756,2.17316935,41.40009194
428733.324,4587304.222,2.14589193,41.43229692
428733.324,4587304.222,2.14589193,41.43229692
431553.841,4583500.417,2.18007765,41.39828275
431553.841,4583500.417,2.18007765,41.39828275
431553.841,4583500.417,2.18007765,41.39828275
430025.483,4581238.04,2.16205775,41.37777462
430025.483,4581238.04,2.16205775,41.37777462
430187.365,4584496.103,2.16361772,41.40713301
430187.365,4584496.103,2.16361772,41.40713301
430519.324,4580952.09,2.16799575,41.37524197
430519.324,4580952.09,2.16799575,41.37524197
428543.183,4586839.609,2.14367135,41.42809545
428543.183,4586839.609,2.14367135,41.42809545
428543.183,4586839.609,2.14367135,41.42809545
428543.183,4586839.609,2.14367135,41.42809545
431642.877,4587216.784,2.18072247,41.43176245
431642.877,4587216.784,2.18072247,41.43176245
431642.877,4587216.784,2.18072247,41.43176245
432398.314,4587681.013,2.18971133,41.43600759
432398.314,4587681.013,2.18971133,41.43600759
430216.173,4583338.881,2.16409582,41.3967128
430216.173,4583338.881,2.16409582,41.3967128
430216.173,4583338.881,2.16409582,41.3967128
429741.275,4580930.721,2.15869493,41.37498191
428593.142,4582856.084,2.14473954,41.39222186
428593.142,4582856.084,2.14473954,41.39222186
433025.874,4585079.876,2.19751052,41.41263253
433025.874,4585079.876,2.19751052,41.41263253
429165.187,4581164.972,2.15177918,41.3770412
429165.187,4581164.972,2.15177918,41.3770412
432161.532,4584895.269,2.18719011,41.4108973
432161.532,4584895.269,2.18719011,41.4108973
432161.532,4584895.269,2.18719011,41.4108973
432161.532,4584895.269,2.18719011,41.4108973
433265.43,4588113.794,2.20004153,41.43997808
433265.43,4588113.794,2.20004153,41.43997808
427462.105,4584119.042,2.13106069,41.40349554
427462.105,4584119.042,2.13106069,41.40349554
428844.948,4578371.117,2.14827788,41.35184956
428499.732,4582666.131,2.14364477,41.39050273
428499.732,4582666.131,2.14364477,41.39050273
434227.236,4584976.006,2.21189515,41.41179628
434227.236,4584976.006,2.21189515,41.41179628
432207.284,4583013.699,2.18794833,41.3939544
432207.284,4583013.699,2.18794833,41.3939544
428550.922,4578045.23,2.14480182,41.34888836
428550.922,4578045.23,2.14480182,41.34888836
428582.977,4583587.867,2.14453162,41.39881185
428582.977,4583587.867,2.14453162,41.39881185
428597.83,4580196.868,2.1451091,41.36827165
428597.83,4580196.868,2.1451091,41.36827165
428597.83,4580196.868,2.1451091,41.36827165
431180.379,4584467.183,2.17550051,41.40695821
431180.379,4584467.183,2.17550051,41.40695821
433096.875,4585101.857,2.19835755,41.41283642
430704.97,4582088.39,2.17008556,41.38549231
430704.97,4582088.39,2.17008556,41.38549231
430704.97,4582088.39,2.17008556,41.38549231
432504.379,4585011.175,2.19127893,41.41197011
432504.379,4585011.175,2.19127893,41.41197011
431884.728,4583787.522,2.18400322,41.40089673
431884.728,4583787.522,2.18400322,41.40089673
431937.237,4583291.593,2.18468713,41.39643448
431937.237,4583291.593,2.18468713,41.39643448
431955.394,4587752.152,2.18440225,41.43661088
431955.394,4587752.152,2.18440225,41.43661088
426379.791,4582931.573,2.11825823,41.3927021
426379.791,4582931.573,2.11825823,41.3927021
433427.028,4584453.693,2.20237893,41.40702602
433427.028,4584453.693,2.20237893,41.40702602
428504.154,4584076.786,2.143531,41.40320836
428504.154,4584076.786,2.143531,41.40320836
430993.776,4583103.2,2.17342374,41.39465723
430993.776,4583103.2,2.17342374,41.39465723
432100.544,4583246.252,2.18664554,41.39603993
432100.544,4583246.252,2.18664554,41.39603993
430443.36,4585231.996,2.16659556,41.41378315
430694.576,4582659.979,2.16989582,41.39063954
430694.576,4582659.979,2.16989582,41.39063954
427881.458,4582845.58,2.13622888,41.39206373
427881.458,4582845.58,2.13622888,41.39206373
429938.148,4581711.735,2.16095863,41.38203344
429938.148,4581711.735,2.16095863,41.38203344
428729.487,4587212.776,2.1458568,41.43147297
428729.487,4587212.776,2.1458568,41.43147297
430195.034,4585060.942,2.16364426,41.41222097
430195.034,4585060.942,2.16364426,41.41222097
430786.778,4582752.657,2.17098797,41.3914822
430786.778,4582752.657,2.17098797,41.3914822
432958.617,4588200.085,2.19635965,41.4407297
432958.617,4588200.085,2.19635965,41.4407297
427149.38,4582339.19,2.12753403,41.38743686
427149.38,4582339.19,2.12753403,41.38743686
429069.903,4582025.339,2.15053907,41.38478184
429069.903,4582025.339,2.15053907,41.38478184
427212.762,4576492.832,2.12899393,41.33478654
427212.762,4576492.832,2.12899393,41.33478654
427212.762,4576492.832,2.12899393,41.33478654
427605.517,4583482.641,2.13285237,41.39777667
427605.517,4583482.641,2.13285237,41.39777667
428250.74,4581450.638,2.14081087,41.37953304
428250.74,4581450.638,2.14081087,41.37953304
429429.564,4581988.203,2.15484455,41.38447902
429429.564,4581988.203,2.15484455,41.38447902
429429.564,4581988.203,2.15484455,41.38447902
427711.548,4579792.083,2.13456111,41.36454674
427711.548,4579792.083,2.13456111,41.36454674
430740.524,4586062.029,2.17005583,41.42128464
428501.767,4583107.302,2.143617,41.39447637
428501.767,4583107.302,2.143617,41.39447637
430931.205,4583452.768,2.17263544,41.39780031
430931.205,4583452.768,2.17263544,41.39780031
431463.856,4583995.646,2.17894519,41.40273545
431463.856,4583995.646,2.17894519,41.40273545
425898.209,4582309.17,2.11257458,41.38705214
430290.05,4587098.707,2.16454602,41.43058263
430290.05,4587098.707,2.16454602,41.43058263
432838.987,4589349.786,2.19479985,41.45107466
432838.987,4589349.786,2.19479985,41.45107466
432838.987,4589349.786,2.19479985,41.45107466
431720.193,4588848.82,2.18146322,41.4464682
431720.193,4588848.82,2.18146322,41.4464682
433752.23,4588498.691,2.20582592,41.44348507
433752.23,4588498.691,2.20582592,41.44348507
432228.272,4583578.714,2.18813608,41.3990451
426520.594,4585909.768,2.11958051,41.41953825
429546.58,4581537.579,2.15629636,41.38043066
429546.58,4581537.579,2.15629636,41.38043066
429546.58,4581537.579,2.15629636,41.38043066
430541.353,4583023.434,2.16802155,41.39389984
430541.353,4583023.434,2.16802155,41.39389984
431133.036,4583374.716,2.1750585,41.39711465
431133.036,4583374.716,2.1750585,41.39711465
431648.432,4583591.24,2.18119883,41.39910881
435017.204,4584731.197,2.22137268,41.40965563
435017.204,4584731.197,2.22137268,41.40965563
428963.084,4580901.671,2.14939341,41.37465191
425252.579,4585062.356,2.10451328,41.41178901
425252.579,4585062.356,2.10451328,41.41178901
434731.89,4584332.532,2.21800231,41.40604182
434731.89,4584332.532,2.21800231,41.40604182
431781.517,4583833.462,2.18276343,41.40130174
429244.815,4582370.269,2.15259051,41.38790392
429244.815,4582370.269,2.15259051,41.38790392
434244.403,4584192.443,2.21218572,41.40474032
434244.403,4584192.443,2.21218572,41.40474032
431390.143,4581135.2,2.1783876,41.37696594
431390.143,4581135.2,2.1783876,41.37696594
429773.959,4581951.74,2.15896736,41.38418076
429773.959,4581951.74,2.15896736,41.38418076
428431.666,4586573.772,2.14236833,41.42569123
428431.666,4586573.772,2.14236833,41.42569123
432162.357,4584989.766,2.18718939,41.41174847
432162.357,4584989.766,2.18718939,41.41174847
431243.159,4588705.762,2.17576928,41.44513899
431243.159,4588705.762,2.17576928,41.44513899
430385.232,4582321.236,2.166235,41.38756186
430385.232,4582321.236,2.166235,41.38756186
428543.183,4586839.609,2.14367135,41.42809545
428543.183,4586839.609,2.14367135,41.42809545
428889.044,4582784.581,2.14828701,41.39160409
428889.044,4582784.581,2.14828701,41.39160409
432969.159,4589201.616,2.19637463,41.44975104
432969.159,4589201.616,2.19637463,41.44975104
432969.159,4589201.616,2.19637463,41.44975104
431583.888,4585533.264,2.18020711,41.41659453
431583.888,4585533.264,2.18020711,41.41659453
431583.888,4585533.264,2.18020711,41.41659453
430452.149,4582422.954,2.16702361,41.38848379
430452.149,4582422.954,2.16702361,41.38848379
426649.721,4582241.36,2.12157029,41.38651031
426649.721,4582241.36,2.12157029,41.38651031
431300.477,4584361.787,2.17694923,41.40601922
431300.477,4584361.787,2.17694923,41.40601922
429531.84,4587130.298,2.15546857,41.43080096
429531.84,4587130.298,2.15546857,41.43080096
427461.504,4584100.122,2.13105577,41.40332509
427461.504,4584100.122,2.13105577,41.40332509
427461.504,4584100.122,2.13105577,41.40332509
432103.878,4581754.28,2.18685275,41.38260242
432103.878,4581754.28,2.18685275,41.38260242
432103.878,4581754.28,2.18685275,41.38260242
432103.878,4581754.28,2.18685275,41.38260242
432103.878,4581754.28,2.18685275,41.38260242
432103.878,4581754.28,2.18685275,41.38260242
428387.937,4582688.853,2.14230502,41.39069742
428387.937,4582688.853,2.14230502,41.39069742
432696.869,4588930.556,2.19314528,41.44728689
432696.869,4588930.556,2.19314528,41.44728689
428436.056,4579053.163,2.14330997,41.35795629
428436.056,4579053.163,2.14330997,41.35795629
428436.056,4579053.163,2.14330997,41.35795629
431338.014,4582559.511,2.17760277,41.38978987
435012.771,4585164.645,2.22127307,41.41355924
435012.771,4585164.645,2.22127307,41.41355924
435012.771,4585164.645,2.22127307,41.41355924
431374.605,4584865.06,2.17777891,41.41055837
431374.605,4584865.06,2.17777891,41.41055837
428989.313,4580940.29,2.1497025,41.37500206
428989.313,4580940.29,2.1497025,41.37500206
428989.313,4580940.29,2.1497025,41.37500206
429988.719,4584930.808,2.16119098,41.41103095
429988.719,4584930.808,2.16119098,41.41103095
432288.302,4588965.244,2.18825063,41.44756494
432288.302,4588965.244,2.18825063,41.44756494
432288.302,4588965.244,2.18825063,41.44756494
432288.302,4588965.244,2.18825063,41.44756494
432288.302,4588965.244,2.18825063,41.44756494
432288.302,4588965.244,2.18825063,41.44756494
433079.648,4583469.925,2.19833199,41.39813662
433079.648,4583469.925,2.19833199,41.39813662
433319.871,4588043.363,2.20070093,41.43934825
433319.871,4588043.363,2.20070093,41.43934825
430366.193,4583914.338,2.16582402,41.40190876
430366.193,4583914.338,2.16582402,41.40190876
428895.501,4583781.841,2.14824708,41.40058662
428895.501,4583781.841,2.14824708,41.40058662
429557.373,4586269.569,2.15587447,41.42305095
429557.373,4586269.569,2.15587447,41.42305095
429249.541,4584681.623,2.1523768,41.40872187
429249.541,4584681.623,2.1523768,41.40872187
429249.541,4584681.623,2.1523768,41.40872187
430808.39,4588463.431,2.17059283,41.44291903
430808.39,4588463.431,2.17059283,41.44291903
428958.418,4583740.528,2.14900452,41.4002201
428958.418,4583740.528,2.14900452,41.4002201
431266.996,4583221.108,2.17667828,41.39574261
431266.996,4583221.108,2.17667828,41.39574261
428361.658,4578729.484,2.14245885,41.3550344
428361.658,4578729.484,2.14245885,41.3550344
428361.658,4578729.484,2.14245885,41.3550344
428751.916,4585426.408,2.14633581,41.41538588
428751.916,4585426.408,2.14633581,41.41538588
433201.755,4585724.388,2.19954358,41.41845212
433201.755,4585724.388,2.19954358,41.41845212
433201.755,4585724.388,2.19954358,41.41845212
427875.395,4583722.211,2.1360519,41.39995865
427875.395,4583722.211,2.1360519,41.39995865
428737.416,4578083.995,2.14702629,41.34925403
428737.416,4578083.995,2.14702629,41.34925403
427815.426,4583480.388,2.13536342,41.39777526
427815.426,4583480.388,2.13536342,41.39777526
429623.98,4587069.677,2.15657831,41.43026305
428141.26,4585701.7,2.1389969,41.41781092
428141.26,4585701.7,2.1389969,41.41781092
430605.513,4582330.163,2.16886842,41.3876613
430605.513,4582330.163,2.16886842,41.3876613
430605.513,4582330.163,2.16886842,41.3876613
428885.894,4582593.132,2.14827183,41.38987951
428885.894,4582593.132,2.14827183,41.38987951
431623.588,4581530.538,2.18113442,41.38054653
431623.588,4581530.538,2.18113442,41.38054653
429731.205,4581923.321,2.15845937,41.38392107
429731.205,4581923.321,2.15845937,41.38392107
429731.205,4581923.321,2.15845937,41.38392107
428249.626,4583819.298,2.14051681,41.40086657
428249.626,4583819.298,2.14051681,41.40086657
429565.137,4586876.204,2.15589667,41.42851536
429565.137,4586876.204,2.15589667,41.42851536
429565.137,4586876.204,2.15589667,41.42851536
430628.244,4587062.3,2.16859749,41.43028402
430628.244,4587062.3,2.16859749,41.43028402
430628.244,4587062.3,2.16859749,41.43028402
430505.455,4583808.03,2.16750209,41.40096334
430505.455,4583808.03,2.16750209,41.40096334
428804.874,4585483.359,2.14696272,41.41590351
430859.495,4584595.348,2.17164712,41.408085
430859.495,4584595.348,2.17164712,41.408085
429289.329,4586377.553,2.15265444,41.42399996
429289.329,4586377.553,2.15265444,41.42399996
425208.784,4582104.265,2.10435491,41.38514281
425208.784,4582104.265,2.10435491,41.38514281
425208.784,4582104.265,2.10435491,41.38514281
425208.784,4582104.265,2.10435491,41.38514281
427206.997,4582445.169,2.12821035,41.38839659
427206.997,4582445.169,2.12821035,41.38839659
430807.889,4584665.361,2.17102173,41.40871114
430807.889,4584665.361,2.17102173,41.40871114
433363.251,4582786.072,2.20179961,41.39200089
433363.251,4582786.072,2.20179961,41.39200089
433363.251,4582786.072,2.20179961,41.39200089
426894.964,4584773.842,2.12419726,41.40934164
426894.964,4584773.842,2.12419726,41.40934164
427849.825,4579911.76,2.1362,41.36563704
427849.825,4579911.76,2.1362,41.36563704
427849.825,4579911.76,2.1362,41.36563704
431521.683,4586117.017,2.1793967,41.4218469
431521.683,4586117.017,2.1793967,41.4218469
431975.778,4582101.431,2.18528186,41.38571828
431975.778,4582101.431,2.18528186,41.38571828
431975.778,4582101.431,2.18528186,41.38571828
429450.519,4581444.101,2.15515854,41.37958031
429450.519,4581444.101,2.15515854,41.37958031
431545.262,4583698.059,2.17995267,41.40006212
431545.262,4583698.059,2.17995267,41.40006212
431144.818,4584608.065,2.17505906,41.40822404
431144.818,4584608.065,2.17505906,41.40822404
428903.818,4585468.441,2.1481483,41.41577792
428903.818,4585468.441,2.1481483,41.41577792
430721.892,4580947.361,2.17041844,41.37521685
427661.784,4577554.481,2.13423307,41.34438893
427661.784,4577554.481,2.13423307,41.34438893
429305.463,4582603.032,2.15328865,41.39000567
429305.463,4582603.032,2.15328865,41.39000567
430208.677,4582391.902,2.16411535,41.38818301
430208.677,4582391.902,2.16411535,41.38818301
428349.962,4584274.879,2.14166305,41.40497876
428349.962,4584274.879,2.14166305,41.40497876
431821.351,4584733.549,2.18313848,41.40941194
429050.421,4584083.489,2.15006482,41.40331715
429050.421,4584083.489,2.15006482,41.40331715
432288.302,4588965.244,2.18825063,41.44756494
432288.302,4588965.244,2.18825063,41.44756494
429578.159,4588089.708,2.15591103,41.43944604
429578.159,4588089.708,2.15591103,41.43944604
435119.926,4585013.264,2.22257136,41.41220445
435119.926,4585013.264,2.22257136,41.41220445
427269.906,4581441.242,2.12908328,41.3793603
427269.906,4581441.242,2.12908328,41.3793603
427269.906,4581441.242,2.12908328,41.3793603
432709.248,4584421.068,2.19379565,41.40667237
432709.248,4584421.068,2.19379565,41.40667237
431105.137,4590402.369,2.17392344,41.46040782
431105.137,4590402.369,2.17392344,41.46040782
430025.03,4582004.984,2.16196373,41.3846822
430025.03,4582004.984,2.16196373,41.3846822
433340.366,4584574.743,2.20132883,41.4081091
433340.366,4584574.743,2.20132883,41.4081091
430630.157,4588374.585,2.16846966,41.44210344
430630.157,4588374.585,2.16846966,41.44210344
429359.738,4578350.944,2.15443346,41.35171321
429359.738,4578350.944,2.15443346,41.35171321
432275.456,4581857.727,2.18889302,41.38354861
432275.456,4581857.727,2.18889302,41.38354861
430921.868,4580816.451,2.17282452,41.37405497
430921.868,4580816.451,2.17282452,41.37405497
430921.868,4580816.451,2.17282452,41.37405497
429831.322,4583321.359,2.15949461,41.39652147
429831.322,4583321.359,2.15949461,41.39652147
426082.192,4583901.997,2.11458035,41.40141496
426082.192,4583901.997,2.11458035,41.40141496
426082.192,4583901.997,2.11458035,41.40141496
430707.546,4582361.145,2.17008515,41.38794915
430707.546,4582361.145,2.17008515,41.38794915
426560.694,4581339.972,2.12061491,41.37838375
426560.694,4581339.972,2.12061491,41.37838375
426560.694,4581339.972,2.12061491,41.37838375
427485.92,4585427.149,2.13118874,41.41527926
427485.92,4585427.149,2.13118874,41.41527926
430012.998,4583311.333,2.16166881,41.39644702
430012.998,4583311.333,2.16166881,41.39644702
431383.267,4581676.787,2.17824402,41.38184328
430735.153,4588447.753,2.16971802,41.44277151
430735.153,4588447.753,2.16971802,41.44277151
430834.736,4579924.771,2.17188445,41.36601637
430834.736,4579924.771,2.17188445,41.36601637
426402.002,4575355.967,2.11944339,41.32447349
426402.002,4575355.967,2.11944339,41.32447349
426402.002,4575355.967,2.11944339,41.32447349
433072.055,4589234.307,2.19760276,41.45005406
433072.055,4589234.307,2.19760276,41.45005406
427498.918,4581751.208,2.13178467,41.38217273
427498.918,4581751.208,2.13178467,41.38217273
427498.918,4581751.208,2.13178467,41.38217273
427716.157,4583270.505,2.1342011,41.395876
427716.157,4583270.505,2.1342011,41.395876
429454.751,4582944.104,2.15503438,41.39309071
429454.751,4582944.104,2.15503438,41.39309071
429454.751,4582944.104,2.15503438,41.39309071
432288.773,4583148.706,2.18890789,41.39517724
427980.486,4585452.254,2.13710296,41.41554986
427351.487,4580600.589,2.13015962,41.37179623
427351.487,4580600.589,2.13015962,41.37179623
434078.332,4585946.199,2.21000786,41.42052235
434078.332,4585946.199,2.21000786,41.42052235
430785.035,4588472.054,2.17031229,41.44299468
430785.035,4588472.054,2.17031229,41.44299468
427673.026,4583623.287,2.13364305,41.39904949
427673.026,4583623.287,2.13364305,41.39904949
427673.026,4583623.287,2.13364305,41.39904949
430087.375,4588557.963,2.16195161,41.44370795
430087.375,4588557.963,2.16195161,41.44370795
433600.115,4582986.309,2.20461063,41.39382397
433600.115,4582986.309,2.20461063,41.39382397
431983.585,4586099.813,2.18492567,41.4217312
431983.585,4586099.813,2.18492567,41.4217312
431983.585,4586099.813,2.18492567,41.4217312
428321.245,4582924.192,2.14147952,41.39281108
428321.245,4582924.192,2.14147952,41.39281108
428536.09,4582709.152,2.14407454,41.39089343
428536.09,4582709.152,2.14407454,41.39089343
434134.782,4585450.249,2.21073735,41.41606009
434134.782,4585450.249,2.21073735,41.41606009
425600.102,4582636.92,2.10896918,41.38997651
425600.102,4582636.92,2.10896918,41.38997651
425600.102,4582636.92,2.10896918,41.38997651
432751.35,4582465.56,2.19451665,41.38906315
432751.35,4582465.56,2.19451665,41.38906315
432751.35,4582465.56,2.19451665,41.38906315
429738.375,4582491.086,2.15847923,41.38903537
429738.375,4582491.086,2.15847923,41.38903537
429528.556,4583251.153,2.15588137,41.39586267
429528.556,4583251.153,2.15588137,41.39586267
428711.389,4587312.187,2.14562848,41.43236671
428711.389,4587312.187,2.14562848,41.43236671
428711.389,4587312.187,2.14562848,41.43236671
430246.718,4584840.908,2.164288,41.4102437
430246.718,4584840.908,2.164288,41.4102437
430246.718,4584840.908,2.164288,41.4102437
431328.981,4584628.114,2.17725998,41.40842038
431328.981,4584628.114,2.17725998,41.40842038
429277.404,4583982.867,2.15279183,41.40243089
429277.404,4583982.867,2.15279183,41.40243089
431324.279,4589130.183,2.176692,41.44896853
427207.979,4584967.783,2.12791863,41.4111168
429984.426,4583345.009,2.16132316,41.39674783
429984.426,4583345.009,2.16132316,41.39674783
427544.061,4584364.287,2.1320117,41.40571175
427544.061,4584364.287,2.1320117,41.40571175
430804.953,4583373.808,2.17113432,41.39707828
430804.953,4583373.808,2.17113432,41.39707828
430115.438,4587012.069,2.16246639,41.42978713
430115.438,4587012.069,2.16246639,41.42978713
430786.778,4582752.657,2.17098797,41.3914822
430786.778,4582752.657,2.17098797,41.3914822
429554.338,4583063.602,2.15621157,41.39417572
429554.338,4583063.602,2.15621157,41.39417572
426062.63,4583917.332,2.11434447,41.40155128
426062.63,4583917.332,2.11434447,41.40155128
430134.592,4583421.81,2.16311045,41.39745262
430134.592,4583421.81,2.16311045,41.39745262
425006.85,4581750.138,2.10198387,41.38193455
425006.85,4581750.138,2.10198387,41.38193455
425006.85,4581750.138,2.10198387,41.38193455
425006.85,4581750.138,2.10198387,41.38193455
428676.032,4580771.288,2.14597646,41.37345219
428676.032,4580771.288,2.14597646,41.37345219
428676.032,4580771.288,2.14597646,41.37345219
428676.032,4580771.288,2.14597646,41.37345219
433600.115,4582986.309,2.20461063,41.39382397
433600.115,4582986.309,2.20461063,41.39382397
431411.196,4584064.532,2.17830745,41.4033514
431411.196,4584064.532,2.17830745,41.4033514
429762.745,4588120.868,2.15811671,41.43974285
429762.745,4588120.868,2.15811671,41.43974285
428676.818,4585175.091,2.14546695,41.4131157
428676.818,4585175.091,2.14546695,41.4131157
432903.84,4584420.56,2.19612363,41.40668407
432903.84,4584420.56,2.19612363,41.40668407
429315.371,4582250.057,2.15344837,41.38682742
429315.371,4582250.057,2.15344837,41.38682742
429315.371,4582250.057,2.15344837,41.38682742
432423.624,4582975.842,2.19054013,41.39363164
428576.935,4586934.77,2.14406401,41.42895553
428576.935,4586934.77,2.14406401,41.42895553
428576.935,4586934.77,2.14406401,41.42895553
428576.935,4586934.77,2.14406401,41.42895553
428576.935,4586934.77,2.14406401,41.42895553
427578.774,4580280.39,2.13291544,41.36893281
427578.774,4580280.39,2.13291544,41.36893281
433072.055,4589234.307,2.19760276,41.45005406
433072.055,4589234.307,2.19760276,41.45005406
433438.33,4585233.448,2.20242831,41.41405
433438.33,4585233.448,2.20242831,41.41405
433244.1,4585697.499,2.20005322,41.41821346
433244.1,4585697.499,2.20005322,41.41821346
428670.287,4585382.46,2.14536434,41.41498281
428670.287,4585382.46,2.14536434,41.41498281
428670.287,4585382.46,2.14536434,41.41498281
433503.775,4583406.124,2.20341221,41.39759718
433503.775,4583406.124,2.20341221,41.39759718
431483.348,4586153.255,2.17893389,41.42217001
431483.348,4586153.255,2.17893389,41.42217001
431483.348,4586153.255,2.17893389,41.42217001
427857.176,4579829.6,2.13629766,41.36489771
427857.176,4579829.6,2.13629766,41.36489771
432248.88,4584012.988,2.18833396,41.40295822
432248.88,4584012.988,2.18833396,41.40295822
432248.88,4584012.988,2.18833396,41.40295822
432248.88,4584012.988,2.18833396,41.40295822
427605.517,4583482.641,2.13285237,41.39777667
427605.517,4583482.641,2.13285237,41.39777667
431011.143,4587743.165,2.17310201,41.43644932
431011.143,4587743.165,2.17310201,41.43644932
428847.868,4583171.573,2.14774905,41.39508595
428847.868,4583171.573,2.14774905,41.39508595
431167.042,4583702.846,2.17542793,41.40007292
431167.042,4583702.846,2.17542793,41.40007292
424763.562,4586712.185,2.09845748,41.42660251
427091.761,4581316.398,2.12696807,41.37821975
427091.761,4581316.398,2.12696807,41.37821975
427091.761,4581316.398,2.12696807,41.37821975
431201.774,4583049.343,2.17591769,41.39419
431201.774,4583049.343,2.17591769,41.39419
431601.512,4588217.559,2.18011409,41.44077256
431601.512,4588217.559,2.18011409,41.44077256
431601.512,4588217.559,2.18011409,41.44077256
429045.136,4580981.92,2.15036512,41.37538193
429045.136,4580981.92,2.15036512,41.37538193
432207.284,4583013.699,2.18794833,41.3939544
432207.284,4583013.699,2.18794833,41.3939544
429634.592,4583889.143,2.15707548,41.40161811
429634.592,4583889.143,2.15707548,41.40161811
427354.251,4582900.129,2.12991683,41.39250755
427354.251,4582900.129,2.12991683,41.39250755
427354.251,4582900.129,2.12991683,41.39250755
430993.374,4584658.47,2.17324153,41.40866503
430993.374,4584658.47,2.17324153,41.40866503
428629.155,4580897.196,2.14540113,41.37458205
428629.155,4580897.196,2.14540113,41.37458205
427726.021,4579962.154,2.13471387,41.36607981
427726.021,4579962.154,2.13471387,41.36607981
433942.826,4585841.274,2.20839791,41.41956618
433942.826,4585841.274,2.20839791,41.41956618
433942.826,4585841.274,2.20839791,41.41956618
430688.313,4584345.021,2.16962791,41.40581564
433625.865,4588678.606,2.20429356,41.44509506
433625.865,4588678.606,2.20429356,41.44509506
430992.197,4584476.257,2.17324825,41.40702379
430992.197,4584476.257,2.17324825,41.40702379
430992.197,4584476.257,2.17324825,41.40702379
430121.863,4583246.633,2.16297842,41.39587376
430121.863,4583246.633,2.16297842,41.39587376
430121.863,4583246.633,2.16297842,41.39587376
429738.8,4578637.354,2.15893117,41.35432601
429738.8,4578637.354,2.15893117,41.35432601
430536.398,4581287.481,2.16816144,41.37826421
427003.232,4582628.092,2.12575136,41.39002563
427003.232,4582628.092,2.12575136,41.39002563
432417.03,4583392.912,2.19041469,41.39738753
432417.03,4583392.912,2.19041469,41.39738753
433081.865,4584996.687,2.19818961,41.41188794
433081.865,4584996.687,2.19818961,41.41188794
434078.332,4585946.199,2.21000786,41.42052235
434078.332,4585946.199,2.21000786,41.42052235
434078.332,4585946.199,2.21000786,41.42052235
428225.707,4580279.719,2.14065023,41.36898474
428225.707,4580279.719,2.14065023,41.36898474
428225.707,4580279.719,2.14065023,41.36898474
428647.574,4581781.444,2.14551721,41.3825478
428647.574,4581781.444,2.14551721,41.3825478
433075.951,4588537.747,2.19772663,41.44378071
433075.951,4588537.747,2.19772663,41.44378071
431080.981,4585602.922,2.17418197,41.41717892
431080.981,4585602.922,2.17418197,41.41717892
432147.88,4585942.067,2.1869093,41.42032433
432147.88,4585942.067,2.1869093,41.42032433
433283.08,4588420.845,2.20021887,41.44274505
433283.08,4588420.845,2.20021887,41.44274505
430983.319,4582979.202,2.17331281,41.39353952
430983.319,4582979.202,2.17331281,41.39353952
430983.319,4582979.202,2.17331281,41.39353952
430311.625,4583242.671,2.16524862,41.39585455
430311.625,4583242.671,2.16524862,41.39585455
430311.625,4583242.671,2.16524862,41.39585455
431560.567,4586039.691,2.17987074,41.42115376
431560.567,4586039.691,2.17987074,41.42115376
431560.567,4586039.691,2.17987074,41.42115376
428963.857,4583108.168,2.14914382,41.39452514
428963.857,4583108.168,2.14914382,41.39452514
434371.961,4583978.786,2.21373485,41.40282639
434371.961,4583978.786,2.21373485,41.40282639
431966.061,4588302.834,2.18446788,41.44157158
431966.061,4588302.834,2.18446788,41.44157158
426848.158,4584681.179,2.12364851,41.4085028
426848.158,4584681.179,2.12364851,41.4085028
432784.914,4583579.088,2.1947944,41.39909522
432784.914,4583579.088,2.1947944,41.39909522
430580.984,4582087.827,2.16860285,41.38547654
430580.984,4582087.827,2.16860285,41.38547654
430580.984,4582087.827,2.16860285,41.38547654
432507.344,4589199.736,2.19084646,41.44969538
432507.344,4589199.736,2.19084646,41.44969538
432507.344,4589199.736,2.19084646,41.44969538
427409.934,4582477.773,2.13063346,41.38870859
427409.934,4582477.773,2.13063346,41.38870859
428996.399,4581544.011,2.14971647,41.3804402
428996.399,4581544.011,2.14971647,41.3804402
431056.51,4588176.914,2.17359546,41.44035984
431056.51,4588176.914,2.17359546,41.44035984
427118.669,4583300.427,2.12705101,41.39609154
427118.669,4583300.427,2.12705101,41.39609154
427118.669,4583300.427,2.12705101,41.39609154
429737.738,4581724.845,2.15856052,41.38213403
429737.738,4581724.845,2.15856052,41.38213403
426572.273,4575778.024,2.12142672,41.32829037
426572.273,4575778.024,2.12142672,41.32829037
426361.789,4575998.508,2.11888503,41.33025697
426361.789,4575998.508,2.11888503,41.33025697
429644.791,4578490.83,2.15782445,41.35299809
429644.791,4578490.83,2.15782445,41.35299809
428560.641,4582872.871,2.14434884,41.39237017
428560.641,4582872.871,2.14434884,41.39237017
431789.245,4582367.25,2.18302112,41.38809664
431789.245,4582367.25,2.18302112,41.38809664
430949.914,4581096.037,2.173128,41.37657554
430949.914,4581096.037,2.173128,41.37657554
431445.909,4582501.724,2.17889974,41.38927861
432452.267,4585012.656,2.1906553,41.41197907
432452.267,4585012.656,2.1906553,41.41197907
433840.487,4585944.542,2.20716208,41.42048786
433840.487,4585944.542,2.20716208,41.42048786
433840.487,4585944.542,2.20716208,41.42048786
433840.487,4585944.542,2.20716208,41.42048786
433840.487,4585944.542,2.20716208,41.42048786
428500.988,4585023.45,2.14338122,41.4117343
428500.988,4585023.45,2.14338122,41.4117343
427206.997,4582445.169,2.12821035,41.38839659
427206.997,4582445.169,2.12821035,41.38839659
430634.284,4579558.391,2.16952987,41.36269923
430634.284,4579558.391,2.16952987,41.36269923
430634.284,4579558.391,2.16952987,41.36269923
430634.284,4579558.391,2.16952987,41.36269923
430634.284,4579558.391,2.16952987,41.36269923
430634.284,4579558.391,2.16952987,41.36269923
431062.406,4589073.959,2.1735636,41.44843969
431062.406,4589073.959,2.1735636,41.44843969
431572.721,4583884.011,2.1802601,41.40173927
431572.721,4583884.011,2.1802601,41.40173927
431572.721,4583884.011,2.1802601,41.40173927
432582.773,4588078.642,2.19187462,41.43960441
432306.014,4589737.002,2.18837609,41.45451738
432306.014,4589737.002,2.18837609,41.45451738
430993.374,4584658.47,2.17324153,41.40866503
430993.374,4584658.47,2.17324153,41.40866503
434701.031,4585065.687,2.21755397,41.41264267
434701.031,4585065.687,2.21755397,41.41264267
429539.886,4581737.492,2.15619305,41.38223062
430931.778,4582415.709,2.17276063,41.38845989
430987.16,4582551.3,2.17340752,41.38968588
430987.16,4582551.3,2.17340752,41.38968588
430987.16,4582551.3,2.17340752,41.38968588
434585.898,4585689.42,2.21610901,41.41825111
428044.766,4578013.397,2.13875584,41.34855657
428044.766,4578013.397,2.13875584,41.34855657
433617.58,4585742.846,2.204517,41.41865285
433617.58,4585742.846,2.204517,41.41865285
432882.942,4587972.75,2.19547915,41.43867585
432882.942,4587972.75,2.19547915,41.43867585
432375.107,4585159.548,2.18971573,41.41329559
432375.107,4585159.548,2.18971573,41.41329559
429920.431,4580540.198,2.1608823,41.37148021
429920.431,4580540.198,2.1608823,41.37148021
425126.793,4585009.33,2.10301497,41.41129972
425126.793,4585009.33,2.10301497,41.41129972
432731.787,4582228.938,2.19430897,41.38693032
432731.787,4582228.938,2.19430897,41.38693032
429546.58,4581537.579,2.15629636,41.38043066
429546.58,4581537.579,2.15629636,41.38043066
430602.831,4586938.283,2.16830761,41.42916485
425815.34,4582920.066,2.11150867,41.39254656
425815.34,4582920.066,2.11150867,41.39254656
430865.872,4582500.647,2.17196272,41.38921923
431651.118,4584550.195,2.18112262,41.40774606
431651.118,4584550.195,2.18112262,41.40774606
428440.032,4582350.835,2.14296803,41.38765766
428440.032,4582350.835,2.14296803,41.38765766
432720.038,4588904.372,2.19342553,41.447053
432720.038,4588904.372,2.19342553,41.447053
430595.647,4583334.94,2.16863523,41.39671017
430595.647,4583334.94,2.16863523,41.39671017
428795.962,4583114.694,2.1471349,41.39456906
428795.962,4583114.694,2.1471349,41.39456906
428795.962,4583114.694,2.1471349,41.39456906
427379.758,4585258.245,2.12993885,41.41374842
427379.758,4585258.245,2.12993885,41.41374842
431231.896,4583815.84,2.17619085,41.40109618
431231.896,4583815.84,2.17619085,41.40109618
433985.174,4584651.811,2.20903449,41.40885648
429645.655,4578398.375,2.15784549,41.35216545
429645.655,4578398.375,2.15784549,41.35216545
431292.13,4580896.397,2.17724269,41.37480675
431292.13,4580896.397,2.17724269,41.37480675
431422.738,4584800.862,2.17836204,41.40998428
431422.738,4584800.862,2.17836204,41.40998428
430874.472,4580319.617,2.17231448,41.36957606
430874.472,4580319.617,2.17231448,41.36957606
429399.373,4578430.494,2.15489796,41.35243317
429399.373,4578430.494,2.15489796,41.35243317
429399.373,4578430.494,2.15489796,41.35243317
431553.841,4583500.417,2.18007765,41.39828275
431553.841,4583500.417,2.18007765,41.39828275
429042.337,4583824.885,2.14999845,41.40098728
429042.337,4583824.885,2.14999845,41.40098728
430739.642,4585109.42,2.17015441,41.41270474
430739.642,4585109.42,2.17015441,41.41270474
428792.187,4582502.137,2.14716181,41.38905165
428792.187,4582502.137,2.14716181,41.38905165
429792.138,4580993.878,2.15929579,41.37555519
429792.138,4580993.878,2.15929579,41.37555519
429792.138,4580993.878,2.15929579,41.37555519
428901.918,4580348.087,2.14872701,41.36966056
428901.918,4580348.087,2.14872701,41.36966056
431076.53,4583033.397,2.17442149,41.39403565
431076.53,4583033.397,2.17442149,41.39403565
431076.53,4583033.397,2.17442149,41.39403565
429899.503,4584674.095,2.16015338,41.40871105
429899.503,4584674.095,2.16015338,41.40871105
429830.925,4582396.046,2.15959712,41.38818746
429830.925,4582396.046,2.15959712,41.38818746
429286.096,4578304.321,2.15355867,41.35128683
431714.083,4585153.672,2.18180774,41.41318674
429831.519,4587001.277,2.15906993,41.42966517
428270.55,4584213.391,2.14072038,41.40441788
428270.55,4584213.391,2.14072038,41.40441788
432122.352,4585877.335,2.18661111,41.41973916
432122.352,4585877.335,2.18661111,41.41973916
430498.665,4583050.268,2.16750791,41.39413783
430498.665,4583050.268,2.16750791,41.39413783
430498.665,4583050.268,2.16750791,41.39413783
434084.7,4585488.593,2.21013396,41.41640134
434084.7,4585488.593,2.21013396,41.41640134
427640.499,4579673.377,2.13372588,41.36347121
427640.499,4579673.377,2.13372588,41.36347121
430599.525,4582603.48,2.16876548,41.39012247
430599.525,4582603.48,2.16876548,41.39012247
430599.525,4582603.48,2.16876548,41.39012247
431540.502,4586578.624,2.1795696,41.42600604
431540.502,4586578.624,2.1795696,41.42600604
431274.889,4582101.422,2.17689981,41.3856586
431274.889,4582101.422,2.17689981,41.3856586
431594.506,4585735.667,2.18031125,41.41841841
431594.506,4585735.667,2.18031125,41.41841841
431926.843,4586869.183,2.18416005,41.42865586
431926.843,4586869.183,2.18416005,41.42865586
429077.07,4586649.21,2.15008265,41.42642794
429077.07,4586649.21,2.15008265,41.42642794
429077.07,4586649.21,2.15008265,41.42642794
431880.144,4588900.617,2.18337205,41.44694831
431880.144,4588900.617,2.18337205,41.44694831
432123.719,4588798.275,2.18629926,41.4460472
432123.719,4588798.275,2.18629926,41.4460472
432123.719,4588798.275,2.18629926,41.4460472
428699.366,4580743.377,2.14625875,41.37320288
428699.366,4580743.377,2.14625875,41.37320288
428699.366,4580743.377,2.14625875,41.37320288
430557.688,4582525.424,2.16827407,41.38941583
430557.688,4582525.424,2.16827407,41.38941583
430345.563,4582527.493,2.16573685,41.38941611
430345.563,4582527.493,2.16573685,41.38941611
430345.563,4582527.493,2.16573685,41.38941611
431088.856,4587892.298,2.17401509,41.43779919
431088.856,4587892.298,2.17401509,41.43779919
430495.648,4582501.94,2.16753477,41.38919895
430495.648,4582501.94,2.16753477,41.38919895
430903.952,4584025.24,2.17224409,41.40295404
430903.952,4584025.24,2.17224409,41.40295404
431647.552,4584174.643,2.1811224,41.40436327
431647.552,4584174.643,2.1811224,41.40436327
429362.653,4580936.133,2.15416707,41.37499749
429362.653,4580936.133,2.15416707,41.37499749
429362.653,4580936.133,2.15416707,41.37499749
432147.095,4585756.377,2.18692076,41.41865182
432147.095,4585756.377,2.18692076,41.41865182
431934.162,4584454.656,2.18451949,41.4069096
431934.162,4584454.656,2.18451949,41.4069096
431934.162,4584454.656,2.18451949,41.4069096
434060.225,4583995.998,2.21000386,41.40295589
434060.225,4583995.998,2.21000386,41.40295589
431788.195,4587509.782,2.1824285,41.43441374
431788.195,4587509.782,2.1824285,41.43441374
431485.093,4587036.82,2.17885458,41.43012813
431485.093,4587036.82,2.17885458,41.43012813
433490.628,4586874.274,2.20287346,41.42883279
433490.628,4586874.274,2.20287346,41.42883279
433490.628,4586874.274,2.20287346,41.42883279
429578.159,4588089.708,2.15591103,41.43944604
429578.159,4588089.708,2.15591103,41.43944604
431290.317,4588498.649,2.17635733,41.44327764
431290.317,4588498.649,2.17635733,41.44327764
432704.05,4582077.654,2.19399407,41.38556542
432704.05,4582077.654,2.19399407,41.38556542
430228.01,4584092.678,2.16415049,41.40350303
430228.01,4584092.678,2.16415049,41.40350303
432111.31,4581656.641,2.18695257,41.38172364
432111.31,4581656.641,2.18695257,41.38172364
432111.31,4581656.641,2.18695257,41.38172364
427965.076,4582525.433,2.13726707,41.38918777
427965.076,4582525.433,2.13726707,41.38918777
427965.076,4582525.433,2.13726707,41.38918777
428015.048,4580977.292,2.13804873,41.37524872
428015.048,4580977.292,2.13804873,41.37524872
428108.471,4581859.444,2.1390611,41.3832023
430277.162,4582833.019,2.1648836,41.39216196
430277.162,4582833.019,2.1648836,41.39216196
430150.405,4584314.236,2.16319657,41.40549178
429544.563,4582114.924,2.15620507,41.38563044
429544.563,4582114.924,2.15620507,41.38563044
432136.485,4585039.629,2.18687425,41.41219539
432136.485,4585039.629,2.18687425,41.41219539
429041.529,4581646.085,2.15024418,41.38136353
429041.529,4581646.085,2.15024418,41.38136353
431320.585,4583309.034,2.17730928,41.39653911
431320.585,4583309.034,2.17730928,41.39653911
431320.585,4583309.034,2.17730928,41.39653911
430195.912,4583709.159,2.16381077,41.40004601
430195.912,4583709.159,2.16381077,41.40004601
433057.652,4582531.525,2.19817268,41.38968285
433057.652,4582531.525,2.19817268,41.38968285
433903.245,4588186.572,2.20766771,41.44068636
433903.245,4588186.572,2.20766771,41.44068636
430786.398,4583330.195,2.17091737,41.39668388
430786.398,4583330.195,2.17091737,41.39668388
430786.398,4583330.195,2.17091737,41.39668388
429933.233,4581333.027,2.16094368,41.37862211
429933.233,4581333.027,2.16094368,41.37862211
433925.278,4588192.736,2.20793076,41.44074369
433925.278,4588192.736,2.20793076,41.44074369
430498.665,4583050.268,2.16750791,41.39413783
430498.665,4583050.268,2.16750791,41.39413783
430187.727,4582930.627,2.16380267,41.39303332
430187.727,4582930.627,2.16380267,41.39303332
427807.882,4583745.176,2.13524159,41.40015942
431330.558,4586378.61,2.17708002,41.42418665
431330.558,4586378.61,2.17708002,41.42418665
429066.802,4586230.882,2.15000887,41.42265933
429066.802,4586230.882,2.15000887,41.42265933
427881.678,4582304.795,2.13629594,41.3871931
427881.678,4582304.795,2.13629594,41.3871931
427881.678,4582304.795,2.13629594,41.3871931
428463.302,4582341.181,2.14324747,41.38757277
428463.302,4582341.181,2.14324747,41.38757277
430007.332,4583336.575,2.16159812,41.39667387
430007.332,4583336.575,2.16159812,41.39667387
431148.236,4585464.75,2.17500241,41.41594021
431148.236,4585464.75,2.17500241,41.41594021
432882.942,4587972.75,2.19547915,41.43867585
430450.705,4582460.824,2.16700199,41.38882474
431382.242,4582233.737,2.17816866,41.38685949
428989.313,4580940.29,2.1497025,41.37500206
428989.313,4580940.29,2.1497025,41.37500206
429206.725,4579426.054,2.15247901,41.36138297
430668.432,4581341.695,2.16973407,41.37876389
430668.432,4581341.695,2.16973407,41.37876389