Longitud_WGS84,Latitud_WGS84,,,,,,,,,,,,,,,,
2.19480599,41.45107592,,,,,,,,,,,,,,,,
2.19480599,41.45107592,,,,,,,,,,,,,,,,
2.15297294,41.39463342,,,,,,,,,,,,,,,,
2.15297294,41.39463342,,,,,,,,,,,,,,,,
2.15297294,41.39463342,,,,,,,,,,,,,,,,
2.15970168,41.38298427,,,,,,,,,,,,,,,,
2.15970168,41.38298427,,,,,,,,,,,,,,,,
2.15970168,41.38298427,,,,,,,,,,,,,,,,
2.15970168,41.38298427,,,,,,,,,,,,,,,,
2.1784549,41.37556768,,,,,,,,,,,,,,,,
2.1784549,41.37556768,,,,,,,,,,,,,,,,
2.13716598,41.38500574,,,,,,,,,,,,,,,,
2.13716598,41.38500574,,,,,,,,,,,,,,,,
2.13716598,41.38500574,,,,,,,,,,,,,,,,
2.13716598,41.38500574,,,,,,,,,,,,,,,,
2.13716598,41.38500574,,,,,,,,,,,,,,,,
2.17859692,41.45170389,,,,,,,,,,,,,,,,
2.17859692,41.45170389,,,,,,,,,,,,,,,,
2.15845937,41.38392107,,,,,,,,,,,,,,,,
2.15845937,41.38392107,,,,,,,,,,,,,,,,
2.16329004,41.40539133,,,,,,,,,,,,,,,,
2.16329004,41.40539133,,,,,,,,,,,,,,,,
2.17102591,41.38763737,,,,,,,,,,,,,,,,
2.17102591,41.38763737,,,,,,,,,,,,,,,,
2.13889473,41.38904185,,,,,,,,,,,,,,,,
2.13889473,41.38904185,,,,,,,,,,,,,,,,
2.15230286,41.43791701,,,,,,,,,,,,,,,,
2.15230286,41.43791701,,,,,,,,,,,,,,,,
2.1832945,41.4058243,,,,,,,,,,,,,,,,
2.1832945,41.4058243,,,,,,,,,,,,,,,,
2.1832945,41.4058243,,,,,,,,,,,,,,,,
2.16809707,41.42733641,,,,,,,,,,,,,,,,
2.16809707,41.42733641,,,,,,,,,,,,,,,,
2.17978239,41.40662131,,,,,,,,,,,,,,,,
2.17978239,41.40662131,,,,,,,,,,,,,,,,
2.19814385,41.41715055,,,,,,,,,,,,,,,,
2.19814385,41.41715055,,,,,,,,,,,,,,,,
2.17543263,41.37841573,,,,,,,,,,,,,,,,
2.17770283,41.40008994,,,,,,,,,,,,,,,,
2.14602751,41.3830662,,,,,,,,,,,,,,,,
2.14602751,41.3830662,,,,,,,,,,,,,,,,
2.13734405,41.3836467,,,,,,,,,,,,,,,,
2.13734405,41.3836467,,,,,,,,,,,,,,,,
2.18404491,41.42215331,,,,,,,,,,,,,,,,
2.18404491,41.42215331,,,,,,,,,,,,,,,,
2.18404491,41.42215331,,,,,,,,,,,,,,,,
2.13393052,41.41446946,,,,,,,,,,,,,,,,
2.13393052,41.41446946,,,,,,,,,,,,,,,,
2.16811131,41.43907376,,,,,,,,,,,,,,,,
2.16811131,41.43907376,,,,,,,,,,,,,,,,
2.16024095,41.38415203,,,,,,,,,,,,,,,,
2.16024095,41.38415203,,,,,,,,,,,,,,,,
2.17773291,41.41209731,,,,,,,,,,,,,,,,
2.17773291,41.41209731,,,,,,,,,,,,,,,,
2.16796861,41.38553068,,,,,,,,,,,,,,,,
2.16796861,41.38553068,,,,,,,,,,,,,,,,
2.16796861,41.38553068,,,,,,,,,,,,,,,,
2.10698887,41.38242267,,,,,,,,,,,,,,,,
2.10698887,41.38242267,,,,,,,,,,,,,,,,
2.16369113,41.37399458,,,,,,,,,,,,,,,,
2.13577638,41.39102075,,,,,,,,,,,,,,,,
2.13577638,41.39102075,,,,,,,,,,,,,,,,
2.1653522,41.38724102,,,,,,,,,,,,,,,,
2.1653522,41.38724102,,,,,,,,,,,,,,,,
2.18571302,41.39552682,,,,,,,,,,,,,,,,
2.18571302,41.39552682,,,,,,,,,,,,,,,,
2.16196373,41.3846822,,,,,,,,,,,,,,,,
2.16196373,41.3846822,,,,,,,,,,,,,,,,
2.13237872,41.39544198,,,,,,,,,,,,,,,,
2.13237872,41.39544198,,,,,,,,,,,,,,,,
2.16177346,41.44082444,,,,,,,,,,,,,,,,
2.16177346,41.44082444,,,,,,,,,,,,,,,,
2.14074219,41.38535032,,,,,,,,,,,,,,,,
2.14074219,41.38535032,,,,,,,,,,,,,,,,
2.15177578,41.42017326,,,,,,,,,,,,,,,,
2.15177578,41.42017326,,,,,,,,,,,,,,,,
2.15177578,41.42017326,,,,,,,,,,,,,,,,
2.17959162,41.44607095,,,,,,,,,,,,,,,,
2.17959162,41.44607095,,,,,,,,,,,,,,,,
2.16252137,41.42912123,,,,,,,,,,,,,,,,
2.16252137,41.42912123,,,,,,,,,,,,,,,,
2.17907864,41.39392372,,,,,,,,,,,,,,,,
2.17907864,41.39392372,,,,,,,,,,,,,,,,
2.12648186,41.39813042,,,,,,,,,,,,,,,,
2.12648186,41.39813042,,,,,,,,,,,,,,,,
2.17045255,41.41349523,,,,,,,,,,,,,,,,
2.17045255,41.41349523,,,,,,,,,,,,,,,,
2.16636306,41.40182002,,,,,,,,,,,,,,,,
2.16636306,41.40182002,,,,,,,,,,,,,,,,
2.15021506,41.39393187,,,,,,,,,,,,,,,,
2.15021506,41.39393187,,,,,,,,,,,,,,,,
2.17069986,41.41392619,,,,,,,,,,,,,,,,
2.17069986,41.41392619,,,,,,,,,,,,,,,,
2.17156129,41.3666016,,,,,,,,,,,,,,,,
2.17156129,41.3666016,,,,,,,,,,,,,,,,
2.14677207,41.40575243,,,,,,,,,,,,,,,,
2.14677207,41.40575243,,,,,,,,,,,,,,,,
2.19379565,41.40667237,,,,,,,,,,,,,,,,
2.19379565,41.40667237,,,,,,,,,,,,,,,,
2.16827407,41.38941583,,,,,,,,,,,,,,,,
2.16827407,41.38941583,,,,,,,,,,,,,,,,
2.14821801,41.37624645,,,,,,,,,,,,,,,,
2.14821801,41.37624645,,,,,,,,,,,,,,,,
2.15980353,41.37607169,,,,,,,,,,,,,,,,
2.15980353,41.37607169,,,,,,,,,,,,,,,,
2.16637539,41.39327304,,,,,,,,,,,,,,,,
2.16637539,41.39327304,,,,,,,,,,,,,,,,
2.15026563,41.39443893,,,,,,,,,,,,,,,,
2.15026563,41.39443893,,,,,,,,,,,,,,,,
2.20881642,41.4381173,,,,,,,,,,,,,,,,
2.20881642,41.4381173,,,,,,,,,,,,,,,,
2.20881642,41.4381173,,,,,,,,,,,,,,,,
2.20881642,41.4381173,,,,,,,,,,,,,,,,
2.12821035,41.38839659,,,,,,,,,,,,,,,,
2.12821035,41.38839659,,,,,,,,,,,,,,,,
2.13543638,41.39586353,,,,,,,,,,,,,,,,
2.13543638,41.39586353,,,,,,,,,,,,,,,,
2.13543638,41.39586353,,,,,,,,,,,,,,,,
2.13217547,41.40205208,,,,,,,,,,,,,,,,
2.13217547,41.40205208,,,,,,,,,,,,,,,,
2.13920428,41.41200016,,,,,,,,,,,,,,,,
2.13920428,41.41200016,,,,,,,,,,,,,,,,
2.14498432,41.39285888,,,,,,,,,,,,,,,,
2.18450693,41.40518333,,,,,,,,,,,,,,,,
2.18450693,41.40518333,,,,,,,,,,,,,,,,
2.17797209,41.44601984,,,,,,,,,,,,,,,,
2.17797209,41.44601984,,,,,,,,,,,,,,,,
2.17438055,41.39367902,,,,,,,,,,,,,,,,
2.17438055,41.39367902,,,,,,,,,,,,,,,,
2.17555965,41.40527404,,,,,,,,,,,,,,,,
2.17555965,41.40527404,,,,,,,,,,,,,,,,
2.19830558,41.3947355,,,,,,,,,,,,,,,,
2.19830558,41.3947355,,,,,,,,,,,,,,,,
2.1830945,41.38553032,,,,,,,,,,,,,,,,
2.17665545,41.37442665,,,,,,,,,,,,,,,,
2.17665545,41.37442665,,,,,,,,,,,,,,,,
2.17069986,41.41392619,,,,,,,,,,,,,,,,
2.17069986,41.41392619,,,,,,,,,,,,,,,,
2.14227865,41.384865,,,,,,,,,,,,,,,,
2.14227865,41.384865,,,,,,,,,,,,,,,,
2.11206426,41.38444757,,,,,,,,,,,,,,,,
2.11206426,41.38444757,,,,,,,,,,,,,,,,
2.17611843,41.44854962,,,,,,,,,,,,,,,,
2.17611843,41.44854962,,,,,,,,,,,,,,,,
2.15949512,41.37518851,,,,,,,,,,,,,,,,
2.15949512,41.37518851,,,,,,,,,,,,,,,,
2.15949512,41.37518851,,,,,,,,,,,,,,,,
2.18007765,41.39828275,,,,,,,,,,,,,,,,
2.18007765,41.39828275,,,,,,,,,,,,,,,,
2.12327446,41.38727958,,,,,,,,,,,,,,,,
2.12327446,41.38727958,,,,,,,,,,,,,,,,
2.12327446,41.38727958,,,,,,,,,,,,,,,,
2.19467063,41.3833936,,,,,,,,,,,,,,,,
2.19467063,41.3833936,,,,,,,,,,,,,,,,
2.15165251,41.37881863,,,,,,,,,,,,,,,,
2.15165251,41.37881863,,,,,,,,,,,,,,,,
2.14981447,41.38894147,,,,,,,,,,,,,,,,
2.14981447,41.38894147,,,,,,,,,,,,,,,,
2.1067238,41.38321863,,,,,,,,,,,,,,,,
2.1067238,41.38321863,,,,,,,,,,,,,,,,
2.1067238,41.38321863,,,,,,,,,,,,,,,,
2.16184651,41.39671768,,,,,,,,,,,,,,,,
2.16184651,41.39671768,,,,,,,,,,,,,,,,
2.18227827,41.39960471,,,,,,,,,,,,,,,,
2.18227827,41.39960471,,,,,,,,,,,,,,,,
2.16933226,41.38783727,,,,,,,,,,,,,,,,
2.16933226,41.38783727,,,,,,,,,,,,,,,,
2.14296412,41.37037974,,,,,,,,,,,,,,,,
2.14296412,41.37037974,,,,,,,,,,,,,,,,
2.18247207,41.40041303,,,,,,,,,,,,,,,,
2.18247207,41.40041303,,,,,,,,,,,,,,,,
2.18247207,41.40041303,,,,,,,,,,,,,,,,
2.15692261,41.43777613,,,,,,,,,,,,,,,,
2.15692261,41.43777613,,,,,,,,,,,,,,,,
2.12429989,41.38812108,,,,,,,,,,,,,,,,
2.12429989,41.38812108,,,,,,,,,,,,,,,,
2.12429989,41.38812108,,,,,,,,,,,,,,,,
2.12429989,41.38812108,,,,,,,,,,,,,,,,
2.1067238,41.38321863,,,,,,,,,,,,,,,,
2.1067238,41.38321863,,,,,,,,,,,,,,,,
2.1730965,41.43874166,,,,,,,,,,,,,,,,
2.1730965,41.43874166,,,,,,,,,,,,,,,,
2.1197679,41.38605478,,,,,,,,,,,,,,,,
2.1197679,41.38605478,,,,,,,,,,,,,,,,
2.13393052,41.41446946,,,,,,,,,,,,,,,,
2.13393052,41.41446946,,,,,,,,,,,,,,,,
2.11340164,41.40028816,,,,,,,,,,,,,,,,
2.11340164,41.40028816,,,,,,,,,,,,,,,,
2.14488639,41.39245128,,,,,,,,,,,,,,,,
2.14488639,41.39245128,,,,,,,,,,,,,,,,
2.16207494,41.37607102,,,,,,,,,,,,,,,,
2.16207494,41.37607102,,,,,,,,,,,,,,,,
2.12236755,41.39147818,,,,,,,,,,,,,,,,
2.17661079,41.40778884,,,,,,,,,,,,,,,,
2.17661079,41.40778884,,,,,,,,,,,,,,,,
2.17661079,41.40778884,,,,,,,,,,,,,,,,
2.17413989,41.38729401,,,,,,,,,,,,,,,,
2.17413989,41.38729401,,,,,,,,,,,,,,,,
2.17100209,41.40893188,,,,,,,,,,,,,,,,
2.17100209,41.40893188,,,,,,,,,,,,,,,,
2.18788294,41.44892239,,,,,,,,,,,,,,,,
2.18788294,41.44892239,,,,,,,,,,,,,,,,
2.18788294,41.44892239,,,,,,,,,,,,,,,,
2.15997937,41.39359813,,,,,,,,,,,,,,,,
2.15997937,41.39359813,,,,,,,,,,,,,,,,
2.17282639,41.38195123,,,,,,,,,,,,,,,,
2.17282639,41.38195123,,,,,,,,,,,,,,,,
2.14827183,41.38987951,,,,,,,,,,,,,,,,
2.14827183,41.38987951,,,,,,,,,,,,,,,,
2.19485846,41.40928674,,,,,,,,,,,,,,,,
2.12502547,41.41060727,,,,,,,,,,,,,,,,
2.13712502,41.39076907,,,,,,,,,,,,,,,,
2.13712502,41.39076907,,,,,,,,,,,,,,,,
2.11878642,41.37998358,,,,,,,,,,,,,,,,
2.15724505,41.35238918,,,,,,,,,,,,,,,,
2.15724505,41.35238918,,,,,,,,,,,,,,,,
2.15724505,41.35238918,,,,,,,,,,,,,,,,
2.15724505,41.35238918,,,,,,,,,,,,,,,,
2.15724505,41.35238918,,,,,,,,,,,,,,,,
2.12060717,41.39443895,,,,,,,,,,,,,,,,
2.12060717,41.39443895,,,,,,,,,,,,,,,,
2.13855397,41.41474666,,,,,,,,,,,,,,,,
2.13855397,41.41474666,,,,,,,,,,,,,,,,
2.13855397,41.41474666,,,,,,,,,,,,,,,,
2.13787434,41.41567568,,,,,,,,,,,,,,,,
2.138388,41.42206959,,,,,,,,,,,,,,,,
2.138388,41.42206959,,,,,,,,,,,,,,,,
2.17633448,41.42499715,,,,,,,,,,,,,,,,
2.17633448,41.42499715,,,,,,,,,,,,,,,,
2.13976079,41.37600689,,,,,,,,,,,,,,,,
2.17544006,41.41032727,,,,,,,,,,,,,,,,
2.17544006,41.41032727,,,,,,,,,,,,,,,,
2.15742623,41.38128146,,,,,,,,,,,,,,,,
2.15742623,41.38128146,,,,,,,,,,,,,,,,
2.17782974,41.40187439,,,,,,,,,,,,,,,,
2.17782974,41.40187439,,,,,,,,,,,,,,,,
2.15733757,41.42498351,,,,,,,,,,,,,,,,
2.15733757,41.42498351,,,,,,,,,,,,,,,,
2.16177086,41.44082271,,,,,,,,,,,,,,,,
2.16177086,41.44082271,,,,,,,,,,,,,,,,
2.16177086,41.44082271,,,,,,,,,,,,,,,,
2.15889878,41.38858436,,,,,,,,,,,,,,,,
2.15889878,41.38858436,,,,,,,,,,,,,,,,
2.15889878,41.38858436,,,,,,,,,,,,,,,,
2.17276063,41.38845989,,,,,,,,,,,,,,,,
2.17276063,41.38845989,,,,,,,,,,,,,,,,
2.18955736,41.41313369,,,,,,,,,,,,,,,,
2.18955736,41.41313369,,,,,,,,,,,,,,,,
2.18955736,41.41313369,,,,,,,,,,,,,,,,
2.16821675,41.39871045,,,,,,,,,,,,,,,,
2.16821675,41.39871045,,,,,,,,,,,,,,,,
2.1811224,41.40436327,,,,,,,,,,,,,,,,
2.1811224,41.40436327,,,,,,,,,,,,,,,,
2.17289717,41.44669212,,,,,,,,,,,,,,,,
2.17289717,41.44669212,,,,,,,,,,,,,,,,
2.19074912,41.3903646,,,,,,,,,,,,,,,,
2.19074912,41.3903646,,,,,,,,,,,,,,,,
2.20326199,41.41546391,,,,,,,,,,,,,,,,
2.20326199,41.41546391,,,,,,,,,,,,,,,,
2.16177086,41.44082271,,,,,,,,,,,,,,,,
2.16177086,41.44082271,,,,,,,,,,,,,,,,
2.13190508,41.4051942,,,,,,,,,,,,,,,,
2.13190508,41.4051942,,,,,,,,,,,,,,,,
2.13443545,41.40289022,,,,,,,,,,,,,,,,
2.13443545,41.40289022,,,,,,,,,,,,,,,,
2.17274603,41.39245084,,,,,,,,,,,,,,,,
2.17274603,41.39245084,,,,,,,,,,,,,,,,
2.13536342,41.39777526,,,,,,,,,,,,,,,,
2.13536342,41.39777526,,,,,,,,,,,,,,,,
2.13536342,41.39777526,,,,,,,,,,,,,,,,
2.15358979,41.3838181,,,,,,,,,,,,,,,,
2.15358979,41.3838181,,,,,,,,,,,,,,,,
2.13498871,41.36389736,,,,,,,,,,,,,,,,
2.13498871,41.36389736,,,,,,,,,,,,,,,,
2.13875106,41.41864456,,,,,,,,,,,,,,,,
2.20780191,41.40478465,,,,,,,,,,,,,,,,
2.20780191,41.40478465,,,,,,,,,,,,,,,,
2.20780191,41.40478465,,,,,,,,,,,,,,,,
2.20580495,41.41738151,,,,,,,,,,,,,,,,
2.20580495,41.41738151,,,,,,,,,,,,,,,,
2.20598108,41.39537382,,,,,,,,,,,,,,,,
2.20598108,41.39537382,,,,,,,,,,,,,,,,
2.13056665,41.37996904,,,,,,,,,,,,,,,,
2.13056665,41.37996904,,,,,,,,,,,,,,,,
2.12684881,41.39463362,,,,,,,,,,,,,,,,
2.12684881,41.39463362,,,,,,,,,,,,,,,,
2.12684881,41.39463362,,,,,,,,,,,,,,,,
2.12684881,41.39463362,,,,,,,,,,,,,,,,
2.12684881,41.39463362,,,,,,,,,,,,,,,,
2.12684881,41.39463362,,,,,,,,,,,,,,,,
2.16750791,41.39413783,,,,,,,,,,,,,,,,
2.16750791,41.39413783,,,,,,,,,,,,,,,,
2.12393637,41.38702756,,,,,,,,,,,,,,,,
2.12393637,41.38702756,,,,,,,,,,,,,,,,
2.15427911,41.38381566,,,,,,,,,,,,,,,,
2.15427911,41.38381566,,,,,,,,,,,,,,,,
2.12800575,41.39778468,,,,,,,,,,,,,,,,
2.12800575,41.39778468,,,,,,,,,,,,,,,,
2.18923376,41.41842044,,,,,,,,,,,,,,,,
2.18923376,41.41842044,,,,,,,,,,,,,,,,
2.15781086,41.38664783,,,,,,,,,,,,,,,,
2.15781086,41.38664783,,,,,,,,,,,,,,,,
2.1971629,41.41174067,,,,,,,,,,,,,,,,
2.12133303,41.38400716,,,,,,,,,,,,,,,,
2.12133303,41.38400716,,,,,,,,,,,,,,,,
2.14718034,41.43423976,,,,,,,,,,,,,,,,
2.14718034,41.43423976,,,,,,,,,,,,,,,,
2.13413961,41.39933787,,,,,,,,,,,,,,,,
2.13413961,41.39933787,,,,,,,,,,,,,,,,
2.17352705,41.38056881,,,,,,,,,,,,,,,,
2.17352705,41.38056881,,,,,,,,,,,,,,,,
2.17352705,41.38056881,,,,,,,,,,,,,,,,
2.17352705,41.38056881,,,,,,,,,,,,,,,,
2.17580925,41.44571505,,,,,,,,,,,,,,,,
2.17580925,41.44571505,,,,,,,,,,,,,,,,
2.17580925,41.44571505,,,,,,,,,,,,,,,,
2.17580925,41.44571505,,,,,,,,,,,,,,,,
2.15279931,41.38648649,,,,,,,,,,,,,,,,
2.15279931,41.38648649,,,,,,,,,,,,,,,,
2.11480827,41.38342664,,,,,,,,,,,,,,,,
2.11480827,41.38342664,,,,,,,,,,,,,,,,
2.14203901,41.40151211,,,,,,,,,,,,,,,,
2.17657793,41.40946429,,,,,,,,,,,,,,,,
2.17657793,41.40946429,,,,,,,,,,,,,,,,
2.17881444,41.38376284,,,,,,,,,,,,,,,,
2.17881444,41.38376284,,,,,,,,,,,,,,,,
2.15416494,41.37692216,,,,,,,,,,,,,,,,
2.15416494,41.37692216,,,,,,,,,,,,,,,,
2.13281894,41.41510982,,,,,,,,,,,,,,,,
2.13281894,41.41510982,,,,,,,,,,,,,,,,
2.18110928,41.40603399,,,,,,,,,,,,,,,,
2.18110928,41.40603399,,,,,,,,,,,,,,,,
2.20510828,41.40668915,,,,,,,,,,,,,,,,
2.20510828,41.40668915,,,,,,,,,,,,,,,,
2.13154996,41.37803341,,,,,,,,,,,,,,,,
2.13154996,41.37803341,,,,,,,,,,,,,,,,
2.18050199,41.39156924,,,,,,,,,,,,,,,,
2.18050199,41.39156924,,,,,,,,,,,,,,,,
2.14519793,41.39256363,,,,,,,,,,,,,,,,
2.14519793,41.39256363,,,,,,,,,,,,,,,,
2.1429063,41.38024879,,,,,,,,,,,,,,,,
2.1429063,41.38024879,,,,,,,,,,,,,,,,
2.1429063,41.38024879,,,,,,,,,,,,,,,,
2.17861905,41.42270081,,,,,,,,,,,,,,,,
2.17861905,41.42270081,,,,,,,,,,,,,,,,
2.16952987,41.36269923,,,,,,,,,,,,,,,,
2.16952987,41.36269923,,,,,,,,,,,,,,,,
2.16952987,41.36269923,,,,,,,,,,,,,,,,
2.16952987,41.36269923,,,,,,,,,,,,,,,,
2.18000834,41.40353877,,,,,,,,,,,,,,,,
2.18000834,41.40353877,,,,,,,,,,,,,,,,
2.18000834,41.40353877,,,,,,,,,,,,,,,,
2.18363774,41.40808061,,,,,,,,,,,,,,,,
2.18363774,41.40808061,,,,,,,,,,,,,,,,
2.14942424,41.3856251,,,,,,,,,,,,,,,,
2.14942424,41.3856251,,,,,,,,,,,,,,,,
2.1480524,41.40767096,,,,,,,,,,,,,,,,
2.1480524,41.40767096,,,,,,,,,,,,,,,,
2.18173959,41.43925968,,,,,,,,,,,,,,,,
2.18173959,41.43925968,,,,,,,,,,,,,,,,
2.12327446,41.38727958,,,,,,,,,,,,,,,,
2.12327446,41.38727958,,,,,,,,,,,,,,,,
2.12327446,41.38727958,,,,,,,,,,,,,,,,
2.19022333,41.39227075,,,,,,,,,,,,,,,,
2.19022333,41.39227075,,,,,,,,,,,,,,,,
2.15296871,41.39682878,,,,,,,,,,,,,,,,
2.15296871,41.39682878,,,,,,,,,,,,,,,,
2.14320881,41.4113885,,,,,,,,,,,,,,,,
2.14320881,41.4113885,,,,,,,,,,,,,,,,
2.21644042,41.40465451,,,,,,,,,,,,,,,,
2.21644042,41.40465451,,,,,,,,,,,,,,,,
2.21644042,41.40465451,,,,,,,,,,,,,,,,
2.15274704,41.39457523,,,,,,,,,,,,,,,,
2.15274704,41.39457523,,,,,,,,,,,,,,,,
2.15274704,41.39457523,,,,,,,,,,,,,,,,
2.18933499,41.44197057,,,,,,,,,,,,,,,,
2.18933499,41.44197057,,,,,,,,,,,,,,,,
2.18933499,41.44197057,,,,,,,,,,,,,,,,
2.142318,41.43413706,,,,,,,,,,,,,,,,
2.1498821,41.40579118,,,,,,,,,,,,,,,,
2.1498821,41.40579118,,,,,,,,,,,,,,,,
2.14884641,41.39304291,,,,,,,,,,,,,,,,
2.14884641,41.39304291,,,,,,,,,,,,,,,,
2.17589586,41.44495647,,,,,,,,,,,,,,,,
2.17589586,41.44495647,,,,,,,,,,,,,,,,
2.13863878,41.40643177,,,,,,,,,,,,,,,,
2.13863878,41.40643177,,,,,,,,,,,,,,,,
2.18771258,41.44455362,,,,,,,,,,,,,,,,
2.18771258,41.44455362,,,,,,,,,,,,,,,,
2.18771258,41.44455362,,,,,,,,,,,,,,,,
2.12717974,41.39731207,,,,,,,,,,,,,,,,
2.12717974,41.39731207,,,,,,,,,,,,,,,,
2.12884296,41.38055408,,,,,,,,,,,,,,,,
2.12884296,41.38055408,,,,,,,,,,,,,,,,
2.13767955,41.42393378,,,,,,,,,,,,,,,,
2.16243163,41.44136517,,,,,,,,,,,,,,,,
2.16243163,41.44136517,,,,,,,,,,,,,,,,
2.12866159,41.37292502,,,,,,,,,,,,,,,,
2.195364,41.38672473,,,,,,,,,,,,,,,,
2.195364,41.38672473,,,,,,,,,,,,,,,,
2.15687102,41.39586055,,,,,,,,,,,,,,,,
2.15687102,41.39586055,,,,,,,,,,,,,,,,
2.14791433,41.39359874,,,,,,,,,,,,,,,,
2.14791433,41.39359874,,,,,,,,,,,,,,,,
2.14791433,41.39359874,,,,,,,,,,,,,,,,
2.14791433,41.39359874,,,,,,,,,,,,,,,,
2.13117493,41.41074164,,,,,,,,,,,,,,,,
2.13117493,41.41074164,,,,,,,,,,,,,,,,
2.17973449,41.43486298,,,,,,,,,,,,,,,,
2.12713167,41.38555375,,,,,,,,,,,,,,,,
2.12713167,41.38555375,,,,,,,,,,,,,,,,
2.13578598,41.41512763,,,,,,,,,,,,,,,,
2.13578598,41.41512763,,,,,,,,,,,,,,,,
2.13578598,41.41512763,,,,,,,,,,,,,,,,
2.13578598,41.41512763,,,,,,,,,,,,,,,,
2.20267994,41.41459009,,,,,,,,,,,,,,,,
2.20267994,41.41459009,,,,,,,,,,,,,,,,
2.20267994,41.41459009,,,,,,,,,,,,,,,,
2.17069986,41.41392619,,,,,,,,,,,,,,,,
2.17069986,41.41392619,,,,,,,,,,,,,,,,
2.17069986,41.41392619,,,,,,,,,,,,,,,,
2.15221163,41.40305558,,,,,,,,,,,,,,,,
2.15221163,41.40305558,,,,,,,,,,,,,,,,
2.15221163,41.40305558,,,,,,,,,,,,,,,,
2.17951893,41.40243963,,,,,,,,,,,,,,,,
2.17951893,41.40243963,,,,,,,,,,,,,,,,
2.12429989,41.38812108,,,,,,,,,,,,,,,,
2.18162213,41.40144319,,,,,,,,,,,,,,,,
2.18162213,41.40144319,,,,,,,,,,,,,,,,
2.19676246,41.39513924,,,,,,,,,,,,,,,,
2.19676246,41.39513924,,,,,,,,,,,,,,,,
2.17445923,41.4164798,,,,,,,,,,,,,,,,
2.17445923,41.4164798,,,,,,,,,,,,,,,,
2.13291544,41.36893281,,,,,,,,,,,,,,,,
2.13291544,41.36893281,,,,,,,,,,,,,,,,
2.20009048,41.38977993,,,,,,,,,,,,,,,,
2.20009048,41.38977993,,,,,,,,,,,,,,,,
2.13577638,41.39102075,,,,,,,,,,,,,,,,
2.13577638,41.39102075,,,,,,,,,,,,,,,,
2.1210692,41.38719681,,,,,,,,,,,,,,,,
2.1210692,41.38719681,,,,,,,,,,,,,,,,
2.18090025,41.41933762,,,,,,,,,,,,,,,,
2.18090025,41.41933762,,,,,,,,,,,,,,,,
2.15507763,41.38647851,,,,,,,,,,,,,,,,
2.15507763,41.38647851,,,,,,,,,,,,,,,,
2.15507763,41.38647851,,,,,,,,,,,,,,,,
2.13397102,41.40686646,,,,,,,,,,,,,,,,
2.13397102,41.40686646,,,,,,,,,,,,,,,,
2.17142281,41.38862695,,,,,,,,,,,,,,,,
2.17142281,41.38862695,,,,,,,,,,,,,,,,
2.15450214,41.40080558,,,,,,,,,,,,,,,,
2.15450214,41.40080558,,,,,,,,,,,,,,,,
2.15450214,41.40080558,,,,,,,,,,,,,,,,
2.18652821,41.44172339,,,,,,,,,,,,,,,,
2.18652821,41.44172339,,,,,,,,,,,,,,,,
2.18397231,41.42315078,,,,,,,,,,,,,,,,
2.18397231,41.42315078,,,,,,,,,,,,,,,,
2.20461063,41.39382397,,,,,,,,,,,,,,,,
2.20461063,41.39382397,,,,,,,,,,,,,,,,
2.20461063,41.39382397,,,,,,,,,,,,,,,,
2.17731855,41.39446662,,,,,,,,,,,,,,,,
2.17731855,41.39446662,,,,,,,,,,,,,,,,
2.17731855,41.39446662,,,,,,,,,,,,,,,,
2.14364477,41.39050273,,,,,,,,,,,,,,,,
2.14364477,41.39050273,,,,,,,,,,,,,,,,
2.14364477,41.39050273,,,,,,,,,,,,,,,,
2.14364477,41.39050273,,,,,,,,,,,,,,,,
2.15779772,41.41154716,,,,,,,,,,,,,,,,
2.17408421,41.38019904,,,,,,,,,,,,,,,,
2.17408421,41.38019904,,,,,,,,,,,,,,,,
2.17408421,41.38019904,,,,,,,,,,,,,,,,
2.17408421,41.38019904,,,,,,,,,,,,,,,,
2.17408421,41.38019904,,,,,,,,,,,,,,,,
2.17408421,41.38019904,,,,,,,,,,,,,,,,
2.18268407,41.44639924,,,,,,,,,,,,,,,,
2.14827543,41.38136938,,,,,,,,,,,,,,,,
2.14827543,41.38136938,,,,,,,,,,,,,,,,
2.14827543,41.38136938,,,,,,,,,,,,,,,,
2.14827543,41.38136938,,,,,,,,,,,,,,,,
2.14232979,41.42478473,,,,,,,,,,,,,,,,
2.14232979,41.42478473,,,,,,,,,,,,,,,,
2.19327391,41.43188377,,,,,,,,,,,,,,,,
2.19327391,41.43188377,,,,,,,,,,,,,,,,
2.12875832,41.41229162,,,,,,,,,,,,,,,,
2.12875832,41.41229162,,,,,,,,,,,,,,,,
2.12875832,41.41229162,,,,,,,,,,,,,,,,
2.18660505,41.4166269,,,,,,,,,,,,,,,,
2.18660505,41.4166269,,,,,,,,,,,,,,,,
2.12689313,41.33172996,,,,,,,,,,,,,,,,
2.14327436,41.40308038,,,,,,,,,,,,,,,,
2.14327436,41.40308038,,,,,,,,,,,,,,,,
2.19239835,41.41283628,,,,,,,,,,,,,,,,
2.19239835,41.41283628,,,,,,,,,,,,,,,,
2.14044365,41.41747875,,,,,,,,,,,,,,,,
2.14044365,41.41747875,,,,,,,,,,,,,,,,
2.14243625,41.42403288,,,,,,,,,,,,,,,,
2.14243625,41.42403288,,,,,,,,,,,,,,,,
2.14243625,41.42403288,,,,,,,,,,,,,,,,
2.20582592,41.44348507,,,,,,,,,,,,,,,,
2.20582592,41.44348507,,,,,,,,,,,,,,,,
2.17431112,41.40264096,,,,,,,,,,,,,,,,
2.17431112,41.40264096,,,,,,,,,,,,,,,,
2.13053768,41.41350654,,,,,,,,,,,,,,,,
2.13053768,41.41350654,,,,,,,,,,,,,,,,
2.13053768,41.41350654,,,,,,,,,,,,,,,,
2.20793076,41.44074369,,,,,,,,,,,,,,,,
2.20793076,41.44074369,,,,,,,,,,,,,,,,
2.20793076,41.44074369,,,,,,,,,,,,,,,,
2.20793076,41.44074369,,,,,,,,,,,,,,,,
2.17317091,41.3966833,,,,,,,,,,,,,,,,
2.17317091,41.3966833,,,,,,,,,,,,,,,,
2.17317091,41.3966833,,,,,,,,,,,,,,,,
2.15846428,41.38732773,,,,,,,,,,,,,,,,
2.15846428,41.38732773,,,,,,,,,,,,,,,,
2.15846428,41.38732773,,,,,,,,,,,,,,,,
2.17322757,41.41035644,,,,,,,,,,,,,,,,
2.17322757,41.41035644,,,,,,,,,,,,,,,,
2.16557312,41.37479148,,,,,,,,,,,,,,,,
2.16557312,41.37479148,,,,,,,,,,,,,,,,
2.18452894,41.42221106,,,,,,,,,,,,,,,,
2.18452894,41.42221106,,,,,,,,,,,,,,,,
2.15812236,41.38774165,,,,,,,,,,,,,,,,
2.15812236,41.38774165,,,,,,,,,,,,,,,,
2.19091958,41.44341202,,,,,,,,,,,,,,,,
2.19091958,41.44341202,,,,,,,,,,,,,,,,
2.19403587,41.42798279,,,,,,,,,,,,,,,,
2.19403587,41.42798279,,,,,,,,,,,,,,,,
2.16141961,41.35658293,,,,,,,,,,,,,,,,
2.16141961,41.35658293,,,,,,,,,,,,,,,,
2.16141961,41.35658293,,,,,,,,,,,,,,,,
2.16141961,41.35658293,,,,,,,,,,,,,,,,
2.16753454,41.4026934,,,,,,,,,,,,,,,,
2.16753454,41.4026934,,,,,,,,,,,,,,,,
2.16753454,41.4026934,,,,,,,,,,,,,,,,
2.12720523,41.37182594,,,,,,,,,,,,,,,,
2.12720523,41.37182594,,,,,,,,,,,,,,,,
2.12821035,41.38839659,,,,,,,,,,,,,,,,
2.12821035,41.38839659,,,,,,,,,,,,,,,,
2.1826503,41.44659281,,,,,,,,,,,,,,,,
2.1826503,41.44659281,,,,,,,,,,,,,,,,
2.1815144,41.44624247,,,,,,,,,,,,,,,,
2.1815144,41.44624247,,,,,,,,,,,,,,,,
2.17120305,41.43683161,,,,,,,,,,,,,,,,
2.12792223,41.38797155,,,,,,,,,,,,,,,,
2.12792223,41.38797155,,,,,,,,,,,,,,,,
2.14147883,41.36894816,,,,,,,,,,,,,,,,
2.14147883,41.36894816,,,,,,,,,,,,,,,,
2.11829669,41.4045143,,,,,,,,,,,,,,,,
2.11829669,41.4045143,,,,,,,,,,,,,,,,
2.11829669,41.4045143,,,,,,,,,,,,,,,,
2.11829669,41.4045143,,,,,,,,,,,,,,,,
2.11829669,41.4045143,,,,,,,,,,,,,,,,
2.15393985,41.40895468,,,,,,,,,,,,,,,,
2.15393985,41.40895468,,,,,,,,,,,,,,,,
2.15393985,41.40895468,,,,,,,,,,,,,,,,
2.15393985,41.40895468,,,,,,,,,,,,,,,,
2.17274603,41.39245084,,,,,,,,,,,,,,,,
2.17274603,41.39245084,,,,,,,,,,,,,,,,
2.17857055,41.41263431,,,,,,,,,,,,,,,,
2.17857055,41.41263431,,,,,,,,,,,,,,,,
2.16198139,41.42964835,,,,,,,,,,,,,,,,
2.16198139,41.42964835,,,,,,,,,,,,,,,,
2.1370514,41.39137618,,,,,,,,,,,,,,,,
2.1370514,41.39137618,,,,,,,,,,,,,,,,
2.16471061,41.38617287,,,,,,,,,,,,,,,,
2.16471061,41.38617287,,,,,,,,,,,,,,,,
2.13555167,41.40979118,,,,,,,,,,,,,,,,
2.13555167,41.40979118,,,,,,,,,,,,,,,,
2.12863157,41.37893749,,,,,,,,,,,,,,,,
2.12863157,41.37893749,,,,,,,,,,,,,,,,
2.15228711,41.40333668,,,,,,,,,,,,,,,,
2.15228711,41.40333668,,,,,,,,,,,,,,,,
2.18081933,41.432133,,,,,,,,,,,,,,,,
2.17502155,41.39413641,,,,,,,,,,,,,,,,
2.17502155,41.39413641,,,,,,,,,,,,,,,,
2.18999786,41.37929272,,,,,,,,,,,,,,,,
2.18999786,41.37929272,,,,,,,,,,,,,,,,
2.18999786,41.37929272,,,,,,,,,,,,,,,,
2.14227953,41.37373676,,,,,,,,,,,,,,,,
2.14227953,41.37373676,,,,,,,,,,,,,,,,
2.13704274,41.39126171,,,,,,,,,,,,,,,,
2.18119883,41.39910881,,,,,,,,,,,,,,,,
2.18119883,41.39910881,,,,,,,,,,,,,,,,
2.15993308,41.35519284,,,,,,,,,,,,,,,,
2.15993308,41.35519284,,,,,,,,,,,,,,,,
2.1644734,41.39513898,,,,,,,,,,,,,,,,
2.1644734,41.39513898,,,,,,,,,,,,,,,,
2.15943621,41.38787256,,,,,,,,,,,,,,,,
2.15943621,41.38787256,,,,,,,,,,,,,,,,
2.15943621,41.38787256,,,,,,,,,,,,,,,,
2.19314528,41.44728689,,,,,,,,,,,,,,,,
2.19314528,41.44728689,,,,,,,,,,,,,,,,
2.20153757,41.39111531,,,,,,,,,,,,,,,,
2.20153757,41.39111531,,,,,,,,,,,,,,,,
2.13180356,41.40252632,,,,,,,,,,,,,,,,
2.15471064,41.39531451,,,,,,,,,,,,,,,,
2.15471064,41.39531451,,,,,,,,,,,,,,,,
2.16893257,41.39664162,,,,,,,,,,,,,,,,
2.17393094,41.43820168,,,,,,,,,,,,,,,,
2.17393094,41.43820168,,,,,,,,,,,,,,,,
2.17601951,41.4177982,,,,,,,,,,,,,,,,
2.17601951,41.4177982,,,,,,,,,,,,,,,,
2.15469118,41.37519747,,,,,,,,,,,,,,,,
2.15469118,41.37519747,,,,,,,,,,,,,,,,
2.11164331,41.38500308,,,,,,,,,,,,,,,,
2.11164331,41.38500308,,,,,,,,,,,,,,,,
2.16822649,41.43928907,,,,,,,,,,,,,,,,
2.16822649,41.43928907,,,,,,,,,,,,,,,,
2.16822649,41.43928907,,,,,,,,,,,,,,,,
2.14999845,41.40098728,,,,,,,,,,,,,,,,
2.14999845,41.40098728,,,,,,,,,,,,,,,,
2.20396202,41.40756519,,,,,,,,,,,,,,,,
2.20396202,41.40756519,,,,,,,,,,,,,,,,
2.12991683,41.39250755,,,,,,,,,,,,,,,,
2.12991683,41.39250755,,,,,,,,,,,,,,,,
2.17442125,41.43813185,,,,,,,,,,,,,,,,
2.17442125,41.43813185,,,,,,,,,,,,,,,,
2.17824005,41.39982754,,,,,,,,,,,,,,,,
2.17824005,41.39982754,,,,,,,,,,,,,,,,
2.17824005,41.39982754,,,,,,,,,,,,,,,,
2.15204494,41.39969019,,,,,,,,,,,,,,,,
2.15204494,41.39969019,,,,,,,,,,,,,,,,
2.15419772,41.38563946,,,,,,,,,,,,,,,,
2.15419772,41.38563946,,,,,,,,,,,,,,,,
2.1537692,41.43852097,,,,,,,,,,,,,,,,
2.1537692,41.43852097,,,,,,,,,,,,,,,,
2.17589586,41.44495647,,,,,,,,,,,,,,,,
2.17589586,41.44495647,,,,,,,,,,,,,,,,
2.17589586,41.44495647,,,,,,,,,,,,,,,,
2.17435822,41.40949626,,,,,,,,,,,,,,,,
2.17435822,41.40949626,,,,,,,,,,,,,,,,
2.17435822,41.40949626,,,,,,,,,,,,,,,,
2.15621157,41.39417572,,,,,,,,,,,,,,,,
2.15621157,41.39417572,,,,,,,,,,,,,,,,
2.2050049,41.41210983,,,,,,,,,,,,,,,,
2.2050049,41.41210983,,,,,,,,,,,,,,,,
2.14589193,41.43229692,,,,,,,,,,,,,,,,
2.14589193,41.43229692,,,,,,,,,,,,,,,,
2.14589193,41.43229692,,,,,,,,,,,,,,,,
2.18139703,41.38090725,,,,,,,,,,,,,,,,
2.18139703,41.38090725,,,,,,,,,,,,,,,,
2.12061556,41.34013041,,,,,,,,,,,,,,,,
2.12061556,41.34013041,,,,,,,,,,,,,,,,
2.21339846,41.41644936,,,,,,,,,,,,,,,,
2.21339846,41.41644936,,,,,,,,,,,,,,,,
2.13292938,41.3982085,,,,,,,,,,,,,,,,
2.13292938,41.3982085,,,,,,,,,,,,,,,,
2.15895934,41.41227778,,,,,,,,,,,,,,,,
2.15895934,41.41227778,,,,,,,,,,,,,,,,
2.14800401,41.39499111,,,,,,,,,,,,,,,,
2.14800401,41.39499111,,,,,,,,,,,,,,,,
2.18719123,41.40801185,,,,,,,,,,,,,,,,
2.18719123,41.40801185,,,,,,,,,,,,,,,,
2.18719123,41.40801185,,,,,,,,,,,,,,,,
2.17340752,41.38968588,,,,,,,,,,,,,,,,
2.17340752,41.38968588,,,,,,,,,,,,,,,,
2.17172659,41.38329709,,,,,,,,,,,,,,,,
2.16343032,41.38515475,,,,,,,,,,,,,,,,
2.16778575,41.40758819,,,,,,,,,,,,,,,,
2.16778575,41.40758819,,,,,,,,,,,,,,,,
2.16778575,41.40758819,,,,,,,,,,,,,,,,
2.16778575,41.40758819,,,,,,,,,,,,,,,,
2.19303396,41.40783275,,,,,,,,,,,,,,,,
2.21287976,41.40218432,,,,,,,,,,,,,,,,
2.21287976,41.40218432,,,,,,,,,,,,,,,,
2.20396202,41.40756519,,,,,,,,,,,,,,,,
2.20396202,41.40756519,,,,,,,,,,,,,,,,
2.16613108,41.3843153,,,,,,,,,,,,,,,,
2.16638479,41.40353567,,,,,,,,,,,,,,,,
2.16638479,41.40353567,,,,,,,,,,,,,,,,
2.14855731,41.40244558,,,,,,,,,,,,,,,,
2.14855731,41.40244558,,,,,,,,,,,,,,,,
2.15817791,41.42302241,,,,,,,,,,,,,,,,
2.15817791,41.42302241,,,,,,,,,,,,,,,,
2.18403231,41.43942255,,,,,,,,,,,,,,,,
2.18403231,41.43942255,,,,,,,,,,,,,,,,
2.14716529,41.38392285,,,,,,,,,,,,,,,,
2.14716529,41.38392285,,,,,,,,,,,,,,,,
2.13680837,41.39136107,,,,,,,,,,,,,,,,
2.13680837,41.39136107,,,,,,,,,,,,,,,,
2.11573651,41.40239072,,,,,,,,,,,,,,,,
2.11573651,41.40239072,,,,,,,,,,,,,,,,
2.14259546,41.41144503,,,,,,,,,,,,,,,,
2.14259546,41.41144503,,,,,,,,,,,,,,,,
2.14259546,41.41144503,,,,,,,,,,,,,,,,
2.12418898,41.39958716,,,,,,,,,,,,,,,,
2.12418898,41.39958716,,,,,,,,,,,,,,,,
2.17256845,41.4021296,,,,,,,,,,,,,,,,
2.15416707,41.37499749,,,,,,,,,,,,,,,,
2.15416707,41.37499749,,,,,,,,,,,,,,,,
2.20754022,41.42357697,,,,,,,,,,,,,,,,
2.20754022,41.42357697,,,,,,,,,,,,,,,,
2.18719273,41.4097773,,,,,,,,,,,,,,,,
2.18719273,41.4097773,,,,,,,,,,,,,,,,
2.18221875,41.40518806,,,,,,,,,,,,,,,,
2.18221875,41.40518806,,,,,,,,,,,,,,,,
2.15647529,41.43774344,,,,,,,,,,,,,,,,
2.15647529,41.43774344,,,,,,,,,,,,,,,,
2.17241625,41.39939421,,,,,,,,,,,,,,,,
2.17241625,41.39939421,,,,,,,,,,,,,,,,
2.15980353,41.37607169,,,,,,,,,,,,,,,,
2.15980353,41.37607169,,,,,,,,,,,,,,,,
2.15784993,41.4391286,,,,,,,,,,,,,,,,
2.15784993,41.4391286,,,,,,,,,,,,,,,,
2.1277311,41.3784491,,,,,,,,,,,,,,,,
2.1277311,41.3784491,,,,,,,,,,,,,,,,
2.1597954,41.38266798,,,,,,,,,,,,,,,,
2.1597954,41.38266798,,,,,,,,,,,,,,,,
2.13187011,41.39347883,,,,,,,,,,,,,,,,
2.13187011,41.39347883,,,,,,,,,,,,,,,,
2.20447406,41.43072143,,,,,,,,,,,,,,,,
2.20447406,41.43072143,,,,,,,,,,,,,,,,
2.12157029,41.38651031,,,,,,,,,,,,,,,,
2.12157029,41.38651031,,,,,,,,,,,,,,,,
2.13418443,41.37553894,,,,,,,,,,,,,,,,
2.13418443,41.37553894,,,,,,,,,,,,,,,,
2.18818985,41.45144651,,,,,,,,,,,,,,,,
2.18818985,41.45144651,,,,,,,,,,,,,,,,
2.18000834,41.40353877,,,,,,,,,,,,,,,,
2.18000834,41.40353877,,,,,,,,,,,,,,,,
2.15443346,41.35171321,,,,,,,,,,,,,,,,
2.15443346,41.35171321,,,,,,,,,,,,,,,,
2.15115183,41.42163861,,,,,,,,,,,,,,,,
2.15115183,41.42163861,,,,,,,,,,,,,,,,
2.13046368,41.37549168,,,,,,,,,,,,,,,,
2.13046368,41.37549168,,,,,,,,,,,,,,,,
2.18186358,41.39929428,,,,,,,,,,,,,,,,
2.18186358,41.39929428,,,,,,,,,,,,,,,,
2.18186358,41.39929428,,,,,,,,,,,,,,,,
2.12401874,41.3400491,,,,,,,,,,,,,,,,
2.12401874,41.3400491,,,,,,,,,,,,,,,,
2.12401874,41.3400491,,,,,,,,,,,,,,,,
2.12401874,41.3400491,,,,,,,,,,,,,,,,
2.17314622,41.4369692,,,,,,,,,,,,,,,,
2.17314622,41.4369692,,,,,,,,,,,,,,,,
2.15731788,41.38307009,,,,,,,,,,,,,,,,
2.15731788,41.38307009,,,,,,,,,,,,,,,,
2.19480599,41.45107592,,,,,,,,,,,,,,,,
2.19480599,41.45107592,,,,,,,,,,,,,,,,
2.14777139,41.40975805,,,,,,,,,,,,,,,,
2.14777139,41.40975805,,,,,,,,,,,,,,,,
2.14482952,41.37880469,,,,,,,,,,,,,,,,
2.14482952,41.37880469,,,,,,,,,,,,,,,,
2.13958386,41.40159171,,,,,,,,,,,,,,,,
2.13958386,41.40159171,,,,,,,,,,,,,,,,
2.14603129,41.38477908,,,,,,,,,,,,,,,,
2.14603129,41.38477908,,,,,,,,,,,,,,,,
2.11458035,41.40141496,,,,,,,,,,,,,,,,
2.11458035,41.40141496,,,,,,,,,,,,,,,,
2.11458035,41.40141496,,,,,,,,,,,,,,,,
2.11841734,41.40481727,,,,,,,,,,,,,,,,
2.11841734,41.40481727,,,,,,,,,,,,,,,,
2.11841734,41.40481727,,,,,,,,,,,,,,,,
2.16049868,41.39570706,,,,,,,,,,,,,,,,
2.16049868,41.39570706,,,,,,,,,,,,,,,,
2.16049868,41.39570706,,,,,,,,,,,,,,,,
2.16863895,41.40353382,,,,,,,,,,,,,,,,
2.16863895,41.40353382,,,,,,,,,,,,,,,,
2.16863895,41.40353382,,,,,,,,,,,,,,,,
2.15153779,41.43295716,,,,,,,,,,,,,,,,
2.12557545,41.39591482,,,,,,,,,,,,,,,,
2.12557545,41.39591482,,,,,,,,,,,,,,,,
2.13291544,41.36893281,,,,,,,,,,,,,,,,
2.13291544,41.36893281,,,,,,,,,,,,,,,,
2.11340164,41.40028816,,,,,,,,,,,,,,,,
2.11340164,41.40028816,,,,,,,,,,,,,,,,
2.11340164,41.40028816,,,,,,,,,,,,,,,,
2.15167288,41.38732451,,,,,,,,,,,,,,,,
2.15167288,41.38732451,,,,,,,,,,,,,,,,
2.15167288,41.38732451,,,,,,,,,,,,,,,,
2.15167288,41.38732451,,,,,,,,,,,,,,,,
2.17542793,41.40007292,,,,,,,,,,,,,,,,
2.17542793,41.40007292,,,,,,,,,,,,,,,,
2.17542793,41.40007292,,,,,,,,,,,,,,,,
2.17542793,41.40007292,,,,,,,,,,,,,,,,
2.17542793,41.40007292,,,,,,,,,,,,,,,,
2.18347834,41.42281015,,,,,,,,,,,,,,,,
2.18347834,41.42281015,,,,,,,,,,,,,,,,
2.19314686,41.44728605,,,,,,,,,,,,,,,,
2.13708259,41.39034971,,,,,,,,,,,,,,,,
2.13708259,41.39034971,,,,,,,,,,,,,,,,
2.16411041,41.39500658,,,,,,,,,,,,,,,,
2.16411041,41.39500658,,,,,,,,,,,,,,,,
2.16411041,41.39500658,,,,,,,,,,,,,,,,
2.1824125,41.39303864,,,,,,,,,,,,,,,,
2.12908328,41.3793603,,,,,,,,,,,,,,,,
2.12908328,41.3793603,,,,,,,,,,,,,,,,
2.19617731,41.38779473,,,,,,,,,,,,,,,,
2.19617731,41.38779473,,,,,,,,,,,,,,,,
2.1513037,41.42627344,,,,,,,,,,,,,,,,
2.1513037,41.42627344,,,,,,,,,,,,,,,,
2.1513037,41.42627344,,,,,,,,,,,,,,,,
2.1779441,41.39307131,,,,,,,,,,,,,,,,
2.1779441,41.39307131,,,,,,,,,,,,,,,,
2.1779441,41.39307131,,,,,,,,,,,,,,,,
2.18452894,41.42221106,,,,,,,,,,,,,,,,
2.18452894,41.42221106,,,,,,,,,,,,,,,,
2.13680837,41.39136107,,,,,,,,,,,,,,,,
2.13680837,41.39136107,,,,,,,,,,,,,,,,
2.13680837,41.39136107,,,,,,,,,,,,,,,,
2.18012946,41.41540542,,,,,,,,,,,,,,,,
2.14498432,41.39285888,,,,,,,,,,,,,,,,
2.14498432,41.39285888,,,,,,,,,,,,,,,,
2.19469638,41.41452761,,,,,,,,,,,,,,,,
2.19469638,41.41452761,,,,,,,,,,,,,,,,
2.19469638,41.41452761,,,,,,,,,,,,,,,,
2.19469638,41.41452761,,,,,,,,,,,,,,,,
2.15119345,41.40095552,,,,,,,,,,,,,,,,
2.15119345,41.40095552,,,,,,,,,,,,,,,,
2.18555436,41.44432567,,,,,,,,,,,,,,,,
2.18555436,41.44432567,,,,,,,,,,,,,,,,
2.18011012,41.37787461,,,,,,,,,,,,,,,,
2.18011012,41.37787461,,,,,,,,,,,,,,,,
2.19799533,41.38927865,,,,,,,,,,,,,,,,
2.19799533,41.38927865,,,,,,,,,,,,,,,,
2.14396037,41.39142364,,,,,,,,,,,,,,,,
2.14396037,41.39142364,,,,,,,,,,,,,,,,
2.18054512,41.39896389,,,,,,,,,,,,,,,,
2.18054512,41.39896389,,,,,,,,,,,,,,,,
2.16732169,41.43043178,,,,,,,,,,,,,,,,
2.16732169,41.43043178,,,,,,,,,,,,,,,,
2.17888962,41.40438836,,,,,,,,,,,,,,,,
2.17888962,41.40438836,,,,,,,,,,,,,,,,
2.17651807,41.4360405,,,,,,,,,,,,,,,,
2.17651807,41.4360405,,,,,,,,,,,,,,,,
2.13864184,41.4169435,,,,,,,,,,,,,,,,
2.13864184,41.4169435,,,,,,,,,,,,,,,,
2.13864184,41.4169435,,,,,,,,,,,,,,,,
2.19586755,41.39051861,,,,,,,,,,,,,,,,
2.19586755,41.39051861,,,,,,,,,,,,,,,,
2.15879398,41.43964784,,,,,,,,,,,,,,,,
2.15879398,41.43964784,,,,,,,,,,,,,,,,
2.1978065,41.40955197,,,,,,,,,,,,,,,,
2.15846428,41.38732773,,,,,,,,,,,,,,,,
2.15846428,41.38732773,,,,,,,,,,,,,,,,
2.13578598,41.41512763,,,,,,,,,,,,,,,,
2.13578598,41.41512763,,,,,,,,,,,,,,,,
2.17439253,41.44486974,,,,,,,,,,,,,,,,
2.17439253,41.44486974,,,,,,,,,,,,,,,,
2.12696857,41.41110083,,,,,,,,,,,,,,,,
2.12696857,41.41110083,,,,,,,,,,,,,,,,
2.17205161,41.37696676,,,,,,,,,,,,,,,,
2.17205161,41.37696676,,,,,,,,,,,,,,,,
2.18019974,41.41733853,,,,,,,,,,,,,,,,
2.18019974,41.41733853,,,,,,,,,,,,,,,,
2.18019974,41.41733853,,,,,,,,,,,,,,,,
2.19148484,41.39133127,,,,,,,,,,,,,,,,
2.17722718,41.40498488,,,,,,,,,,,,,,,,
2.19479985,41.45107466,,,,,,,,,,,,,,,,
2.17536185,41.43017894,,,,,,,,,,,,,,,,
2.17536185,41.43017894,,,,,,,,,,,,,,,,
2.17536185,41.43017894,,,,,,,,,,,,,,,,
2.16702361,41.38848379,,,,,,,,,,,,,,,,
2.16702361,41.38848379,,,,,,,,,,,,,,,,
2.14468547,41.3670322,,,,,,,,,,,,,,,,
2.14468547,41.3670322,,,,,,,,,,,,,,,,
2.154246,41.38743806,,,,,,,,,,,,,,,,
2.154246,41.38743806,,,,,,,,,,,,,,,,
2.15180404,41.38703998,,,,,,,,,,,,,,,,
2.15180404,41.38703998,,,,,,,,,,,,,,,,
2.16399973,41.38654691,,,,,,,,,,,,,,,,
2.16399973,41.38654691,,,,,,,,,,,,,,,,
2.12234789,41.40047008,,,,,,,,,,,,,,,,
2.12234789,41.40047008,,,,,,,,,,,,,,,,
2.14017381,41.42050538,,,,,,,,,,,,,,,,
2.14017381,41.42050538,,,,,,,,,,,,,,,,
2.14017381,41.42050538,,,,,,,,,,,,,,,,
2.15166345,41.38222373,,,,,,,,,,,,,,,,
2.15166345,41.38222373,,,,,,,,,,,,,,,,
2.15166345,41.38222373,,,,,,,,,,,,,,,,
2.18112262,41.40774606,,,,,,,,,,,,,,,,
2.18112262,41.40774606,,,,,,,,,,,,,,,,
2.15693023,41.4001538,,,,,,,,,,,,,,,,
2.16069288,41.43989968,,,,,,,,,,,,,,,,
2.16069288,41.43989968,,,,,,,,,,,,,,,,
2.16069288,41.43989968,,,,,,,,,,,,,,,,
2.14718987,41.38218754,,,,,,,,,,,,,,,,
2.14718987,41.38218754,,,,,,,,,,,,,,,,
2.16186966,41.38988853,,,,,,,,,,,,,,,,
2.16186966,41.38988853,,,,,,,,,,,,,,,,
2.19278977,41.4098391,,,,,,,,,,,,,,,,
2.19278977,41.4098391,,,,,,,,,,,,,,,,
2.14261778,41.3854928,,,,,,,,,,,,,,,,
2.14261778,41.3854928,,,,,,,,,,,,,,,,
2.1463654,41.38831719,,,,,,,,,,,,,,,,
2.1463654,41.38831719,,,,,,,,,,,,,,,,
2.12327446,41.38727958,,,,,,,,,,,,,,,,
2.12327446,41.38727958,,,,,,,,,,,,,,,,
2.13712502,41.39076907,,,,,,,,,,,,,,,,
2.13712502,41.39076907,,,,,,,,,,,,,,,,
2.14299465,41.39506616,,,,,,,,,,,,,,,,
2.17684239,41.39050555,,,,,,,,,,,,,,,,
2.17684239,41.39050555,,,,,,,,,,,,,,,,
2.20813248,41.4163233,,,,,,,,,,,,,,,,
2.20813248,41.4163233,,,,,,,,,,,,,,,,
2.13939999,41.41865382,,,,,,,,,,,,,,,,
2.13939999,41.41865382,,,,,,,,,,,,,,,,
2.13939999,41.41865382,,,,,,,,,,,,,,,,
2.13939999,41.41865382,,,,,,,,,,,,,,,,
2.15949461,41.39652147,,,,,,,,,,,,,,,,
2.15949461,41.39652147,,,,,,,,,,,,,,,,
2.15949461,41.39652147,,,,,,,,,,,,,,,,
2.14442011,41.39328344,,,,,,,,,,,,,,,,
2.14442011,41.39328344,,,,,,,,,,,,,,,,
2.20178695,41.41254148,,,,,,,,,,,,,,,,
2.20178695,41.41254148,,,,,,,,,,,,,,,,
2.16297842,41.39587376,,,,,,,,,,,,,,,,
2.16297842,41.39587376,,,,,,,,,,,,,,,,
2.20461063,41.39382397,,,,,,,,,,,,,,,,
2.20461063,41.39382397,,,,,,,,,,,,,,,,
2.19637463,41.44975104,,,,,,,,,,,,,,,,
2.19637463,41.44975104,,,,,,,,,,,,,,,,
2.14274428,41.42545238,,,,,,,,,,,,,,,,
2.14274428,41.42545238,,,,,,,,,,,,,,,,
2.18075127,41.41867304,,,,,,,,,,,,,,,,
2.18075127,41.41867304,,,,,,,,,,,,,,,,
2.18075127,41.41867304,,,,,,,,,,,,,,,,
2.20493038,41.44463922,,,,,,,,,,,,,,,,
2.20493038,41.44463922,,,,,,,,,,,,,,,,
2.1513037,41.42627344,,,,,,,,,,,,,,,,
2.1513037,41.42627344,,,,,,,,,,,,,,,,
2.2017239,41.39898274,,,,,,,,,,,,,,,,
2.2017239,41.39898274,,,,,,,,,,,,,,,,
2.15259043,41.43333205,,,,,,,,,,,,,,,,
2.15259043,41.43333205,,,,,,,,,,,,,,,,
2.14350473,41.39291896,,,,,,,,,,,,,,,,
2.14350473,41.39291896,,,,,,,,,,,,,,,,
2.14350473,41.39291896,,,,,,,,,,,,,,,,
2.14716529,41.38392285,,,,,,,,,,,,,,,,
2.14716529,41.38392285,,,,,,,,,,,,,,,,
2.13491918,41.38979881,,,,,,,,,,,,,,,,
2.13491918,41.38979881,,,,,,,,,,,,,,,,
2.1423732,41.40531803,,,,,,,,,,,,,,,,
2.1423732,41.40531803,,,,,,,,,,,,,,,,
2.17998163,41.40689343,,,,,,,,,,,,,,,,
2.17998163,41.40689343,,,,,,,,,,,,,,,,
2.16837456,41.3768478,,,,,,,,,,,,,,,,
2.16837456,41.3768478,,,,,,,,,,,,,,,,
2.12172359,41.37567649,,,,,,,,,,,,,,,,
2.12172359,41.37567649,,,,,,,,,,,,,,,,
2.12172359,41.37567649,,,,,,,,,,,,,,,,
2.20510517,41.41179978,,,,,,,,,,,,,,,,
2.20510517,41.41179978,,,,,,,,,,,,,,,,
2.17253671,41.41819307,,,,,,,,,,,,,,,,
2.17253671,41.41819307,,,,,,,,,,,,,,,,
2.16074807,41.39073621,,,,,,,,,,,,,,,,
2.16074807,41.39073621,,,,,,,,,,,,,,,,
2.15802039,41.38754113,,,,,,,,,,,,,,,,
2.15802039,41.38754113,,,,,,,,,,,,,,,,
2.15516122,41.40128926,,,,,,,,,,,,,,,,
2.15516122,41.40128926,,,,,,,,,,,,,,,,
2.15122088,41.40828727,,,,,,,,,,,,,,,,
2.15122088,41.40828727,,,,,,,,,,,,,,,,
2.14828391,41.38307905,,,,,,,,,,,,,,,,
2.14828391,41.38307905,,,,,,,,,,,,,,,,
2.16380851,41.41077224,,,,,,,,,,,,,,,,
2.13239925,41.38083289,,,,,,,,,,,,,,,,
2.13239925,41.38083289,,,,,,,,,,,,,,,,
2.13260722,41.3896217,,,,,,,,,,,,,,,,
2.13260722,41.3896217,,,,,,,,,,,,,,,,
2.13583536,41.36441874,,,,,,,,,,,,,,,,
2.13583536,41.36441874,,,,,,,,,,,,,,,,
2.22104967,41.41282215,,,,,,,,,,,,,,,,
2.22104967,41.41282215,,,,,,,,,,,,,,,,
2.1662733,41.3865578,,,,,,,,,,,,,,,,
2.12502712,41.39460725,,,,,,,,,,,,,,,,
2.12502712,41.39460725,,,,,,,,,,,,,,,,
2.10693381,41.38764304,,,,,,,,,,,,,,,,
2.10693381,41.38764304,,,,,,,,,,,,,,,,
2.10693381,41.38764304,,,,,,,,,,,,,,,,
2.13623083,41.40125402,,,,,,,,,,,,,,,,
2.13623083,41.40125402,,,,,,,,,,,,,,,,
2.1625516,41.40888921,,,,,,,,,,,,,,,,
2.1625516,41.40888921,,,,,,,,,,,,,,,,
2.18687719,41.41035093,,,,,,,,,,,,,,,,
2.18687719,41.41035093,,,,,,,,,,,,,,,,
2.13142592,41.41412426,,,,,,,,,,,,,,,,
2.13142592,41.41412426,,,,,,,,,,,,,,,,
2.13142592,41.41412426,,,,,,,,,,,,,,,,
2.13142592,41.41412426,,,,,,,,,,,,,,,,
2.18119883,41.39910881,,,,,,,,,,,,,,,,
2.18119883,41.39910881,,,,,,,,,,,,,,,,
2.12485251,41.39282781,,,,,,,,,,,,,,,,
2.12485251,41.39282781,,,,,,,,,,,,,,,,
2.14498432,41.39285888,,,,,,,,,,,,,,,,
2.14498432,41.39285888,,,,,,,,,,,,,,,,
2.14510822,41.43058982,,,,,,,,,,,,,,,,
2.14737979,41.39459508,,,,,,,,,,,,,,,,
2.14737979,41.39459508,,,,,,,,,,,,,,,,
2.14737979,41.39459508,,,,,,,,,,,,,,,,
2.14737979,41.39459508,,,,,,,,,,,,,,,,
2.18652821,41.44172339,,,,,,,,,,,,,,,,
2.18652821,41.44172339,,,,,,,,,,,,,,,,
2.18652821,41.44172339,,,,,,,,,,,,,,,,
2.14983491,41.40549834,,,,,,,,,,,,,,,,
2.14983491,41.40549834,,,,,,,,,,,,,,,,
2.16640152,41.44185273,,,,,,,,,,,,,,,,
2.16640152,41.44185273,,,,,,,,,,,,,,,,
2.16640152,41.44185273,,,,,,,,,,,,,,,,
2.17894519,41.40273545,,,,,,,,,,,,,,,,
2.17894519,41.40273545,,,,,,,,,,,,,,,,
2.17894519,41.40273545,,,,,,,,,,,,,,,,
2.18360101,41.38952789,,,,,,,,,,,,,,,,
2.18360101,41.38952789,,,,,,,,,,,,,,,,
2.18389082,41.38116807,,,,,,,,,,,,,,,,
2.18389082,41.38116807,,,,,,,,,,,,,,,,
2.18389082,41.38116807,,,,,,,,,,,,,,,,
2.15994223,41.37220809,,,,,,,,,,,,,,,,
2.15994223,41.37220809,,,,,,,,,,,,,,,,
2.18937097,41.37563373,,,,,,,,,,,,,,,,
2.18937097,41.37563373,,,,,,,,,,,,,,,,
2.17271302,41.37479953,,,,,,,,,,,,,,,,
2.19467063,41.3833936,,,,,,,,,,,,,,,,
2.19467063,41.3833936,,,,,,,,,,,,,,,,
2.16546141,41.42823422,,,,,,,,,,,,,,,,
2.17861905,41.42270081,,,,,,,,,,,,,,,,
2.17861905,41.42270081,,,,,,,,,,,,,,,,
2.17861905,41.42270081,,,,,,,,,,,,,,,,
2.15953267,41.43778471,,,,,,,,,,,,,,,,
2.15953267,41.43778471,,,,,,,,,,,,,,,,
2.17294194,41.4038269,,,,,,,,,,,,,,,,
2.17294194,41.4038269,,,,,,,,,,,,,,,,
2.17210373,41.40954142,,,,,,,,,,,,,,,,
2.17210373,41.40954142,,,,,,,,,,,,,,,,
2.13053768,41.41350654,,,,,,,,,,,,,,,,
2.13053768,41.41350654,,,,,,,,,,,,,,,,
2.13053768,41.41350654,,,,,,,,,,,,,,,,
2.15824509,41.4266618,,,,,,,,,,,,,,,,
2.15824509,41.4266618,,,,,,,,,,,,,,,,
2.16952987,41.36269923,,,,,,,,,,,,,,,,
2.16952987,41.36269923,,,,,,,,,,,,,,,,
2.16952987,41.36269923,,,,,,,,,,,,,,,,
2.16952987,41.36269923,,,,,,,,,,,,,,,,
2.17206815,41.43496701,,,,,,,,,,,,,,,,
2.17206815,41.43496701,,,,,,,,,,,,,,,,
2.17231039,41.37462918,,,,,,,,,,,,,,,,
2.17231039,41.37462918,,,,,,,,,,,,,,,,
2.17231039,41.37462918,,,,,,,,,,,,,,,,
2.21168973,41.42181169,,,,,,,,,,,,,,,,
2.21168973,41.42181169,,,,,,,,,,,,,,,,
2.21168973,41.42181169,,,,,,,,,,,,,,,,
2.12521695,41.37561239,,,,,,,,,,,,,,,,
2.197363,41.38731819,,,,,,,,,,,,,,,,
2.14003052,41.36852084,,,,,,,,,,,,,,,,
2.14232979,41.42478473,,,,,,,,,,,,,,,,
2.14232979,41.42478473,,,,,,,,,,,,,,,,
2.16254093,41.39225464,,,,,,,,,,,,,,,,
2.16254093,41.39225464,,,,,,,,,,,,,,,,
2.18234576,41.42389782,,,,,,,,,,,,,,,,
2.18234576,41.42389782,,,,,,,,,,,,,,,,
2.20599431,41.41231701,,,,,,,,,,,,,,,,
2.20599431,41.41231701,,,,,,,,,,,,,,,,
2.13393052,41.41446946,,,,,,,,,,,,,,,,
2.13393052,41.41446946,,,,,,,,,,,,,,,,
2.17546665,41.43305755,,,,,,,,,,,,,,,,
2.17546665,41.43305755,,,,,,,,,,,,,,,,
2.13976079,41.37600689,,,,,,,,,,,,,,,,
2.13976079,41.37600689,,,,,,,,,,,,,,,,
2.16429984,41.39193341,,,,,,,,,,,,,,,,
2.16429984,41.39193341,,,,,,,,,,,,,,,,
2.16429984,41.39193341,,,,,,,,,,,,,,,,
2.17449606,41.45991711,,,,,,,,,,,,,,,,
2.13260722,41.3896217,,,,,,,,,,,,,,,,
2.13260722,41.3896217,,,,,,,,,,,,,,,,
2.13260722,41.3896217,,,,,,,,,,,,,,,,
2.13460002,41.40905428,,,,,,,,,,,,,,,,
2.13460002,41.40905428,,,,,,,,,,,,,,,,
2.11257911,41.39729068,,,,,,,,,,,,,,,,
2.11257911,41.39729068,,,,,,,,,,,,,,,,
2.18499205,41.4300389,,,,,,,,,,,,,,,,
2.18499205,41.4300389,,,,,,,,,,,,,,,,
2.1911301,41.43766604,,,,,,,,,,,,,,,,
2.1911301,41.43766604,,,,,,,,,,,,,,,,
2.1911301,41.43766604,,,,,,,,,,,,,,,,
2.14478248,41.34320593,,,,,,,,,,,,,,,,
2.14999845,41.40098728,,,,,,,,,,,,,,,,
2.14999845,41.40098728,,,,,,,,,,,,,,,,
2.14255515,41.37526445,,,,,,,,,,,,,,,,
2.14255515,41.37526445,,,,,,,,,,,,,,,,
2.15097738,41.40703611,,,,,,,,,,,,,,,,
2.15097738,41.40703611,,,,,,,,,,,,,,,,
2.15097738,41.40703611,,,,,,,,,,,,,,,,
2.18567333,41.43028285,,,,,,,,,,,,,,,,
2.18567333,41.43028285,,,,,,,,,,,,,,,,
2.15735231,41.38989751,,,,,,,,,,,,,,,,
2.14905209,41.39564046,,,,,,,,,,,,,,,,
2.14905209,41.39564046,,,,,,,,,,,,,,,,
2.14905209,41.39564046,,,,,,,,,,,,,,,,
2.17772122,41.41374214,,,,,,,,,,,,,,,,
2.17772122,41.41374214,,,,,,,,,,,,,,,,
2.14662864,41.41078911,,,,,,,,,,,,,,,,
2.14662864,41.41078911,,,,,,,,,,,,,,,,
2.15510067,41.42195566,,,,,,,,,,,,,,,,
2.15510067,41.42195566,,,,,,,,,,,,,,,,
2.18392912,41.42176145,,,,,,,,,,,,,,,,
2.18392912,41.42176145,,,,,,,,,,,,,,,,
2.17117512,41.36512737,,,,,,,,,,,,,,,,
2.17117512,41.36512737,,,,,,,,,,,,,,,,
2.17117512,41.36512737,,,,,,,,,,,,,,,,
2.17117512,41.36512737,,,,,,,,,,,,,,,,
2.17733444,41.42948939,,,,,,,,,,,,,,,,
2.17733444,41.42948939,,,,,,,,,,,,,,,,
2.17733444,41.42948939,,,,,,,,,,,,,,,,
2.16310473,41.38554485,,,,,,,,,,,,,,,,
2.16310473,41.38554485,,,,,,,,,,,,,,,,
2.17967469,41.41534562,,,,,,,,,,,,,,,,
2.17967469,41.41534562,,,,,,,,,,,,,,,,
2.17698456,41.44527943,,,,,,,,,,,,,,,,
2.17698456,41.44527943,,,,,,,,,,,,,,,,
2.17900443,41.37770999,,,,,,,,,,,,,,,,
2.17900443,41.37770999,,,,,,,,,,,,,,,,
2.15232159,41.40049839,,,,,,,,,,,,,,,,
2.15232159,41.40049839,,,,,,,,,,,,,,,,
2.12899479,41.37158982,,,,,,,,,,,,,,,,
2.12899479,41.37158982,,,,,,,,,,,,,,,,
2.14980891,41.40592933,,,,,,,,,,,,,,,,
2.14980891,41.40592933,,,,,,,,,,,,,,,,
2.14388493,41.39835098,,,,,,,,,,,,,,,,
2.14388493,41.39835098,,,,,,,,,,,,,,,,
2.11930816,41.37738153,,,,,,,,,,,,,,,,
2.11930816,41.37738153,,,,,,,,,,,,,,,,
2.14758225,41.40118071,,,,,,,,,,,,,,,,
2.14758225,41.40118071,,,,,,,,,,,,,,,,
2.18689012,41.41528517,,,,,,,,,,,,,,,,
2.18689012,41.41528517,,,,,,,,,,,,,,,,
2.18853413,41.4445788,,,,,,,,,,,,,,,,
2.18853413,41.4445788,,,,,,,,,,,,,,,,
2.21117652,41.40089546,,,,,,,,,,,,,,,,
2.21117652,41.40089546,,,,,,,,,,,,,,,,
2.16630564,41.43924727,,,,,,,,,,,,,,,,
2.16630564,41.43924727,,,,,,,,,,,,,,,,
2.21074907,41.40754683,,,,,,,,,,,,,,,,
2.21074907,41.40754683,,,,,,,,,,,,,,,,
2.12410115,41.39013111,,,,,,,,,,,,,,,,
2.12410115,41.39013111,,,,,,,,,,,,,,,,
2.17581471,41.44243135,,,,,,,,,,,,,,,,
2.17581471,41.44243135,,,,,,,,,,,,,,,,
2.17581471,41.44243135,,,,,,,,,,,,,,,,
2.19725899,41.39396097,,,,,,,,,,,,,,,,
2.19725899,41.39396097,,,,,,,,,,,,,,,,
2.17644084,41.39512783,,,,,,,,,,,,,,,,
2.17644084,41.39512783,,,,,,,,,,,,,,,,
2.18337195,41.42463051,,,,,,,,,,,,,,,,
2.18337195,41.42463051,,,,,,,,,,,,,,,,
2.18337195,41.42463051,,,,,,,,,,,,,,,,
2.18058695,41.39833607,,,,,,,,,,,,,,,,
2.18058695,41.39833607,,,,,,,,,,,,,,,,
2.20825351,41.4398719,,,,,,,,,,,,,,,,
2.20825351,41.4398719,,,,,,,,,,,,,,,,
2.20825351,41.4398719,,,,,,,,,,,,,,,,
2.20001091,41.44633686,,,,,,,,,,,,,,,,
2.20001091,41.44633686,,,,,,,,,,,,,,,,
2.14569277,41.39424559,,,,,,,,,,,,,,,,
2.14569277,41.39424559,,,,,,,,,,,,,,,,
2.11715091,41.33373857,,,,,,,,,,,,,,,,
2.11715091,41.33373857,,,,,,,,,,,,,,,,
2.15332699,41.43649837,,,,,,,,,,,,,,,,
2.15332699,41.43649837,,,,,,,,,,,,,,,,
2.15639424,41.40745526,,,,,,,,,,,,,,,,
2.15639424,41.40745526,,,,,,,,,,,,,,,,
2.12081482,41.32428665,,,,,,,,,,,,,,,,
2.12081482,41.32428665,,,,,,,,,,,,,,,,
2.12463133,41.39644211,,,,,,,,,,,,,,,,
2.12463133,41.39644211,,,,,,,,,,,,,,,,
2.1765796,41.41119331,,,,,,,,,,,,,,,,
2.1765796,41.41119331,,,,,,,,,,,,,,,,
2.15862371,41.38766952,,,,,,,,,,,,,,,,
2.15862371,41.38766952,,,,,,,,,,,,,,,,
2.10435491,41.38514281,,,,,,,,,,,,,,,,
2.10435491,41.38514281,,,,,,,,,,,,,,,,
2.13980227,41.41949998,,,,,,,,,,,,,,,,
2.13980227,41.41949998,,,,,,,,,,,,,,,,
2.13142592,41.41412426,,,,,,,,,,,,,,,,
2.13142592,41.41412426,,,,,,,,,,,,,,,,
2.20054379,41.39118382,,,,,,,,,,,,,,,,
2.20054379,41.39118382,,,,,,,,,,,,,,,,
2.1327789,41.39801588,,,,,,,,,,,,,,,,
2.1327789,41.39801588,,,,,,,,,,,,,,,,
2.14574267,41.39779236,,,,,,,,,,,,,,,,
2.14574267,41.39779236,,,,,,,,,,,,,,,,
2.14574267,41.39779236,,,,,,,,,,,,,,,,
2.15596089,41.42714262,,,,,,,,,,,,,,,,
2.15596089,41.42714262,,,,,,,,,,,,,,,,
2.20231773,41.39239399,,,,,,,,,,,,,,,,
2.20231773,41.39239399,,,,,,,,,,,,,,,,
2.13375559,41.39864354,,,,,,,,,,,,,,,,
2.13375559,41.39864354,,,,,,,,,,,,,,,,
2.18221386,41.386436,,,,,,,,,,,,,,,,
2.19467063,41.3833936,,,,,,,,,,,,,,,,
2.19467063,41.3833936,,,,,,,,,,,,,,,,
2.14573961,41.42279346,,,,,,,,,,,,,,,,
2.14573961,41.42279346,,,,,,,,,,,,,,,,
2.15735072,41.4392885,,,,,,,,,,,,,,,,
2.15735072,41.4392885,,,,,,,,,,,,,,,,
2.100424,41.42518206,,,,,,,,,,,,,,,,
2.14646571,41.34652959,,,,,,,,,,,,,,,,
2.14646571,41.34652959,,,,,,,,,,,,,,,,
2.15849919,41.39244325,,,,,,,,,,,,,,,,
2.15849919,41.39244325,,,,,,,,,,,,,,,,
2.13376998,41.41466953,,,,,,,,,,,,,,,,
2.13376998,41.41466953,,,,,,,,,,,,,,,,
2.15231023,41.40307016,,,,,,,,,,,,,,,,
2.15231023,41.40307016,,,,,,,,,,,,,,,,
2.20480186,41.39438426,,,,,,,,,,,,,,,,
2.20480186,41.39438426,,,,,,,,,,,,,,,,
2.18523069,41.39640263,,,,,,,,,,,,,,,,
2.18523069,41.39640263,,,,,,,,,,,,,,,,
2.18523069,41.39640263,,,,,,,,,,,,,,,,
2.13455925,41.36454775,,,,,,,,,,,,,,,,
2.13455925,41.36454775,,,,,,,,,,,,,,,,
2.18448014,41.4297695,,,,,,,,,,,,,,,,
2.18448014,41.4297695,,,,,,,,,,,,,,,,
2.1711922,41.43877012,,,,,,,,,,,,,,,,
2.1711922,41.43877012,,,,,,,,,,,,,,,,
2.15959712,41.38818746,,,,,,,,,,,,,,,,
2.15959712,41.38818746,,,,,,,,,,,,,,,,
2.18889777,41.37545135,,,,,,,,,,,,,,,,
2.18889777,41.37545135,,,,,,,,,,,,,,,,
2.16811482,41.4288289,,,,,,,,,,,,,,,,
2.21833214,41.40690811,,,,,,,,,,,,,,,,
2.21833214,41.40690811,,,,,,,,,,,,,,,,
2.18242681,41.40006707,,,,,,,,,,,,,,,,
2.18242681,41.40006707,,,,,,,,,,,,,,,,
2.18242681,41.40006707,,,,,,,,,,,,,,,,
2.14827849,41.38476979,,,,,,,,,,,,,,,,
2.14827849,41.38476979,,,,,,,,,,,,,,,,
2.172722,41.44372066,,,,,,,,,,,,,,,,
2.172722,41.44372066,,,,,,,,,,,,,,,,
2.12876163,41.37900964,,,,,,,,,,,,,,,,
2.12876163,41.37900964,,,,,,,,,,,,,,,,
2.16664371,41.391183,,,,,,,,,,,,,,,,
2.16664371,41.391183,,,,,,,,,,,,,,,,
2.14630516,41.41039691,,,,,,,,,,,,,,,,
2.14630516,41.41039691,,,,,,,,,,,,,,,,
2.12707579,41.38890538,,,,,,,,,,,,,,,,
2.12707579,41.38890538,,,,,,,,,,,,,,,,
2.19138731,41.39310278,,,,,,,,,,,,,,,,
2.19138731,41.39310278,,,,,,,,,,,,,,,,
2.14383387,41.35313381,,,,,,,,,,,,,,,,
2.14383387,41.35313381,,,,,,,,,,,,,,,,
2.13854598,41.39352793,,,,,,,,,,,,,,,,
2.13854598,41.39352793,,,,,,,,,,,,,,,,
2.17216216,41.43883161,,,,,,,,,,,,,,,,
2.17216216,41.43883161,,,,,,,,,,,,,,,,
2.17894519,41.40273545,,,,,,,,,,,,,,,,
2.17894519,41.40273545,,,,,,,,,,,,,,,,
2.16310473,41.38554485,,,,,,,,,,,,,,,,
2.16310473,41.38554485,,,,,,,,,,,,,,,,
2.18356798,41.39728484,,,,,,,,,,,,,,,,
2.18356798,41.39728484,,,,,,,,,,,,,,,,
2.18356798,41.39728484,,,,,,,,,,,,,,,,
2.16083364,41.38227639,,,,,,,,,,,,,,,,
2.16083364,41.38227639,,,,,,,,,,,,,,,,
2.16083364,41.38227639,,,,,,,,,,,,,,,,
2.15790307,41.41121141,,,,,,,,,,,,,,,,
2.15790307,41.41121141,,,,,,,,,,,,,,,,
2.20717543,41.44220596,,,,,,,,,,,,,,,,
2.20717543,41.44220596,,,,,,,,,,,,,,,,
2.13383857,41.41440484,,,,,,,,,,,,,,,,
2.13383857,41.41440484,,,,,,,,,,,,,,,,
2.13383857,41.41440484,,,,,,,,,,,,,,,,
2.16677075,41.39544183,,,,,,,,,,,,,,,,
2.16677075,41.39544183,,,,,,,,,,,,,,,,
2.16573299,41.4149997,,,,,,,,,,,,,,,,
2.16573299,41.4149997,,,,,,,,,,,,,,,,
2.19796664,41.40142966,,,,,,,,,,,,,,,,
2.13465802,41.38743271,,,,,,,,,,,,,,,,
2.13465802,41.38743271,,,,,,,,,,,,,,,,
2.15999196,41.38353199,,,,,,,,,,,,,,,,
2.15999196,41.38353199,,,,,,,,,,,,,,,,
2.18113949,41.41629215,,,,,,,,,,,,,,,,
2.18113949,41.41629215,,,,,,,,,,,,,,,,
2.1754935,41.37863667,,,,,,,,,,,,,,,,
2.20059578,41.39813372,,,,,,,,,,,,,,,,
2.20059578,41.39813372,,,,,,,,,,,,,,,,
2.14482952,41.37880469,,,,,,,,,,,,,,,,
2.14482952,41.37880469,,,,,,,,,,,,,,,,
2.12527676,41.40942279,,,,,,,,,,,,,,,,
2.12527676,41.40942279,,,,,,,,,,,,,,,,
2.12527676,41.40942279,,,,,,,,,,,,,,,,
2.12527676,41.40942279,,,,,,,,,,,,,,,,
2.12527676,41.40942279,,,,,,,,,,,,,,,,
2.12527676,41.40942279,,,,,,,,,,,,,,,,
2.18661454,41.42226854,,,,,,,,,,,,,,,,
2.18661454,41.42226854,,,,,,,,,,,,,,,,
2.17536077,41.38192427,,,,,,,,,,,,,,,,
2.17905967,41.39892767,,,,,,,,,,,,,,,,
2.17905967,41.39892767,,,,,,,,,,,,,,,,
2.20832664,41.41926603,,,,,,,,,,,,,,,,
2.20832664,41.41926603,,,,,,,,,,,,,,,,
2.20832664,41.41926603,,,,,,,,,,,,,,,,
2.12970637,41.37563022,,,,,,,,,,,,,,,,
2.12970637,41.37563022,,,,,,,,,,,,,,,,
2.18722221,41.41523277,,,,,,,,,,,,,,,,
2.18722221,41.41523277,,,,,,,,,,,,,,,,
2.16782658,41.41557225,,,,,,,,,,,,,,,,
2.16782658,41.41557225,,,,,,,,,,,,,,,,
2.16782658,41.41557225,,,,,,,,,,,,,,,,
2.16782658,41.41557225,,,,,,,,,,,,,,,,
2.16782658,41.41557225,,,,,,,,,,,,,,,,
2.17680695,41.39392453,,,,,,,,,,,,,,,,
2.17680695,41.39392453,,,,,,,,,,,,,,,,
2.19342441,41.44705301,,,,,,,,,,,,,,,,
2.19342441,41.44705301,,,,,,,,,,,,,,,,
2.19342441,41.44705301,,,,,,,,,,,,,,,,
2.19342441,41.44705301,,,,,,,,,,,,,,,,
2.20382827,41.44581839,,,,,,,,,,,,,,,,
2.20382827,41.44581839,,,,,,,,,,,,,,,,
2.20382827,41.44581839,,,,,,,,,,,,,,,,
2.15683078,41.40882108,,,,,,,,,,,,,,,,
2.15683078,41.40882108,,,,,,,,,,,,,,,,
2.15064957,41.37618066,,,,,,,,,,,,,,,,
2.15064957,41.37618066,,,,,,,,,,,,,,,,
2.17542793,41.40007292,,,,,,,,,,,,,,,,
2.17542793,41.40007292,,,,,,,,,,,,,,,,
2.17542793,41.40007292,,,,,,,,,,,,,,,,
2.20286529,41.40331952,,,,,,,,,,,,,,,,
2.20286529,41.40331952,,,,,,,,,,,,,,,,
2.15170708,41.40009239,,,,,,,,,,,,,,,,
2.139809,41.37299702,,,,,,,,,,,,,,,,
2.139809,41.37299702,,,,,,,,,,,,,,,,
2.18389082,41.38116807,,,,,,,,,,,,,,,,
2.18389082,41.38116807,,,,,,,,,,,,,,,,
2.19036674,41.40417869,,,,,,,,,,,,,,,,
2.19036674,41.40417869,,,,,,,,,,,,,,,,
2.19036674,41.40417869,,,,,,,,,,,,,,,,
2.16736432,41.37080113,,,,,,,,,,,,,,,,
2.16736432,41.37080113,,,,,,,,,,,,,,,,
2.21058079,41.40885817,,,,,,,,,,,,,,,,
2.21058079,41.40885817,,,,,,,,,,,,,,,,
2.16753454,41.4026934,,,,,,,,,,,,,,,,
2.16753454,41.4026934,,,,,,,,,,,,,,,,
2.16753454,41.4026934,,,,,,,,,,,,,,,,
2.16753454,41.4026934,,,,,,,,,,,,,,,,
2.14728325,41.37331664,,,,,,,,,,,,,,,,
2.14728325,41.37331664,,,,,,,,,,,,,,,,
2.14728325,41.37331664,,,,,,,,,,,,,,,,
2.14024661,41.41371099,,,,,,,,,,,,,,,,
2.15115102,41.43696646,,,,,,,,,,,,,,,,
2.15115102,41.43696646,,,,,,,,,,,,,,,,
2.19507723,41.38628115,,,,,,,,,,,,,,,,
2.19507723,41.38628115,,,,,,,,,,,,,,,,
2.12577853,41.41033593,,,,,,,,,,,,,,,,
2.12577853,41.41033593,,,,,,,,,,,,,,,,
2.13787434,41.41567568,,,,,,,,,,,,,,,,
2.13787434,41.41567568,,,,,,,,,,,,,,,,
2.20191674,41.4376836,,,,,,,,,,,,,,,,
2.20191674,41.4376836,,,,,,,,,,,,,,,,
2.19491078,41.3973075,,,,,,,,,,,,,,,,
2.19491078,41.3973075,,,,,,,,,,,,,,,,
2.16737371,41.44174338,,,,,,,,,,,,,,,,
2.16737371,41.44174338,,,,,,,,,,,,,,,,
2.16737371,41.44174338,,,,,,,,,,,,,,,,
2.16737371,41.44174338,,,,,,,,,,,,,,,,
2.16952114,41.44252685,,,,,,,,,,,,,,,,
2.16952114,41.44252685,,,,,,,,,,,,,,,,
2.19342553,41.447053,,,,,,,,,,,,,,,,
2.19342553,41.447053,,,,,,,,,,,,,,,,
2.19342553,41.447053,,,,,,,,,,,,,,,,
2.20687043,41.40040077,,,,,,,,,,,,,,,,
2.20687043,41.40040077,,,,,,,,,,,,,,,,
2.17430733,41.39754962,,,,,,,,,,,,,,,,
2.17430733,41.39754962,,,,,,,,,,,,,,,,
2.16970519,41.43463403,,,,,,,,,,,,,,,,
2.13941222,41.36773035,,,,,,,,,,,,,,,,
2.13941222,41.36773035,,,,,,,,,,,,,,,,
2.19590946,41.44937035,,,,,,,,,,,,,,,,
2.19590946,41.44937035,,,,,,,,,,,,,,,,
2.14645055,41.38994859,,,,,,,,,,,,,,,,
2.14645055,41.38994859,,,,,,,,,,,,,,,,
2.17974849,41.37823661,,,,,,,,,,,,,,,,
2.17974849,41.37823661,,,,,,,,,,,,,,,,
2.13260722,41.3896217,,,,,,,,,,,,,,,,
2.13260722,41.3896217,,,,,,,,,,,,,,,,
2.1879798,41.39061455,,,,,,,,,,,,,,,,
2.1879798,41.39061455,,,,,,,,,,,,,,,,
2.16687089,41.37710339,,,,,,,,,,,,,,,,
2.16687089,41.37710339,,,,,,,,,,,,,,,,
2.15864188,41.41207493,,,,,,,,,,,,,,,,
2.20507205,41.41697293,,,,,,,,,,,,,,,,
2.16956404,41.37810191,,,,,,,,,,,,,,,,
2.16956404,41.37810191,,,,,,,,,,,,,,,,
2.16956404,41.37810191,,,,,,,,,,,,,,,,
2.17644084,41.39512783,,,,,,,,,,,,,,,,
2.17644084,41.39512783,,,,,,,,,,,,,,,,
2.10387162,41.38428638,,,,,,,,,,,,,,,,
2.10387162,41.38428638,,,,,,,,,,,,,,,,
2.10387162,41.38428638,,,,,,,,,,,,,,,,
2.18681801,41.44391094,,,,,,,,,,,,,,,,
2.18681801,41.44391094,,,,,,,,,,,,,,,,
2.18681801,41.44391094,,,,,,,,,,,,,,,,
2.16000734,41.39143295,,,,,,,,,,,,,,,,
2.16000734,41.39143295,,,,,,,,,,,,,,,,
2.16000734,41.39143295,,,,,,,,,,,,,,,,
2.18045249,41.41578711,,,,,,,,,,,,,,,,
2.18045249,41.41578711,,,,,,,,,,,,,,,,
2.18081226,41.40306611,,,,,,,,,,,,,,,,
2.18081226,41.40306611,,,,,,,,,,,,,,,,
2.18081226,41.40306611,,,,,,,,,,,,,,,,
2.18081226,41.40306611,,,,,,,,,,,,,,,,
2.18081226,41.40306611,,,,,,,,,,,,,,,,
2.18081226,41.40306611,,,,,,,,,,,,,,,,
2.16380267,41.39303332,,,,,,,,,,,,,,,,
2.16380267,41.39303332,,,,,,,,,,,,,,,,
2.20652898,41.39565677,,,,,,,,,,,,,,,,
2.20652898,41.39565677,,,,,,,,,,,,,,,,
2.17453699,41.39053342,,,,,,,,,,,,,,,,
2.17453699,41.39053342,,,,,,,,,,,,,,,,
2.19590946,41.44937035,,,,,,,,,,,,,,,,
2.19590946,41.44937035,,,,,,,,,,,,,,,,
2.19590946,41.44937035,,,,,,,,,,,,,,,,
2.19590946,41.44937035,,,,,,,,,,,,,,,,
2.16719716,41.42757768,,,,,,,,,,,,,,,,
2.16719716,41.42757768,,,,,,,,,,,,,,,,
2.14151399,41.39624552,,,,,,,,,,,,,,,,
2.14151399,41.39624552,,,,,,,,,,,,,,,,
2.14151399,41.39624552,,,,,,,,,,,,,,,,
2.16124332,41.41355912,,,,,,,,,,,,,,,,
2.16124332,41.41355912,,,,,,,,,,,,,,,,
2.1788928,41.37720585,,,,,,,,,,,,,,,,
2.1788928,41.37720585,,,,,,,,,,,,,,,,
2.17248381,41.38854188,,,,,,,,,,,,,,,,
2.17248381,41.38854188,,,,,,,,,,,,,,,,
2.18691229,41.41723467,,,,,,,,,,,,,,,,
2.18691229,41.41723467,,,,,,,,,,,,,,,,
2.16862087,41.39328213,,,,,,,,,,,,,,,,
2.16862087,41.39328213,,,,,,,,,,,,,,,,
2.18000927,41.43627141,,,,,,,,,,,,,,,,
2.18000927,41.43627141,,,,,,,,,,,,,,,,
2.19965691,41.44921017,,,,,,,,,,,,,,,,
2.19965691,41.44921017,,,,,,,,,,,,,,,,
2.19965691,41.44921017,,,,,,,,,,,,,,,,
2.19965691,41.44921017,,,,,,,,,,,,,,,,
2.17102173,41.40871114,,,,,,,,,,,,,,,,
2.17102173,41.40871114,,,,,,,,,,,,,,,,
2.16146449,41.39701331,,,,,,,,,,,,,,,,
2.16146449,41.39701331,,,,,,,,,,,,,,,,
2.13925913,41.41193443,,,,,,,,,,,,,,,,
2.13925913,41.41193443,,,,,,,,,,,,,,,,
2.15879398,41.43964784,,,,,,,,,,,,,,,,
2.15879398,41.43964784,,,,,,,,,,,,,,,,
2.14586179,41.37836119,,,,,,,,,,,,,,,,
2.14586179,41.37836119,,,,,,,,,,,,,,,,
2.15055208,41.39160456,,,,,,,,,,,,,,,,
2.15055208,41.39160456,,,,,,,,,,,,,,,,
2.15192243,41.38872117,,,,,,,,,,,,,,,,
2.15192243,41.38872117,,,,,,,,,,,,,,,,
2.14985097,41.40335307,,,,,,,,,,,,,,,,
2.14985097,41.40335307,,,,,,,,,,,,,,,,
2.18119708,41.38962818,,,,,,,,,,,,,,,,
2.18119708,41.38962818,,,,,,,,,,,,,,,,
2.1635814,41.43454501,,,,,,,,,,,,,,,,
2.1635814,41.43454501,,,,,,,,,,,,,,,,
2.11579835,41.40039404,,,,,,,,,,,,,,,,
2.11579835,41.40039404,,,,,,,,,,,,,,,,
2.12289492,41.40779859,,,,,,,,,,,,,,,,
2.12289492,41.40779859,,,,,,,,,,,,,,,,
2.12289492,41.40779859,,,,,,,,,,,,,,,,
2.16630564,41.43924727,,,,,,,,,,,,,,,,
2.16630564,41.43924727,,,,,,,,,,,,,,,,
2.13463853,41.41021882,,,,,,,,,,,,,,,,
2.13463853,41.41021882,,,,,,,,,,,,,,,,
2.13463853,41.41021882,,,,,,,,,,,,,,,,
2.19071823,41.44642116,,,,,,,,,,,,,,,,
2.19071823,41.44642116,,,,,,,,,,,,,,,,
2.19314686,41.44728605,,,,,,,,,,,,,,,,
2.19314686,41.44728605,,,,,,,,,,,,,,,,
2.15446522,41.39565608,,,,,,,,,,,,,,,,
2.15446522,41.39565608,,,,,,,,,,,,,,,,
2.17669147,41.40443788,,,,,,,,,,,,,,,,
2.17669147,41.40443788,,,,,,,,,,,,,,,,
2.16595559,41.39128513,,,,,,,,,,,,,,,,
2.16595559,41.39128513,,,,,,,,,,,,,,,,
2.18692213,41.39839053,,,,,,,,,,,,,,,,
2.18692213,41.39839053,,,,,,,,,,,,,,,,
2.17782513,41.40357189,,,,,,,,,,,,,,,,
2.17782513,41.40357189,,,,,,,,,,,,,,,,
2.18567156,41.41962609,,,,,,,,,,,,,,,,
2.18567156,41.41962609,,,,,,,,,,,,,,,,
2.18302112,41.38809664,,,,,,,,,,,,,,,,
2.1582416,41.38155573,,,,,,,,,,,,,,,,
2.1582416,41.38155573,,,,,,,,,,,,,,,,
2.14147741,41.39082383,,,,,,,,,,,,,,,,
2.14147741,41.39082383,,,,,,,,,,,,,,,,
2.18365749,41.43413299,,,,,,,,,,,,,,,,
2.18365749,41.43413299,,,,,,,,,,,,,,,,
2.18365749,41.43413299,,,,,,,,,,,,,,,,
2.15959712,41.38818746,,,,,,,,,,,,,,,,
2.15959712,41.38818746,,,,,,,,,,,,,,,,
2.15959712,41.38818746,,,,,,,,,,,,,,,,
2.15959712,41.38818746,,,,,,,,,,,,,,,,
2.19739444,41.38801367,,,,,,,,,,,,,,,,
2.18825124,41.45032002,,,,,,,,,,,,,,,,
2.18825124,41.45032002,,,,,,,,,,,,,,,,
2.16952987,41.36269923,,,,,,,,,,,,,,,,
2.16952987,41.36269923,,,,,,,,,,,,,,,,
2.16952987,41.36269923,,,,,,,,,,,,,,,,
2.16952987,41.36269923,,,,,,,,,,,,,,,,
2.18685526,41.40852049,,,,,,,,,,,,,,,,
2.18685526,41.40852049,,,,,,,,,,,,,,,,
2.13519046,41.38687634,,,,,,,,,,,,,,,,
2.13519046,41.38687634,,,,,,,,,,,,,,,,
2.10496277,41.39060543,,,,,,,,,,,,,,,,
2.10496277,41.39060543,,,,,,,,,,,,,,,,
2.17011187,41.43123656,,,,,,,,,,,,,,,,
2.17011187,41.43123656,,,,,,,,,,,,,,,,
2.16531582,41.38687116,,,,,,,,,,,,,,,,
2.16531582,41.38687116,,,,,,,,,,,,,,,,
2.19706288,41.41104091,,,,,,,,,,,,,,,,
2.19706288,41.41104091,,,,,,,,,,,,,,,,
2.15054158,41.38818244,,,,,,,,,,,,,,,,
2.15054158,41.38818244,,,,,,,,,,,,,,,,
2.14030921,41.4129664,,,,,,,,,,,,,,,,
2.14208983,41.36973269,,,,,,,,,,,,,,,,
2.14208983,41.36973269,,,,,,,,,,,,,,,,
2.15332699,41.43649837,,,,,,,,,,,,,,,,
2.15332699,41.43649837,,,,,,,,,,,,,,,,
2.15332699,41.43649837,,,,,,,,,,,,,,,,
2.15332699,41.43649837,,,,,,,,,,,,,,,,
2.19661386,41.39087663,,,,,,,,,,,,,,,,
2.19661386,41.39087663,,,,,,,,,,,,,,,,
2.12429989,41.38812108,,,,,,,,,,,,,,,,
2.12429989,41.38812108,,,,,,,,,,,,,,,,
2.12429989,41.38812108,,,,,,,,,,,,,,,,
2.15941015,41.38451359,,,,,,,,,,,,,,,,
2.15941015,41.38451359,,,,,,,,,,,,,,,,
2.16173283,41.38417917,,,,,,,,,,,,,,,,
2.16173283,41.38417917,,,,,,,,,,,,,,,,
2.11559711,41.33135692,,,,,,,,,,,,,,,,
2.11559711,41.33135692,,,,,,,,,,,,,,,,
2.14460243,41.42965928,,,,,,,,,,,,,,,,
2.14460243,41.42965928,,,,,,,,,,,,,,,,
2.22017263,41.41461402,,,,,,,,,,,,,,,,
2.22017263,41.41461402,,,,,,,,,,,,,,,,
2.15637178,41.41043161,,,,,,,,,,,,,,,,
2.15637178,41.41043161,,,,,,,,,,,,,,,,
2.15637178,41.41043161,,,,,,,,,,,,,,,,
2.17450803,41.37216246,,,,,,,,,,,,,,,,
2.17450803,41.37216246,,,,,,,,,,,,,,,,
2.15291042,41.42600822,,,,,,,,,,,,,,,,
2.15291042,41.42600822,,,,,,,,,,,,,,,,
2.1468831,41.41163309,,,,,,,,,,,,,,,,
2.1468831,41.41163309,,,,,,,,,,,,,,,,
2.15166345,41.38222373,,,,,,,,,,,,,,,,
2.15166345,41.38222373,,,,,,,,,,,,,,,,
2.20903449,41.40885648,,,,,,,,,,,,,,,,
2.20903449,41.40885648,,,,,,,,,,,,,,,,
2.13976079,41.37600689,,,,,,,,,,,,,,,,
2.13976079,41.37600689,,,,,,,,,,,,,,,,
2.20793076,41.44074369,,,,,,,,,,,,,,,,
2.20793076,41.44074369,,,,,,,,,,,,,,,,
2.19090106,41.42539652,,,,,,,,,,,,,,,,
2.19090106,41.42539652,,,,,,,,,,,,,,,,
2.18180553,41.40068527,,,,,,,,,,,,,,,,
2.18180553,41.40068527,,,,,,,,,,,,,,,,
2.16647796,41.39047303,,,,,,,,,,,,,,,,
2.164288,41.4102437,,,,,,,,,,,,,,,,
2.164288,41.4102437,,,,,,,,,,,,,,,,
2.14616371,41.40714419,,,,,,,,,,,,,,,,
2.14616371,41.40714419,,,,,,,,,,,,,,,,
2.19051513,41.4146846,,,,,,,,,,,,,,,,
2.19051513,41.4146846,,,,,,,,,,,,,,,,
2.19051513,41.4146846,,,,,,,,,,,,,,,,
2.14147897,41.41156906,,,,,,,,,,,,,,,,
2.14147897,41.41156906,,,,,,,,,,,,,,,,
2.15621157,41.39417572,,,,,,,,,,,,,,,,
2.15621157,41.39417572,,,,,,,,,,,,,,,,
2.13236011,41.38120299,,,,,,,,,,,,,,,,
2.13236011,41.38120299,,,,,,,,,,,,,,,,
2.17429189,41.3992503,,,,,,,,,,,,,,,,
2.17429189,41.3992503,,,,,,,,,,,,,,,,
2.11951029,41.39128269,,,,,,,,,,,,,,,,
2.11951029,41.39128269,,,,,,,,,,,,,,,,
2.20153757,41.39111531,,,,,,,,,,,,,,,,
2.20153757,41.39111531,,,,,,,,,,,,,,,,
2.16107818,41.38004331,,,,,,,,,,,,,,,,
2.142953,41.38566743,,,,,,,,,,,,,,,,
2.142953,41.38566743,,,,,,,,,,,,,,,,
2.15166465,41.39076006,,,,,,,,,,,,,,,,
2.15166465,41.39076006,,,,,,,,,,,,,,,,
2.16213453,41.43938147,,,,,,,,,,,,,,,,
2.16213453,41.43938147,,,,,,,,,,,,,,,,
2.16213453,41.43938147,,,,,,,,,,,,,,,,
2.17102173,41.40871114,,,,,,,,,,,,,,,,
2.17102173,41.40871114,,,,,,,,,,,,,,,,
2.12136469,41.39992884,,,,,,,,,,,,,,,,
2.12136469,41.39992884,,,,,,,,,,,,,,,,
2.1896053,41.44695171,,,,,,,,,,,,,,,,
2.1896053,41.44695171,,,,,,,,,,,,,,,,
2.1468674,41.39439768,,,,,,,,,,,,,,,,
2.1468674,41.39439768,,,,,,,,,,,,,,,,
2.17851135,41.43348257,,,,,,,,,,,,,,,,
2.17851135,41.43348257,,,,,,,,,,,,,,,,
2.17851135,41.43348257,,,,,,,,,,,,,,,,
2.17851135,41.43348257,,,,,,,,,,,,,,,,
2.17851135,41.43348257,,,,,,,,,,,,,,,,
2.17851135,41.43348257,,,,,,,,,,,,,,,,
2.17851135,41.43348257,,,,,,,,,,,,,,,,
2.18317223,41.44047339,,,,,,,,,,,,,,,,
2.18317223,41.44047339,,,,,,,,,,,,,,,,
2.16745658,41.41144668,,,,,,,,,,,,,,,,
2.16745658,41.41144668,,,,,,,,,,,,,,,,
2.16049868,41.39570706,,,,,,,,,,,,,,,,
2.16049868,41.39570706,,,,,,,,,,,,,,,,
2.15882903,41.39232417,,,,,,,,,,,,,,,,
2.15882903,41.39232417,,,,,,,,,,,,,,,,
2.14052443,41.3752036,,,,,,,,,,,,,,,,
2.14052443,41.3752036,,,,,,,,,,,,,,,,
2.14052443,41.3752036,,,,,,,,,,,,,,,,
2.19330007,41.42395964,,,,,,,,,,,,,,,,
2.19330007,41.42395964,,,,,,,,,,,,,,,,
2.14400192,41.39566447,,,,,,,,,,,,,,,,
2.14400192,41.39566447,,,,,,,,,,,,,,,,
2.2045797,41.40695388,,,,,,,,,,,,,,,,
2.2045797,41.40695388,,,,,,,,,,,,,,,,
2.18389082,41.38116807,,,,,,,,,,,,,,,,
2.18389082,41.38116807,,,,,,,,,,,,,,,,
2.18389082,41.38116807,,,,,,,,,,,,,,,,
2.1788285,41.40095577,,,,,,,,,,,,,,,,
2.1788285,41.40095577,,,,,,,,,,,,,,,,
2.15672545,41.39607881,,,,,,,,,,,,,,,,
2.15672545,41.39607881,,,,,,,,,,,,,,,,
2.14437354,41.38123904,,,,,,,,,,,,,,,,
2.14437354,41.38123904,,,,,,,,,,,,,,,,
2.14498432,41.39285888,,,,,,,,,,,,,,,,
2.14498432,41.39285888,,,,,,,,,,,,,,,,
2.14498432,41.39285888,,,,,,,,,,,,,,,,
2.16059471,41.37271265,,,,,,,,,,,,,,,,
2.16059471,41.37271265,,,,,,,,,,,,,,,,
2.13239925,41.38083289,,,,,,,,,,,,,,,,
2.13239925,41.38083289,,,,,,,,,,,,,,,,
2.20005322,41.41821346,,,,,,,,,,,,,,,,
2.20005322,41.41821346,,,,,,,,,,,,,,,,
2.17963719,41.42573715,,,,,,,,,,,,,,,,
2.17963719,41.42573715,,,,,,,,,,,,,,,,
2.14862828,41.39030519,,,,,,,,,,,,,,,,
2.14862828,41.39030519,,,,,,,,,,,,,,,,
2.17581882,41.41701007,,,,,,,,,,,,,,,,
2.17581882,41.41701007,,,,,,,,,,,,,,,,
2.18007765,41.39828275,,,,,,,,,,,,,,,,
2.18007765,41.39828275,,,,,,,,,,,,,,,,
2.15755443,41.37777845,,,,,,,,,,,,,,,,
2.15755443,41.37777845,,,,,,,,,,,,,,,,
2.20105424,41.41240082,,,,,,,,,,,,,,,,
2.20105424,41.41240082,,,,,,,,,,,,,,,,
2.18689012,41.41528517,,,,,,,,,,,,,,,,
2.18689012,41.41528517,,,,,,,,,,,,,,,,
2.18831385,41.44144077,,,,,,,,,,,,,,,,
2.18831385,41.44144077,,,,,,,,,,,,,,,,
2.1395818,41.39770388,,,,,,,,,,,,,,,,
2.1395818,41.39770388,,,,,,,,,,,,,,,,
2.15041957,41.4046052,,,,,,,,,,,,,,,,
2.15041957,41.4046052,,,,,,,,,,,,,,,,
2.18685329,41.40676081,,,,,,,,,,,,,,,,
2.18685329,41.40676081,,,,,,,,,,,,,,,,
2.12244813,41.37780724,,,,,,,,,,,,,,,,
2.12244813,41.37780724,,,,,,,,,,,,,,,,
2.16354705,41.42726512,,,,,,,,,,,,,,,,
2.16354705,41.42726512,,,,,,,,,,,,,,,,
2.10627549,41.38712129,,,,,,,,,,,,,,,,
2.10627549,41.38712129,,,,,,,,,,,,,,,,
2.1607602,41.41143447,,,,,,,,,,,,,,,,
2.1607602,41.41143447,,,,,,,,,,,,,,,,
2.1607602,41.41143447,,,,,,,,,,,,,,,,
2.1607602,41.41143447,,,,,,,,,,,,,,,,
2.14310107,41.40315415,,,,,,,,,,,,,,,,
2.14310107,41.40315415,,,,,,,,,,,,,,,,
2.13899512,41.37532235,,,,,,,,,,,,,,,,
2.1360519,41.39995865,,,,,,,,,,,,,,,,
2.1360519,41.39995865,,,,,,,,,,,,,,,,
2.14709161,41.41133463,,,,,,,,,,,,,,,,
2.12556855,41.34133614,,,,,,,,,,,,,,,,
2.12556855,41.34133614,,,,,,,,,,,,,,,,
2.17626002,41.42432502,,,,,,,,,,,,,,,,
2.16372132,41.39516443,,,,,,,,,,,,,,,,
2.16372132,41.39516443,,,,,,,,,,,,,,,,
2.16372132,41.39516443,,,,,,,,,,,,,,,,
2.13588565,41.38645094,,,,,,,,,,,,,,,,
2.13588565,41.38645094,,,,,,,,,,,,,,,,
2.13588565,41.38645094,,,,,,,,,,,,,,,,
2.1694085,41.38601567,,,,,,,,,,,,,,,,
2.1694085,41.38601567,,,,,,,,,,,,,,,,
2.15326166,41.43357186,,,,,,,,,,,,,,,,
2.15326166,41.43357186,,,,,,,,,,,,,,,,
2.15326166,41.43357186,,,,,,,,,,,,,,,,
2.12543316,41.3986658,,,,,,,,,,,,,,,,
2.12543316,41.3986658,,,,,,,,,,,,,,,,
2.14289164,41.40337691,,,,,,,,,,,,,,,,
2.14289164,41.40337691,,,,,,,,,,,,,,,,
2.18796895,41.44974707,,,,,,,,,,,,,,,,
2.18796895,41.44974707,,,,,,,,,,,,,,,,
2.14353218,41.39007087,,,,,,,,,,,,,,,,
2.14353218,41.39007087,,,,,,,,,,,,,,,,
2.14353218,41.39007087,,,,,,,,,,,,,,,,
2.14435268,41.38092189,,,,,,,,,,,,,,,,
2.14435268,41.38092189,,,,,,,,,,,,,,,,
2.15055208,41.39160456,,,,,,,,,,,,,,,,
2.15055208,41.39160456,,,,,,,,,,,,,,,,
2.18242681,41.40006707,,,,,,,,,,,,,,,,
2.18242681,41.40006707,,,,,,,,,,,,,,,,
2.14498432,41.39285888,,,,,,,,,,,,,,,,
2.14498432,41.39285888,,,,,,,,,,,,,,,,
2.17542793,41.40007292,,,,,,,,,,,,,,,,
2.17542793,41.40007292,,,,,,,,,,,,,,,,
2.17542793,41.40007292,,,,,,,,,,,,,,,,
2.13254699,41.39538203,,,,,,,,,,,,,,,,
2.13254699,41.39538203,,,,,,,,,,,,,,,,
2.18685275,41.38260242,,,,,,,,,,,,,,,,
2.18685275,41.38260242,,,,,,,,,,,,,,,,
2.18685275,41.38260242,,,,,,,,,,,,,,,,
2.18685275,41.38260242,,,,,,,,,,,,,,,,
2.18685275,41.38260242,,,,,,,,,,,,,,,,
2.19840102,41.41200624,,,,,,,,,,,,,,,,
2.19840102,41.41200624,,,,,,,,,,,,,,,,
2.19840102,41.41200624,,,,,,,,,,,,,,,,
2.14577746,41.41025028,,,,,,,,,,,,,,,,
2.14577746,41.41025028,,,,,,,,,,,,,,,,
2.14577746,41.41025028,,,,,,,,,,,,,,,,
2.15836911,41.42555989,,,,,,,,,,,,,,,,
2.15836911,41.42555989,,,,,,,,,,,,,,,,
2.16750791,41.39413783,,,,,,,,,,,,,,,,
2.16750791,41.39413783,,,,,,,,,,,,,,,,
2.16750791,41.39413783,,,,,,,,,,,,,,,,
2.19695487,41.41283916,,,,,,,,,,,,,,,,
2.19695487,41.41283916,,,,,,,,,,,,,,,,
2.19695487,41.41283916,,,,,,,,,,,,,,,,
2.19695487,41.41283916,,,,,,,,,,,,,,,,
2.19695487,41.41283916,,,,,,,,,,,,,,,,
2.14497348,41.37223798,,,,,,,,,,,,,,,,
2.10589974,41.41927343,,,,,,,,,,,,,,,,
2.16909612,41.43224138,,,,,,,,,,,,,,,,
2.16909612,41.43224138,,,,,,,,,,,,,,,,
2.14774928,41.40188171,,,,,,,,,,,,,,,,
2.14774928,41.40188171,,,,,,,,,,,,,,,,
2.13269802,41.39880254,,,,,,,,,,,,,,,,
2.13269802,41.39880254,,,,,,,,,,,,,,,,
2.13269802,41.39880254,,,,,,,,,,,,,,,,
2.13269802,41.39880254,,,,,,,,,,,,,,,,
2.13269802,41.39880254,,,,,,,,,,,,,,,,
2.16636895,41.39498418,,,,,,,,,,,,,,,,
2.16636895,41.39498418,,,,,,,,,,,,,,,,
2.13021453,41.40121786,,,,,,,,,,,,,,,,
2.13021453,41.40121786,,,,,,,,,,,,,,,,
2.13021453,41.40121786,,,,,,,,,,,,,,,,
2.13021453,41.40121786,,,,,,,,,,,,,,,,
2.13021453,41.40121786,,,,,,,,,,,,,,,,
2.14543557,41.40562591,,,,,,,,,,,,,,,,
2.14543557,41.40562591,,,,,,,,,,,,,,,,
2.16184651,41.39671768,,,,,,,,,,,,,,,,
2.16184651,41.39671768,,,,,,,,,,,,,,,,
2.17802032,41.37610991,,,,,,,,,,,,,,,,
2.17802032,41.37610991,,,,,,,,,,,,,,,,
2.14449977,41.3987154,,,,,,,,,,,,,,,,
2.14449977,41.3987154,,,,,,,,,,,,,,,,
2.14449977,41.3987154,,,,,,,,,,,,,,,,
2.1427845,41.40285381,,,,,,,,,,,,,,,,
2.1427845,41.40285381,,,,,,,,,,,,,,,,
2.14875991,41.43614098,,,,,,,,,,,,,,,,
2.14875991,41.43614098,,,,,,,,,,,,,,,,
2.14875991,41.43614098,,,,,,,,,,,,,,,,
2.10652697,41.38269852,,,,,,,,,,,,,,,,
2.10652697,41.38269852,,,,,,,,,,,,,,,,
2.14799705,41.38514472,,,,,,,,,,,,,,,,
2.17321631,41.37476436,,,,,,,,,,,,,,,,
2.17321631,41.37476436,,,,,,,,,,,,,,,,
2.17321631,41.37476436,,,,,,,,,,,,,,,,
2.17210373,41.40954142,,,,,,,,,,,,,,,,
2.17210373,41.40954142,,,,,,,,,,,,,,,,
2.10345874,41.38441153,,,,,,,,,,,,,,,,
2.17520121,41.41730678,,,,,,,,,,,,,,,,
2.17520121,41.41730678,,,,,,,,,,,,,,,,
2.15859117,41.4116582,,,,,,,,,,,,,,,,
2.15859117,41.4116582,,,,,,,,,,,,,,,,
2.15859117,41.4116582,,,,,,,,,,,,,,,,
2.12810056,41.38237511,,,,,,,,,,,,,,,,
2.17264642,41.44604704,,,,,,,,,,,,,,,,
2.17264642,41.44604704,,,,,,,,,,,,,,,,
2.17264642,41.44604704,,,,,,,,,,,,,,,,
2.20154729,41.39170082,,,,,,,,,,,,,,,,
2.20154729,41.39170082,,,,,,,,,,,,,,,,
2.20154729,41.39170082,,,,,,,,,,,,,,,,
2.20154729,41.39170082,,,,,,,,,,,,,,,,
2.17502155,41.39413641,,,,,,,,,,,,,,,,
2.17502155,41.39413641,,,,,,,,,,,,,,,,
2.18685526,41.40852049,,,,,,,,,,,,,,,,
2.18685526,41.40852049,,,,,,,,,,,,,,,,
2.170243,41.43864522,,,,,,,,,,,,,,,,
2.13519046,41.38687634,,,,,,,,,,,,,,,,
2.13519046,41.38687634,,,,,,,,,,,,,,,,
2.16331223,41.38033827,,,,,,,,,,,,,,,,
2.17709484,41.42138818,,,,,,,,,,,,,,,,
2.17709484,41.42138818,,,,,,,,,,,,,,,,
2.17518553,41.42331261,,,,,,,,,,,,,,,,
2.17518553,41.42331261,,,,,,,,,,,,,,,,
2.15578385,41.39121936,,,,,,,,,,,,,,,,
2.15578385,41.39121936,,,,,,,,,,,,,,,,
2.17886482,41.42577976,,,,,,,,,,,,,,,,
2.17886482,41.42577976,,,,,,,,,,,,,,,,
2.17886482,41.42577976,,,,,,,,,,,,,,,,
2.19617731,41.38779473,,,,,,,,,,,,,,,,
2.19617731,41.38779473,,,,,,,,,,,,,,,,
2.18370268,41.39909926,,,,,,,,,,,,,,,,
2.18370268,41.39909926,,,,,,,,,,,,,,,,
2.18370268,41.39909926,,,,,,,,,,,,,,,,
2.1812496,41.40461631,,,,,,,,,,,,,,,,
2.1812496,41.40461631,,,,,,,,,,,,,,,,
2.1812496,41.40461631,,,,,,,,,,,,,,,,
2.14235021,41.40415712,,,,,,,,,,,,,,,,
2.14235021,41.40415712,,,,,,,,,,,,,,,,
2.16695645,41.40395639,,,,,,,,,,,,,,,,
2.16695645,41.40395639,,,,,,,,,,,,,,,,
2.16074807,41.39073621,,,,,,,,,,,,,,,,
2.16074807,41.39073621,,,,,,,,,,,,,,,,
2.15109324,41.38757716,,,,,,,,,,,,,,,,
2.15109324,41.38757716,,,,,,,,,,,,,,,,
2.14760576,41.41511565,,,,,,,,,,,,,,,,
2.14760576,41.41511565,,,,,,,,,,,,,,,,
2.20582592,41.44348507,,,,,,,,,,,,,,,,
2.20582592,41.44348507,,,,,,,,,,,,,,,,
2.20582592,41.44348507,,,,,,,,,,,,,,,,
2.19283582,41.44606944,,,,,,,,,,,,,,,,
2.15460247,41.37881898,,,,,,,,,,,,,,,,
2.17274672,41.43625669,,,,,,,,,,,,,,,,
2.17274672,41.43625669,,,,,,,,,,,,,,,,
2.11488406,41.33172617,,,,,,,,,,,,,,,,
2.12964591,41.40463176,,,,,,,,,,,,,,,,
2.12964591,41.40463176,,,,,,,,,,,,,,,,
2.18918115,41.45366707,,,,,,,,,,,,,,,,
2.13733776,41.40896491,,,,,,,,,,,,,,,,
2.13733776,41.40896491,,,,,,,,,,,,,,,,
2.18543484,41.40943718,,,,,,,,,,,,,,,,
2.12961157,41.33616015,,,,,,,,,,,,,,,,
2.12961157,41.33616015,,,,,,,,,,,,,,,,
2.21202775,41.40154007,,,,,,,,,,,,,,,,
2.21202775,41.40154007,,,,,,,,,,,,,,,,
2.19382095,41.38202352,,,,,,,,,,,,,,,,
2.19382095,41.38202352,,,,,,,,,,,,,,,,
2.19382095,41.38202352,,,,,,,,,,,,,,,,
2.1327789,41.39801588,,,,,,,,,,,,,,,,
2.1327789,41.39801588,,,,,,,,,,,,,,,,
2.14942424,41.3856251,,,,,,,,,,,,,,,,
2.14942424,41.3856251,,,,,,,,,,,,,,,,
2.1813387,41.39392092,,,,,,,,,,,,,,,,
2.13308398,41.39677837,,,,,,,,,,,,,,,,
2.13308398,41.39677837,,,,,,,,,,,,,,,,
2.13335496,41.40366894,,,,,,,,,,,,,,,,
2.13335496,41.40366894,,,,,,,,,,,,,,,,
2.20481986,41.4420515,,,,,,,,,,,,,,,,
2.20481986,41.4420515,,,,,,,,,,,,,,,,
2.18650625,41.41007414,,,,,,,,,,,,,,,,
2.18650625,41.41007414,,,,,,,,,,,,,,,,
2.15620507,41.38563044,,,,,,,,,,,,,,,,
2.15620507,41.38563044,,,,,,,,,,,,,,,,
2.13161586,41.38651378,,,,,,,,,,,,,,,,
2.13161586,41.38651378,,,,,,,,,,,,,,,,
2.13285237,41.39777667,,,,,,,,,,,,,,,,
2.13285237,41.39777667,,,,,,,,,,,,,,,,
2.13285237,41.39777667,,,,,,,,,,,,,,,,
2.16588513,41.37517016,,,,,,,,,,,,,,,,
2.16588513,41.37517016,,,,,,,,,,,,,,,,
2.170243,41.43864522,,,,,,,,,,,,,,,,
2.170243,41.43864522,,,,,,,,,,,,,,,,
2.15836911,41.42555989,,,,,,,,,,,,,,,,
2.15836911,41.42555989,,,,,,,,,,,,,,,,
2.10461497,41.41216403,,,,,,,,,,,,,,,,
2.1429063,41.38024879,,,,,,,,,,,,,,,,
2.1429063,41.38024879,,,,,,,,,,,,,,,,
2.13260722,41.3896217,,,,,,,,,,,,,,,,
2.13260722,41.3896217,,,,,,,,,,,,,,,,
2.21117652,41.40089546,,,,,,,,,,,,,,,,
2.21117652,41.40089546,,,,,,,,,,,,,,,,
2.15649356,41.4290574,,,,,,,,,,,,,,,,
2.15649356,41.4290574,,,,,,,,,,,,,,,,
2.15649356,41.4290574,,,,,,,,,,,,,,,,
2.16992807,41.39912912,,,,,,,,,,,,,,,,
2.16992807,41.39912912,,,,,,,,,,,,,,,,
2.16310473,41.38554485,,,,,,,,,,,,,,,,
2.16310473,41.38554485,,,,,,,,,,,,,,,,
2.13848481,41.41343033,,,,,,,,,,,,,,,,
2.18000834,41.40353877,,,,,,,,,,,,,,,,
2.18000834,41.40353877,,,,,,,,,,,,,,,,
2.15078877,41.39892689,,,,,,,,,,,,,,,,
2.15078877,41.39892689,,,,,,,,,,,,,,,,
2.20510828,41.40668915,,,,,,,,,,,,,,,,
2.20510828,41.40668915,,,,,,,,,,,,,,,,
2.20510828,41.40668915,,,,,,,,,,,,,,,,
2.11415653,41.40659605,,,,,,,,,,,,,,,,
2.11415653,41.40659605,,,,,,,,,,,,,,,,
2.14065295,41.39135445,,,,,,,,,,,,,,,,
2.14065295,41.39135445,,,,,,,,,,,,,,,,
2.18114812,41.42248899,,,,,,,,,,,,,,,,
2.18114812,41.42248899,,,,,,,,,,,,,,,,
2.14859652,41.4003565,,,,,,,,,,,,,,,,
2.14859652,41.4003565,,,,,,,,,,,,,,,,
2.14859652,41.4003565,,,,,,,,,,,,,,,,
2.13393052,41.41446946,,,,,,,,,,,,,,,,
2.13393052,41.41446946,,,,,,,,,,,,,,,,
2.13393052,41.41446946,,,,,,,,,,,,,,,,
2.1377633,41.3695946,,,,,,,,,,,,,,,,
2.1377633,41.3695946,,,,,,,,,,,,,,,,
2.18811633,41.4504941,,,,,,,,,,,,,,,,
2.18811633,41.4504941,,,,,,,,,,,,,,,,
2.15860461,41.396552,,,,,,,,,,,,,,,,
2.15860461,41.396552,,,,,,,,,,,,,,,,
2.20600661,41.44344694,,,,,,,,,,,,,,,,
2.20600661,41.44344694,,,,,,,,,,,,,,,,
2.19948928,41.39898822,,,,,,,,,,,,,,,,
2.19948928,41.39898822,,,,,,,,,,,,,,,,
2.1747001,41.42713398,,,,,,,,,,,,,,,,
2.1747001,41.42713398,,,,,,,,,,,,,,,,
2.16702361,41.38848379,,,,,,,,,,,,,,,,
2.16702361,41.38848379,,,,,,,,,,,,,,,,
2.1320418,41.41706787,,,,,,,,,,,,,,,,
2.17213228,41.36650481,,,,,,,,,,,,,,,,
2.17213228,41.36650481,,,,,,,,,,,,,,,,
2.15546857,41.43080096,,,,,,,,,,,,,,,,
2.15546857,41.43080096,,,,,,,,,,,,,,,,
2.13260722,41.3896217,,,,,,,,,,,,,,,,
2.13260722,41.3896217,,,,,,,,,,,,,,,,
2.14344009,41.4280144,,,,,,,,,,,,,,,,
2.14344009,41.4280144,,,,,,,,,,,,,,,,
2.17331995,41.40533021,,,,,,,,,,,,,,,,
2.17331995,41.40533021,,,,,,,,,,,,,,,,
2.17331995,41.40533021,,,,,,,,,,,,,,,,
2.14459252,41.35904591,,,,,,,,,,,,,,,,
2.14459252,41.35904591,,,,,,,,,,,,,,,,
2.16948104,41.41320954,,,,,,,,,,,,,,,,
2.16948104,41.41320954,,,,,,,,,,,,,,,,
2.16948104,41.41320954,,,,,,,,,,,,,,,,
2.14138447,41.4011866,,,,,,,,,,,,,,,,
2.14138447,41.4011866,,,,,,,,,,,,,,,,
2.14326148,41.42563658,,,,,,,,,,,,,,,,
2.14326148,41.42563658,,,,,,,,,,,,,,,,
2.17104686,41.41050262,,,,,,,,,,,,,,,,
2.17104686,41.41050262,,,,,,,,,,,,,,,,
2.15657831,41.43026305,,,,,,,,,,,,,,,,
2.15657831,41.43026305,,,,,,,,,,,,,,,,
2.15657831,41.43026305,,,,,,,,,,,,,,,,
2.20985888,41.41846764,,,,,,,,,,,,,,,,
2.20985888,41.41846764,,,,,,,,,,,,,,,,
2.20985888,41.41846764,,,,,,,,,,,,,,,,
2.15846428,41.38732773,,,,,,,,,,,,,,,,
2.15846428,41.38732773,,,,,,,,,,,,,,,,
2.18685897,41.39150282,,,,,,,,,,,,,,,,
2.18685897,41.39150282,,,,,,,,,,,,,,,,
2.14333812,41.37100714,,,,,,,,,,,,,,,,
2.14333812,41.37100714,,,,,,,,,,,,,,,,
2.14333812,41.37100714,,,,,,,,,,,,,,,,
2.11763739,41.39786347,,,,,,,,,,,,,,,,
2.11763739,41.39786347,,,,,,,,,,,,,,,,
2.11763739,41.39786347,,,,,,,,,,,,,,,,
2.11763739,41.39786347,,,,,,,,,,,,,,,,
2.18451949,41.4069096,,,,,,,,,,,,,,,,
2.18451949,41.4069096,,,,,,,,,,,,,,,,
2.16879341,41.4429382,,,,,,,,,,,,,,,,
2.16879341,41.4429382,,,,,,,,,,,,,,,,
2.19467063,41.3833936,,,,,,,,,,,,,,,,
2.19467063,41.3833936,,,,,,,,,,,,,,,,
2.17156129,41.3666016,,,,,,,,,,,,,,,,
2.17156129,41.3666016,,,,,,,,,,,,,,,,
2.17156129,41.3666016,,,,,,,,,,,,,,,,
2.17156129,41.3666016,,,,,,,,,,,,,,,,
2.1552064,41.44091267,,,,,,,,,,,,,,,,
2.1552064,41.44091267,,,,,,,,,,,,,,,,
2.1552064,41.44091267,,,,,,,,,,,,,,,,
2.1552064,41.44091267,,,,,,,,,,,,,,,,
2.1552064,41.44091267,,,,,,,,,,,,,,,,
2.15759811,41.41122408,,,,,,,,,,,,,,,,
2.15759811,41.41122408,,,,,,,,,,,,,,,,
2.18918115,41.45366707,,,,,,,,,,,,,,,,
2.18918115,41.45366707,,,,,,,,,,,,,,,,
2.14255515,41.37526445,,,,,,,,,,,,,,,,
2.14255515,41.37526445,,,,,,,,,,,,,,,,
2.18303991,41.38862558,,,,,,,,,,,,,,,,
2.16753477,41.38919895,,,,,,,,,,,,,,,,
2.16753477,41.38919895,,,,,,,,,,,,,,,,
2.21421132,41.41008897,,,,,,,,,,,,,,,,
2.21421132,41.41008897,,,,,,,,,,,,,,,,
2.21421132,41.41008897,,,,,,,,,,,,,,,,
2.14227861,41.35989577,,,,,,,,,,,,,,,,
2.14227861,41.35989577,,,,,,,,,,,,,,,,
2.11206426,41.38444757,,,,,,,,,,,,,,,,
2.11206426,41.38444757,,,,,,,,,,,,,,,,
2.13339456,41.41862466,,,,,,,,,,,,,,,,
2.13339456,41.41862466,,,,,,,,,,,,,,,,
2.16755362,41.4121538,,,,,,,,,,,,,,,,
2.16755362,41.4121538,,,,,,,,,,,,,,,,
2.11840127,41.38651793,,,,,,,,,,,,,,,,
2.11840127,41.38651793,,,,,,,,,,,,,,,,
2.13985209,41.36772768,,,,,,,,,,,,,,,,
2.13985209,41.36772768,,,,,,,,,,,,,,,,
2.15021554,41.3829779,,,,,,,,,,,,,,,,
2.15021554,41.3829779,,,,,,,,,,,,,,,,
2.14939474,41.40613582,,,,,,,,,,,,,,,,
2.14939474,41.40613582,,,,,,,,,,,,,,,,
2.14939474,41.40613582,,,,,,,,,,,,,,,,
2.14939474,41.40613582,,,,,,,,,,,,,,,,
2.15086965,41.40812231,,,,,,,,,,,,,,,,
2.15086965,41.40812231,,,,,,,,,,,,,,,,
2.2065645,41.40626586,,,,,,,,,,,,,,,,
2.18354004,41.43166908,,,,,,,,,,,,,,,,
2.18354004,41.43166908,,,,,,,,,,,,,,,,
2.20367279,41.44594851,,,,,,,,,,,,,,,,
2.20367279,41.44594851,,,,,,,,,,,,,,,,
2.20367279,41.44594851,,,,,,,,,,,,,,,,
2.20367279,41.44594851,,,,,,,,,,,,,,,,
2.20367279,41.44594851,,,,,,,,,,,,,,,,
2.14364477,41.39050273,,,,,,,,,,,,,,,,
2.14364477,41.39050273,,,,,,,,,,,,,,,,
2.11831394,41.40492697,,,,,,,,,,,,,,,,
2.11831394,41.40492697,,,,,,,,,,,,,,,,
2.17040933,41.44319262,,,,,,,,,,,,,,,,
2.17040933,41.44319262,,,,,,,,,,,,,,,,
2.11283441,41.3829129,,,,,,,,,,,,,,,,
2.17279648,41.40847662,,,,,,,,,,,,,,,,
2.17279648,41.40847662,,,,,,,,,,,,,,,,
2.17279648,41.40847662,,,,,,,,,,,,,,,,
2.14992635,41.4051665,,,,,,,,,,,,,,,,
2.14992635,41.4051665,,,,,,,,,,,,,,,,
2.14992635,41.4051665,,,,,,,,,,,,,,,,
2.14992635,41.4051665,,,,,,,,,,,,,,,,
2.1210373,41.39368261,,,,,,,,,,,,,,,,
2.18695108,41.39989006,,,,,,,,,,,,,,,,
2.18695108,41.39989006,,,,,,,,,,,,,,,,
2.18695108,41.39989006,,,,,,,,,,,,,,,,
2.1997341,41.44281331,,,,,,,,,,,,,,,,
2.1997341,41.44281331,,,,,,,,,,,,,,,,
2.13749396,41.36679323,,,,,,,,,,,,,,,,
2.13749396,41.36679323,,,,,,,,,,,,,,,,
2.18124426,41.38953772,,,,,,,,,,,,,,,,
2.18124426,41.38953772,,,,,,,,,,,,,,,,
2.18124426,41.38953772,,,,,,,,,,,,,,,,
2.17396341,41.4076883,,,,,,,,,,,,,,,,
2.17396341,41.4076883,,,,,,,,,,,,,,,,
2.16750209,41.40096334,,,,,,,,,,,,,,,,
2.16750209,41.40096334,,,,,,,,,,,,,,,,
2.16750209,41.40096334,,,,,,,,,,,,,,,,
2.16186966,41.38988853,,,,,,,,,,,,,,,,
2.16186966,41.38988853,,,,,,,,,,,,,,,,
2.18788294,41.44892239,,,,,,,,,,,,,,,,
2.18788294,41.44892239,,,,,,,,,,,,,,,,
2.1439149,41.41771941,,,,,,,,,,,,,,,,
2.1439149,41.41771941,,,,,,,,,,,,,,,,
2.16882059,41.42734944,,,,,,,,,,,,,,,,
2.16882059,41.42734944,,,,,,,,,,,,,,,,
2.19293525,41.38740134,,,,,,,,,,,,,,,,
2.19293525,41.38740134,,,,,,,,,,,,,,,,
2.13980227,41.41949998,,,,,,,,,,,,,,,,
2.13980227,41.41949998,,,,,,,,,,,,,,,,
2.17437377,41.37007459,,,,,,,,,,,,,,,,
2.17437377,41.37007459,,,,,,,,,,,,,,,,
2.17437377,41.37007459,,,,,,,,,,,,,,,,
2.17437377,41.37007459,,,,,,,,,,,,,,,,
2.17437377,41.37007459,,,,,,,,,,,,,,,,
2.14551324,41.40016577,,,,,,,,,,,,,,,,
2.14551324,41.40016577,,,,,,,,,,,,,,,,
2.10452791,41.41237885,,,,,,,,,,,,,,,,
2.10452791,41.41237885,,,,,,,,,,,,,,,,
2.16354847,41.40511361,,,,,,,,,,,,,,,,
2.16354847,41.40511361,,,,,,,,,,,,,,,,
2.12810056,41.38237511,,,,,,,,,,,,,,,,
2.12810056,41.38237511,,,,,,,,,,,,,,,,
2.12810056,41.38237511,,,,,,,,,,,,,,,,
2.14385929,41.38054357,,,,,,,,,,,,,,,,
2.14385929,41.38054357,,,,,,,,,,,,,,,,
2.17627906,41.39011781,,,,,,,,,,,,,,,,
2.17627906,41.39011781,,,,,,,,,,,,,,,,
2.17627906,41.39011781,,,,,,,,,,,,,,,,
2.16561043,41.35968923,,,,,,,,,,,,,,,,
2.16561043,41.35968923,,,,,,,,,,,,,,,,
2.13303184,41.39454129,,,,,,,,,,,,,,,,
2.13303184,41.39454129,,,,,,,,,,,,,,,,
2.20705927,41.41477796,,,,,,,,,,,,,,,,
2.20705927,41.41477796,,,,,,,,,,,,,,,,
2.11458035,41.40141496,,,,,,,,,,,,,,,,
2.11458035,41.40141496,,,,,,,,,,,,,,,,
2.15023793,41.39123463,,,,,,,,,,,,,,,,
2.15023793,41.39123463,,,,,,,,,,,,,,,,
2.15200832,41.3775275,,,,,,,,,,,,,,,,
2.15200832,41.3775275,,,,,,,,,,,,,,,,
2.17893943,41.44142195,,,,,,,,,,,,,,,,
2.1720366,41.39753948,,,,,,,,,,,,,,,,
2.1720366,41.39753948,,,,,,,,,,,,,,,,
2.15250678,41.43744914,,,,,,,,,,,,,,,,
2.15250678,41.43744914,,,,,,,,,,,,,,,,
2.12275881,41.38600022,,,,,,,,,,,,,,,,
2.12275881,41.38600022,,,,,,,,,,,,,,,,
2.14281921,41.38847141,,,,,,,,,,,,,,,,
2.14281921,41.38847141,,,,,,,,,,,,,,,,
2.10860088,41.38400465,,,,,,,,,,,,,,,,
2.10860088,41.38400465,,,,,,,,,,,,,,,,
2.13629766,41.36489771,,,,,,,,,,,,,,,,
2.13629766,41.36489771,,,,,,,,,,,,,,,,
2.20704963,41.39550093,,,,,,,,,,,,,,,,
2.11206426,41.38444757,,,,,,,,,,,,,,,,
2.11206426,41.38444757,,,,,,,,,,,,,,,,
2.18326117,41.42297197,,,,,,,,,,,,,,,,
2.13819806,41.39154815,,,,,,,,,,,,,,,,
2.13819806,41.39154815,,,,,,,,,,,,,,,,
2.1231047,41.38652897,,,,,,,,,,,,,,,,
2.1231047,41.38652897,,,,,,,,,,,,,,,,
2.14270322,41.35284163,,,,,,,,,,,,,,,,
2.19734821,41.41275413,,,,,,,,,,,,,,,,
2.19734821,41.41275413,,,,,,,,,,,,,,,,
2.20019448,41.42525695,,,,,,,,,,,,,,,,
2.20019448,41.42525695,,,,,,,,,,,,,,,,
2.21580215,41.4086497,,,,,,,,,,,,,,,,
2.21580215,41.4086497,,,,,,,,,,,,,,,,
2.21580215,41.4086497,,,,,,,,,,,,,,,,
2.21580215,41.4086497,,,,,,,,,,,,,,,,
2.21580215,41.4086497,,,,,,,,,,,,,,,,
2.21580215,41.4086497,,,,,,,,,,,,,,,,
2.17256346,41.38919651,,,,,,,,,,,,,,,,
2.17256346,41.38919651,,,,,,,,,,,,,,,,
2.15663612,41.42445049,,,,,,,,,,,,,,,,
2.15663612,41.42445049,,,,,,,,,,,,,,,,
2.15501513,41.43059812,,,,,,,,,,,,,,,,
2.15501513,41.43059812,,,,,,,,,,,,,,,,
2.15501513,41.43059812,,,,,,,,,,,,,,,,
2.15501513,41.43059812,,,,,,,,,,,,,,,,
2.13085949,41.38417294,,,,,,,,,,,,,,,,
2.13085949,41.38417294,,,,,,,,,,,,,,,,
2.13085949,41.38417294,,,,,,,,,,,,,,,,
2.13999366,41.38809451,,,,,,,,,,,,,,,,
2.13999366,41.38809451,,,,,,,,,,,,,,,,
2.14377533,41.38137062,,,,,,,,,,,,,,,,
2.14377533,41.38137062,,,,,,,,,,,,,,,,
2.16753477,41.38919895,,,,,,,,,,,,,,,,
2.16753477,41.38919895,,,,,,,,,,,,,,,,
2.19070535,41.41337645,,,,,,,,,,,,,,,,
2.19070535,41.41337645,,,,,,,,,,,,,,,,
2.14951516,41.42062565,,,,,,,,,,,,,,,,
2.14951516,41.42062565,,,,,,,,,,,,,,,,
2.14951516,41.42062565,,,,,,,,,,,,,,,,
2.12045191,41.33942356,,,,,,,,,,,,,,,,
2.12045191,41.33942356,,,,,,,,,,,,,,,,
2.14843792,41.40260111,,,,,,,,,,,,,,,,
2.14843792,41.40260111,,,,,,,,,,,,,,,,
2.15555371,41.44014978,,,,,,,,,,,,,,,,
2.15555371,41.44014978,,,,,,,,,,,,,,,,
2.16823396,41.3710385,,,,,,,,,,,,,,,,
2.16823396,41.3710385,,,,,,,,,,,,,,,,
2.17615655,41.40634779,,,,,,,,,,,,,,,,
2.17615655,41.40634779,,,,,,,,,,,,,,,,
2.17437112,41.39951277,,,,,,,,,,,,,,,,
2.17437112,41.39951277,,,,,,,,,,,,,,,,
2.16935002,41.4098452,,,,,,,,,,,,,,,,
2.16935002,41.4098452,,,,,,,,,,,,,,,,
2.15759721,41.42527692,,,,,,,,,,,,,,,,
2.15759721,41.42527692,,,,,,,,,,,,,,,,
2.20848382,41.43696434,,,,,,,,,,,,,,,,
2.20848382,41.43696434,,,,,,,,,,,,,,,,
2.17393094,41.43820168,,,,,,,,,,,,,,,,
2.17393094,41.43820168,,,,,,,,,,,,,,,,
2.13138195,41.38889965,,,,,,,,,,,,,,,,
2.13138195,41.38889965,,,,,,,,,,,,,,,,
2.13138195,41.38889965,,,,,,,,,,,,,,,,
2.15101487,41.3730327,,,,,,,,,,,,,,,,
2.15101487,41.3730327,,,,,,,,,,,,,,,,
2.17440171,41.43138449,,,,,,,,,,,,,,,,
2.17440171,41.43138449,,,,,,,,,,,,,,,,
2.13813605,41.3860218,,,,,,,,,,,,,,,,
2.13813605,41.3860218,,,,,,,,,,,,,,,,
2.13980227,41.41949998,,,,,,,,,,,,,,,,
2.13980227,41.41949998,,,,,,,,,,,,,,,,
2.13980227,41.41949998,,,,,,,,,,,,,,,,
2.19389712,41.4084718,,,,,,,,,,,,,,,,
2.19389712,41.4084718,,,,,,,,,,,,,,,,
2.19389712,41.4084718,,,,,,,,,,,,,,,,
2.14827543,41.38136938,,,,,,,,,,,,,,,,
2.14827543,41.38136938,,,,,,,,,,,,,,,,
2.19268379,41.39738442,,,,,,,,,,,,,,,,
2.19268379,41.39738442,,,,,,,,,,,,,,,,
2.19268379,41.39738442,,,,,,,,,,,,,,,,
2.16650231,41.39359175,,,,,,,,,,,,,,,,
2.16650231,41.39359175,,,,,,,,,,,,,,,,
2.10731727,41.38167976,,,,,,,,,,,,,,,,
2.10731727,41.38167976,,,,,,,,,,,,,,,,
2.13947451,41.38360011,,,,,,,,,,,,,,,,
2.13947451,41.38360011,,,,,,,,,,,,,,,,
2.14552992,41.37916123,,,,,,,,,,,,,,,,
2.14552992,41.37916123,,,,,,,,,,,,,,,,
2.15101487,41.3730327,,,,,,,,,,,,,,,,
2.15101487,41.3730327,,,,,,,,,,,,,,,,
2.18780149,41.43093258,,,,,,,,,,,,,,,,
2.18780149,41.43093258,,,,,,,,,,,,,,,,
2.12607488,41.41031918,,,,,,,,,,,,,,,,
2.12607488,41.41031918,,,,,,,,,,,,,,,,
2.17680695,41.39392453,,,,,,,,,,,,,,,,
2.17680695,41.39392453,,,,,,,,,,,,,,,,
2.155333,41.38683135,,,,,,,,,,,,,,,,
2.155333,41.38683135,,,,,,,,,,,,,,,,
2.20839791,41.41956618,,,,,,,,,,,,,,,,
2.20839791,41.41956618,,,,,,,,,,,,,,,,
2.1243975,41.40920178,,,,,,,,,,,,,,,,
2.1243975,41.40920178,,,,,,,,,,,,,,,,
2.1243975,41.40920178,,,,,,,,,,,,,,,,
2.1103095,41.41599764,,,,,,,,,,,,,,,,
2.1103095,41.41599764,,,,,,,,,,,,,,,,
2.16454271,41.38512543,,,,,,,,,,,,,,,,
2.16454271,41.38512543,,,,,,,,,,,,,,,,
2.1535317,41.43427142,,,,,,,,,,,,,,,,
2.1535317,41.43427142,,,,,,,,,,,,,,,,
2.19060114,41.44676293,,,,,,,,,,,,,,,,
2.19060114,41.44676293,,,,,,,,,,,,,,,,
2.14957403,41.3712936,,,,,,,,,,,,,,,,
2.14957403,41.3712936,,,,,,,,,,,,,,,,
2.17316883,41.40179461,,,,,,,,,,,,,,,,
2.17316883,41.40179461,,,,,,,,,,,,,,,,
2.18156249,41.40652808,,,,,,,,,,,,,,,,
2.18156249,41.40652808,,,,,,,,,,,,,,,,
2.13712502,41.39076907,,,,,,,,,,,,,,,,
2.13712502,41.39076907,,,,,,,,,,,,,,,,
2.15913577,41.40048242,,,,,,,,,,,,,,,,
2.15913577,41.40048242,,,,,,,,,,,,,,,,
2.15913577,41.40048242,,,,,,,,,,,,,,,,
2.14346069,41.41244357,,,,,,,,,,,,,,,,
2.14346069,41.41244357,,,,,,,,,,,,,,,,
2.19978673,41.39363014,,,,,,,,,,,,,,,,
2.19978673,41.39363014,,,,,,,,,,,,,,,,
2.16772368,41.41221611,,,,,,,,,,,,,,,,
2.16772368,41.41221611,,,,,,,,,,,,,,,,
2.1499983,41.35077608,,,,,,,,,,,,,,,,
2.1499983,41.35077608,,,,,,,,,,,,,,,,
2.1499983,41.35077608,,,,,,,,,,,,,,,,
2.15724505,41.35238919,,,,,,,,,,,,,,,,
2.16455232,41.41446076,,,,,,,,,,,,,,,,
2.15167327,41.42447534,,,,,,,,,,,,,,,,
2.15167327,41.42447534,,,,,,,,,,,,,,,,
2.19716946,41.40408576,,,,,,,,,,,,,,,,
2.17334184,41.39873552,,,,,,,,,,,,,,,,
2.17334184,41.39873552,,,,,,,,,,,,,,,,
2.17334184,41.39873552,,,,,,,,,,,,,,,,
2.17558352,41.38623006,,,,,,,,,,,,,,,,
2.14535984,41.40925728,,,,,,,,,,,,,,,,
2.14535984,41.40925728,,,,,,,,,,,,,,,,
2.16912542,41.41280955,,,,,,,,,,,,,,,,
2.16912542,41.41280955,,,,,,,,,,,,,,,,
2.16912542,41.41280955,,,,,,,,,,,,,,,,
2.16972695,41.43196029,,,,,,,,,,,,,,,,
2.16972695,41.43196029,,,,,,,,,,,,,,,,
2.16972695,41.43196029,,,,,,,,,,,,,,,,
2.16972695,41.43196029,,,,,,,,,,,,,,,,
2.16972695,41.43196029,,,,,,,,,,,,,,,,
2.16972695,41.43196029,,,,,,,,,,,,,,,,
2.16972695,41.43196029,,,,,,,,,,,,,,,,
2.1983514,41.40668735,,,,,,,,,,,,,,,,
2.1983514,41.40668735,,,,,,,,,,,,,,,,
2.1983514,41.40668735,,,,,,,,,,,,,,,,
2.13791357,41.40280528,,,,,,,,,,,,,,,,
2.13791357,41.40280528,,,,,,,,,,,,,,,,
2.18173959,41.43925968,,,,,,,,,,,,,,,,
2.18173959,41.43925968,,,,,,,,,,,,,,,,
2.12476346,41.394084,,,,,,,,,,,,,,,,
2.12476346,41.394084,,,,,,,,,,,,,,,,
2.10652697,41.38269852,,,,,,,,,,,,,,,,
2.10652697,41.38269852,,,,,,,,,,,,,,,,
2.10652697,41.38269852,,,,,,,,,,,,,,,,
2.14706297,41.35220025,,,,,,,,,,,,,,,,
2.1653522,41.38724102,,,,,,,,,,,,,,,,
2.1653522,41.38724102,,,,,,,,,,,,,,,,
2.19695487,41.41283916,,,,,,,,,,,,,,,,
2.19695487,41.41283916,,,,,,,,,,,,,,,,
2.19001169,41.40969918,,,,,,,,,,,,,,,,
2.19001169,41.40969918,,,,,,,,,,,,,,,,
2.19001169,41.40969918,,,,,,,,,,,,,,,,
2.17093226,41.4017941,,,,,,,,,,,,,,,,
2.17093226,41.4017941,,,,,,,,,,,,,,,,
2.17751395,41.38582678,,,,,,,,,,,,,,,,
2.17751395,41.38582678,,,,,,,,,,,,,,,,
2.17241625,41.39939421,,,,,,,,,,,,,,,,
2.17241625,41.39939421,,,,,,,,,,,,,,,,
2.16685869,41.43570875,,,,,,,,,,,,,,,,
2.16685869,41.43570875,,,,,,,,,,,,,,,,
2.16685869,41.43570875,,,,,,,,,,,,,,,,
2.13380054,41.36417334,,,,,,,,,,,,,,,,
2.13380054,41.36417334,,,,,,,,,,,,,,,,
2.13380054,41.36417334,,,,,,,,,,,,,,,,
2.13646105,41.36516071,,,,,,,,,,,,,,,,
2.1536826,41.4418187,,,,,,,,,,,,,,,,
2.20461063,41.39382397,,,,,,,,,,,,,,,,
2.20461063,41.39382397,,,,,,,,,,,,,,,,
2.17959162,41.44607095,,,,,,,,,,,,,,,,
2.17959162,41.44607095,,,,,,,,,,,,,,,,
2.16415821,41.39142078,,,,,,,,,,,,,,,,
2.16415821,41.39142078,,,,,,,,,,,,,,,,
2.15802039,41.38754113,,,,,,,,,,,,,,,,
2.15802039,41.38754113,,,,,,,,,,,,,,,,
2.1567743,41.38534238,,,,,,,,,,,,,,,,
2.1567743,41.38534238,,,,,,,,,,,,,,,,
2.13098758,41.39075097,,,,,,,,,,,,,,,,
2.13098758,41.39075097,,,,,,,,,,,,,,,,
2.12689313,41.33172996,,,,,,,,,,,,,,,,
2.16065306,41.40763048,,,,,,,,,,,,,,,,
2.16065306,41.40763048,,,,,,,,,,,,,,,,
2.16065306,41.40763048,,,,,,,,,,,,,,,,
2.13416329,41.39541707,,,,,,,,,,,,,,,,
2.14474952,41.42546509,,,,,,,,,,,,,,,,
2.14474952,41.42546509,,,,,,,,,,,,,,,,
2.17224409,41.40295404,,,,,,,,,,,,,,,,
2.17224409,41.40295404,,,,,,,,,,,,,,,,
2.1278862,41.4116563,,,,,,,,,,,,,,,,
2.1278862,41.4116563,,,,,,,,,,,,,,,,
2.1278862,41.4116563,,,,,,,,,,,,,,,,
2.1278862,41.4116563,,,,,,,,,,,,,,,,
2.18089066,41.43838386,,,,,,,,,,,,,,,,
2.14589193,41.43229692,,,,,,,,,,,,,,,,
2.14589193,41.43229692,,,,,,,,,,,,,,,,
2.19261686,41.38006703,,,,,,,,,,,,,,,,
2.15054755,41.39331536,,,,,,,,,,,,,,,,
2.15054755,41.39331536,,,,,,,,,,,,,,,,
2.15054755,41.39331536,,,,,,,,,,,,,,,,
2.20468994,41.41212083,,,,,,,,,,,,,,,,
2.20468994,41.41212083,,,,,,,,,,,,,,,,
2.13583536,41.36441874,,,,,,,,,,,,,,,,
2.13583536,41.36441874,,,,,,,,,,,,,,,,
2.13583536,41.36441874,,,,,,,,,,,,,,,,
2.1874221,41.44704833,,,,,,,,,,,,,,,,
2.1874221,41.44704833,,,,,,,,,,,,,,,,
2.1874221,41.44704833,,,,,,,,,,,,,,,,
2.19717777,41.39559131,,,,,,,,,,,,,,,,
2.19717777,41.39559131,,,,,,,,,,,,,,,,
2.18861845,41.37899297,,,,,,,,,,,,,,,,
2.18861845,41.37899297,,,,,,,,,,,,,,,,
2.20224663,41.40883615,,,,,,,,,,,,,,,,
2.20224663,41.40883615,,,,,,,,,,,,,,,,
2.13649874,41.37290991,,,,,,,,,,,,,,,,
2.13649874,41.37290991,,,,,,,,,,,,,,,,
2.1297454,41.37664906,,,,,,,,,,,,,,,,
2.17321631,41.37476436,,,,,,,,,,,,,,,,
2.17321631,41.37476436,,,,,,,,,,,,,,,,
2.17321631,41.37476436,,,,,,,,,,,,,,,,
2.12796589,41.37725401,,,,,,,,,,,,,,,,
2.12796589,41.37725401,,,,,,,,,,,,,,,,
2.15497799,41.35159424,,,,,,,,,,,,,,,,
2.1715354,41.40895401,,,,,,,,,,,,,,,,
2.1715354,41.40895401,,,,,,,,,,,,,,,,
2.16976933,41.4026713,,,,,,,,,,,,,,,,
2.16976933,41.4026713,,,,,,,,,,,,,,,,
2.14562848,41.43236671,,,,,,,,,,,,,,,,
2.17395798,41.38493248,,,,,,,,,,,,,,,,
2.17395798,41.38493248,,,,,,,,,,,,,,,,
2.17574344,41.37432734,,,,,,,,,,,,,,,,
2.17574344,41.37432734,,,,,,,,,,,,,,,,
2.16664371,41.391183,,,,,,,,,,,,,,,,
2.16664371,41.391183,,,,,,,,,,,,,,,,
2.16753477,41.38919895,,,,,,,,,,,,,,,,
2.16753477,41.38919895,,,,,,,,,,,,,,,,
2.16717589,41.37211363,,,,,,,,,,,,,,,,
2.16717589,41.37211363,,,,,,,,,,,,,,,,
2.16529373,41.39268112,,,,,,,,,,,,,,,,
2.16529373,41.39268112,,,,,,,,,,,,,,,,
2.12645377,41.37809209,,,,,,,,,,,,,,,,
2.12645377,41.37809209,,,,,,,,,,,,,,,,
2.16637439,41.40012586,,,,,,,,,,,,,,,,
2.16637439,41.40012586,,,,,,,,,,,,,,,,
2.15835461,41.43955264,,,,,,,,,,,,,,,,
2.15835461,41.43955264,,,,,,,,,,,,,,,,
2.12867475,41.3805489,,,,,,,,,,,,,,,,
2.12867475,41.3805489,,,,,,,,,,,,,,,,
2.18353783,41.40120912,,,,,,,,,,,,,,,,
2.18353783,41.40120912,,,,,,,,,,,,,,,,
2.18353783,41.40120912,,,,,,,,,,,,,,,,
2.18353783,41.40120912,,,,,,,,,,,,,,,,
2.14974153,41.38063544,,,,,,,,,,,,,,,,
2.14974153,41.38063544,,,,,,,,,,,,,,,,
2.21735167,41.40902841,,,,,,,,,,,,,,,,
2.21735167,41.40902841,,,,,,,,,,,,,,,,
2.21735167,41.40902841,,,,,,,,,,,,,,,,
2.1131206,41.39900302,,,,,,,,,,,,,,,,
2.1131206,41.39900302,,,,,,,,,,,,,,,,
2.1131206,41.39900302,,,,,,,,,,,,,,,,
2.17704625,41.3987451,,,,,,,,,,,,,,,,
2.17704625,41.3987451,,,,,,,,,,,,,,,,
2.17704625,41.3987451,,,,,,,,,,,,,,,,
2.10860088,41.38400465,,,,,,,,,,,,,,,,
2.10860088,41.38400465,,,,,,,,,,,,,,,,
2.18689209,41.41352075,,,,,,,,,,,,,,,,
2.18689209,41.41352075,,,,,,,,,,,,,,,,
2.15101487,41.3730327,,,,,,,,,,,,,,,,
2.15101487,41.3730327,,,,,,,,,,,,,,,,
2.17684239,41.39050555,,,,,,,,,,,,,,,,
2.17684239,41.39050555,,,,,,,,,,,,,,,,
2.19224192,41.43400964,,,,,,,,,,,,,,,,
2.19224192,41.43400964,,,,,,,,,,,,,,,,
2.16351781,41.40491043,,,,,,,,,,,,,,,,
2.16351781,41.40491043,,,,,,,,,,,,,,,,
2.191814,41.42266282,,,,,,,,,,,,,,,,
2.191814,41.42266282,,,,,,,,,,,,,,,,
2.16146911,41.37497448,,,,,,,,,,,,,,,,
2.16146911,41.37497448,,,,,,,,,,,,,,,,
2.16323227,41.40295227,,,,,,,,,,,,,,,,
2.16323227,41.40295227,,,,,,,,,,,,,,,,
2.17862911,41.4632475,,,,,,,,,,,,,,,,
2.17862911,41.4632475,,,,,,,,,,,,,,,,
2.18767214,41.39452713,,,,,,,,,,,,,,,,
2.18767214,41.39452713,,,,,,,,,,,,,,,,
2.13617291,41.41625611,,,,,,,,,,,,,,,,
2.13617291,41.41625611,,,,,,,,,,,,,,,,
2.20572419,41.41589373,,,,,,,,,,,,,,,,
2.20572419,41.41589373,,,,,,,,,,,,,,,,
2.16319551,41.37497084,,,,,,,,,,,,,,,,
2.16319551,41.37497084,,,,,,,,,,,,,,,,
2.13142592,41.41412426,,,,,,,,,,,,,,,,
2.13142592,41.41412426,,,,,,,,,,,,,,,,
2.13142592,41.41412426,,,,,,,,,,,,,,,,
2.13142592,41.41412426,,,,,,,,,,,,,,,,
2.17755329,41.3905945,,,,,,,,,,,,,,,,
2.20098105,41.43698325,,,,,,,,,,,,,,,,
2.11130006,41.3325664,,,,,,,,,,,,,,,,
2.11130006,41.3325664,,,,,,,,,,,,,,,,
2.18337081,41.43532651,,,,,,,,,,,,,,,,
2.18337081,41.43532651,,,,,,,,,,,,,,,,
2.17415802,41.37017044,,,,,,,,,,,,,,,,
2.17415802,41.37017044,,,,,,,,,,,,,,,,
2.12242014,41.40196396,,,,,,,,,,,,,,,,
2.12242014,41.40196396,,,,,,,,,,,,,,,,
2.18045249,41.41578711,,,,,,,,,,,,,,,,
2.18045249,41.41578711,,,,,,,,,,,,,,,,
2.13755532,41.3644217,,,,,,,,,,,,,,,,
2.13755532,41.3644217,,,,,,,,,,,,,,,,
2.15103906,41.40820477,,,,,,,,,,,,,,,,
2.15103906,41.40820477,,,,,,,,,,,,,,,,
2.13383416,41.40195133,,,,,,,,,,,,,,,,
2.13383416,41.40195133,,,,,,,,,,,,,,,,
2.14791433,41.39359874,,,,,,,,,,,,,,,,
2.14791433,41.39359874,,,,,,,,,,,,,,,,
2.14072038,41.40441788,,,,,,,,,,,,,,,,
2.14072038,41.40441788,,,,,,,,,,,,,,,,
2.17667828,41.39574261,,,,,,,,,,,,,,,,
2.17667828,41.39574261,,,,,,,,,,,,,,,,
2.17667828,41.39574261,,,,,,,,,,,,,,,,
2.15140946,41.37165477,,,,,,,,,,,,,,,,
2.15140946,41.37165477,,,,,,,,,,,,,,,,
2.18559931,41.39753071,,,,,,,,,,,,,,,,
2.13053768,41.41350654,,,,,,,,,,,,,,,,
2.13053768,41.41350654,,,,,,,,,,,,,,,,
2.13053768,41.41350654,,,,,,,,,,,,,,,,
2.16548524,41.40707203,,,,,,,,,,,,,,,,
2.16548524,41.40707203,,,,,,,,,,,,,,,,
2.15973373,41.39498582,,,,,,,,,,,,,,,,
2.15973373,41.39498582,,,,,,,,,,,,,,,,
2.16686209,41.38562972,,,,,,,,,,,,,,,,
2.16686209,41.38562972,,,,,,,,,,,,,,,,
2.10805137,41.37849779,,,,,,,,,,,,,,,,
2.10805137,41.37849779,,,,,,,,,,,,,,,,
2.19610109,41.43634334,,,,,,,,,,,,,,,,
2.19610109,41.43634334,,,,,,,,,,,,,,,,
2.20601315,41.44344229,,,,,,,,,,,,,,,,
2.20601315,41.44344229,,,,,,,,,,,,,,,,
2.13837135,41.41437855,,,,,,,,,,,,,,,,
2.13837135,41.41437855,,,,,,,,,,,,,,,,
2.17550051,41.40695821,,,,,,,,,,,,,,,,
2.17550051,41.40695821,,,,,,,,,,,,,,,,
2.17765896,41.42725601,,,,,,,,,,,,,,,,
2.17765896,41.42725601,,,,,,,,,,,,,,,,
2.17765896,41.42725601,,,,,,,,,,,,,,,,
2.15771524,41.38257942,,,,,,,,,,,,,,,,
2.15771524,41.38257942,,,,,,,,,,,,,,,,
2.15949461,41.39652147,,,,,,,,,,,,,,,,
2.15949461,41.39652147,,,,,,,,,,,,,,,,
2.13605529,41.396717,,,,,,,,,,,,,,,,
2.13605529,41.396717,,,,,,,,,,,,,,,,
2.1307566,41.3458249,,,,,,,,,,,,,,,,
2.1307566,41.3458249,,,,,,,,,,,,,,,,
2.18718151,41.40742903,,,,,,,,,,,,,,,,
2.18718151,41.40742903,,,,,,,,,,,,,,,,
2.15997937,41.39359813,,,,,,,,,,,,,,,,
2.15997937,41.39359813,,,,,,,,,,,,,,,,
2.17466808,41.40109148,,,,,,,,,,,,,,,,
2.17466808,41.40109148,,,,,,,,,,,,,,,,
2.14896601,41.4316043,,,,,,,,,,,,,,,,
2.14896601,41.4316043,,,,,,,,,,,,,,,,
2.19816467,41.44916146,,,,,,,,,,,,,,,,
2.19816467,41.44916146,,,,,,,,,,,,,,,,
2.14036832,41.40012696,,,,,,,,,,,,,,,,
2.14036832,41.40012696,,,,,,,,,,,,,,,,
2.14036832,41.40012696,,,,,,,,,,,,,,,,
2.14036832,41.40012696,,,,,,,,,,,,,,,,
2.18452894,41.42221106,,,,,,,,,,,,,,,,
2.18452894,41.42221106,,,,,,,,,,,,,,,,
2.16827407,41.38941583,,,,,,,,,,,,,,,,
2.16827407,41.38941583,,,,,,,,,,,,,,,,
2.16827407,41.38941583,,,,,,,,,,,,,,,,
2.17185318,41.41812426,,,,,,,,,,,,,,,,
2.17185318,41.41812426,,,,,,,,,,,,,,,,
2.14653909,41.43773502,,,,,,,,,,,,,,,,
2.14653909,41.43773502,,,,,,,,,,,,,,,,
2.10509824,41.38588087,,,,,,,,,,,,,,,,
2.10509824,41.38588087,,,,,,,,,,,,,,,,
2.10950436,41.39342917,,,,,,,,,,,,,,,,
2.10950436,41.39342917,,,,,,,,,,,,,,,,
2.10950436,41.39342917,,,,,,,,,,,,,,,,
2.16683559,41.39649776,,,,,,,,,,,,,,,,
2.16683559,41.39649776,,,,,,,,,,,,,,,,
2.17782513,41.40357189,,,,,,,,,,,,,,,,
2.17782513,41.40357189,,,,,,,,,,,,,,,,
2.17782513,41.40357189,,,,,,,,,,,,,,,,
2.17782513,41.40357189,,,,,,,,,,,,,,,,
2.14598588,41.39162385,,,,,,,,,,,,,,,,
2.14598588,41.39162385,,,,,,,,,,,,,,,,
2.18058233,41.42522659,,,,,,,,,,,,,,,,
2.18058233,41.42522659,,,,,,,,,,,,,,,,
2.18058233,41.42522659,,,,,,,,,,,,,,,,
2.17289052,41.41555472,,,,,,,,,,,,,,,,
2.17289052,41.41555472,,,,,,,,,,,,,,,,
2.17289052,41.41555472,,,,,,,,,,,,,,,,
2.17014677,41.43913141,,,,,,,,,,,,,,,,
2.17014677,41.43913141,,,,,,,,,,,,,,,,
2.17014677,41.43913141,,,,,,,,,,,,,,,,
2.14377533,41.38137062,,,,,,,,,,,,,,,,
2.14377533,41.38137062,,,,,,,,,,,,,,,,
2.17330294,41.38111533,,,,,,,,,,,,,,,,
2.16049868,41.39570706,,,,,,,,,,,,,,,,
2.16049868,41.39570706,,,,,,,,,,,,,,,,
2.18243745,41.39815947,,,,,,,,,,,,,,,,
2.18243745,41.39815947,,,,,,,,,,,,,,,,
2.14025644,41.4149015,,,,,,,,,,,,,,,,
2.13863878,41.40643177,,,,,,,,,,,,,,,,
2.13863878,41.40643177,,,,,,,,,,,,,,,,
2.19799533,41.38927865,,,,,,,,,,,,,,,,
2.19799533,41.38927865,,,,,,,,,,,,,,,,
2.17025849,41.36382389,,,,,,,,,,,,,,,,
2.17025849,41.36382389,,,,,,,,,,,,,,,,
2.18381101,41.4297169,,,,,,,,,,,,,,,,
2.18381101,41.4297169,,,,,,,,,,,,,,,,
2.16439625,41.37191637,,,,,,,,,,,,,,,,
2.16439625,41.37191637,,,,,,,,,,,,,,,,
2.13769349,41.3827521,,,,,,,,,,,,,,,,
2.13769349,41.3827521,,,,,,,,,,,,,,,,
2.18313066,41.44657714,,,,,,,,,,,,,,,,
2.18313066,41.44657714,,,,,,,,,,,,,,,,
2.15233907,41.39990261,,,,,,,,,,,,,,,,
2.15233907,41.39990261,,,,,,,,,,,,,,,,
2.18346095,41.4301881,,,,,,,,,,,,,,,,
2.18346095,41.4301881,,,,,,,,,,,,,,,,
2.16637439,41.40012586,,,,,,,,,,,,,,,,
2.16637439,41.40012586,,,,,,,,,,,,,,,,
2.16637439,41.40012586,,,,,,,,,,,,,,,,
2.15856052,41.38213403,,,,,,,,,,,,,,,,
2.15856052,41.38213403,,,,,,,,,,,,,,,,
2.15856052,41.38213403,,,,,,,,,,,,,,,,
2.16687651,41.39346755,,,,,,,,,,,,,,,,
2.16687651,41.39346755,,,,,,,,,,,,,,,,
2.1896053,41.44695171,,,,,,,,,,,,,,,,
2.1896053,41.44695171,,,,,,,,,,,,,,,,
2.18168522,41.38173868,,,,,,,,,,,,,,,,
2.18168522,41.38173868,,,,,,,,,,,,,,,,
2.15525016,41.39662479,,,,,,,,,,,,,,,,
2.15525016,41.39662479,,,,,,,,,,,,,,,,
2.17437377,41.3700746,,,,,,,,,,,,,,,,
2.17437377,41.3700746,,,,,,,,,,,,,,,,
2.12821035,41.38839659,,,,,,,,,,,,,,,,
2.12821035,41.38839659,,,,,,,,,,,,,,,,
2.19451665,41.38906315,,,,,,,,,,,,,,,,
2.19451665,41.38906315,,,,,,,,,,,,,,,,
2.12556855,41.34133614,,,,,,,,,,,,,,,,
2.12556855,41.34133614,,,,,,,,,,,,,,,,
2.12556855,41.34133614,,,,,,,,,,,,,,,,
2.1296036,41.41294186,,,,,,,,,,,,,,,,
2.1296036,41.41294186,,,,,,,,,,,,,,,,
2.15905025,41.39188091,,,,,,,,,,,,,,,,
2.15905025,41.39188091,,,,,,,,,,,,,,,,
2.21218572,41.40474032,,,,,,,,,,,,,,,,
2.21218572,41.40474032,,,,,,,,,,,,,,,,
2.18061154,41.42076061,,,,,,,,,,,,,,,,
2.18061154,41.42076061,,,,,,,,,,,,,,,,
2.18406175,41.41571757,,,,,,,,,,,,,,,,
2.18406175,41.41571757,,,,,,,,,,,,,,,,
2.18406175,41.41571757,,,,,,,,,,,,,,,,
2.13578598,41.41512763,,,,,,,,,,,,,,,,
2.13578598,41.41512763,,,,,,,,,,,,,,,,
2.13578598,41.41512763,,,,,,,,,,,,,,,,
2.15924216,41.38661739,,,,,,,,,,,,,,,,
2.15924216,41.38661739,,,,,,,,,,,,,,,,
2.12324801,41.38562934,,,,,,,,,,,,,,,,
2.12324801,41.38562934,,,,,,,,,,,,,,,,
2.17437377,41.3700746,,,,,,,,,,,,,,,,
2.17437377,41.3700746,,,,,,,,,,,,,,,,
2.16863341,41.40011338,,,,,,,,,,,,,,,,
2.16863341,41.40011338,,,,,,,,,,,,,,,,
2.13522864,41.37448359,,,,,,,,,,,,,,,,
2.13522864,41.37448359,,,,,,,,,,,,,,,,
2.13522864,41.37448359,,,,,,,,,,,,,,,,
2.13522864,41.37448359,,,,,,,,,,,,,,,,
2.13522864,41.37448359,,,,,,,,,,,,,,,,
2.13522864,41.37448359,,,,,,,,,,,,,,,,
2.13522864,41.37448359,,,,,,,,,,,,,,,,
2.13522864,41.37448359,,,,,,,,,,,,,,,,
2.13522864,41.37448359,,,,,,,,,,,,,,,,
2.13522864,41.37448359,,,,,,,,,,,,,,,,
2.1778194,41.39658684,,,,,,,,,,,,,,,,
2.1778194,41.39658684,,,,,,,,,,,,,,,,
2.1778194,41.39658684,,,,,,,,,,,,,,,,
2.15925487,41.36659029,,,,,,,,,,,,,,,,
2.11929695,41.39908331,,,,,,,,,,,,,,,,
2.11929695,41.39908331,,,,,,,,,,,,,,,,
2.14358045,41.35798558,,,,,,,,,,,,,,,,
2.14358045,41.35798558,,,,,,,,,,,,,,,,
2.18381623,41.40978943,,,,,,,,,,,,,,,,
2.18381623,41.40978943,,,,,,,,,,,,,,,,
2.15130706,41.39445651,,,,,,,,,,,,,,,,
2.15130706,41.39445651,,,,,,,,,,,,,,,,
2.14577846,41.42437977,,,,,,,,,,,,,,,,
2.14577846,41.42437977,,,,,,,,,,,,,,,,
2.19302561,41.41079588,,,,,,,,,,,,,,,,
2.19302561,41.41079588,,,,,,,,,,,,,,,,
2.13314589,41.37326066,,,,,,,,,,,,,,,,
2.16573685,41.38941611,,,,,,,,,,,,,,,,
2.16573685,41.38941611,,,,,,,,,,,,,,,,
2.20411583,41.43792192,,,,,,,,,,,,,,,,
2.20411583,41.43792192,,,,,,,,,,,,,,,,
2.14914626,41.35007695,,,,,,,,,,,,,,,,
2.14914626,41.35007695,,,,,,,,,,,,,,,,
2.14914626,41.35007695,,,,,,,,,,,,,,,,
2.18094263,41.38029852,,,,,,,,,,,,,,,,
2.18094263,41.38029852,,,,,,,,,,,,,,,,
2.11840127,41.38651793,,,,,,,,,,,,,,,,
2.11840127,41.38651793,,,,,,,,,,,,,,,,
2.17118681,41.36824787,,,,,,,,,,,,,,,,
2.17118681,41.36824787,,,,,,,,,,,,,,,,
2.11408852,41.40119888,,,,,,,,,,,,,,,,
2.11408852,41.40119888,,,,,,,,,,,,,,,,
2.11408852,41.40119888,,,,,,,,,,,,,,,,
2.14169625,41.42381989,,,,,,,,,,,,,,,,
2.14169625,41.42381989,,,,,,,,,,,,,,,,
2.1333118,41.36904152,,,,,,,,,,,,,,,,
2.1333118,41.36904152,,,,,,,,,,,,,,,,
2.16201627,41.41265012,,,,,,,,,,,,,,,,
2.16201627,41.41265012,,,,,,,,,,,,,,,,
2.16708249,41.43545533,,,,,,,,,,,,,,,,
2.16708249,41.43545533,,,,,,,,,,,,,,,,
2.14435268,41.38092189,,,,,,,,,,,,,,,,
2.14435268,41.38092189,,,,,,,,,,,,,,,,
2.14435268,41.38092189,,,,,,,,,,,,,,,,
2.14435268,41.38092189,,,,,,,,,,,,,,,,
2.14435268,41.38092189,,,,,,,,,,,,,,,,
2.14435268,41.38092189,,,,,,,,,,,,,,,,
2.14435268,41.38092189,,,,,,,,,,,,,,,,
2.1998638,41.44096387,,,,,,,,,,,,,,,,
2.1998638,41.44096387,,,,,,,,,,,,,,,,
2.1998638,41.44096387,,,,,,,,,,,,,,,,
2.14454105,41.40535283,,,,,,,,,,,,,,,,
2.1528111,41.38817707,,,,,,,,,,,,,,,,
2.1528111,41.38817707,,,,,,,,,,,,,,,,
2.17667828,41.39574261,,,,,,,,,,,,,,,,
2.17667828,41.39574261,,,,,,,,,,,,,,,,
2.15140946,41.37165477,,,,,,,,,,,,,,,,
2.15140946,41.37165477,,,,,,,,,,,,,,,,
2.17441831,41.40614161,,,,,,,,,,,,,,,,
2.17441831,41.40614161,,,,,,,,,,,,,,,,
2.17441831,41.40614161,,,,,,,,,,,,,,,,
2.17735716,41.43027493,,,,,,,,,,,,,,,,
2.17735716,41.43027493,,,,,,,,,,,,,,,,
2.15846428,41.38732773,,,,,,,,,,,,,,,,
2.15846428,41.38732773,,,,,,,,,,,,,,,,
2.15846428,41.38732773,,,,,,,,,,,,,,,,
2.15846428,41.38732773,,,,,,,,,,,,,,,,
2.15846428,41.38732773,,,,,,,,,,,,,,,,
2.15846428,41.38732773,,,,,,,,,,,,,,,,
2.15846428,41.38732773,,,,,,,,,,,,,,,,
2.13948145,41.36210883,,,,,,,,,,,,,,,,
2.16311045,41.39745262,,,,,,,,,,,,,,,,
2.16311045,41.39745262,,,,,,,,,,,,,,,,
2.20262912,41.42393293,,,,,,,,,,,,,,,,
2.20262912,41.42393293,,,,,,,,,,,,,,,,
2.18075557,41.42867017,,,,,,,,,,,,,,,,
2.18075557,41.42867017,,,,,,,,,,,,,,,,
2.20672681,41.40262021,,,,,,,,,,,,,,,,
2.20672681,41.40262021,,,,,,,,,,,,,,,,
2.14821642,41.40087,,,,,,,,,,,,,,,,
2.14821642,41.40087,,,,,,,,,,,,,,,,
2.17305683,41.39180106,,,,,,,,,,,,,,,,
2.17305683,41.39180106,,,,,,,,,,,,,,,,
2.17305683,41.39180106,,,,,,,,,,,,,,,,
2.17143696,41.37239474,,,,,,,,,,,,,,,,
2.17143696,41.37239474,,,,,,,,,,,,,,,,
2.16750791,41.39413783,,,,,,,,,,,,,,,,
2.16750791,41.39413783,,,,,,,,,,,,,,,,
2.16750791,41.39413783,,,,,,,,,,,,,,,,
2.13354547,41.38115587,,,,,,,,,,,,,,,,
2.13354547,41.38115587,,,,,,,,,,,,,,,,
2.13354547,41.38115587,,,,,,,,,,,,,,,,
2.13354547,41.38115587,,,,,,,,,,,,,,,,
2.18139703,41.38090725,,,,,,,,,,,,,,,,
2.18139703,41.38090725,,,,,,,,,,,,,,,,
2.15409639,41.39566146,,,,,,,,,,,,,,,,
2.15409639,41.39566146,,,,,,,,,,,,,,,,
2.16757064,41.38856343,,,,,,,,,,,,,,,,
2.16757064,41.38856343,,,,,,,,,,,,,,,,
2.16757064,41.38856343,,,,,,,,,,,,,,,,
2.16757064,41.38856343,,,,,,,,,,,,,,,,
2.16088952,41.43626376,,,,,,,,,,,,,,,,
2.16088952,41.43626376,,,,,,,,,,,,,,,,
2.17274603,41.39245084,,,,,,,,,,,,,,,,
2.17274603,41.39245084,,,,,,,,,,,,,,,,
2.17274603,41.39245084,,,,,,,,,,,,,,,,
2.17274603,41.39245084,,,,,,,,,,,,,,,,
2.15036512,41.37538193,,,,,,,,,,,,,,,,
2.1694085,41.38601567,,,,,,,,,,,,,,,,
2.18687719,41.41035093,,,,,,,,,,,,,,,,
2.18687719,41.41035093,,,,,,,,,,,,,,,,
2.13599956,41.4238285,,,,,,,,,,,,,,,,
2.13599956,41.4238285,,,,,,,,,,,,,,,,
2.14686012,41.40882976,,,,,,,,,,,,,,,,
2.14686012,41.40882976,,,,,,,,,,,,,,,,
2.14686012,41.40882976,,,,,,,,,,,,,,,,
2.14686012,41.40882976,,,,,,,,,,,,,,,,
2.14686012,41.40882976,,,,,,,,,,,,,,,,
2.14686012,41.40882976,,,,,,,,,,,,,,,,
2.18451949,41.4069096,,,,,,,,,,,,,,,,
2.18451949,41.4069096,,,,,,,,,,,,,,,,
2.18451949,41.4069096,,,,,,,,,,,,,,,,
2.17730928,41.39653911,,,,,,,,,,,,,,,,
2.17730928,41.39653911,,,,,,,,,,,,,,,,
2.13640474,41.38041574,,,,,,,,,,,,,,,,
2.15046144,41.39448875,,,,,,,,,,,,,,,,
2.15046144,41.39448875,,,,,,,,,,,,,,,,
2.18629677,41.44472234,,,,,,,,,,,,,,,,
2.18629677,41.44472234,,,,,,,,,,,,,,,,
2.18629677,41.44472234,,,,,,,,,,,,,,,,
2.15333027,41.40331383,,,,,,,,,,,,,,,,
2.14081908,41.39041784,,,,,,,,,,,,,,,,
2.16557312,41.37479148,,,,,,,,,,,,,,,,
2.16557312,41.37479148,,,,,,,,,,,,,,,,
2.16471392,41.37075807,,,,,,,,,,,,,,,,
2.16471392,41.37075807,,,,,,,,,,,,,,,,
2.16433838,41.37777299,,,,,,,,,,,,,,,,
2.16433838,41.37777299,,,,,,,,,,,,,,,,
2.16433838,41.37777299,,,,,,,,,,,,,,,,
2.16433838,41.37777299,,,,,,,,,,,,,,,,
2.16433838,41.37777299,,,,,,,,,,,,,,,,
2.16433838,41.37777299,,,,,,,,,,,,,,,,
2.16433838,41.37777299,,,,,,,,,,,,,,,,
2.16433838,41.37777299,,,,,,,,,,,,,,,,
2.16433838,41.37777299,,,,,,,,,,,,,,,,
2.16433838,41.37777299,,,,,,,,,,,,,,,,
2.16433838,41.37777299,,,,,,,,,,,,,,,,
2.16433838,41.37777299,,,,,,,,,,,,,,,,
2.16433838,41.37777299,,,,,,,,,,,,,,,,
2.19577177,41.40526681,,,,,,,,,,,,,,,,
2.19577177,41.40526681,,,,,,,,,,,,,,,,
2.19469638,41.41452761,,,,,,,,,,,,,,,,
2.19469638,41.41452761,,,,,,,,,,,,,,,,
2.13971897,41.40053964,,,,,,,,,,,,,,,,
2.13971897,41.40053964,,,,,,,,,,,,,,,,
2.16704897,41.39041388,,,,,,,,,,,,,,,,
2.16704897,41.39041388,,,,,,,,,,,,,,,,
2.14358045,41.35798558,,,,,,,,,,,,,,,,
2.14358045,41.35798558,,,,,,,,,,,,,,,,
2.14358045,41.35798558,,,,,,,,,,,,,,,,
2.17536283,41.38990704,,,,,,,,,,,,,,,,
2.17536283,41.38990704,,,,,,,,,,,,,,,,
2.17421997,41.43044755,,,,,,,,,,,,,,,,
2.13914879,41.36719938,,,,,,,,,,,,,,,,
2.13914879,41.36719938,,,,,,,,,,,,,,,,
2.13914879,41.36719938,,,,,,,,,,,,,,,,
2.14598588,41.39162385,,,,,,,,,,,,,,,,
2.14598588,41.39162385,,,,,,,,,,,,,,,,
2.14142156,41.42038682,,,,,,,,,,,,,,,,
2.20609147,41.42130406,,,,,,,,,,,,,,,,
2.20609147,41.42130406,,,,,,,,,,,,,,,,
2.17469496,41.4303087,,,,,,,,,,,,,,,,
2.17469496,41.4303087,,,,,,,,,,,,,,,,
2.1570011,41.39615,,,,,,,,,,,,,,,,
2.1570011,41.39615,,,,,,,,,,,,,,,,
2.18689209,41.41352075,,,,,,,,,,,,,,,,
2.18689209,41.41352075,,,,,,,,,,,,,,,,
2.19370321,41.43004356,,,,,,,,,,,,,,,,
2.19370321,41.43004356,,,,,,,,,,,,,,,,
2.17657793,41.40946429,,,,,,,,,,,,,,,,
2.17657793,41.40946429,,,,,,,,,,,,,,,,
2.17657793,41.40946429,,,,,,,,,,,,,,,,
2.16280614,41.3791449,,,,,,,,,,,,,,,,
2.16280614,41.3791449,,,,,,,,,,,,,,,,
2.15970168,41.38298427,,,,,,,,,,,,,,,,
2.15970168,41.38298427,,,,,,,,,,,,,,,,
2.19467063,41.3833936,,,,,,,,,,,,,,,,
2.19467063,41.3833936,,,,,,,,,,,,,,,,
2.10944411,41.40255431,,,,,,,,,,,,,,,,
2.18685526,41.40852049,,,,,,,,,,,,,,,,
2.18685526,41.40852049,,,,,,,,,,,,,,,,
2.18025835,41.42093985,,,,,,,,,,,,,,,,
2.18025835,41.42093985,,,,,,,,,,,,,,,,
2.1470492,41.37711565,,,,,,,,,,,,,,,,
2.1470492,41.37711565,,,,,,,,,,,,,,,,
2.10529257,41.38577666,,,,,,,,,,,,,,,,
2.10529257,41.38577666,,,,,,,,,,,,,,,,
2.20280283,41.44313693,,,,,,,,,,,,,,,,
2.20280283,41.44313693,,,,,,,,,,,,,,,,
2.1896053,41.44695171,,,,,,,,,,,,,,,,
2.1896053,41.44695171,,,,,,,,,,,,,,,,
2.20242831,41.41405,,,,,,,,,,,,,,,,
2.20242831,41.41405,,,,,,,,,,,,,,,,
2.15730967,41.4292187,,,,,,,,,,,,,,,,
2.15730967,41.4292187,,,,,,,,,,,,,,,,
2.17577437,41.42683757,,,,,,,,,,,,,,,,
2.17577437,41.42683757,,,,,,,,,,,,,,,,
2.20820973,41.43823833,,,,,,,,,,,,,,,,
2.20820973,41.43823833,,,,,,,,,,,,,,,,
2.20820973,41.43823833,,,,,,,,,,,,,,,,
2.20820973,41.43823833,,,,,,,,,,,,,,,,
2.20820973,41.43823833,,,,,,,,,,,,,,,,
2.13164396,41.40349402,,,,,,,,,,,,,,,,
2.13164396,41.40349402,,,,,,,,,,,,,,,,
2.18833317,41.44879667,,,,,,,,,,,,,,,,
2.18833317,41.44879667,,,,,,,,,,,,,,,,
2.13475559,41.36583583,,,,,,,,,,,,,,,,
2.13475559,41.36583583,,,,,,,,,,,,,,,,
2.19040618,41.41998528,,,,,,,,,,,,,,,,
2.19040618,41.41998528,,,,,,,,,,,,,,,,
2.11482785,41.396305,,,,,,,,,,,,,,,,
2.11482785,41.396305,,,,,,,,,,,,,,,,
2.11482785,41.396305,,,,,,,,,,,,,,,,
2.12759667,41.39729125,,,,,,,,,,,,,,,,
2.12759667,41.39729125,,,,,,,,,,,,,,,,
2.20839791,41.41956618,,,,,,,,,,,,,,,,
2.20839791,41.41956618,,,,,,,,,,,,,,,,
2.20839791,41.41956618,,,,,,,,,,,,,,,,
2.17216695,41.39234112,,,,,,,,,,,,,,,,
2.17216695,41.39234112,,,,,,,,,,,,,,,,
2.17216695,41.39234112,,,,,,,,,,,,,,,,
2.20582592,41.44348507,,,,,,,,,,,,,,,,
2.20582592,41.44348507,,,,,,,,,,,,,,,,
2.16444961,41.43958605,,,,,,,,,,,,,,,,
2.16444961,41.43958605,,,,,,,,,,,,,,,,
2.2133021,41.40564311,,,,,,,,,,,,,,,,
2.2133021,41.40564311,,,,,,,,,,,,,,,,
2.17680695,41.39392453,,,,,,,,,,,,,,,,
2.17680695,41.39392453,,,,,,,,,,,,,,,,
2.20276761,41.41528769,,,,,,,,,,,,,,,,
2.20276761,41.41528769,,,,,,,,,,,,,,,,
2.15759811,41.41122408,,,,,,,,,,,,,,,,
2.15759811,41.41122408,,,,,,,,,,,,,,,,
2.19725899,41.39396097,,,,,,,,,,,,,,,,
2.19725899,41.39396097,,,,,,,,,,,,,,,,
2.14179956,41.35632129,,,,,,,,,,,,,,,,
2.14179956,41.35632129,,,,,,,,,,,,,,,,
2.17558976,41.40551809,,,,,,,,,,,,,,,,
2.17558976,41.40551809,,,,,,,,,,,,,,,,
2.17558976,41.40551809,,,,,,,,,,,,,,,,
2.15723361,41.43889924,,,,,,,,,,,,,,,,
2.15723361,41.43889924,,,,,,,,,,,,,,,,
2.18684253,41.44691432,,,,,,,,,,,,,,,,
2.18684253,41.44691432,,,,,,,,,,,,,,,,
2.15471064,41.39531451,,,,,,,,,,,,,,,,
2.15471064,41.39531451,,,,,,,,,,,,,,,,
2.1566691,41.38336956,,,,,,,,,,,,,,,,
2.13889473,41.38904185,,,,,,,,,,,,,,,,
2.13889473,41.38904185,,,,,,,,,,,,,,,,
2.15047488,41.43742277,,,,,,,,,,,,,,,,
2.15047488,41.43742277,,,,,,,,,,,,,,,,
2.18500492,41.4279195,,,,,,,,,,,,,,,,
2.18500492,41.4279195,,,,,,,,,,,,,,,,
2.17219417,41.40621888,,,,,,,,,,,,,,,,
2.17219417,41.40621888,,,,,,,,,,,,,,,,
2.15657724,41.39554767,,,,,,,,,,,,,,,,
2.15657724,41.39554767,,,,,,,,,,,,,,,,
2.19051022,41.40444576,,,,,,,,,,,,,,,,
2.19051022,41.40444576,,,,,,,,,,,,,,,,
2.16637439,41.40012586,,,,,,,,,,,,,,,,
2.16637439,41.40012586,,,,,,,,,,,,,,,,
2.12780905,41.38929063,,,,,,,,,,,,,,,,
2.12780905,41.38929063,,,,,,,,,,,,,,,,
2.19356566,41.41539902,,,,,,,,,,,,,,,,
2.19356566,41.41539902,,,,,,,,,,,,,,,,
2.14794942,41.37527194,,,,,,,,,,,,,,,,
2.14794942,41.37527194,,,,,,,,,,,,,,,,
2.14794942,41.37527194,,,,,,,,,,,,,,,,
2.14550577,41.34779567,,,,,,,,,,,,,,,,
2.14550577,41.34779567,,,,,,,,,,,,,,,,
2.12739071,41.39360439,,,,,,,,,,,,,,,,
2.1573582,41.3933073,,,,,,,,,,,,,,,,
2.1573582,41.3933073,,,,,,,,,,,,,,,,
2.13605572,41.35195714,,,,,,,,,,,,,,,,
2.13605572,41.35195714,,,,,,,,,,,,,,,,
2.19814385,41.41715055,,,,,,,,,,,,,,,,
2.19814385,41.41715055,,,,,,,,,,,,,,,,
2.19814385,41.41715055,,,,,,,,,,,,,,,,
2.16821675,41.39871045,,,,,,,,,,,,,,,,
2.16821675,41.39871045,,,,,,,,,,,,,,,,
2.17589482,41.39339275,,,,,,,,,,,,,,,,
2.17589482,41.39339275,,,,,,,,,,,,,,,,
2.17663928,41.41470178,,,,,,,,,,,,,,,,
2.17663928,41.41470178,,,,,,,,,,,,,,,,
2.14957403,41.3712936,,,,,,,,,,,,,,,,
2.18767332,41.42533423,,,,,,,,,,,,,,,,
2.18767332,41.42533423,,,,,,,,,,,,,,,,
2.15969598,41.38847206,,,,,,,,,,,,,,,,
2.15969598,41.38847206,,,,,,,,,,,,,,,,
2.13741266,41.40233865,,,,,,,,,,,,,,,,
2.13741266,41.40233865,,,,,,,,,,,,,,,,
2.13741266,41.40233865,,,,,,,,,,,,,,,,
2.1467958,41.4099377,,,,,,,,,,,,,,,,
2.1467958,41.4099377,,,,,,,,,,,,,,,,
2.1467958,41.4099377,,,,,,,,,,,,,,,,
2.1857843,41.42675428,,,,,,,,,,,,,,,,
2.1857843,41.42675428,,,,,,,,,,,,,,,,
2.1857843,41.42675428,,,,,,,,,,,,,,,,
2.1857843,41.42675428,,,,,,,,,,,,,,,,
2.1421592,41.39084671,,,,,,,,,,,,,,,,
2.1421592,41.39084671,,,,,,,,,,,,,,,,
2.14364477,41.39050273,,,,,,,,,,,,,,,,
2.14364477,41.39050273,,,,,,,,,,,,,,,,
2.21930483,41.41132541,,,,,,,,,,,,,,,,
2.21930483,41.41132541,,,,,,,,,,,,,,,,
2.13604883,41.40102366,,,,,,,,,,,,,,,,
2.13604883,41.40102366,,,,,,,,,,,,,,,,
2.19816001,41.44792505,,,,,,,,,,,,,,,,
2.19816001,41.44792505,,,,,,,,,,,,,,,,
2.20453467,41.4071122,,,,,,,,,,,,,,,,
2.20453467,41.4071122,,,,,,,,,,,,,,,,
2.20453467,41.4071122,,,,,,,,,,,,,,,,
2.18334813,41.41793934,,,,,,,,,,,,,,,,
2.18334813,41.41793934,,,,,,,,,,,,,,,,
2.1519674,41.39281385,,,,,,,,,,,,,,,,
2.1519674,41.39281385,,,,,,,,,,,,,,,,
2.11075344,41.37678895,,,,,,,,,,,,,,,,
2.11075344,41.37678895,,,,,,,,,,,,,,,,
2.1480524,41.40767096,,,,,,,,,,,,,,,,
2.13386917,41.37745969,,,,,,,,,,,,,,,,
2.13386917,41.37745969,,,,,,,,,,,,,,,,
2.14702629,41.34925403,,,,,,,,,,,,,,,,
2.14702629,41.34925403,,,,,,,,,,,,,,,,
2.14702629,41.34925403,,,,,,,,,,,,,,,,
2.10435491,41.38514281,,,,,,,,,,,,,,,,
2.10435491,41.38514281,,,,,,,,,,,,,,,,
2.10435491,41.38514281,,,,,,,,,,,,,,,,
2.10435491,41.38514281,,,,,,,,,,,,,,,,
2.15416707,41.37499749,,,,,,,,,,,,,,,,
2.15416707,41.37499749,,,,,,,,,,,,,,,,
2.18825124,41.45032002,,,,,,,,,,,,,,,,
2.18825124,41.45032002,,,,,,,,,,,,,,,,
2.18825124,41.45032002,,,,,,,,,,,,,,,,
2.14490397,41.37836379,,,,,,,,,,,,,,,,
2.14490397,41.37836379,,,,,,,,,,,,,,,,
2.19478633,41.43490769,,,,,,,,,,,,,,,,
2.19478633,41.43490769,,,,,,,,,,,,,,,,
2.16694577,41.39189096,,,,,,,,,,,,,,,,
2.16694577,41.39189096,,,,,,,,,,,,,,,,
2.10460844,41.38501257,,,,,,,,,,,,,,,,
2.10460844,41.38501257,,,,,,,,,,,,,,,,
2.10460844,41.38501257,,,,,,,,,,,,,,,,
2.10460844,41.38501257,,,,,,,,,,,,,,,,
2.10460844,41.38501257,,,,,,,,,,,,,,,,
2.1506515,41.42188688,,,,,,,,,,,,,,,,
2.1506515,41.42188688,,,,,,,,,,,,,,,,
2.17661975,41.4061022,,,,,,,,,,,,,,,,
2.17661975,41.4061022,,,,,,,,,,,,,,,,
2.12013397,41.39604578,,,,,,,,,,,,,,,,
2.12013397,41.39604578,,,,,,,,,,,,,,,,
2.21755397,41.41264267,,,,,,,,,,,,,,,,
2.21755397,41.41264267,,,,,,,,,,,,,,,,
2.21034462,41.40023764,,,,,,,,,,,,,,,,
2.21034462,41.40023764,,,,,,,,,,,,,,,,
2.19734991,41.41102794,,,,,,,,,,,,,,,,
2.19734991,41.41102794,,,,,,,,,,,,,,,,
2.19734991,41.41102794,,,,,,,,,,,,,,,,
2.14728769,41.38929431,,,,,,,,,,,,,,,,
2.14728769,41.38929431,,,,,,,,,,,,,,,,
2.17426841,41.43111649,,,,,,,,,,,,,,,,
2.20159941,41.44289598,,,,,,,,,,,,,,,,
2.20159941,41.44289598,,,,,,,,,,,,,,,,
2.14918513,41.37550231,,,,,,,,,,,,,,,,
2.14918513,41.37550231,,,,,,,,,,,,,,,,
2.17039285,41.40921631,,,,,,,,,,,,,,,,
2.17039285,41.40921631,,,,,,,,,,,,,,,,
2.17442149,41.39403565,,,,,,,,,,,,,,,,
2.17442149,41.39403565,,,,,,,,,,,,,,,,
2.15013305,41.396322,,,,,,,,,,,,,,,,
2.15013305,41.396322,,,,,,,,,,,,,,,,
2.15013305,41.396322,,,,,,,,,,,,,,,,
2.15013305,41.396322,,,,,,,,,,,,,,,,
2.1827244,41.38764536,,,,,,,,,,,,,,,,
2.1827244,41.38764536,,,,,,,,,,,,,,,,
2.1827244,41.38764536,,,,,,,,,,,,,,,,
2.1827244,41.38764536,,,,,,,,,,,,,,,,
2.15915429,41.38189916,,,,,,,,,,,,,,,,
2.15915429,41.38189916,,,,,,,,,,,,,,,,
2.13538369,41.34740812,,,,,,,,,,,,,,,,
2.13538369,41.34740812,,,,,,,,,,,,,,,,
2.15862371,41.38766952,,,,,,,,,,,,,,,,
2.15862371,41.38766952,,,,,,,,,,,,,,,,
2.14257549,41.36977194,,,,,,,,,,,,,,,,
2.14257549,41.36977194,,,,,,,,,,,,,,,,
2.13260722,41.3896217,,,,,,,,,,,,,,,,
2.13260722,41.3896217,,,,,,,,,,,,,,,,
2.17430733,41.39754962,,,,,,,,,,,,,,,,
2.17430733,41.39754962,,,,,,,,,,,,,,,,
2.14179956,41.35632129,,,,,,,,,,,,,,,,
2.14179956,41.35632129,,,,,,,,,,,,,,,,
2.13331314,41.40040031,,,,,,,,,,,,,,,,
2.13331314,41.40040031,,,,,,,,,,,,,,,,
2.13331314,41.40040031,,,,,,,,,,,,,,,,
2.12809303,41.41150674,,,,,,,,,,,,,,,,
2.12809303,41.41150674,,,,,,,,,,,,,,,,
2.12809303,41.41150674,,,,,,,,,,,,,,,,
2.1579317,41.43976324,,,,,,,,,,,,,,,,
2.1579317,41.43976324,,,,,,,,,,,,,,,,
2.1579317,41.43976324,,,,,,,,,,,,,,,,
2.17102173,41.40871114,,,,,,,,,,,,,,,,
2.17102173,41.40871114,,,,,,,,,,,,,,,,
2.15362622,41.37638798,,,,,,,,,,,,,,,,
2.15362622,41.37638798,,,,,,,,,,,,,,,,
2.15459162,41.42614215,,,,,,,,,,,,,,,,
2.15459162,41.42614215,,,,,,,,,,,,,,,,
2.18235133,41.38903461,,,,,,,,,,,,,,,,
2.18235133,41.38903461,,,,,,,,,,,,,,,,
2.12557166,41.39144713,,,,,,,,,,,,,,,,
2.16407246,41.39841032,,,,,,,,,,,,,,,,
2.16407246,41.39841032,,,,,,,,,,,,,,,,
2.16479879,41.38648079,,,,,,,,,,,,,,,,
2.16479879,41.38648079,,,,,,,,,,,,,,,,
2.16037259,41.39115775,,,,,,,,,,,,,,,,
2.16037259,41.39115775,,,,,,,,,,,,,,,,
2.14828026,41.37967576,,,,,,,,,,,,,,,,
2.14828026,41.37967576,,,,,,,,,,,,,,,,
2.1258732,41.39077225,,,,,,,,,,,,,,,,
2.1258732,41.39077225,,,,,,,,,,,,,,,,
2.10934203,41.3764348,,,,,,,,,,,,,,,,
2.10934203,41.3764348,,,,,,,,,,,,,,,,
2.10934203,41.3764348,,,,,,,,,,,,,,,,
2.13477493,41.39470276,,,,,,,,,,,,,,,,
2.13477493,41.39470276,,,,,,,,,,,,,,,,
2.19485846,41.40928674,,,,,,,,,,,,,,,,
2.18202778,41.46250606,,,,,,,,,,,,,,,,
2.18202778,41.46250606,,,,,,,,,,,,,,,,
2.18202778,41.46250606,,,,,,,,,,,,,,,,
2.13427443,41.37961795,,,,,,,,,,,,,,,,
2.13427443,41.37961795,,,,,,,,,,,,,,,,
2.18452894,41.42221106,,,,,,,,,,,,,,,,
2.18452894,41.42221106,,,,,,,,,,,,,,,,
2.18452894,41.42221106,,,,,,,,,,,,,,,,
2.14504636,41.39736181,,,,,,,,,,,,,,,,
2.14504636,41.39736181,,,,,,,,,,,,,,,,
2.16159947,41.39481514,,,,,,,,,,,,,,,,
2.16159947,41.39481514,,,,,,,,,,,,,,,,
2.14065295,41.39135445,,,,,,,,,,,,,,,,
2.14065295,41.39135445,,,,,,,,,,,,,,,,
2.17824563,41.40248017,,,,,,,,,,,,,,,,
2.17824563,41.40248017,,,,,,,,,,,,,,,,
2.1408566,41.36882466,,,,,,,,,,,,,,,,
2.19342441,41.44705301,,,,,,,,,,,,,,,,
2.19342441,41.44705301,,,,,,,,,,,,,,,,
2.19342441,41.44705301,,,,,,,,,,,,,,,,
2.14926426,41.41956296,,,,,,,,,,,,,,,,
2.18911705,41.40130782,,,,,,,,,,,,,,,,
2.18911705,41.40130782,,,,,,,,,,,,,,,,
2.16921448,41.40636456,,,,,,,,,,,,,,,,
2.16921448,41.40636456,,,,,,,,,,,,,,,,
2.16921448,41.40636456,,,,,,,,,,,,,,,,
2.1779441,41.39307131,,,,,,,,,,,,,,,,
2.1779441,41.39307131,,,,,,,,,,,,,,,,
2.18400316,41.42838424,,,,,,,,,,,,,,,,
2.18400316,41.42838424,,,,,,,,,,,,,,,,
2.1783676,41.38949297,,,,,,,,,,,,,,,,
2.1783676,41.38949297,,,,,,,,,,,,,,,,
2.18186358,41.39929428,,,,,,,,,,,,,,,,
2.18186358,41.39929428,,,,,,,,,,,,,,,,
2.18186358,41.39929428,,,,,,,,,,,,,,,,
2.19698252,41.44362757,,,,,,,,,,,,,,,,
2.19698252,41.44362757,,,,,,,,,,,,,,,,
2.15636577,41.41706671,,,,,,,,,,,,,,,,
2.15636577,41.41706671,,,,,,,,,,,,,,,,
2.18718014,41.39534151,,,,,,,,,,,,,,,,
2.18718014,41.39534151,,,,,,,,,,,,,,,,
2.12995277,41.3769558,,,,,,,,,,,,,,,,
2.12995277,41.3769558,,,,,,,,,,,,,,,,
2.15194976,41.39382977,,,,,,,,,,,,,,,,
2.15194976,41.39382977,,,,,,,,,,,,,,,,
2.15194976,41.39382977,,,,,,,,,,,,,,,,
2.1883965,41.41005678,,,,,,,,,,,,,,,,
2.1883965,41.41005678,,,,,,,,,,,,,,,,
2.1883965,41.41005678,,,,,,,,,,,,,,,,
2.1081971,41.38936901,,,,,,,,,,,,,,,,
2.1081971,41.38936901,,,,,,,,,,,,,,,,
2.1081971,41.38936901,,,,,,,,,,,,,,,,
2.1922026,41.39606474,,,,,,,,,,,,,,,,
2.1922026,41.39606474,,,,,,,,,,,,,,,,
2.19477784,41.40867491,,,,,,,,,,,,,,,,
2.19477784,41.40867491,,,,,,,,,,,,,,,,
2.17750397,41.4243299,,,,,,,,,,,,,,,,
2.17750397,41.4243299,,,,,,,,,,,,,,,,
2.17186776,41.41291306,,,,,,,,,,,,,,,,
2.19451665,41.38906315,,,,,,,,,,,,,,,,
2.19451665,41.38906315,,,,,,,,,,,,,,,,
2.19451665,41.38906315,,,,,,,,,,,,,,,,
2.12800575,41.39778468,,,,,,,,,,,,,,,,
2.21833214,41.40690811,,,,,,,,,,,,,,,,
2.21833214,41.40690811,,,,,,,,,,,,,,,,
2.14646067,41.37234724,,,,,,,,,,,,,,,,
2.14646067,41.37234724,,,,,,,,,,,,,,,,
2.10731727,41.38167976,,,,,,,,,,,,,,,,
2.10731727,41.38167976,,,,,,,,,,,,,,,,
2.10731727,41.38167976,,,,,,,,,,,,,,,,
2.17737794,41.37529655,,,,,,,,,,,,,,,,
2.17737794,41.37529655,,,,,,,,,,,,,,,,
2.16261346,41.38003108,,,,,,,,,,,,,,,,
2.20137144,41.41360973,,,,,,,,,,,,,,,,
2.20137144,41.41360973,,,,,,,,,,,,,,,,
2.20137144,41.41360973,,,,,,,,,,,,,,,,
2.11362707,41.39984296,,,,,,,,,,,,,,,,
2.11362707,41.39984296,,,,,,,,,,,,,,,,
2.15435362,41.40942064,,,,,,,,,,,,,,,,
2.15435362,41.40942064,,,,,,,,,,,,,,,,
2.13344726,41.43084502,,,,,,,,,,,,,,,,
2.13344726,41.43084502,,,,,,,,,,,,,,,,
2.20730357,41.39635943,,,,,,,,,,,,,,,,
2.20730357,41.39635943,,,,,,,,,,,,,,,,
2.20649167,41.39971649,,,,,,,,,,,,,,,,
2.20649167,41.39971649,,,,,,,,,,,,,,,,
2.18741006,41.44682699,,,,,,,,,,,,,,,,
2.18741006,41.44682699,,,,,,,,,,,,,,,,
2.14089848,41.40073594,,,,,,,,,,,,,,,,
2.14089848,41.40073594,,,,,,,,,,,,,,,,
2.14089848,41.40073594,,,,,,,,,,,,,,,,
2.20262725,41.42052016,,,,,,,,,,,,,,,,
2.20262725,41.42052016,,,,,,,,,,,,,,,,
2.15229798,41.43375703,,,,,,,,,,,,,,,,
2.15229798,41.43375703,,,,,,,,,,,,,,,,
2.15229798,41.43375703,,,,,,,,,,,,,,,,
2.16595559,41.39128513,,,,,,,,,,,,,,,,
2.16595559,41.39128513,,,,,,,,,,,,,,,,
2.16938388,41.42516437,,,,,,,,,,,,,,,,
2.16938388,41.42516437,,,,,,,,,,,,,,,,
2.15910836,41.39279827,,,,,,,,,,,,,,,,
2.15910836,41.39279827,,,,,,,,,,,,,,,,
2.15394705,41.38562071,,,,,,,,,,,,,,,,
2.15394705,41.38562071,,,,,,,,,,,,,,,,
2.15634666,41.39548896,,,,,,,,,,,,,,,,
2.15634666,41.39548896,,,,,,,,,,,,,,,,
2.15845937,41.38392107,,,,,,,,,,,,,,,,
2.15845937,41.38392107,,,,,,,,,,,,,,,,
2.14450061,41.43030885,,,,,,,,,,,,,,,,
2.14450061,41.43030885,,,,,,,,,,,,,,,,
2.13071818,41.3926616,,,,,,,,,,,,,,,,
2.13071818,41.3926616,,,,,,,,,,,,,,,,
2.1497025,41.37500206,,,,,,,,,,,,,,,,
2.1497025,41.37500206,,,,,,,,,,,,,,,,
2.1497025,41.37500206,,,,,,,,,,,,,,,,
2.1497025,41.37500206,,,,,,,,,,,,,,,,
2.21000786,41.42052235,,,,,,,,,,,,,,,,
2.21000786,41.42052235,,,,,,,,,,,,,,,,
2.18584459,41.38180526,,,,,,,,,,,,,,,,
2.18584459,41.38180526,,,,,,,,,,,,,,,,
2.17264829,41.38815785,,,,,,,,,,,,,,,,
2.17264829,41.38815785,,,,,,,,,,,,,,,,
2.17797834,41.43568295,,,,,,,,,,,,,,,,
2.17797834,41.43568295,,,,,,,,,,,,,,,,
2.13809714,41.37546041,,,,,,,,,,,,,,,,
2.13809714,41.37546041,,,,,,,,,,,,,,,,
2.14251385,41.37378335,,,,,,,,,,,,,,,,
2.14251385,41.37378335,,,,,,,,,,,,,,,,
2.1811224,41.40436327,,,,,,,,,,,,,,,,
2.1811224,41.40436327,,,,,,,,,,,,,,,,
2.15849919,41.39244325,,,,,,,,,,,,,,,,
2.15849919,41.39244325,,,,,,,,,,,,,,,,
2.15849919,41.39244325,,,,,,,,,,,,,,,,
2.15644015,41.43383583,,,,,,,,,,,,,,,,
2.15644015,41.43383583,,,,,,,,,,,,,,,,
2.15644015,41.43383583,,,,,,,,,,,,,,,,
2.15644015,41.43383583,,,,,,,,,,,,,,,,
2.19106145,41.43857077,,,,,,,,,,,,,,,,
2.19106145,41.43857077,,,,,,,,,,,,,,,,
2.19031805,41.39394053,,,,,,,,,,,,,,,,
2.19031805,41.39394053,,,,,,,,,,,,,,,,
2.14939341,41.37465191,,,,,,,,,,,,,,,,
2.14939341,41.37465191,,,,,,,,,,,,,,,,
2.12598503,41.41058662,,,,,,,,,,,,,,,,
2.12598503,41.41058662,,,,,,,,,,,,,,,,
2.14364477,41.39050273,,,,,,,,,,,,,,,,
2.14364477,41.39050273,,,,,,,,,,,,,,,,
2.14828391,41.38307905,,,,,,,,,,,,,,,,
2.14828391,41.38307905,,,,,,,,,,,,,,,,
2.14828391,41.38307905,,,,,,,,,,,,,,,,
2.15649356,41.4290574,,,,,,,,,,,,,,,,
2.15649356,41.4290574,,,,,,,,,,,,,,,,
2.18687719,41.41035093,,,,,,,,,,,,,,,,
2.18687719,41.41035093,,,,,,,,,,,,,,,,
2.1709991,41.42351509,,,,,,,,,,,,,,,,
2.1709991,41.42351509,,,,,,,,,,,,,,,,
2.15806915,41.38208853,,,,,,,,,,,,,,,,
2.15806915,41.38208853,,,,,,,,,,,,,,,,
2.15019609,41.38098119,,,,,,,,,,,,,,,,
2.15019609,41.38098119,,,,,,,,,,,,,,,,
2.15019609,41.38098119,,,,,,,,,,,,,,,,
2.15226729,41.40261682,,,,,,,,,,,,,,,,
2.15226729,41.40261682,,,,,,,,,,,,,,,,
2.11126122,41.3760128,,,,,,,,,,,,,,,,
2.11126122,41.3760128,,,,,,,,,,,,,,,,
2.20748607,41.41863787,,,,,,,,,,,,,,,,
2.20748607,41.41863787,,,,,,,,,,,,,,,,
2.20748607,41.41863787,,,,,,,,,,,,,,,,
2.18303991,41.38862558,,,,,,,,,,,,,,,,
2.18303991,41.38862558,,,,,,,,,,,,,,,,
2.1858601,41.4111829,,,,,,,,,,,,,,,,
2.17681856,41.39222488,,,,,,,,,,,,,,,,
2.17681856,41.39222488,,,,,,,,,,,,,,,,
2.15112952,41.40714008,,,,,,,,,,,,,,,,
2.15112952,41.40714008,,,,,,,,,,,,,,,,
2.15112952,41.40714008,,,,,,,,,,,,,,,,
2.16678593,41.39380445,,,,,,,,,,,,,,,,
2.16678593,41.39380445,,,,,,,,,,,,,,,,
2.17782513,41.40357189,,,,,,,,,,,,,,,,
2.17782513,41.40357189,,,,,,,,,,,,,,,,
2.16913674,41.37409528,,,,,,,,,,,,,,,,
2.16913674,41.37409528,,,,,,,,,,,,,,,,
2.16913674,41.37409528,,,,,,,,,,,,,,,,
2.22037191,41.40805411,,,,,,,,,,,,,,,,
2.22037191,41.40805411,,,,,,,,,,,,,,,,
2.15789189,41.35197995,,,,,,,,,,,,,,,,
2.15789189,41.35197995,,,,,,,,,,,,,,,,
2.17669222,41.37500841,,,,,,,,,,,,,,,,
2.17669222,41.37500841,,,,,,,,,,,,,,,,
2.17669222,41.37500841,,,,,,,,,,,,,,,,
2.15981785,41.40667625,,,,,,,,,,,,,,,,
2.15981785,41.40667625,,,,,,,,,,,,,,,,
2.15836911,41.42555989,,,,,,,,,,,,,,,,
2.15836911,41.42555989,,,,,,,,,,,,,,,,
2.15054459,41.38307694,,,,,,,,,,,,,,,,
2.15054459,41.38307694,,,,,,,,,,,,,,,,
2.14412997,41.39962715,,,,,,,,,,,,,,,,
2.14412997,41.39962715,,,,,,,,,,,,,,,,
2.18212453,41.40044355,,,,,,,,,,,,,,,,
2.18212453,41.40044355,,,,,,,,,,,,,,,,
2.127941,41.40353838,,,,,,,,,,,,,,,,
2.127941,41.40353838,,,,,,,,,,,,,,,,
2.17400729,41.3692447,,,,,,,,,,,,,,,,
2.17400729,41.3692447,,,,,,,,,,,,,,,,
2.17400729,41.3692447,,,,,,,,,,,,,,,,
2.11058239,41.39504446,,,,,,,,,,,,,,,,
2.11058239,41.39504446,,,,,,,,,,,,,,,,
2.19288555,41.38549587,,,,,,,,,,,,,,,,
2.19288555,41.38549587,,,,,,,,,,,,,,,,
2.19288555,41.38549587,,,,,,,,,,,,,,,,
2.19288555,41.38549587,,,,,,,,,,,,,,,,
2.14823627,41.40567499,,,,,,,,,,,,,,,,
2.14823627,41.40567499,,,,,,,,,,,,,,,,
2.21000386,41.40295589,,,,,,,,,,,,,,,,
2.21000386,41.40295589,,,,,,,,,,,,,,,,
2.18234697,41.39296984,,,,,,,,,,,,,,,,
2.18234697,41.39296984,,,,,,,,,,,,,,,,
2.20231773,41.39239399,,,,,,,,,,,,,,,,
2.20231773,41.39239399,,,,,,,,,,,,,,,,
2.15814045,41.38689777,,,,,,,,,,,,,,,,
2.15814045,41.38689777,,,,,,,,,,,,,,,,
2.18341081,41.44947737,,,,,,,,,,,,,,,,
2.18341081,41.44947737,,,,,,,,,,,,,,,,
2.15893117,41.35432601,,,,,,,,,,,,,,,,
2.15893117,41.35432601,,,,,,,,,,,,,,,,
2.15893117,41.35432601,,,,,,,,,,,,,,,,
2.16906193,41.36212269,,,,,,,,,,,,,,,,
2.16906193,41.36212269,,,,,,,,,,,,,,,,
2.16526411,41.38919323,,,,,,,,,,,,,,,,
2.16526411,41.38919323,,,,,,,,,,,,,,,,
2.16827407,41.38941583,,,,,,,,,,,,,,,,
2.16827407,41.38941583,,,,,,,,,,,,,,,,
2.14847928,41.43556556,,,,,,,,,,,,,,,,
2.14847928,41.43556556,,,,,,,,,,,,,,,,
2.18980772,41.41243088,,,,,,,,,,,,,,,,
2.18980772,41.41243088,,,,,,,,,,,,,,,,
2.20263236,41.41880048,,,,,,,,,,,,,,,,
2.20263236,41.41880048,,,,,,,,,,,,,,,,
2.13632014,41.40409416,,,,,,,,,,,,,,,,
2.13632014,41.40409416,,,,,,,,,,,,,,,,
2.17091715,41.40350654,,,,,,,,,,,,,,,,
2.17091715,41.40350654,,,,,,,,,,,,,,,,
2.19148484,41.39133127,,,,,,,,,,,,,,,,
2.19148484,41.39133127,,,,,,,,,,,,,,,,
2.17951136,41.40153061,,,,,,,,,,,,,,,,
2.15440206,41.38527274,,,,,,,,,,,,,,,,
2.15440206,41.38527274,,,,,,,,,,,,,,,,
2.15440206,41.38527274,,,,,,,,,,,,,,,,
2.15440206,41.38527274,,,,,,,,,,,,,,,,
2.18853638,41.37773028,,,,,,,,,,,,,,,,
2.18853638,41.37773028,,,,,,,,,,,,,,,,
2.18311441,41.40023258,,,,,,,,,,,,,,,,
2.18311441,41.40023258,,,,,,,,,,,,,,,,
2.17204042,41.43537323,,,,,,,,,,,,,,,,
2.19760315,41.45005279,,,,,,,,,,,,,,,,
2.19760315,41.45005279,,,,,,,,,,,,,,,,
2.19760315,41.45005279,,,,,,,,,,,,,,,,
2.15953203,41.38252808,,,,,,,,,,,,,,,,
2.15953203,41.38252808,,,,,,,,,,,,,,,,
2.15953203,41.38252808,,,,,,,,,,,,,,,,
2.20395943,41.39373025,,,,,,,,,,,,,,,,
2.20395943,41.39373025,,,,,,,,,,,,,,,,
2.15393722,41.37832038,,,,,,,,,,,,,,,,
2.15393722,41.37832038,,,,,,,,,,,,,,,,
2.18370268,41.39909926,,,,,,,,,,,,,,,,
2.18370268,41.39909926,,,,,,,,,,,,,,,,
2.18370268,41.39909926,,,,,,,,,,,,,,,,
2.18370268,41.39909926,,,,,,,,,,,,,,,,
2.15895202,41.3885441,,,,,,,,,,,,,,,,
2.15895202,41.3885441,,,,,,,,,,,,,,,,
2.19818961,41.41188794,,,,,,,,,,,,,,,,
2.19818961,41.41188794,,,,,,,,,,,,,,,,
2.14087003,41.36915003,,,,,,,,,,,,,,,,
2.14087003,41.36915003,,,,,,,,,,,,,,,,
2.14609619,41.39540454,,,,,,,,,,,,,,,,
2.14609619,41.39540454,,,,,,,,,,,,,,,,
2.13980227,41.41949998,,,,,,,,,,,,,,,,
2.13980227,41.41949998,,,,,,,,,,,,,,,,
2.16193423,41.41294107,,,,,,,,,,,,,,,,
2.16544401,41.4147286,,,,,,,,,,,,,,,,
2.16544401,41.4147286,,,,,,,,,,,,,,,,
2.14915306,41.3894376,,,,,,,,,,,,,,,,
2.14915306,41.3894376,,,,,,,,,,,,,,,,
2.15507763,41.38647851,,,,,,,,,,,,,,,,
2.15507763,41.38647851,,,,,,,,,,,,,,,,
2.18599618,41.442833,,,,,,,,,,,,,,,,
2.18599618,41.442833,,,,,,,,,,,,,,,,
2.19086115,41.44162166,,,,,,,,,,,,,,,,
2.19086115,41.44162166,,,,,,,,,,,,,,,,
2.2162965,41.41108652,,,,,,,,,,,,,,,,
2.2162965,41.41108652,,,,,,,,,,,,,,,,
2.19267583,41.40069819,,,,,,,,,,,,,,,,
2.19267583,41.40069819,,,,,,,,,,,,,,,,
2.18311162,41.38831828,,,,,,,,,,,,,,,,
2.18311162,41.38831828,,,,,,,,,,,,,,,,
2.19770421,41.43259432,,,,,,,,,,,,,,,,
2.19770421,41.43259432,,,,,,,,,,,,,,,,
2.19770421,41.43259432,,,,,,,,,,,,,,,,
2.19770421,41.43259432,,,,,,,,,,,,,,,,
2.19770421,41.43259432,,,,,,,,,,,,,,,,
2.19770421,41.43259432,,,,,,,,,,,,,,,,
2.19455592,41.43526504,,,,,,,,,,,,,,,,
2.19455592,41.43526504,,,,,,,,,,,,,,,,
2.1669534,41.37598857,,,,,,,,,,,,,,,,
2.1669534,41.37598857,,,,,,,,,,,,,,,,
2.1669534,41.37598857,,,,,,,,,,,,,,,,
2.13260722,41.3896217,,,,,,,,,,,,,,,,
2.13260722,41.3896217,,,,,,,,,,,,,,,,
2.17555965,41.40527404,,,,,,,,,,,,,,,,
2.17555965,41.40527404,,,,,,,,,,,,,,,,
2.18007765,41.39828275,,,,,,,,,,,,,,,,
2.18007765,41.39828275,,,,,,,,,,,,,,,,
2.19011735,41.41795555,,,,,,,,,,,,,,,,
2.19011735,41.41795555,,,,,,,,,,,,,,,,
2.16946155,41.37899598,,,,,,,,,,,,,,,,
2.16946155,41.37899598,,,,,,,,,,,,,,,,
2.18839683,41.42280055,,,,,,,,,,,,,,,,
2.16912542,41.41280955,,,,,,,,,,,,,,,,
2.16912542,41.41280955,,,,,,,,,,,,,,,,
2.13046368,41.37549168,,,,,,,,,,,,,,,,
2.13046368,41.37549168,,,,,,,,,,,,,,,,
2.18401009,41.38097175,,,,,,,,,,,,,,,,
2.18401009,41.38097175,,,,,,,,,,,,,,,,
2.16861135,41.39525342,,,,,,,,,,,,,,,,
2.16861135,41.39525342,,,,,,,,,,,,,,,,
2.14938002,41.44067435,,,,,,,,,,,,,,,,
2.14938002,41.44067435,,,,,,,,,,,,,,,,
2.15343459,41.39646333,,,,,,,,,,,,,,,,
2.15343459,41.39646333,,,,,,,,,,,,,,,,
2.18685382,41.40540073,,,,,,,,,,,,,,,,
2.18685382,41.40540073,,,,,,,,,,,,,,,,
2.13764129,41.36637733,,,,,,,,,,,,,,,,
2.21203367,41.41541501,,,,,,,,,,,,,,,,
2.21203367,41.41541501,,,,,,,,,,,,,,,,
2.17823429,41.4132131,,,,,,,,,,,,,,,,
2.17823429,41.4132131,,,,,,,,,,,,,,,,
2.17823429,41.4132131,,,,,,,,,,,,,,,,
2.14018548,41.40486937,,,,,,,,,,,,,,,,
2.14018548,41.40486937,,,,,,,,,,,,,,,,
2.18927972,41.39819186,,,,,,,,,,,,,,,,
2.18927972,41.39819186,,,,,,,,,,,,,,,,
2.15784275,41.37743908,,,,,,,,,,,,,,,,
2.15784275,41.37743908,,,,,,,,,,,,,,,,
2.1773347,41.42283,,,,,,,,,,,,,,,,
2.1773347,41.42283,,,,,,,,,,,,,,,,
2.1773347,41.42283,,,,,,,,,,,,,,,,
2.1073309,41.38911877,,,,,,,,,,,,,,,,
2.1073309,41.38911877,,,,,,,,,,,,,,,,
2.1073309,41.38911877,,,,,,,,,,,,,,,,
2.12332675,41.34069485,,,,,,,,,,,,,,,,
2.20652898,41.39565677,,,,,,,,,,,,,,,,
2.20652898,41.39565677,,,,,,,,,,,,,,,,
2.20652898,41.39565677,,,,,,,,,,,,,,,,
2.18197379,41.38101325,,,,,,,,,,,,,,,,
2.18197379,41.38101325,,,,,,,,,,,,,,,,
2.18197379,41.38101325,,,,,,,,,,,,,,,,
2.18827476,41.45252168,,,,,,,,,,,,,,,,
2.18827476,41.45252168,,,,,,,,,,,,,,,,
2.13791357,41.40280528,,,,,,,,,,,,,,,,
2.13791357,41.40280528,,,,,,,,,,,,,,,,
2.19799533,41.38927865,,,,,,,,,,,,,,,,
2.19799533,41.38927865,,,,,,,,,,,,,,,,
2.17787826,41.4161422,,,,,,,,,,,,,,,,
2.17787826,41.4161422,,,,,,,,,,,,,,,,
2.17787826,41.4161422,,,,,,,,,,,,,,,,
2.17787826,41.4161422,,,,,,,,,,,,,,,,
2.16573685,41.38941611,,,,,,,,,,,,,,,,
2.16573685,41.38941611,,,,,,,,,,,,,,,,
2.1872697,41.43283802,,,,,,,,,,,,,,,,
2.13939923,41.36804195,,,,,,,,,,,,,,,,
2.13939923,41.36804195,,,,,,,,,,,,,,,,
2.18919046,41.42781302,,,,,,,,,,,,,,,,
2.18919046,41.42781302,,,,,,,,,,,,,,,,
2.15617937,41.3734387,,,,,,,,,,,,,,,,
2.17665545,41.37442665,,,,,,,,,,,,,,,,
2.17665545,41.37442665,,,,,,,,,,,,,,,,
2.17665545,41.37442665,,,,,,,,,,,,,,,,
2.16193885,41.37423239,,,,,,,,,,,,,,,,
2.19853005,41.41769535,,,,,,,,,,,,,,,,
2.19853005,41.41769535,,,,,,,,,,,,,,,,
2.17100175,41.38624543,,,,,,,,,,,,,,,,
2.1329939,41.39565314,,,,,,,,,,,,,,,,
2.1329939,41.39565314,,,,,,,,,,,,,,,,
2.14828391,41.38307905,,,,,,,,,,,,,,,,
2.14828391,41.38307905,,,,,,,,,,,,,,,,
2.18112262,41.40774606,,,,,,,,,,,,,,,,
2.18112262,41.40774606,,,,,,,,,,,,,,,,
2.13536195,41.37734057,,,,,,,,,,,,,,,,
2.13536195,41.37734057,,,,,,,,,,,,,,,,
2.14618061,41.39002112,,,,,,,,,,,,,,,,
2.14618061,41.39002112,,,,,,,,,,,,,,,,
2.15604022,41.42959319,,,,,,,,,,,,,,,,
2.15604022,41.42959319,,,,,,,,,,,,,,,,
2.15604022,41.42959319,,,,,,,,,,,,,,,,
2.15228123,41.40851445,,,,,,,,,,,,,,,,
2.15228123,41.40851445,,,,,,,,,,,,,,,,
2.15885238,41.41963227,,,,,,,,,,,,,,,,
2.15885238,41.41963227,,,,,,,,,,,,,,,,
2.15885238,41.41963227,,,,,,,,,,,,,,,,
2.15885238,41.41963227,,,,,,,,,,,,,,,,
2.15885238,41.41963227,,,,,,,,,,,,,,,,
2.14939341,41.37465191,,,,,,,,,,,,,,,,
2.14939341,41.37465191,,,,,,,,,,,,,,,,
2.14939341,41.37465191,,,,,,,,,,,,,,,,
2.20828067,41.40442631,,,,,,,,,,,,,,,,
2.20828067,41.40442631,,,,,,,,,,,,,,,,
2.20828067,41.40442631,,,,,,,,,,,,,,,,
2.20828067,41.40442631,,,,,,,,,,,,,,,,
2.13549609,41.41229668,,,,,,,,,,,,,,,,
2.13549609,41.41229668,,,,,,,,,,,,,,,,
2.12738082,41.38473038,,,,,,,,,,,,,,,,
2.12738082,41.38473038,,,,,,,,,,,,,,,,
2.10942084,41.38453709,,,,,,,,,,,,,,,,
2.10942084,41.38453709,,,,,,,,,,,,,,,,
2.1712782,41.44844537,,,,,,,,,,,,,,,,
2.1712782,41.44844537,,,,,,,,,,,,,,,,
2.1712782,41.44844537,,,,,,,,,,,,,,,,
2.15620507,41.38563044,,,,,,,,,,,,,,,,
2.15620507,41.38563044,,,,,,,,,,,,,,,,
2.18813608,41.3990451,,,,,,,,,,,,,,,,
2.18813608,41.3990451,,,,,,,,,,,,,,,,
2.18813608,41.3990451,,,,,,,,,,,,,,,,
2.17750145,41.38986663,,,,,,,,,,,,,,,,
2.17750145,41.38986663,,,,,,,,,,,,,,,,
2.14460243,41.42965928,,,,,,,,,,,,,,,,
2.14460243,41.42965928,,,,,,,,,,,,,,,,
2.14065023,41.36898474,,,,,,,,,,,,,,,,
2.14065023,41.36898474,,,,,,,,,,,,,,,,
2.14892471,41.42311113,,,,,,,,,,,,,,,,
2.14892471,41.42311113,,,,,,,,,,,,,,,,
2.12908328,41.3793603,,,,,,,,,,,,,,,,
2.12908328,41.3793603,,,,,,,,,,,,,,,,
2.14869407,41.37394989,,,,,,,,,,,,,,,,
2.1648836,41.39216196,,,,,,,,,,,,,,,,
2.1648836,41.39216196,,,,,,,,,,,,,,,,
2.1648836,41.39216196,,,,,,,,,,,,,,,,
2.1648836,41.39216196,,,,,,,,,,,,,,,,
2.12352912,41.39618747,,,,,,,,,,,,,,,,
2.12352912,41.39618747,,,,,,,,,,,,,,,,
2.12352912,41.39618747,,,,,,,,,,,,,,,,
2.12352912,41.39618747,,,,,,,,,,,,,,,,
2.15343524,41.39100123,,,,,,,,,,,,,,,,
2.15343524,41.39100123,,,,,,,,,,,,,,,,
2.15343524,41.39100123,,,,,,,,,,,,,,,,
2.13401057,41.39606958,,,,,,,,,,,,,,,,
2.13401057,41.39606958,,,,,,,,,,,,,,,,
2.15471064,41.39531451,,,,,,,,,,,,,,,,
2.15471064,41.39531451,,,,,,,,,,,,,,,,
2.15471064,41.39531451,,,,,,,,,,,,,,,,
2.17626731,41.37956587,,,,,,,,,,,,,,,,
2.15802039,41.38754113,,,,,,,,,,,,,,,,
2.15802039,41.38754113,,,,,,,,,,,,,,,,
2.19116566,41.42464504,,,,,,,,,,,,,,,,
2.19116566,41.42464504,,,,,,,,,,,,,,,,
2.2044686,41.41455288,,,,,,,,,,,,,,,,
2.2044686,41.41455288,,,,,,,,,,,,,,,,
2.16640152,41.44185273,,,,,,,,,,,,,,,,
2.16640152,41.44185273,,,,,,,,,,,,,,,,
2.16640152,41.44185273,,,,,,,,,,,,,,,,
2.15440206,41.38527274,,,,,,,,,,,,,,,,
2.15440206,41.38527274,,,,,,,,,,,,,,,,
2.19197462,41.38915358,,,,,,,,,,,,,,,,
2.19197462,41.38915358,,,,,,,,,,,,,,,,
2.15387269,41.43832462,,,,,,,,,,,,,,,,
2.15387269,41.43832462,,,,,,,,,,,,,,,,
2.19965691,41.44921017,,,,,,,,,,,,,,,,
2.19965691,41.44921017,,,,,,,,,,,,,,,,
2.19965691,41.44921017,,,,,,,,,,,,,,,,
2.17369738,41.39552896,,,,,,,,,,,,,,,,
2.17369738,41.39552896,,,,,,,,,,,,,,,,
2.17369738,41.39552896,,,,,,,,,,,,,,,,
2.15416494,41.37692216,,,,,,,,,,,,,,,,
2.15416494,41.37692216,,,,,,,,,,,,,,,,
2.19250888,41.38716518,,,,,,,,,,,,,,,,
2.19250888,41.38716518,,,,,,,,,,,,,,,,
2.15612589,41.39941465,,,,,,,,,,,,,,,,
2.15612589,41.39941465,,,,,,,,,,,,,,,,
2.17103292,41.41328261,,,,,,,,,,,,,,,,
2.17103292,41.41328261,,,,,,,,,,,,,,,,
2.16310473,41.38554485,,,,,,,,,,,,,,,,
2.16310473,41.38554485,,,,,,,,,,,,,,,,
2.13285237,41.39777667,,,,,,,,,,,,,,,,
2.13285237,41.39777667,,,,,,,,,,,,,,,,
2.13285237,41.39777667,,,,,,,,,,,,,,,,
2.15066647,41.40883979,,,,,,,,,,,,,,,,
2.15066647,41.40883979,,,,,,,,,,,,,,,,
2.16186966,41.38988853,,,,,,,,,,,,,,,,
2.16186966,41.38988853,,,,,,,,,,,,,,,,
2.16186966,41.38988853,,,,,,,,,,,,,,,,
2.14106611,41.39101286,,,,,,,,,,,,,,,,
2.14106611,41.39101286,,,,,,,,,,,,,,,,
2.16605539,41.3762616,,,,,,,,,,,,,,,,
2.16605539,41.3762616,,,,,,,,,,,,,,,,
2.14393285,41.42802711,,,,,,,,,,,,,,,,
2.14393285,41.42802711,,,,,,,,,,,,,,,,
2.17008556,41.38549231,,,,,,,,,,,,,,,,
2.17008556,41.38549231,,,,,,,,,,,,,,,,
2.12196369,41.32373876,,,,,,,,,,,,,,,,
2.12196369,41.32373876,,,,,,,,,,,,,,,,
2.12196369,41.32373876,,,,,,,,,,,,,,,,
2.14075142,41.35817716,,,,,,,,,,,,,,,,
2.14075142,41.35817716,,,,,,,,,,,,,,,,
2.20475358,41.39861185,,,,,,,,,,,,,,,,
2.20475358,41.39861185,,,,,,,,,,,,,,,,
2.17315717,41.38091763,,,,,,,,,,,,,,,,
2.14791433,41.39359874,,,,,,,,,,,,,,,,
2.14791433,41.39359874,,,,,,,,,,,,,,,,
2.18350119,41.40254465,,,,,,,,,,,,,,,,
2.18350119,41.40254465,,,,,,,,,,,,,,,,
2.17034353,41.39812431,,,,,,,,,,,,,,,,
2.16144363,41.37518134,,,,,,,,,,,,,,,,
2.16144363,41.37518134,,,,,,,,,,,,,,,,
2.17324825,41.40702379,,,,,,,,,,,,,,,,
2.17324825,41.40702379,,,,,,,,,,,,,,,,
2.14260067,41.35652566,,,,,,,,,,,,,,,,
2.14260067,41.35652566,,,,,,,,,,,,,,,,
2.12660069,41.41045054,,,,,,,,,,,,,,,,
2.12660069,41.41045054,,,,,,,,,,,,,,,,
2.14827543,41.38136938,,,,,,,,,,,,,,,,
2.14827543,41.38136938,,,,,,,,,,,,,,,,
2.16057652,41.38189609,,,,,,,,,,,,,,,,
2.18816779,41.45200279,,,,,,,,,,,,,,,,
2.18816779,41.45200279,,,,,,,,,,,,,,,,
2.18816779,41.45200279,,,,,,,,,,,,,,,,
2.15916556,41.38766935,,,,,,,,,,,,,,,,
2.15916556,41.38766935,,,,,,,,,,,,,,,,
2.15357219,41.39836369,,,,,,,,,,,,,,,,
2.15357219,41.39836369,,,,,,,,,,,,,,,,
2.17430733,41.39754962,,,,,,,,,,,,,,,,
2.17430733,41.39754962,,,,,,,,,,,,,,,,
2.14489296,41.38733022,,,,,,,,,,,,,,,,
2.14489296,41.38733022,,,,,,,,,,,,,,,,
2.17420455,41.3745176,,,,,,,,,,,,,,,,
2.17420455,41.3745176,,,,,,,,,,,,,,,,
2.17420455,41.3745176,,,,,,,,,,,,,,,,
2.17420455,41.3745176,,,,,,,,,,,,,,,,
2.17420455,41.3745176,,,,,,,,,,,,,,,,
2.17420455,41.3745176,,,,,,,,,,,,,,,,
2.18578415,41.44320181,,,,,,,,,,,,,,,,
2.18578415,41.44320181,,,,,,,,,,,,,,,,
2.16948104,41.41320954,,,,,,,,,,,,,,,,
2.16948104,41.41320954,,,,,,,,,,,,,,,,
2.19154563,41.39986063,,,,,,,,,,,,,,,,
2.19154563,41.39986063,,,,,,,,,,,,,,,,
2.16404555,41.44074579,,,,,,,,,,,,,,,,
2.16404555,41.44074579,,,,,,,,,,,,,,,,
2.16404555,41.44074579,,,,,,,,,,,,,,,,
2.16404555,41.44074579,,,,,,,,,,,,,,,,
2.13834065,41.41701074,,,,,,,,,,,,,,,,
2.13834065,41.41701074,,,,,,,,,,,,,,,,
2.16573059,41.39260824,,,,,,,,,,,,,,,,
2.17150869,41.39736169,,,,,,,,,,,,,,,,
2.17150869,41.39736169,,,,,,,,,,,,,,,,
2.15571321,41.39556401,,,,,,,,,,,,,,,,
2.15571321,41.39556401,,,,,,,,,,,,,,,,
2.14169625,41.42381989,,,,,,,,,,,,,,,,
2.14169625,41.42381989,,,,,,,,,,,,,,,,
2.14169625,41.42381989,,,,,,,,,,,,,,,,
2.13974292,41.37531461,,,,,,,,,,,,,,,,
2.13974292,41.37531461,,,,,,,,,,,,,,,,
2.18347834,41.42281015,,,,,,,,,,,,,,,,
2.18347834,41.42281015,,,,,,,,,,,,,,,,
2.18347834,41.42281015,,,,,,,,,,,,,,,,
2.13503629,41.34728991,,,,,,,,,,,,,,,,
2.13503629,41.34728991,,,,,,,,,,,,,,,,
2.13503629,41.34728991,,,,,,,,,,,,,,,,
2.1983415,41.41008604,,,,,,,,,,,,,,,,
2.1983415,41.41008604,,,,,,,,,,,,,,,,
2.1983415,41.41008604,,,,,,,,,,,,,,,,
2.19965682,41.44921424,,,,,,,,,,,,,,,,
2.19965682,41.44921424,,,,,,,,,,,,,,,,
2.19480427,41.38716459,,,,,,,,,,,,,,,,
2.19480427,41.38716459,,,,,,,,,,,,,,,,
2.14980891,41.40592933,,,,,,,,,,,,,,,,
2.14980891,41.40592933,,,,,,,,,,,,,,,,
2.13902061,41.35803434,,,,,,,,,,,,,,,,
2.13902061,41.35803434,,,,,,,,,,,,,,,,
2.21653946,41.40828865,,,,,,,,,,,,,,,,
2.21653946,41.40828865,,,,,,,,,,,,,,,,
2.21653946,41.40828865,,,,,,,,,,,,,,,,
2.16146911,41.37497448,,,,,,,,,,,,,,,,
2.16146911,41.37497448,,,,,,,,,,,,,,,,
2.14338122,41.4117343,,,,,,,,,,,,,,,,
2.14338122,41.4117343,,,,,,,,,,,,,,,,
2.19945291,41.41095334,,,,,,,,,,,,,,,,
2.19945291,41.41095334,,,,,,,,,,,,,,,,
2.12452067,41.33767192,,,,,,,,,,,,,,,,
2.13819806,41.39154815,,,,,,,,,,,,,,,,
2.13819806,41.39154815,,,,,,,,,,,,,,,,
2.14295333,41.40321094,,,,,,,,,,,,,,,,
2.16311045,41.39745262,,,,,,,,,,,,,,,,
2.16311045,41.39745262,,,,,,,,,,,,,,,,
2.1648836,41.39216196,,,,,,,,,,,,,,,,
2.1648836,41.39216196,,,,,,,,,,,,,,,,
2.14828391,41.38307905,,,,,,,,,,,,,,,,
2.14828391,41.38307905,,,,,,,,,,,,,,,,
2.13890473,41.40209314,,,,,,,,,,,,,,,,
2.13890473,41.40209314,,,,,,,,,,,,,,,,
2.17535863,41.4033068,,,,,,,,,,,,,,,,
2.17535863,41.4033068,,,,,,,,,,,,,,,,
2.14105928,41.40419221,,,,,,,,,,,,,,,,
2.14105928,41.40419221,,,,,,,,,,,,,,,,
2.17368419,41.43020313,,,,,,,,,,,,,,,,
2.17368419,41.43020313,,,,,,,,,,,,,,,,
2.20149496,41.41965788,,,,,,,,,,,,,,,,
2.20149496,41.41965788,,,,,,,,,,,,,,,,
2.20149496,41.41965788,,,,,,,,,,,,,,,,
2.20149496,41.41965788,,,,,,,,,,,,,,,,
2.1499983,41.35077608,,,,,,,,,,,,,,,,
2.1499983,41.35077608,,,,,,,,,,,,,,,,
2.14827543,41.38136938,,,,,,,,,,,,,,,,
2.14827543,41.38136938,,,,,,,,,,,,,,,,
2.1497025,41.37500206,,,,,,,,,,,,,,,,
2.1497025,41.37500206,,,,,,,,,,,,,,,,
2.15143499,41.39787556,,,,,,,,,,,,,,,,
2.15143499,41.39787556,,,,,,,,,,,,,,,,
2.15143499,41.39787556,,,,,,,,,,,,,,,,
2.13781084,41.38458478,,,,,,,,,,,,,,,,
2.13781084,41.38458478,,,,,,,,,,,,,,,,
2.16645881,41.38044398,,,,,,,,,,,,,,,,
2.15500202,41.42394226,,,,,,,,,,,,,,,,
2.15500202,41.42394226,,,,,,,,,,,,,,,,
2.15500202,41.42394226,,,,,,,,,,,,,,,,
2.15639539,41.39905209,,,,,,,,,,,,,,,,
2.15639539,41.39905209,,,,,,,,,,,,,,,,
2.15026563,41.39443893,,,,,,,,,,,,,,,,
2.15026563,41.39443893,,,,,,,,,,,,,,,,
2.16863523,41.39671017,,,,,,,,,,,,,,,,
2.16863523,41.39671017,,,,,,,,,,,,,,,,
2.12912717,41.40409911,,,,,,,,,,,,,,,,
2.12912717,41.40409911,,,,,,,,,,,,,,,,
2.17592094,41.41629473,,,,,,,,,,,,,,,,
2.17592094,41.41629473,,,,,,,,,,,,,,,,
2.15282055,41.39331248,,,,,,,,,,,,,,,,
2.15282055,41.39331248,,,,,,,,,,,,,,,,
2.15282055,41.39331248,,,,,,,,,,,,,,,,
2.10575753,41.38665258,,,,,,,,,,,,,,,,
2.10575753,41.38665258,,,,,,,,,,,,,,,,
2.14562848,41.43236671,,,,,,,,,,,,,,,,
2.14562848,41.43236671,,,,,,,,,,,,,,,,
2.14902299,41.40687523,,,,,,,,,,,,,,,,
2.14902299,41.40687523,,,,,,,,,,,,,,,,
2.14902299,41.40687523,,,,,,,,,,,,,,,,
2.14999845,41.40098728,,,,,,,,,,,,,,,,
2.14999845,41.40098728,,,,,,,,,,,,,,,,
2.12625572,41.37536031,,,,,,,,,,,,,,,,
2.12625572,41.37536031,,,,,,,,,,,,,,,,
2.16595559,41.39128513,,,,,,,,,,,,,,,,
2.16595559,41.39128513,,,,,,,,,,,,,,,,
2.20916724,41.4198942,,,,,,,,,,,,,,,,
2.20916724,41.4198942,,,,,,,,,,,,,,,,
2.13260722,41.3896217,,,,,,,,,,,,,,,,
2.13260722,41.3896217,,,,,,,,,,,,,,,,
2.15491637,41.38163451,,,,,,,,,,,,,,,,
2.15491637,41.38163451,,,,,,,,,,,,,,,,
2.17667828,41.39574261,,,,,,,,,,,,,,,,
2.17667828,41.39574261,,,,,,,,,,,,,,,,
2.14873528,41.40792978,,,,,,,,,,,,,,,,
2.14873528,41.40792978,,,,,,,,,,,,,,,,
2.14513291,41.38532292,,,,,,,,,,,,,,,,
2.14513291,41.38532292,,,,,,,,,,,,,,,,
2.19332681,41.38122144,,,,,,,,,,,,,,,,
2.19332681,41.38122144,,,,,,,,,,,,,,,,
2.19332681,41.38122144,,,,,,,,,,,,,,,,
2.15501552,41.40036684,,,,,,,,,,,,,,,,
2.15501552,41.40036684,,,,,,,,,,,,,,,,
2.13442727,41.39542245,,,,,,,,,,,,,,,,
2.13442727,41.39542245,,,,,,,,,,,,,,,,
2.13442727,41.39542245,,,,,,,,,,,,,,,,
2.12715844,41.38189811,,,,,,,,,,,,,,,,
2.12715844,41.38189811,,,,,,,,,,,,,,,,
2.14645055,41.38994859,,,,,,,,,,,,,,,,
2.13115836,41.37909497,,,,,,,,,,,,,,,,
2.13115836,41.37909497,,,,,,,,,,,,,,,,
2.13115836,41.37909497,,,,,,,,,,,,,,,,
2.19601943,41.42229958,,,,,,,,,,,,,,,,
2.19601943,41.42229958,,,,,,,,,,,,,,,,
2.18244008,41.40718725,,,,,,,,,,,,,,,,
2.18244008,41.40718725,,,,,,,,,,,,,,,,
2.16702361,41.38848379,,,,,,,,,,,,,,,,
2.16702361,41.38848379,,,,,,,,,,,,,,,,
2.13971897,41.40053964,,,,,,,,,,,,,,,,
2.13971897,41.40053964,,,,,,,,,,,,,,,,
2.18764651,41.41082184,,,,,,,,,,,,,,,,
2.18764651,41.41082184,,,,,,,,,,,,,,,,
2.22137268,41.40965563,,,,,,,,,,,,,,,,
2.22137268,41.40965563,,,,,,,,,,,,,,,,
2.20163399,41.4144445,,,,,,,,,,,,,,,,
2.20163399,41.4144445,,,,,,,,,,,,,,,,
2.15168993,41.38563673,,,,,,,,,,,,,,,,
2.15168993,41.38563673,,,,,,,,,,,,,,,,
2.13795537,41.41228781,,,,,,,,,,,,,,,,
2.13795537,41.41228781,,,,,,,,,,,,,,,,
2.13795537,41.41228781,,,,,,,,,,,,,,,,
2.1340643,41.40701776,,,,,,,,,,,,,,,,
2.1340643,41.40701776,,,,,,,,,,,,,,,,
2.16656833,41.37604675,,,,,,,,,,,,,,,,
2.16656833,41.37604675,,,,,,,,,,,,,,,,
2.16049868,41.39570706,,,,,,,,,,,,,,,,
2.16049868,41.39570706,,,,,,,,,,,,,,,,
2.11655955,41.39896,,,,,,,,,,,,,,,,
2.11655955,41.39896,,,,,,,,,,,,,,,,
2.17097685,41.36463201,,,,,,,,,,,,,,,,
2.17097685,41.36463201,,,,,,,,,,,,,,,,
2.17346815,41.40046783,,,,,,,,,,,,,,,,
2.17346815,41.40046783,,,,,,,,,,,,,,,,
2.15620472,41.38733005,,,,,,,,,,,,,,,,
2.15620472,41.38733005,,,,,,,,,,,,,,,,
2.1544026,41.42802308,,,,,,,,,,,,,,,,
2.1544026,41.42802308,,,,,,,,,,,,,,,,
2.15829026,41.38590635,,,,,,,,,,,,,,,,
2.15829026,41.38590635,,,,,,,,,,,,,,,,
2.19480427,41.38716459,,,,,,,,,,,,,,,,
2.19480427,41.38716459,,,,,,,,,,,,,,,,
2.17317957,41.39497716,,,,,,,,,,,,,,,,
2.17317957,41.39497716,,,,,,,,,,,,,,,,
2.17542793,41.40007292,,,,,,,,,,,,,,,,
2.17542793,41.40007292,,,,,,,,,,,,,,,,
2.17542793,41.40007292,,,,,,,,,,,,,,,,
2.19368526,41.44985539,,,,,,,,,,,,,,,,
2.19368526,41.44985539,,,,,,,,,,,,,,,,
2.14974617,41.40782437,,,,,,,,,,,,,,,,
2.14974617,41.40782437,,,,,,,,,,,,,,,,
2.14974617,41.40782437,,,,,,,,,,,,,,,,
2.18909021,41.39312798,,,,,,,,,,,,,,,,
2.18909021,41.39312798,,,,,,,,,,,,,,,,
2.13593004,41.32853456,,,,,,,,,,,,,,,,
2.13593004,41.32853456,,,,,,,,,,,,,,,,
2.14081511,41.41845709,,,,,,,,,,,,,,,,
2.14081511,41.41845709,,,,,,,,,,,,,,,,
2.14415823,41.40542954,,,,,,,,,,,,,,,,
2.14415823,41.40542954,,,,,,,,,,,,,,,,
2.19547915,41.43867585,,,,,,,,,,,,,,,,
2.14500213,41.3761653,,,,,,,,,,,,,,,,
2.14500213,41.3761653,,,,,,,,,,,,,,,,
2.19140947,41.40680828,,,,,,,,,,,,,,,,
2.18332016,41.40118912,,,,,,,,,,,,,,,,
2.18332016,41.40118912,,,,,,,,,,,,,,,,
2.15515854,41.37958031,,,,,,,,,,,,,,,,
2.18706189,41.44348998,,,,,,,,,,,,,,,,
2.18706189,41.44348998,,,,,,,,,,,,,,,,
2.15518047,41.37287357,,,,,,,,,,,,,,,,
2.15518047,41.37287357,,,,,,,,,,,,,,,,
2.16339283,41.40471237,,,,,,,,,,,,,,,,
2.16339283,41.40471237,,,,,,,,,,,,,,,,
2.14728325,41.37331664,,,,,,,,,,,,,,,,
2.14728325,41.37331664,,,,,,,,,,,,,,,,
2.14654964,41.39826173,,,,,,,,,,,,,,,,
2.14654964,41.39826173,,,,,,,,,,,,,,,,
2.14654964,41.39826173,,,,,,,,,,,,,,,,
2.13375262,41.36741813,,,,,,,,,,,,,,,,
2.13375262,41.36741813,,,,,,,,,,,,,,,,
2.15095381,41.37131527,,,,,,,,,,,,,,,,
2.15095381,41.37131527,,,,,,,,,,,,,,,,
2.18440225,41.43661088,,,,,,,,,,,,,,,,
2.18440225,41.43661088,,,,,,,,,,,,,,,,
2.17400514,41.43031127,,,,,,,,,,,,,,,,
2.17400514,41.43031127,,,,,,,,,,,,,,,,
2.17655733,41.41826045,,,,,,,,,,,,,,,,
2.17655733,41.41826045,,,,,,,,,,,,,,,,
2.17227993,41.43596329,,,,,,,,,,,,,,,,
2.17227993,41.43596329,,,,,,,,,,,,,,,,
2.17227993,41.43596329,,,,,,,,,,,,,,,,
2.18687095,41.394755,,,,,,,,,,,,,,,,
2.18687095,41.394755,,,,,,,,,,,,,,,,
2.16676078,41.37494922,,,,,,,,,,,,,,,,
2.16676078,41.37494922,,,,,,,,,,,,,,,,
2.16976933,41.4026713,,,,,,,,,,,,,,,,
2.16976933,41.4026713,,,,,,,,,,,,,,,,
2.13056665,41.37996904,,,,,,,,,,,,,,,,
2.13056665,41.37996904,,,,,,,,,,,,,,,,
2.20127458,41.42615779,,,,,,,,,,,,,,,,
2.1754935,41.37863667,,,,,,,,,,,,,,,,
2.16351056,41.43097363,,,,,,,,,,,,,,,,
2.1747423,41.38683861,,,,,,,,,,,,,,,,
2.1747423,41.38683861,,,,,,,,,,,,,,,,
2.14440053,41.40284265,,,,,,,,,,,,,,,,
2.14440053,41.40284265,,,,,,,,,,,,,,,,
2.18227829,41.40862862,,,,,,,,,,,,,,,,
2.18227829,41.40862862,,,,,,,,,,,,,,,,
2.18227829,41.40862862,,,,,,,,,,,,,,,,
2.19226196,41.38743866,,,,,,,,,,,,,,,,
2.19226196,41.38743866,,,,,,,,,,,,,,,,
2.174717,41.44848051,,,,,,,,,,,,,,,,
2.174717,41.44848051,,,,,,,,,,,,,,,,
2.174717,41.44848051,,,,,,,,,,,,,,,,
2.20280283,41.44313693,,,,,,,,,,,,,,,,
2.20280283,41.44313693,,,,,,,,,,,,,,,,
2.12150903,41.39363619,,,,,,,,,,,,,,,,
2.12150903,41.39363619,,,,,,,,,,,,,,,,
2.18831385,41.44144077,,,,,,,,,,,,,,,,
2.18831385,41.44144077,,,,,,,,,,,,,,,,
2.17772122,41.41374214,,,,,,,,,,,,,,,,
2.17772122,41.41374214,,,,,,,,,,,,,,,,
2.19499987,41.40757018,,,,,,,,,,,,,,,,
2.19499987,41.40757018,,,,,,,,,,,,,,,,
2.19499987,41.40757018,,,,,,,,,,,,,,,,
2.17415802,41.37017044,,,,,,,,,,,,,,,,
2.17415802,41.37017044,,,,,,,,,,,,,,,,
2.17415802,41.37017044,,,,,,,,,,,,,,,,
2.14261778,41.3854928,,,,,,,,,,,,,,,,
2.14261778,41.3854928,,,,,,,,,,,,,,,,
2.16863945,41.39498292,,,,,,,,,,,,,,,,
2.16863945,41.39498292,,,,,,,,,,,,,,,,
2.16863945,41.39498292,,,,,,,,,,,,,,,,
2.19830077,41.39643906,,,,,,,,,,,,,,,,
2.19830077,41.39643906,,,,,,,,,,,,,,,,
2.1573005,41.41855483,,,,,,,,,,,,,,,,
2.1573005,41.41855483,,,,,,,,,,,,,,,,
2.10652697,41.38269852,,,,,,,,,,,,,,,,
2.10652697,41.38269852,,,,,,,,,,,,,,,,
2.16314884,41.38524047,,,,,,,,,,,,,,,,
2.16314884,41.38524047,,,,,,,,,,,,,,,,
2.13746327,41.40089467,,,,,,,,,,,,,,,,
2.13746327,41.40089467,,,,,,,,,,,,,,,,
2.18230815,41.40551483,,,,,,,,,,,,,,,,
2.18230815,41.40551483,,,,,,,,,,,,,,,,
2.16700199,41.38882474,,,,,,,,,,,,,,,,
2.16700199,41.38882474,,,,,,,,,,,,,,,,
2.15613263,41.37997252,,,,,,,,,,,,,,,,
2.15613263,41.37997252,,,,,,,,,,,,,,,,
2.17667828,41.39574261,,,,,,,,,,,,,,,,
2.17667828,41.39574261,,,,,,,,,,,,,,,,
2.16093305,41.37497541,,,,,,,,,,,,,,,,
2.1551709,41.38450117,,,,,,,,,,,,,,,,
2.1551709,41.38450117,,,,,,,,,,,,,,,,
2.1551709,41.38450117,,,,,,,,,,,,,,,,
2.21409195,41.40402502,,,,,,,,,,,,,,,,
2.21409195,41.40402502,,,,,,,,,,,,,,,,
2.21409195,41.40402502,,,,,,,,,,,,,,,,
2.15856052,41.38213403,,,,,,,,,,,,,,,,
2.15856052,41.38213403,,,,,,,,,,,,,,,,
2.14488975,41.35165607,,,,,,,,,,,,,,,,
2.19480599,41.45107592,,,,,,,,,,,,,,,,
2.19503617,41.40886835,,,,,,,,,,,,,,,,
2.19503617,41.40886835,,,,,,,,,,,,,,,,
2.19503617,41.40886835,,,,,,,,,,,,,,,,
2.19503617,41.40886835,,,,,,,,,,,,,,,,
2.17733444,41.42948939,,,,,,,,,,,,,,,,
2.17733444,41.42948939,,,,,,,,,,,,,,,,
2.17114527,41.38968825,,,,,,,,,,,,,,,,
2.17114527,41.38968825,,,,,,,,,,,,,,,,
2.12683354,41.38862424,,,,,,,,,,,,,,,,
2.12683354,41.38862424,,,,,,,,,,,,,,,,
2.12683354,41.38862424,,,,,,,,,,,,,,,,
2.14248559,41.42552177,,,,,,,,,,,,,,,,
2.14248559,41.42552177,,,,,,,,,,,,,,,,
2.17420455,41.3745176,,,,,,,,,,,,,,,,
2.17420455,41.3745176,,,,,,,,,,,,,,,,
2.17420455,41.3745176,,,,,,,,,,,,,,,,
2.17420455,41.3745176,,,,,,,,,,,,,,,,
2.15681464,41.3887301,,,,,,,,,,,,,,,,
2.15681464,41.3887301,,,,,,,,,,,,,,,,
2.18047868,41.414435,,,,,,,,,,,,,,,,
2.18047868,41.414435,,,,,,,,,,,,,,,,
2.15507213,41.38818452,,,,,,,,,,,,,,,,
2.15507213,41.38818452,,,,,,,,,,,,,,,,
2.15507213,41.38818452,,,,,,,,,,,,,,,,
2.15086329,41.39704952,,,,,,,,,,,,,,,,
2.15086329,41.39704952,,,,,,,,,,,,,,,,
2.1875685,41.41273358,,,,,,,,,,,,,,,,
2.1875685,41.41273358,,,,,,,,,,,,,,,,
2.1875685,41.41273358,,,,,,,,,,,,,,,,
2.17437377,41.37007459,,,,,,,,,,,,,,,,
2.17437377,41.37007459,,,,,,,,,,,,,,,,
2.17437377,41.37007459,,,,,,,,,,,,,,,,
2.1983415,41.41008604,,,,,,,,,,,,,,,,
2.1983415,41.41008604,,,,,,,,,,,,,,,,
2.10728182,41.38661765,,,,,,,,,,,,,,,,
2.10728182,41.38661765,,,,,,,,,,,,,,,,
2.17542793,41.40007292,,,,,,,,,,,,,,,,
2.17542793,41.40007292,,,,,,,,,,,,,,,,
2.19165806,41.42365302,,,,,,,,,,,,,,,,
2.19165806,41.42365302,,,,,,,,,,,,,,,,
2.17875255,41.39695923,,,,,,,,,,,,,,,,
2.17875255,41.39695923,,,,,,,,,,,,,,,,
2.13741266,41.40233865,,,,,,,,,,,,,,,,
2.13741266,41.40233865,,,,,,,,,,,,,,,,
2.13741266,41.40233865,,,,,,,,,,,,,,,,
2.1465165,41.43353185,,,,,,,,,,,,,,,,
2.1465165,41.43353185,,,,,,,,,,,,,,,,
2.1465165,41.43353185,,,,,,,,,,,,,,,,
2.15282097,41.40440704,,,,,,,,,,,,,,,,
2.15282097,41.40440704,,,,,,,,,,,,,,,,
2.17028656,41.39019091,,,,,,,,,,,,,,,,
2.18325364,41.38395736,,,,,,,,,,,,,,,,
2.18325364,41.38395736,,,,,,,,,,,,,,,,
2.174681,41.4438512,,,,,,,,,,,,,,,,
2.174681,41.4438512,,,,,,,,,,,,,,,,
2.14190996,41.42161606,,,,,,,,,,,,,,,,
2.14190996,41.42161606,,,,,,,,,,,,,,,,
2.17280847,41.43608163,,,,,,,,,,,,,,,,
2.17280847,41.43608163,,,,,,,,,,,,,,,,
2.18873493,41.37722189,,,,,,,,,,,,,,,,
2.16938856,41.38019896,,,,,,,,,,,,,,,,
2.16938856,41.38019896,,,,,,,,,,,,,,,,
2.20480186,41.39438426,,,,,,,,,,,,,,,,
2.20480186,41.39438426,,,,,,,,,,,,,,,,
2.20480186,41.39438426,,,,,,,,,,,,,,,,
2.2015235,41.39443808,,,,,,,,,,,,,,,,
2.2015235,41.39443808,,,,,,,,,,,,,,,,
2.2015235,41.39443808,,,,,,,,,,,,,,,,
2.17456721,41.3897995,,,,,,,,,,,,,,,,
2.16124332,41.41355912,,,,,,,,,,,,,,,,
2.16124332,41.41355912,,,,,,,,,,,,,,,,
2.18558168,41.42299082,,,,,,,,,,,,,,,,
2.18558168,41.42299082,,,,,,,,,,,,,,,,
2.18646548,41.42126143,,,,,,,,,,,,,,,,
2.18646548,41.42126143,,,,,,,,,,,,,,,,
2.18646548,41.42126143,,,,,,,,,,,,,,,,
2.09760609,41.41913525,,,,,,,,,,,,,,,,
2.15501513,41.43059812,,,,,,,,,,,,,,,,
2.18335667,41.40041526,,,,,,,,,,,,,,,,
2.18335667,41.40041526,,,,,,,,,,,,,,,,
2.18335667,41.40041526,,,,,,,,,,,,,,,,
2.14179956,41.35632129,,,,,,,,,,,,,,,,
2.14033648,41.39778916,,,,,,,,,,,,,,,,
2.14033648,41.39778916,,,,,,,,,,,,,,,,
2.1365995,41.39418655,,,,,,,,,,,,,,,,
2.1365995,41.39418655,,,,,,,,,,,,,,,,
2.14092526,41.39007033,,,,,,,,,,,,,,,,
2.14092526,41.39007033,,,,,,,,,,,,,,,,
2.14092526,41.39007033,,,,,,,,,,,,,,,,
2.14092526,41.39007033,,,,,,,,,,,,,,,,
2.16976933,41.4026713,,,,,,,,,,,,,,,,
2.16976933,41.4026713,,,,,,,,,,,,,,,,
2.16637539,41.39327304,,,,,,,,,,,,,,,,
2.16637539,41.39327304,,,,,,,,,,,,,,,,
2.17919751,41.46206576,,,,,,,,,,,,,,,,
2.17631959,41.3939763,,,,,,,,,,,,,,,,
2.17631959,41.3939763,,,,,,,,,,,,,,,,
2.18119883,41.39910881,,,,,,,,,,,,,,,,
2.18119883,41.39910881,,,,,,,,,,,,,,,,
2.18007765,41.39828275,,,,,,,,,,,,,,,,
2.18007765,41.39828275,,,,,,,,,,,,,,,,
2.19015413,41.41624207,,,,,,,,,,,,,,,,
2.19015413,41.41624207,,,,,,,,,,,,,,,,
2.19015413,41.41624207,,,,,,,,,,,,,,,,
2.14699939,41.39813389,,,,,,,,,,,,,,,,
2.14699939,41.39813389,,,,,,,,,,,,,,,,
2.20025875,41.44865288,,,,,,,,,,,,,,,,
2.20025875,41.44865288,,,,,,,,,,,,,,,,
2.13110599,41.38599423,,,,,,,,,,,,,,,,
2.13110599,41.38599423,,,,,,,,,,,,,,,,
2.16424116,41.40941253,,,,,,,,,,,,,,,,
2.16424116,41.40941253,,,,,,,,,,,,,,,,
2.18053163,41.43717807,,,,,,,,,,,,,,,,
2.15943621,41.38787256,,,,,,,,,,,,,,,,
2.15943621,41.38787256,,,,,,,,,,,,,,,,
2.18151132,41.38200692,,,,,,,,,,,,,,,,
2.18151132,41.38200692,,,,,,,,,,,,,,,,
2.20717543,41.44220596,,,,,,,,,,,,,,,,
2.20717543,41.44220596,,,,,,,,,,,,,,,,
2.15505339,41.37049569,,,,,,,,,,,,,,,,
2.15505339,41.37049569,,,,,,,,,,,,,,,,
2.17403873,41.41934444,,,,,,,,,,,,,,,,
2.17403873,41.41934444,,,,,,,,,,,,,,,,
2.1896053,41.44695171,,,,,,,,,,,,,,,,
2.1896053,41.44695171,,,,,,,,,,,,,,,,
2.1896053,41.44695171,,,,,,,,,,,,,,,,
2.14620922,41.37731105,,,,,,,,,,,,,,,,
2.14620922,41.37731105,,,,,,,,,,,,,,,,
2.20672214,41.39521386,,,,,,,,,,,,,,,,
2.18687719,41.41035093,,,,,,,,,,,,,,,,
2.18687719,41.41035093,,,,,,,,,,,,,,,,
2.18687719,41.41035093,,,,,,,,,,,,,,,,
2.18687719,41.41035093,,,,,,,,,,,,,,,,
2.18687719,41.41035093,,,,,,,,,,,,,,,,
2.18687719,41.41035093,,,,,,,,,,,,,,,,
2.15464301,41.42326599,,,,,,,,,,,,,,,,
2.15464301,41.42326599,,,,,,,,,,,,,,,,
2.18713525,41.45072475,,,,,,,,,,,,,,,,
2.18713525,41.45072475,,,,,,,,,,,,,,,,
2.16299239,41.40048659,,,,,,,,,,,,,,,,
2.15229798,41.43375703,,,,,,,,,,,,,,,,
2.1445837,41.42491347,,,,,,,,,,,,,,,,
2.1445837,41.42491347,,,,,,,,,,,,,,,,
2.1445837,41.42491347,,,,,,,,,,,,,,,,
2.17838927,41.37744973,,,,,,,,,,,,,,,,
2.14543557,41.40562591,,,,,,,,,,,,,,,,
2.14482952,41.37880469,,,,,,,,,,,,,,,,
2.14482952,41.37880469,,,,,,,,,,,,,,,,
2.17042619,41.4106999,,,,,,,,,,,,,,,,
2.17042619,41.4106999,,,,,,,,,,,,,,,,
2.17042619,41.4106999,,,,,,,,,,,,,,,,
2.17042619,41.4106999,,,,,,,,,,,,,,,,
2.11520726,41.38118445,,,,,,,,,,,,,,,,
2.11520726,41.38118445,,,,,,,,,,,,,,,,
2.11520726,41.38118445,,,,,,,,,,,,,,,,
2.20179961,41.39200089,,,,,,,,,,,,,,,,
2.20179961,41.39200089,,,,,,,,,,,,,,,,
2.17776823,41.40693368,,,,,,,,,,,,,,,,
2.17776823,41.40693368,,,,,,,,,,,,,,,,
2.16975271,41.3924261,,,,,,,,,,,,,,,,
2.16975271,41.3924261,,,,,,,,,,,,,,,,
2.1720366,41.39753948,,,,,,,,,,,,,,,,
2.1720366,41.39753948,,,,,,,,,,,,,,,,
2.1720366,41.39753948,,,,,,,,,,,,,,,,
2.15391957,41.38051699,,,,,,,,,,,,,,,,
2.15391957,41.38051699,,,,,,,,,,,,,,,,
2.16524862,41.39585455,,,,,,,,,,,,,,,,
2.16524862,41.39585455,,,,,,,,,,,,,,,,
2.16524862,41.39585455,,,,,,,,,,,,,,,,
2.14460172,41.3734165,,,,,,,,,,,,,,,,
2.14657498,41.35158506,,,,,,,,,,,,,,,,
2.14657498,41.35158506,,,,,,,,,,,,,,,,
2.15355415,41.3947795,,,,,,,,,,,,,,,,
2.15355415,41.3947795,,,,,,,,,,,,,,,,
2.18211186,41.42384966,,,,,,,,,,,,,,,,
2.17322757,41.41035644,,,,,,,,,,,,,,,,
2.17322757,41.41035644,,,,,,,,,,,,,,,,
2.16976208,41.3941376,,,,,,,,,,,,,,,,
2.16637439,41.40012586,,,,,,,,,,,,,,,,
2.16637439,41.40012586,,,,,,,,,,,,,,,,
2.14575857,41.38158357,,,,,,,,,,,,,,,,
2.14575857,41.38158357,,,,,,,,,,,,,,,,
2.14575857,41.38158357,,,,,,,,,,,,,,,,
2.1296036,41.41294186,,,,,,,,,,,,,,,,
2.1296036,41.41294186,,,,,,,,,,,,,,,,
2.18834142,41.38159335,,,,,,,,,,,,,,,,
2.18834142,41.38159335,,,,,,,,,,,,,,,,
2.17315132,41.37495901,,,,,,,,,,,,,,,,
2.15229875,41.35129663,,,,,,,,,,,,,,,,
2.15229875,41.35129663,,,,,,,,,,,,,,,,
2.16022489,41.39099114,,,,,,,,,,,,,,,,
2.16022489,41.39099114,,,,,,,,,,,,,,,,
2.1684504,41.37357101,,,,,,,,,,,,,,,,
2.1684504,41.37357101,,,,,,,,,,,,,,,,
2.18686909,41.39312628,,,,,,,,,,,,,,,,
2.18686909,41.39312628,,,,,,,,,,,,,,,,
2.18901904,41.41710744,,,,,,,,,,,,,,,,
2.18901904,41.41710744,,,,,,,,,,,,,,,,
2.1653522,41.38724102,,,,,,,,,,,,,,,,
2.1653522,41.38724102,,,,,,,,,,,,,,,,
2.1653522,41.38724102,,,,,,,,,,,,,,,,
2.13081335,41.37456531,,,,,,,,,,,,,,,,
2.13081335,41.37456531,,,,,,,,,,,,,,,,
2.1554585,41.39984069,,,,,,,,,,,,,,,,
2.1554585,41.39984069,,,,,,,,,,,,,,,,
2.14326148,41.42563658,,,,,,,,,,,,,,,,
2.14326148,41.42563658,,,,,,,,,,,,,,,,
2.17114766,41.3864158,,,,,,,,,,,,,,,,
2.20120297,41.41210158,,,,,,,,,,,,,,,,
2.20120297,41.41210158,,,,,,,,,,,,,,,,
2.20120297,41.41210158,,,,,,,,,,,,,,,,
2.1801493,41.40718002,,,,,,,,,,,,,,,,
2.1801493,41.40718002,,,,,,,,,,,,,,,,
2.1769929,41.40622957,,,,,,,,,,,,,,,,
2.16687651,41.39346755,,,,,,,,,,,,,,,,
2.16687651,41.39346755,,,,,,,,,,,,,,,,
2.12127577,41.40646062,,,,,,,,,,,,,,,,
2.12127577,41.40646062,,,,,,,,,,,,,,,,
2.12127577,41.40646062,,,,,,,,,,,,,,,,
2.14717597,41.37664676,,,,,,,,,,,,,,,,
2.15078877,41.39892689,,,,,,,,,,,,,,,,
2.15078877,41.39892689,,,,,,,,,,,,,,,,
2.15078877,41.39892689,,,,,,,,,,,,,,,,
2.15078877,41.39892689,,,,,,,,,,,,,,,,
2.13578598,41.41512763,,,,,,,,,,,,,,,,
2.13578598,41.41512763,,,,,,,,,,,,,,,,
2.1874221,41.44704833,,,,,,,,,,,,,,,,
2.1874221,41.44704833,,,,,,,,,,,,,,,,
2.20087814,41.41985006,,,,,,,,,,,,,,,,
2.20087814,41.41985006,,,,,,,,,,,,,,,,
2.1634473,41.39107401,,,,,,,,,,,,,,,,
2.1634473,41.39107401,,,,,,,,,,,,,,,,
2.1634473,41.39107401,,,,,,,,,,,,,,,,
2.10866555,41.39169513,,,,,,,,,,,,,,,,
2.10866555,41.39169513,,,,,,,,,,,,,,,,
2.10866555,41.39169513,,,,,,,,,,,,,,,,
2.14999606,41.39437033,,,,,,,,,,,,,,,,
2.14999606,41.39437033,,,,,,,,,,,,,,,,
2.16763091,41.38688261,,,,,,,,,,,,,,,,
2.17384996,41.44031644,,,,,,,,,,,,,,,,
2.17384996,41.44031644,,,,,,,,,,,,,,,,
2.13884923,41.42056901,,,,,,,,,,,,,,,,
2.13884923,41.42056901,,,,,,,,,,,,,,,,
2.17484806,41.39574995,,,,,,,,,,,,,,,,
2.17484806,41.39574995,,,,,,,,,,,,,,,,
2.19154802,41.39654252,,,,,,,,,,,,,,,,
2.19154802,41.39654252,,,,,,,,,,,,,,,,
2.20672214,41.39521386,,,,,,,,,,,,,,,,
2.20672214,41.39521386,,,,,,,,,,,,,,,,
2.16236744,41.39007571,,,,,,,,,,,,,,,,
2.16236744,41.39007571,,,,,,,,,,,,,,,,
2.11164331,41.38500308,,,,,,,,,,,,,,,,
2.11164331,41.38500308,,,,,,,,,,,,,,,,
2.14768576,41.43534259,,,,,,,,,,,,,,,,
2.14768576,41.43534259,,,,,,,,,,,,,,,,
2.20300373,41.42857068,,,,,,,,,,,,,,,,
2.20300373,41.42857068,,,,,,,,,,,,,,,,
2.15467047,41.42439089,,,,,,,,,,,,,,,,
2.15467047,41.42439089,,,,,,,,,,,,,,,,
2.19309767,41.43925857,,,,,,,,,,,,,,,,
2.19309767,41.43925857,,,,,,,,,,,,,,,,
2.20511818,41.44482154,,,,,,,,,,,,,,,,
2.20511818,41.44482154,,,,,,,,,,,,,,,,
2.20511818,41.44482154,,,,,,,,,,,,,,,,
2.20511818,41.44482154,,,,,,,,,,,,,,,,
2.20511818,41.44482154,,,,,,,,,,,,,,,,
2.20511818,41.44482154,,,,,,,,,,,,,,,,
2.12340148,41.3869427,,,,,,,,,,,,,,,,
2.12340148,41.3869427,,,,,,,,,,,,,,,,
2.17220165,41.42780722,,,,,,,,,,,,,,,,
2.17220165,41.42780722,,,,,,,,,,,,,,,,
2.15402519,41.37838584,,,,,,,,,,,,,,,,
2.15402519,41.37838584,,,,,,,,,,,,,,,,
2.21390114,41.40270138,,,,,,,,,,,,,,,,
2.21390114,41.40270138,,,,,,,,,,,,,,,,
2.21390114,41.40270138,,,,,,,,,,,,,,,,
2.14389723,41.41264956,,,,,,,,,,,,,,,,
2.14389723,41.41264956,,,,,,,,,,,,,,,,
2.16636306,41.40182002,,,,,,,,,,,,,,,,
2.16636306,41.40182002,,,,,,,,,,,,,,,,
2.12986747,41.37960111,,,,,,,,,,,,,,,,
2.12986747,41.37960111,,,,,,,,,,,,,,,,
2.12780905,41.38929063,,,,,,,,,,,,,,,,
2.12780905,41.38929063,,,,,,,,,,,,,,,,
2.18242726,41.42361185,,,,,,,,,,,,,,,,
2.19116493,41.38281887,,,,,,,,,,,,,,,,
2.19116493,41.38281887,,,,,,,,,,,,,,,,
2.17415109,41.39893668,,,,,,,,,,,,,,,,
2.17415109,41.39893668,,,,,,,,,,,,,,,,
2.17415109,41.39893668,,,,,,,,,,,,,,,,
2.17415109,41.39893668,,,,,,,,,,,,,,,,
2.17415109,41.39893668,,,,,,,,,,,,,,,,
2.17415109,41.39893668,,,,,,,,,,,,,,,,
2.17415109,41.39893668,,,,,,,,,,,,,,,,
2.17415109,41.39893668,,,,,,,,,,,,,,,,
2.17415109,41.39893668,,,,,,,,,,,,,,,,
2.14991668,41.4038496,,,,,,,,,,,,,,,,
2.14991668,41.4038496,,,,,,,,,,,,,,,,
2.17984974,41.44597323,,,,,,,,,,,,,,,,
2.17984974,41.44597323,,,,,,,,,,,,,,,,
2.17984974,41.44597323,,,,,,,,,,,,,,,,
2.14100088,41.39671436,,,,,,,,,,,,,,,,
2.14100088,41.39671436,,,,,,,,,,,,,,,,
2.14100088,41.39671436,,,,,,,,,,,,,,,,
2.14100088,41.39671436,,,,,,,,,,,,,,,,
2.18370218,41.43000082,,,,,,,,,,,,,,,,
2.18370218,41.43000082,,,,,,,,,,,,,,,,
2.13815054,41.41132257,,,,,,,,,,,,,,,,
2.13815054,41.41132257,,,,,,,,,,,,,,,,
2.19799533,41.38927865,,,,,,,,,,,,,,,,
2.19799533,41.38927865,,,,,,,,,,,,,,,,
2.15661319,41.40982174,,,,,,,,,,,,,,,,
2.15661319,41.40982174,,,,,,,,,,,,,,,,
2.19305625,41.41488557,,,,,,,,,,,,,,,,
2.19305625,41.41488557,,,,,,,,,,,,,,,,
2.14483644,41.39988994,,,,,,,,,,,,,,,,
2.14483644,41.39988994,,,,,,,,,,,,,,,,
2.1457771,41.37284302,,,,,,,,,,,,,,,,
2.1457771,41.37284302,,,,,,,,,,,,,,,,
2.11257911,41.39729068,,,,,,,,,,,,,,,,
2.11257911,41.39729068,,,,,,,,,,,,,,,,
2.11257911,41.39729068,,,,,,,,,,,,,,,,
2.11257911,41.39729068,,,,,,,,,,,,,,,,
2.17497184,41.40815948,,,,,,,,,,,,,,,,
2.17497184,41.40815948,,,,,,,,,,,,,,,,
2.17497184,41.40815948,,,,,,,,,,,,,,,,
2.10648198,41.38739563,,,,,,,,,,,,,,,,
2.10648198,41.38739563,,,,,,,,,,,,,,,,
2.1625216,41.37517752,,,,,,,,,,,,,,,,
2.1625216,41.37517752,,,,,,,,,,,,,,,,
2.1625216,41.37517752,,,,,,,,,,,,,,,,
2.14093119,41.43103252,,,,,,,,,,,,,,,,
2.15970168,41.38298427,,,,,,,,,,,,,,,,
2.15970168,41.38298427,,,,,,,,,,,,,,,,
2.17669147,41.40443788,,,,,,,,,,,,,,,,
2.17669147,41.40443788,,,,,,,,,,,,,,,,
2.17669147,41.40443788,,,,,,,,,,,,,,,,
2.15735231,41.38989751,,,,,,,,,,,,,,,,
2.14342786,41.39972954,,,,,,,,,,,,,,,,
2.14342786,41.39972954,,,,,,,,,,,,,,,,
2.18148397,41.38101626,,,,,,,,,,,,,,,,
2.18148397,41.38101626,,,,,,,,,,,,,,,,
2.14951889,41.37534017,,,,,,,,,,,,,,,,
2.14951889,41.37534017,,,,,,,,,,,,,,,,
2.18221875,41.40518806,,,,,,,,,,,,,,,,
2.18221875,41.40518806,,,,,,,,,,,,,,,,
2.13855397,41.41474666,,,,,,,,,,,,,,,,
2.13855397,41.41474666,,,,,,,,,,,,,,,,
2.13855397,41.41474666,,,,,,,,,,,,,,,,
2.1576438,41.37015806,,,,,,,,,,,,,,,,
2.2084644,41.39788819,,,,,,,,,,,,,,,,
2.2084644,41.39788819,,,,,,,,,,,,,,,,
2.2084644,41.39788819,,,,,,,,,,,,,,,,
2.1471584,41.38052718,,,,,,,,,,,,,,,,
2.1471584,41.38052718,,,,,,,,,,,,,,,,
2.15607161,41.42428229,,,,,,,,,,,,,,,,
2.14003052,41.36852084,,,,,,,,,,,,,,,,
2.14003052,41.36852084,,,,,,,,,,,,,,,,
2.15228123,41.40851445,,,,,,,,,,,,,,,,
2.15228123,41.40851445,,,,,,,,,,,,,,,,
2.15818077,41.4012902,,,,,,,,,,,,,,,,
2.15818077,41.4012902,,,,,,,,,,,,,,,,
2.21441486,41.41613767,,,,,,,,,,,,,,,,
2.18659658,41.38817859,,,,,,,,,,,,,,,,
2.16262086,41.375806,,,,,,,,,,,,,,,,
2.16262086,41.375806,,,,,,,,,,,,,,,,
2.14685482,41.40173239,,,,,,,,,,,,,,,,
2.14685482,41.40173239,,,,,,,,,,,,,,,,
2.18797102,41.4462843,,,,,,,,,,,,,,,,
2.18797102,41.4462843,,,,,,,,,,,,,,,,
2.20395091,41.40415498,,,,,,,,,,,,,,,,
2.20395091,41.40415498,,,,,,,,,,,,,,,,
2.14711149,41.37728829,,,,,,,,,,,,,,,,
2.14711149,41.37728829,,,,,,,,,,,,,,,,
2.16310473,41.38554485,,,,,,,,,,,,,,,,
2.11625245,41.3780433,,,,,,,,,,,,,,,,
2.11625245,41.3780433,,,,,,,,,,,,,,,,
2.16311045,41.39745262,,,,,,,,,,,,,,,,
2.16311045,41.39745262,,,,,,,,,,,,,,,,
2.14999845,41.40098728,,,,,,,,,,,,,,,,
2.14999845,41.40098728,,,,,,,,,,,,,,,,
2.16263557,41.37480123,,,,,,,,,,,,,,,,
2.16263557,41.37480123,,,,,,,,,,,,,,,,
2.16263557,41.37480123,,,,,,,,,,,,,,,,
2.17863569,41.39582654,,,,,,,,,,,,,,,,
2.17863569,41.39582654,,,,,,,,,,,,,,,,
2.13261145,41.40116794,,,,,,,,,,,,,,,,
2.13261145,41.40116794,,,,,,,,,,,,,,,,
2.19451665,41.38906315,,,,,,,,,,,,,,,,
2.19451665,41.38906315,,,,,,,,,,,,,,,,
2.15515854,41.37958031,,,,,,,,,,,,,,,,
2.15515854,41.37958031,,,,,,,,,,,,,,,,
2.17091737,41.39668388,,,,,,,,,,,,,,,,
2.17091737,41.39668388,,,,,,,,,,,,,,,,
2.17908321,41.44276674,,,,,,,,,,,,,,,,
2.16002258,41.40637093,,,,,,,,,,,,,,,,
2.16002258,41.40637093,,,,,,,,,,,,,,,,
2.20170392,41.44817678,,,,,,,,,,,,,,,,
2.20170392,41.44817678,,,,,,,,,,,,,,,,
2.15740091,41.42617634,,,,,,,,,,,,,,,,
2.15740091,41.42617634,,,,,,,,,,,,,,,,
2.15483455,41.39709069,,,,,,,,,,,,,,,,
2.15483455,41.39709069,,,,,,,,,,,,,,,,
2.15483455,41.39709069,,,,,,,,,,,,,,,,
2.15751121,41.41028413,,,,,,,,,,,,,,,,
2.15751121,41.41028413,,,,,,,,,,,,,,,,
2.15751121,41.41028413,,,,,,,,,,,,,,,,
2.11596066,41.38706062,,,,,,,,,,,,,,,,
2.11596066,41.38706062,,,,,,,,,,,,,,,,
2.13092812,41.37895024,,,,,,,,,,,,,,,,
2.13092812,41.37895024,,,,,,,,,,,,,,,,
2.17229547,41.43492921,,,,,,,,,,,,,,,,
2.17229547,41.43492921,,,,,,,,,,,,,,,,
2.17229547,41.43492921,,,,,,,,,,,,,,,,
2.17907864,41.39392372,,,,,,,,,,,,,,,,
2.17907864,41.39392372,,,,,,,,,,,,,,,,
2.17907864,41.39392372,,,,,,,,,,,,,,,,
2.17188553,41.38727392,,,,,,,,,,,,,,,,
2.17188553,41.38727392,,,,,,,,,,,,,,,,
2.11482785,41.396305,,,,,,,,,,,,,,,,
2.11482785,41.396305,,,,,,,,,,,,,,,,
2.17782974,41.40187439,,,,,,,,,,,,,,,,
2.17782974,41.40187439,,,,,,,,,,,,,,,,
2.17782974,41.40187439,,,,,,,,,,,,,,,,
2.10803807,41.38990058,,,,,,,,,,,,,,,,
2.10803807,41.38990058,,,,,,,,,,,,,,,,
2.10803807,41.38990058,,,,,,,,,,,,,,,,
2.1436969,41.39212655,,,,,,,,,,,,,,,,
2.1436969,41.39212655,,,,,,,,,,,,,,,,
2.17928448,41.37719374,,,,,,,,,,,,,,,,
2.17928448,41.37719374,,,,,,,,,,,,,,,,
2.17928448,41.37719374,,,,,,,,,,,,,,,,
2.17928448,41.37719374,,,,,,,,,,,,,,,,
2.17928448,41.37719374,,,,,,,,,,,,,,,,
2.17928448,41.37719374,,,,,,,,,,,,,,,,
2.14653457,41.37992036,,,,,,,,,,,,,,,,
2.14653457,41.37992036,,,,,,,,,,,,,,,,
2.16765427,41.39610237,,,,,,,,,,,,,,,,
2.15524621,41.39134388,,,,,,,,,,,,,,,,
2.15524621,41.39134388,,,,,,,,,,,,,,,,
2.12789965,41.37142526,,,,,,,,,,,,,,,,
2.12789965,41.37142526,,,,,,,,,,,,,,,,
2.18689012,41.41528517,,,,,,,,,,,,,,,,
2.14961202,41.39377784,,,,,,,,,,,,,,,,
2.14961202,41.39377784,,,,,,,,,,,,,,,,
2.14961202,41.39377784,,,,,,,,,,,,,,,,
2.13907762,41.39538961,,,,,,,,,,,,,,,,
2.13907762,41.39538961,,,,,,,,,,,,,,,,
2.13907762,41.39538961,,,,,,,,,,,,,,,,
2.16230389,41.39190679,,,,,,,,,,,,,,,,
2.16230389,41.39190679,,,,,,,,,,,,,,,,
2.15546857,41.43080096,,,,,,,,,,,,,,,,
2.12810056,41.38237511,,,,,,,,,,,,,,,,
2.12810056,41.38237511,,,,,,,,,,,,,,,,
2.16827407,41.38941583,,,,,,,,,,,,,,,,
2.16827407,41.38941583,,,,,,,,,,,,,,,,
2.18737722,41.44861243,,,,,,,,,,,,,,,,
2.18737722,41.44861243,,,,,,,,,,,,,,,,
2.18737722,41.44861243,,,,,,,,,,,,,,,,
2.12201585,41.39071791,,,,,,,,,,,,,,,,
2.12201585,41.39071791,,,,,,,,,,,,,,,,
2.18384629,41.42673857,,,,,,,,,,,,,,,,
2.18384629,41.42673857,,,,,,,,,,,,,,,,
2.15552781,41.38499542,,,,,,,,,,,,,,,,
2.15552781,41.38499542,,,,,,,,,,,,,,,,
2.15552781,41.38499542,,,,,,,,,,,,,,,,
2.16270839,41.39392134,,,,,,,,,,,,,,,,
2.16270839,41.39392134,,,,,,,,,,,,,,,,
2.16270839,41.39392134,,,,,,,,,,,,,,,,
2.13245648,41.37245401,,,,,,,,,,,,,,,,
2.13245648,41.37245401,,,,,,,,,,,,,,,,
2.13245648,41.37245401,,,,,,,,,,,,,,,,
2.13245648,41.37245401,,,,,,,,,,,,,,,,
2.1896053,41.44695171,,,,,,,,,,,,,,,,
2.1896053,41.44695171,,,,,,,,,,,,,,,,
2.17615498,41.44537737,,,,,,,,,,,,,,,,
2.17615498,41.44537737,,,,,,,,,,,,,,,,
2.11653835,41.3778268,,,,,,,,,,,,,,,,
2.11653835,41.3778268,,,,,,,,,,,,,,,,
2.18180064,41.39836281,,,,,,,,,,,,,,,,
2.18180064,41.39836281,,,,,,,,,,,,,,,,
2.18180064,41.39836281,,,,,,,,,,,,,,,,
2.18258392,41.43924553,,,,,,,,,,,,,,,,
2.18258392,41.43924553,,,,,,,,,,,,,,,,
2.16310473,41.38554485,,,,,,,,,,,,,,,,
2.16310473,41.38554485,,,,,,,,,,,,,,,,
2.16310473,41.38554485,,,,,,,,,,,,,,,,
2.16422392,41.41185095,,,,,,,,,,,,,,,,
2.16422392,41.41185095,,,,,,,,,,,,,,,,
2.13268747,41.39025954,,,,,,,,,,,,,,,,
2.13268747,41.39025954,,,,,,,,,,,,,,,,
2.13268747,41.39025954,,,,,,,,,,,,,,,,
2.18505815,41.44766274,,,,,,,,,,,,,,,,
2.18505815,41.44766274,,,,,,,,,,,,,,,,
2.15586168,41.38438368,,,,,,,,,,,,,,,,
2.15586168,41.38438368,,,,,,,,,,,,,,,,
2.19450696,41.39548998,,,,,,,,,,,,,,,,
2.16976933,41.4026713,,,,,,,,,,,,,,,,
2.16976933,41.4026713,,,,,,,,,,,,,,,,
2.17894519,41.40273545,,,,,,,,,,,,,,,,
2.17894519,41.40273545,,,,,,,,,,,,,,,,
2.12874236,41.34261015,,,,,,,,,,,,,,,,
2.12874236,41.34261015,,,,,,,,,,,,,,,,
2.12874236,41.34261015,,,,,,,,,,,,,,,,
2.13609636,41.37506118,,,,,,,,,,,,,,,,
2.13609636,41.37506118,,,,,,,,,,,,,,,,
2.17577236,41.43866224,,,,,,,,,,,,,,,,
2.18119883,41.39910881,,,,,,,,,,,,,,,,
2.18119883,41.39910881,,,,,,,,,,,,,,,,
2.14942611,41.38733226,,,,,,,,,,,,,,,,
2.14942611,41.38733226,,,,,,,,,,,,,,,,
2.14523261,41.43151385,,,,,,,,,,,,,,,,
2.14523261,41.43151385,,,,,,,,,,,,,,,,
2.15751573,41.36650312,,,,,,,,,,,,,,,,
2.15751573,41.36650312,,,,,,,,,,,,,,,,
2.15657724,41.39554767,,,,,,,,,,,,,,,,
2.15657724,41.39554767,,,,,,,,,,,,,,,,
2.15657724,41.39554767,,,,,,,,,,,,,,,,
2.15657724,41.39554767,,,,,,,,,,,,,,,,
2.15657724,41.39554767,,,,,,,,,,,,,,,,
2.15657724,41.39554767,,,,,,,,,,,,,,,,
2.15657724,41.39554767,,,,,,,,,,,,,,,,
2.15657724,41.39554767,,,,,,,,,,,,,,,,
2.15657724,41.39554767,,,,,,,,,,,,,,,,
2.15657724,41.39554767,,,,,,,,,,,,,,,,
2.19127893,41.41197011,,,,,,,,,,,,,,,,
2.19127893,41.41197011,,,,,,,,,,,,,,,,
2.19127893,41.41197011,,,,,,,,,,,,,,,,
2.19607368,41.40840144,,,,,,,,,,,,,,,,
2.19607368,41.40840144,,,,,,,,,,,,,,,,
2.17788147,41.38692895,,,,,,,,,,,,,,,,
2.17788147,41.38692895,,,,,,,,,,,,,,,,
2.18689012,41.41528517,,,,,,,,,,,,,,,,
2.18689012,41.41528517,,,,,,,,,,,,,,,,
2.13807513,41.41418638,,,,,,,,,,,,,,,,
2.13807513,41.41418638,,,,,,,,,,,,,,,,
2.13807513,41.41418638,,,,,,,,,,,,,,,,
2.13758505,41.36174955,,,,,,,,,,,,,,,,
2.1634473,41.39107401,,,,,,,,,,,,,,,,
2.1634473,41.39107401,,,,,,,,,,,,,,,,
2.15505897,41.3847685,,,,,,,,,,,,,,,,
2.15505897,41.3847685,,,,,,,,,,,,,,,,
2.18007765,41.39828275,,,,,,,,,,,,,,,,
2.18007765,41.39828275,,,,,,,,,,,,,,,,
2.18007765,41.39828275,,,,,,,,,,,,,,,,
2.19434197,41.41126232,,,,,,,,,,,,,,,,
2.19434197,41.41126232,,,,,,,,,,,,,,,,
2.19127893,41.41197011,,,,,,,,,,,,,,,,
2.19127893,41.41197011,,,,,,,,,,,,,,,,
2.11434447,41.40155128,,,,,,,,,,,,,,,,
2.11434447,41.40155128,,,,,,,,,,,,,,,,
2.11590519,41.40292887,,,,,,,,,,,,,,,,
2.11590519,41.40292887,,,,,,,,,,,,,,,,
2.11590519,41.40292887,,,,,,,,,,,,,,,,
2.11590519,41.40292887,,,,,,,,,,,,,,,,
2.13419239,41.40290717,,,,,,,,,,,,,,,,
2.13419239,41.40290717,,,,,,,,,,,,,,,,
2.13419239,41.40290717,,,,,,,,,,,,,,,,
2.14631138,41.43314257,,,,,,,,,,,,,,,,
2.14631138,41.43314257,,,,,,,,,,,,,,,,
2.12641261,41.39357124,,,,,,,,,,,,,,,,
2.12641261,41.39357124,,,,,,,,,,,,,,,,
2.12714572,41.41091895,,,,,,,,,,,,,,,,
2.12714572,41.41091895,,,,,,,,,,,,,,,,
2.13344023,41.39814124,,,,,,,,,,,,,,,,
2.13344023,41.39814124,,,,,,,,,,,,,,,,
2.11164331,41.38500308,,,,,,,,,,,,,,,,
2.11164331,41.38500308,,,,,,,,,,,,,,,,
2.11164331,41.38500308,,,,,,,,,,,,,,,,
2.12691805,41.38541829,,,,,,,,,,,,,,,,
2.12691805,41.38541829,,,,,,,,,,,,,,,,
2.1350066,41.41465579,,,,,,,,,,,,,,,,
2.1350066,41.41465579,,,,,,,,,,,,,,,,
2.19942355,41.39558062,,,,,,,,,,,,,,,,
2.19942355,41.39558062,,,,,,,,,,,,,,,,
2.19942355,41.39558062,,,,,,,,,,,,,,,,
2.19942355,41.39558062,,,,,,,,,,,,,,,,
2.15222403,41.38167598,,,,,,,,,,,,,,,,
2.15222403,41.38167598,,,,,,,,,,,,,,,,
2.20839791,41.41956618,,,,,,,,,,,,,,,,
2.20839791,41.41956618,,,,,,,,,,,,,,,,
2.16495958,41.39169994,,,,,,,,,,,,,,,,
2.16495958,41.39169994,,,,,,,,,,,,,,,,
2.17544171,41.39668038,,,,,,,,,,,,,,,,
2.17544171,41.39668038,,,,,,,,,,,,,,,,
2.17630792,41.37476239,,,,,,,,,,,,,,,,
2.17630792,41.37476239,,,,,,,,,,,,,,,,
2.18909021,41.39312798,,,,,,,,,,,,,,,,
2.18909021,41.39312798,,,,,,,,,,,,,,,,
2.17759403,41.37386495,,,,,,,,,,,,,,,,
2.17759403,41.37386495,,,,,,,,,,,,,,,,
2.17759403,41.37386495,,,,,,,,,,,,,,,,
2.16620418,41.3947345,,,,,,,,,,,,,,,,
2.16620418,41.3947345,,,,,,,,,,,,,,,,
2.14224411,41.39175848,,,,,,,,,,,,,,,,
2.14224411,41.39175848,,,,,,,,,,,,,,,,
2.14224411,41.39175848,,,,,,,,,,,,,,,,
2.14394459,41.37321682,,,,,,,,,,,,,,,,
2.14394459,41.37321682,,,,,,,,,,,,,,,,
2.14394459,41.37321682,,,,,,,,,,,,,,,,
2.18091452,41.41956209,,,,,,,,,,,,,,,,
2.17204954,41.40264345,,,,,,,,,,,,,,,,
2.17204954,41.40264345,,,,,,,,,,,,,,,,
2.15290294,41.377873,,,,,,,,,,,,,,,,
2.15290294,41.377873,,,,,,,,,,,,,,,,
2.16380267,41.39303332,,,,,,,,,,,,,,,,
2.16380267,41.39303332,,,,,,,,,,,,,,,,
2.14290286,41.39857091,,,,,,,,,,,,,,,,
2.14290286,41.39857091,,,,,,,,,,,,,,,,
2.13058038,41.37057936,,,,,,,,,,,,,,,,
2.13058038,41.37057936,,,,,,,,,,,,,,,,
2.20736414,41.40495988,,,,,,,,,,,,,,,,
2.20736414,41.40495988,,,,,,,,,,,,,,,,
2.16399973,41.38654691,,,,,,,,,,,,,,,,
2.16399973,41.38654691,,,,,,,,,,,,,,,,
2.15856052,41.38213403,,,,,,,,,,,,,,,,
2.15856052,41.38213403,,,,,,,,,,,,,,,,
2.11493129,41.3856531,,,,,,,,,,,,,,,,
2.11493129,41.3856531,,,,,,,,,,,,,,,,
2.16641333,41.36034532,,,,,,,,,,,,,,,,
2.16641333,41.36034532,,,,,,,,,,,,,,,,
2.16641333,41.36034532,,,,,,,,,,,,,,,,
2.16641333,41.36034532,,,,,,,,,,,,,,,,
2.14123312,41.39232585,,,,,,,,,,,,,,,,
2.14123312,41.39232585,,,,,,,,,,,,,,,,
2.15014945,41.39287362,,,,,,,,,,,,,,,,
2.15014945,41.39287362,,,,,,,,,,,,,,,,
2.1327789,41.39801588,,,,,,,,,,,,,,,,
2.1327789,41.39801588,,,,,,,,,,,,,,,,
2.13268747,41.39025954,,,,,,,,,,,,,,,,
2.13268747,41.39025954,,,,,,,,,,,,,,,,
2.15902974,41.38535133,,,,,,,,,,,,,,,,
2.15902974,41.38535133,,,,,,,,,,,,,,,,
2.16636306,41.40182002,,,,,,,,,,,,,,,,
2.16636306,41.40182002,,,,,,,,,,,,,,,,
2.17661079,41.40778884,,,,,,,,,,,,,,,,
2.17661079,41.40778884,,,,,,,,,,,,,,,,
2.19436086,41.41403446,,,,,,,,,,,,,,,,
2.19436086,41.41403446,,,,,,,,,,,,,,,,
2.14296803,41.38765766,,,,,,,,,,,,,,,,
2.14296803,41.38765766,,,,,,,,,,,,,,,,
2.13260342,41.4144626,,,,,,,,,,,,,,,,
2.13260342,41.4144626,,,,,,,,,,,,,,,,
2.15735811,41.3915861,,,,,,,,,,,,,,,,
2.15735811,41.3915861,,,,,,,,,,,,,,,,
2.16863945,41.39498292,,,,,,,,,,,,,,,,
2.16863945,41.39498292,,,,,,,,,,,,,,,,
2.17951136,41.40153061,,,,,,,,,,,,,,,,
2.17951136,41.40153061,,,,,,,,,,,,,,,,
2.17737449,41.37397498,,,,,,,,,,,,,,,,
2.17737449,41.37397498,,,,,,,,,,,,,,,,
2.20580495,41.41738151,,,,,,,,,,,,,,,,
2.20580495,41.41738151,,,,,,,,,,,,,,,,
2.18402644,41.38207075,,,,,,,,,,,,,,,,
2.18402644,41.38207075,,,,,,,,,,,,,,,,
2.16297842,41.39587376,,,,,,,,,,,,,,,,
2.16297842,41.39587376,,,,,,,,,,,,,,,,
2.1404789,41.42124753,,,,,,,,,,,,,,,,
2.1404789,41.42124753,,,,,,,,,,,,,,,,
2.20142749,41.39179229,,,,,,,,,,,,,,,,
2.20142749,41.39179229,,,,,,,,,,,,,,,,
2.20142749,41.39179229,,,,,,,,,,,,,,,,
2.20142749,41.39179229,,,,,,,,,,,,,,,,
2.20142749,41.39179229,,,,,,,,,,,,,,,,
2.14914236,41.40603515,,,,,,,,,,,,,,,,
2.14914236,41.40603515,,,,,,,,,,,,,,,,
2.15657831,41.43026305,,,,,,,,,,,,,,,,
2.15657831,41.43026305,,,,,,,,,,,,,,,,
2.15657831,41.43026305,,,,,,,,,,,,,,,,
2.18224206,41.40689727,,,,,,,,,,,,,,,,
2.18224206,41.40689727,,,,,,,,,,,,,,,,
2.18224206,41.40689727,,,,,,,,,,,,,,,,
2.19717777,41.39559131,,,,,,,,,,,,,,,,
2.1176127,41.40418345,,,,,,,,,,,,,,,,
2.1176127,41.40418345,,,,,,,,,,,,,,,,
2.1366199,41.37635517,,,,,,,,,,,,,,,,
2.1366199,41.37635517,,,,,,,,,,,,,,,,
2.21390114,41.40270138,,,,,,,,,,,,,,,,
2.17072456,41.38414824,,,,,,,,,,,,,,,,
2.17072456,41.38414824,,,,,,,,,,,,,,,,
2.18927972,41.39819186,,,,,,,,,,,,,,,,
2.18927972,41.39819186,,,,,,,,,,,,,,,,
2.16828728,41.37516066,,,,,,,,,,,,,,,,
2.16828728,41.37516066,,,,,,,,,,,,,,,,
2.16828728,41.37516066,,,,,,,,,,,,,,,,
2.15440206,41.38527274,,,,,,,,,,,,,,,,
2.15440206,41.38527274,,,,,,,,,,,,,,,,
2.20600661,41.44344694,,,,,,,,,,,,,,,,
2.18353483,41.39228575,,,,,,,,,,,,,,,,
2.13859421,41.35785972,,,,,,,,,,,,,,,,
2.13859421,41.35785972,,,,,,,,,,,,,,,,
2.1197679,41.38605478,,,,,,,,,,,,,,,,
2.1197679,41.38605478,,,,,,,,,,,,,,,,
2.11285461,41.3943164,,,,,,,,,,,,,,,,
2.11285461,41.3943164,,,,,,,,,,,,,,,,
2.1073309,41.38911877,,,,,,,,,,,,,,,,
2.1073309,41.38911877,,,,,,,,,,,,,,,,
2.17086285,41.44349829,,,,,,,,,,,,,,,,
2.16207494,41.37607102,,,,,,,,,,,,,,,,
2.16207494,41.37607102,,,,,,,,,,,,,,,,
2.16207494,41.37607102,,,,,,,,,,,,,,,,
2.16207494,41.37607102,,,,,,,,,,,,,,,,
2.16207494,41.37607102,,,,,,,,,,,,,,,,
2.16207494,41.37607102,,,,,,,,,,,,,,,,
2.16207494,41.37607102,,,,,,,,,,,,,,,,
2.16975271,41.3924261,,,,,,,,,,,,,,,,
2.16975271,41.3924261,,,,,,,,,,,,,,,,
2.14604289,41.36308737,,,,,,,,,,,,,,,,
2.14604289,41.36308737,,,,,,,,,,,,,,,,
2.14604289,41.36308737,,,,,,,,,,,,,,,,
2.13720897,41.35718348,,,,,,,,,,,,,,,,
2.13720897,41.35718348,,,,,,,,,,,,,,,,
2.14550577,41.34779567,,,,,,,,,,,,,,,,
2.14550577,41.34779567,,,,,,,,,,,,,,,,
2.16115388,41.37480492,,,,,,,,,,,,,,,,
2.16115388,41.37480492,,,,,,,,,,,,,,,,
2.15507763,41.38647851,,,,,,,,,,,,,,,,
2.15507763,41.38647851,,,,,,,,,,,,,,,,
2.14405046,41.39326761,,,,,,,,,,,,,,,,
2.14405046,41.39326761,,,,,,,,,,,,,,,,
2.14811797,41.37496978,,,,,,,,,,,,,,,,
2.14811797,41.37496978,,,,,,,,,,,,,,,,
2.16465157,41.38563964,,,,,,,,,,,,,,,,
2.16465157,41.38563964,,,,,,,,,,,,,,,,
2.10715566,41.3881834,,,,,,,,,,,,,,,,
2.10715566,41.3881834,,,,,,,,,,,,,,,,
2.16362149,41.41555223,,,,,,,,,,,,,,,,
2.16362149,41.41555223,,,,,,,,,,,,,,,,
2.17411096,41.43190805,,,,,,,,,,,,,,,,
2.17411096,41.43190805,,,,,,,,,,,,,,,,
2.20300373,41.42857068,,,,,,,,,,,,,,,,
2.20300373,41.42857068,,,,,,,,,,,,,,,,
2.15918567,41.38292553,,,,,,,,,,,,,,,,
2.16380267,41.39303332,,,,,,,,,,,,,,,,
2.16380267,41.39303332,,,,,,,,,,,,,,,,
2.16012497,41.36826145,,,,,,,,,,,,,,,,
2.16012497,41.36826145,,,,,,,,,,,,,,,,
2.13245648,41.37245401,,,,,,,,,,,,,,,,
2.13245648,41.37245401,,,,,,,,,,,,,,,,
2.13046368,41.37549168,,,,,,,,,,,,,,,,
2.13046368,41.37549168,,,,,,,,,,,,,,,,
2.13046368,41.37549168,,,,,,,,,,,,,,,,
2.20153757,41.39111531,,,,,,,,,,,,,,,,
2.18007765,41.39828275,,,,,,,,,,,,,,,,
2.18007765,41.39828275,,,,,,,,,,,,,,,,
2.14100305,41.39144391,,,,,,,,,,,,,,,,
2.14100305,41.39144391,,,,,,,,,,,,,,,,
2.17460218,41.40104368,,,,,,,,,,,,,,,,
2.17460218,41.40104368,,,,,,,,,,,,,,,,
2.17831124,41.4330095,,,,,,,,,,,,,,,,
2.17831124,41.4330095,,,,,,,,,,,,,,,,
2.17831124,41.4330095,,,,,,,,,,,,,,,,
2.15583549,41.38590679,,,,,,,,,,,,,,,,
2.15583549,41.38590679,,,,,,,,,,,,,,,,
2.14741241,41.41007849,,,,,,,,,,,,,,,,
2.14383847,41.34507064,,,,,,,,,,,,,,,,
2.14383847,41.34507064,,,,,,,,,,,,,,,,
2.18637521,41.42445315,,,,,,,,,,,,,,,,
2.18637521,41.42445315,,,,,,,,,,,,,,,,
2.18637521,41.42445315,,,,,,,,,,,,,,,,
2.16526021,41.40436376,,,,,,,,,,,,,,,,
2.16526021,41.40436376,,,,,,,,,,,,,,,,
2.16290549,41.39047778,,,,,,,,,,,,,,,,
2.16290549,41.39047778,,,,,,,,,,,,,,,,
2.1720366,41.39753948,,,,,,,,,,,,,,,,
2.1720366,41.39753948,,,,,,,,,,,,,,,,
2.1720366,41.39753948,,,,,,,,,,,,,,,,
2.1720366,41.39753948,,,,,,,,,,,,,,,,
2.16170484,41.36680805,,,,,,,,,,,,,,,,
2.16170484,41.36680805,,,,,,,,,,,,,,,,
2.16170484,41.36680805,,,,,,,,,,,,,,,,
2.10860088,41.38400465,,,,,,,,,,,,,,,,
2.10860088,41.38400465,,,,,,,,,,,,,,,,
2.21695076,41.40619531,,,,,,,,,,,,,,,,
2.21695076,41.40619531,,,,,,,,,,,,,,,,
2.21695076,41.40619531,,,,,,,,,,,,,,,,
2.15705623,41.37519301,,,,,,,,,,,,,,,,
2.15705623,41.37519301,,,,,,,,,,,,,,,,
2.16311045,41.39745262,,,,,,,,,,,,,,,,
2.16311045,41.39745262,,,,,,,,,,,,,,,,
2.19927511,41.44503913,,,,,,,,,,,,,,,,
2.19927511,41.44503913,,,,,,,,,,,,,,,,
2.1296036,41.41294186,,,,,,,,,,,,,,,,
2.1296036,41.41294186,,,,,,,,,,,,,,,,
2.1296036,41.41294186,,,,,,,,,,,,,,,,
2.1296036,41.41294186,,,,,,,,,,,,,,,,
2.1296036,41.41294186,,,,,,,,,,,,,,,,
2.18521783,41.41302644,,,,,,,,,,,,,,,,
2.18521783,41.41302644,,,,,,,,,,,,,,,,
2.16415049,41.40350303,,,,,,,,,,,,,,,,
2.16415049,41.40350303,,,,,,,,,,,,,,,,
2.16498092,41.44117623,,,,,,,,,,,,,,,,
2.16498092,41.44117623,,,,,,,,,,,,,,,,
2.16498092,41.44117623,,,,,,,,,,,,,,,,
2.16264892,41.40587212,,,,,,,,,,,,,,,,
2.16264892,41.40587212,,,,,,,,,,,,,,,,
2.1408363,41.37176221,,,,,,,,,,,,,,,,
2.1408363,41.37176221,,,,,,,,,,,,,,,,
2.14566592,41.3510013,,,,,,,,,,,,,,,,
2.14566592,41.3510013,,,,,,,,,,,,,,,,
2.14566592,41.3510013,,,,,,,,,,,,,,,,
2.16863895,41.40353382,,,,,,,,,,,,,,,,
2.16863895,41.40353382,,,,,,,,,,,,,,,,
2.1997341,41.44281331,,,,,,,,,,,,,,,,
2.1997341,41.44281331,,,,,,,,,,,,,,,,
2.1997341,41.44281331,,,,,,,,,,,,,,,,
2.16785133,41.40618435,,,,,,,,,,,,,,,,
2.16785133,41.40618435,,,,,,,,,,,,,,,,
2.19787666,41.40718275,,,,,,,,,,,,,,,,
2.19787666,41.40718275,,,,,,,,,,,,,,,,
2.13481335,41.40021801,,,,,,,,,,,,,,,,
2.13481335,41.40021801,,,,,,,,,,,,,,,,
2.13481335,41.40021801,,,,,,,,,,,,,,,,
2.13481335,41.40021801,,,,,,,,,,,,,,,,
2.13481335,41.40021801,,,,,,,,,,,,,,,,
2.17000266,41.37496791,,,,,,,,,,,,,,,,
2.17000266,41.37496791,,,,,,,,,,,,,,,,
2.16776127,41.43784794,,,,,,,,,,,,,,,,
2.16776127,41.43784794,,,,,,,,,,,,,,,,
2.19045833,41.40394126,,,,,,,,,,,,,,,,
2.18294773,41.39001875,,,,,,,,,,,,,,,,
2.18294773,41.39001875,,,,,,,,,,,,,,,,
2.13712502,41.39076907,,,,,,,,,,,,,,,,
2.13712502,41.39076907,,,,,,,,,,,,,,,,
2.13524593,41.36408938,,,,,,,,,,,,,,,,
2.13524593,41.36408938,,,,,,,,,,,,,,,,
2.13524593,41.36408938,,,,,,,,,,,,,,,,
2.16314884,41.38524047,,,,,,,,,,,,,,,,
2.16314884,41.38524047,,,,,,,,,,,,,,,,
2.14680735,41.37871599,,,,,,,,,,,,,,,,
2.14680735,41.37871599,,,,,,,,,,,,,,,,
2.17860053,41.39684583,,,,,,,,,,,,,,,,
2.17860053,41.39684583,,,,,,,,,,,,,,,,
2.16882059,41.42734944,,,,,,,,,,,,,,,,
2.16882059,41.42734944,,,,,,,,,,,,,,,,
2.14459252,41.35904591,,,,,,,,,,,,,,,,
2.14459252,41.35904591,,,,,,,,,,,,,,,,
2.19328913,41.38090705,,,,,,,,,,,,,,,,
2.19328913,41.38090705,,,,,,,,,,,,,,,,
2.13966148,41.41953897,,,,,,,,,,,,,,,,
2.13966148,41.41953897,,,,,,,,,,,,,,,,
2.14883228,41.40584779,,,,,,,,,,,,,,,,
2.14883228,41.40584779,,,,,,,,,,,,,,,,
2.18007765,41.39828275,,,,,,,,,,,,,,,,
2.18007765,41.39828275,,,,,,,,,,,,,,,,
2.15452065,41.40181513,,,,,,,,,,,,,,,,
2.15452065,41.40181513,,,,,,,,,,,,,,,,
2.15620472,41.38733005,,,,,,,,,,,,,,,,
2.15620472,41.38733005,,,,,,,,,,,,,,,,
2.1653522,41.38724102,,,,,,,,,,,,,,,,
2.1653522,41.38724102,,,,,,,,,,,,,,,,
2.14827183,41.38987951,,,,,,,,,,,,,,,,
2.14827183,41.38987951,,,,,,,,,,,,,,,,
2.14827183,41.38987951,,,,,,,,,,,,,,,,
2.17252856,41.38838311,,,,,,,,,,,,,,,,
2.17252856,41.38838311,,,,,,,,,,,,,,,,
2.1429063,41.38024879,,,,,,,,,,,,,,,,
2.1429063,41.38024879,,,,,,,,,,,,,,,,
2.1429063,41.38024879,,,,,,,,,,,,,,,,
2.15375409,41.4088894,,,,,,,,,,,,,,,,
2.15375409,41.4088894,,,,,,,,,,,,,,,,
2.18439176,41.42831755,,,,,,,,,,,,,,,,
2.18439176,41.42831755,,,,,,,,,,,,,,,,
2.17741597,41.4034289,,,,,,,,,,,,,,,,
2.15683066,41.42071657,,,,,,,,,,,,,,,,
2.19989899,41.41929631,,,,,,,,,,,,,,,,
2.19989899,41.41929631,,,,,,,,,,,,,,,,
2.21218572,41.40474032,,,,,,,,,,,,,,,,
2.21218572,41.40474032,,,,,,,,,,,,,,,,
2.18381623,41.40978943,,,,,,,,,,,,,,,,
2.18381623,41.40978943,,,,,,,,,,,,,,,,
2.20274414,41.39306461,,,,,,,,,,,,,,,,
2.20274414,41.39306461,,,,,,,,,,,,,,,,
2.18981487,41.40945058,,,,,,,,,,,,,,,,
2.18981487,41.40945058,,,,,,,,,,,,,,,,
2.16866131,41.40521984,,,,,,,,,,,,,,,,
2.16866131,41.40521984,,,,,,,,,,,,,,,,
2.16866131,41.40521984,,,,,,,,,,,,,,,,
2.14508512,41.36700446,,,,,,,,,,,,,,,,
2.14508512,41.36700446,,,,,,,,,,,,,,,,
2.16637439,41.40012586,,,,,,,,,,,,,,,,
2.16637439,41.40012586,,,,,,,,,,,,,,,,
2.16637439,41.40012586,,,,,,,,,,,,,,,,
2.14918513,41.37550231,,,,,,,,,,,,,,,,
2.14918513,41.37550231,,,,,,,,,,,,,,,,
2.18747922,41.40937336,,,,,,,,,,,,,,,,
2.18747922,41.40937336,,,,,,,,,,,,,,,,
2.15168313,41.39417231,,,,,,,,,,,,,,,,
2.15168313,41.39417231,,,,,,,,,,,,,,,,
2.17632259,41.41254689,,,,,,,,,,,,,,,,
2.17632259,41.41254689,,,,,,,,,,,,,,,,
2.14206604,41.34632169,,,,,,,,,,,,,,,,
2.14206604,41.34632169,,,,,,,,,,,,,,,,
2.19314686,41.44728605,,,,,,,,,,,,,,,,
2.19314686,41.44728605,,,,,,,,,,,,,,,,
2.13966542,41.39638673,,,,,,,,,,,,,,,,
2.13966542,41.39638673,,,,,,,,,,,,,,,,
2.13413961,41.39933787,,,,,,,,,,,,,,,,
2.13413961,41.39933787,,,,,,,,,,,,,,,,
2.13413961,41.39933787,,,,,,,,,,,,,,,,
2.18168443,41.44649662,,,,,,,,,,,,,,,,
2.16961707,41.36296607,,,,,,,,,,,,,,,,
2.16961707,41.36296607,,,,,,,,,,,,,,,,
2.1122961,41.39742424,,,,,,,,,,,,,,,,
2.1122961,41.39742424,,,,,,,,,,,,,,,,
2.1815144,41.44624247,,,,,,,,,,,,,,,,
2.1815144,41.44624247,,,,,,,,,,,,,,,,
2.1815144,41.44624247,,,,,,,,,,,,,,,,
2.14344009,41.4280144,,,,,,,,,,,,,,,,
2.14344009,41.4280144,,,,,,,,,,,,,,,,
2.1421272,41.37516884,,,,,,,,,,,,,,,,
2.1421272,41.37516884,,,,,,,,,,,,,,,,
2.14827849,41.38476979,,,,,,,,,,,,,,,,
2.14827849,41.38476979,,,,,,,,,,,,,,,,
2.14970801,41.40606487,,,,,,,,,,,,,,,,
2.14970801,41.40606487,,,,,,,,,,,,,,,,
2.18322821,41.38755082,,,,,,,,,,,,,,,,
2.18322821,41.38755082,,,,,,,,,,,,,,,,
2.19011262,41.41453945,,,,,,,,,,,,,,,,
2.19011262,41.41453945,,,,,,,,,,,,,,,,
2.18452894,41.42221106,,,,,,,,,,,,,,,,
2.18452894,41.42221106,,,,,,,,,,,,,,,,
2.12940714,41.3834263,,,,,,,,,,,,,,,,
2.15368661,41.38021055,,,,,,,,,,,,,,,,
2.15368661,41.38021055,,,,,,,,,,,,,,,,
2.18146322,41.4464682,,,,,,,,,,,,,,,,
2.18146322,41.4464682,,,,,,,,,,,,,,,,
2.19126829,41.4170749,,,,,,,,,,,,,,,,
2.19126829,41.4170749,,,,,,,,,,,,,,,,
2.19961367,41.43911181,,,,,,,,,,,,,,,,
2.19961367,41.43911181,,,,,,,,,,,,,,,,
2.1558222,41.38066639,,,,,,,,,,,,,,,,
2.1558222,41.38066639,,,,,,,,,,,,,,,,
2.15836911,41.42555989,,,,,,,,,,,,,,,,
2.15836911,41.42555989,,,,,,,,,,,,,,,,
2.15988436,41.43968825,,,,,,,,,,,,,,,,
2.17461576,41.39518836,,,,,,,,,,,,,,,,
2.17461576,41.39518836,,,,,,,,,,,,,,,,
2.1310231,41.37484439,,,,,,,,,,,,,,,,
2.17540938,41.43284699,,,,,,,,,,,,,,,,
2.17540938,41.43284699,,,,,,,,,,,,,,,,
2.15988436,41.43968825,,,,,,,,,,,,,,,,
2.15988436,41.43968825,,,,,,,,,,,,,,,,
2.1296036,41.41294186,,,,,,,,,,,,,,,,
2.1296036,41.41294186,,,,,,,,,,,,,,,,
2.14929108,41.42034942,,,,,,,,,,,,,,,,
2.14929108,41.42034942,,,,,,,,,,,,,,,,
2.1750094,41.41694603,,,,,,,,,,,,,,,,
2.1750094,41.41694603,,,,,,,,,,,,,,,,
2.18482474,41.44671617,,,,,,,,,,,,,,,,
2.18482474,41.44671617,,,,,,,,,,,,,,,,
2.1498821,41.40579118,,,,,,,,,,,,,,,,
2.1498821,41.40579118,,,,,,,,,,,,,,,,
2.1498821,41.40579118,,,,,,,,,,,,,,,,
2.19661386,41.39087663,,,,,,,,,,,,,,,,
2.19661386,41.39087663,,,,,,,,,,,,,,,,
2.15100941,41.40990412,,,,,,,,,,,,,,,,
2.15100941,41.40990412,,,,,,,,,,,,,,,,
2.16310473,41.38554485,,,,,,,,,,,,,,,,
2.16310473,41.38554485,,,,,,,,,,,,,,,,
2.15131833,41.39204824,,,,,,,,,,,,,,,,
2.15131833,41.39204824,,,,,,,,,,,,,,,,
2.15923324,41.396216,,,,,,,,,,,,,,,,
2.15923324,41.396216,,,,,,,,,,,,,,,,
2.14054472,41.38674858,,,,,,,,,,,,,,,,
2.14054472,41.38674858,,,,,,,,,,,,,,,,
2.17604208,41.43619107,,,,,,,,,,,,,,,,
2.17059283,41.44291903,,,,,,,,,,,,,,,,
2.17059283,41.44291903,,,,,,,,,,,,,,,,
2.1302537,41.38523321,,,,,,,,,,,,,,,,
2.1302537,41.38523321,,,,,,,,,,,,,,,,
2.15890127,41.42361718,,,,,,,,,,,,,,,,
2.16863523,41.39671017,,,,,,,,,,,,,,,,
2.16863523,41.39671017,,,,,,,,,,,,,,,,
2.13855397,41.41474666,,,,,,,,,,,,,,,,
2.13855397,41.41474666,,,,,,,,,,,,,,,,
2.11613291,41.40338051,,,,,,,,,,,,,,,,
2.11613291,41.40338051,,,,,,,,,,,,,,,,
2.18753283,41.42394719,,,,,,,,,,,,,,,,
2.14232979,41.42478473,,,,,,,,,,,,,,,,
2.14232979,41.42478473,,,,,,,,,,,,,,,,
2.17048621,41.39951907,,,,,,,,,,,,,,,,
2.17048621,41.39951907,,,,,,,,,,,,,,,,
2.16952378,41.41591488,,,,,,,,,,,,,,,,
2.16952378,41.41591488,,,,,,,,,,,,,,,,
2.1078381,41.38303189,,,,,,,,,,,,,,,,
2.1078381,41.38303189,,,,,,,,,,,,,,,,
2.15430328,41.38038335,,,,,,,,,,,,,,,,
2.15430328,41.38038335,,,,,,,,,,,,,,,,
2.15355867,41.35128683,,,,,,,,,,,,,,,,
2.16301688,41.39056275,,,,,,,,,,,,,,,,
2.16301688,41.39056275,,,,,,,,,,,,,,,,
2.21207101,41.39946635,,,,,,,,,,,,,,,,
2.21207101,41.39946635,,,,,,,,,,,,,,,,
2.1784549,41.37556768,,,,,,,,,,,,,,,,
2.1784549,41.37556768,,,,,,,,,,,,,,,,
2.1784549,41.37556768,,,,,,,,,,,,,,,,
2.18379815,41.40820053,,,,,,,,,,,,,,,,
2.18379815,41.40820053,,,,,,,,,,,,,,,,
2.20438954,41.42220951,,,,,,,,,,,,,,,,
2.20438954,41.42220951,,,,,,,,,,,,,,,,
2.18089101,41.4224587,,,,,,,,,,,,,,,,
2.18089101,41.4224587,,,,,,,,,,,,,,,,
2.18224206,41.40689727,,,,,,,,,,,,,,,,
2.18224206,41.40689727,,,,,,,,,,,,,,,,
2.18224206,41.40689727,,,,,,,,,,,,,,,,
2.18703243,41.38151575,,,,,,,,,,,,,,,,
2.18703243,41.38151575,,,,,,,,,,,,,,,,
2.13022222,41.37715344,,,,,,,,,,,,,,,,
2.13022222,41.37715344,,,,,,,,,,,,,,,,
2.1588058,41.39035638,,,,,,,,,,,,,,,,
2.1588058,41.39035638,,,,,,,,,,,,,,,,
2.18685275,41.38260242,,,,,,,,,,,,,,,,
2.18685275,41.38260242,,,,,,,,,,,,,,,,
2.17469152,41.39370208,,,,,,,,,,,,,,,,
2.17469152,41.39370208,,,,,,,,,,,,,,,,
2.14566592,41.3510013,,,,,,,,,,,,,,,,
2.14566592,41.3510013,,,,,,,,,,,,,,,,
2.14480182,41.34888836,,,,,,,,,,,,,,,,
2.14480182,41.34888836,,,,,,,,,,,,,,,,
2.14480182,41.34888836,,,,,,,,,,,,,,,,
2.14480182,41.34888836,,,,,,,,,,,,,,,,
2.16325927,41.39792291,,,,,,,,,,,,,,,,
2.16325927,41.39792291,,,,,,,,,,,,,,,,
2.16110736,41.36883071,,,,,,,,,,,,,,,,
2.16110736,41.36883071,,,,,,,,,,,,,,,,
2.16110736,41.36883071,,,,,,,,,,,,,,,,
2.18871769,41.42276775,,,,,,,,,,,,,,,,
2.18871769,41.42276775,,,,,,,,,,,,,,,,
2.17888962,41.40438836,,,,,,,,,,,,,,,,
2.17888962,41.40438836,,,,,,,,,,,,,,,,
2.17888962,41.40438836,,,,,,,,,,,,,,,,
2.17888962,41.40438836,,,,,,,,,,,,,,,,
2.17888962,41.40438836,,,,,,,,,,,,,,,,
2.17888962,41.40438836,,,,,,,,,,,,,,,,
2.19818961,41.41188794,,,,,,,,,,,,,,,,
2.19818961,41.41188794,,,,,,,,,,,,,,,,
2.16788726,41.41096645,,,,,,,,,,,,,,,,
2.16788726,41.41096645,,,,,,,,,,,,,,,,
2.16649049,41.4121504,,,,,,,,,,,,,,,,
2.16649049,41.4121504,,,,,,,,,,,,,,,,
2.17091715,41.40350654,,,,,,,,,,,,,,,,
2.17091715,41.40350654,,,,,,,,,,,,,,,,
2.14829877,41.39330758,,,,,,,,,,,,,,,,
2.14829877,41.39330758,,,,,,,,,,,,,,,,
2.16033182,41.38378801,,,,,,,,,,,,,,,,
2.16033182,41.38378801,,,,,,,,,,,,,,,,
2.16033182,41.38378801,,,,,,,,,,,,,,,,
2.16033182,41.38378801,,,,,,,,,,,,,,,,
2.17516609,41.38644722,,,,,,,,,,,,,,,,
2.17516609,41.38644722,,,,,,,,,,,,,,,,
2.16677075,41.39544183,,,,,,,,,,,,,,,,
2.16677075,41.39544183,,,,,,,,,,,,,,,,
2.14762459,41.37051164,,,,,,,,,,,,,,,,
2.14762459,41.37051164,,,,,,,,,,,,,,,,
2.14834058,41.37540324,,,,,,,,,,,,,,,,
2.14834058,41.37540324,,,,,,,,,,,,,,,,
2.14834058,41.37540324,,,,,,,,,,,,,,,,
2.15258749,41.37478492,,,,,,,,,,,,,,,,
2.15258749,41.37478492,,,,,,,,,,,,,,,,
2.15258749,41.37478492,,,,,,,,,,,,,,,,
2.15958938,41.43947186,,,,,,,,,,,,,,,,
2.15958938,41.43947186,,,,,,,,,,,,,,,,
2.19221495,41.44686486,,,,,,,,,,,,,,,,
2.21000386,41.40295589,,,,,,,,,,,,,,,,
2.21000386,41.40295589,,,,,,,,,,,,,,,,
2.16814109,41.38707594,,,,,,,,,,,,,,,,
2.16814109,41.38707594,,,,,,,,,,,,,,,,
2.16814109,41.38707594,,,,,,,,,,,,,,,,
2.16407246,41.39841032,,,,,,,,,,,,,,,,
2.16407246,41.39841032,,,,,,,,,,,,,,,,
2.18687095,41.394755,,,,,,,,,,,,,,,,
2.18687095,41.394755,,,,,,,,,,,,,,,,
2.10891878,41.39162124,,,,,,,,,,,,,,,,
2.10891878,41.39162124,,,,,,,,,,,,,,,,
2.16933226,41.38783727,,,,,,,,,,,,,,,,
2.16933226,41.38783727,,,,,,,,,,,,,,,,
2.16933226,41.38783727,,,,,,,,,,,,,,,,
2.1648836,41.39216196,,,,,,,,,,,,,,,,
2.1648836,41.39216196,,,,,,,,,,,,,,,,
2.15169269,41.3659522,,,,,,,,,,,,,,,,
2.15169269,41.3659522,,,,,,,,,,,,,,,,
2.18800721,41.41137571,,,,,,,,,,,,,,,,
2.18800721,41.41137571,,,,,,,,,,,,,,,,
2.16637539,41.39327304,,,,,,,,,,,,,,,,
2.16637539,41.39327304,,,,,,,,,,,,,,,,
2.16637539,41.39327304,,,,,,,,,,,,,,,,
2.15637178,41.41043161,,,,,,,,,,,,,,,,
2.15637178,41.41043161,,,,,,,,,,,,,,,,
2.15637178,41.41043161,,,,,,,,,,,,,,,,
2.14683379,41.37297374,,,,,,,,,,,,,,,,
2.14683379,41.37297374,,,,,,,,,,,,,,,,
2.19582652,41.4154166,,,,,,,,,,,,,,,,
2.19582652,41.4154166,,,,,,,,,,,,,,,,
2.12835926,41.40546155,,,,,,,,,,,,,,,,
2.17576928,41.44513899,,,,,,,,,,,,,,,,
2.17576928,41.44513899,,,,,,,,,,,,,,,,
2.17239361,41.44528139,,,,,,,,,,,,,,,,
2.17239361,41.44528139,,,,,,,,,,,,,,,,
2.1418998,41.39373848,,,,,,,,,,,,,,,,
2.1418998,41.39373848,,,,,,,,,,,,,,,,
2.12364851,41.4085028,,,,,,,,,,,,,,,,
2.12364851,41.4085028,,,,,,,,,,,,,,,,
2.12364851,41.4085028,,,,,,,,,,,,,,,,
2.12364851,41.4085028,,,,,,,,,,,,,,,,
2.12364851,41.4085028,,,,,,,,,,,,,,,,
2.14718987,41.38218754,,,,,,,,,,,,,,,,
2.14718987,41.38218754,,,,,,,,,,,,,,,,
2.13627219,41.41599098,,,,,,,,,,,,,,,,
2.13627219,41.41599098,,,,,,,,,,,,,,,,
2.13627219,41.41599098,,,,,,,,,,,,,,,,
2.15620472,41.38733005,,,,,,,,,,,,,,,,
2.15620472,41.38733005,,,,,,,,,,,,,,,,
2.18831713,41.45218827,,,,,,,,,,,,,,,,
2.18831713,41.45218827,,,,,,,,,,,,,,,,
2.15864963,41.3801154,,,,,,,,,,,,,,,,
2.15864963,41.3801154,,,,,,,,,,,,,,,,
2.13700278,41.41051125,,,,,,,,,,,,,,,,
2.13700278,41.41051125,,,,,,,,,,,,,,,,
2.13158522,41.39029777,,,,,,,,,,,,,,,,
2.13158522,41.39029777,,,,,,,,,,,,,,,,
2.21458793,41.40346985,,,,,,,,,,,,,,,,
2.21458793,41.40346985,,,,,,,,,,,,,,,,
2.10460844,41.38501257,,,,,,,,,,,,,,,,
2.10460844,41.38501257,,,,,,,,,,,,,,,,
2.17429189,41.3992503,,,,,,,,,,,,,,,,
2.17429189,41.3992503,,,,,,,,,,,,,,,,
2.21073735,41.41606009,,,,,,,,,,,,,,,,
2.21073735,41.41606009,,,,,,,,,,,,,,,,
2.12570222,41.37627742,,,,,,,,,,,,,,,,
2.14455397,41.39523688,,,,,,,,,,,,,,,,
2.14455397,41.39523688,,,,,,,,,,,,,,,,
2.18681801,41.44391094,,,,,,,,,,,,,,,,
2.18681801,41.44391094,,,,,,,,,,,,,,,,
2.18681801,41.44391094,,,,,,,,,,,,,,,,
2.18681801,41.44391094,,,,,,,,,,,,,,,,
2.17220721,41.42471763,,,,,,,,,,,,,,,,
2.18582309,41.42516766,,,,,,,,,,,,,,,,
2.18582309,41.42516766,,,,,,,,,,,,,,,,
2.15166465,41.39076006,,,,,,,,,,,,,,,,
2.15166465,41.39076006,,,,,,,,,,,,,,,,
2.18170613,41.42865816,,,,,,,,,,,,,,,,
2.18170613,41.42865816,,,,,,,,,,,,,,,,
2.14616659,41.37285442,,,,,,,,,,,,,,,,
2.14616659,41.37285442,,,,,,,,,,,,,,,,
2.14616659,41.37285442,,,,,,,,,,,,,,,,
2.14616659,41.37285442,,,,,,,,,,,,,,,,
2.17229929,41.38879801,,,,,,,,,,,,,,,,
2.17229929,41.38879801,,,,,,,,,,,,,,,,
2.18462675,41.42743638,,,,,,,,,,,,,,,,
2.18462675,41.42743638,,,,,,,,,,,,,,,,
2.18689012,41.41528517,,,,,,,,,,,,,,,,
2.18689012,41.41528517,,,,,,,,,,,,,,,,
2.15832853,41.43666259,,,,,,,,,,,,,,,,
2.15832853,41.43666259,,,,,,,,,,,,,,,,
2.16989582,41.39063954,,,,,,,,,,,,,,,,
2.16989582,41.39063954,,,,,,,,,,,,,,,,
2.10690213,41.38302643,,,,,,,,,,,,,,,,
2.10690213,41.38302643,,,,,,,,,,,,,,,,
2.15130706,41.39445651,,,,,,,,,,,,,,,,
2.15130706,41.39445651,,,,,,,,,,,,,,,,
2.11480827,41.38342664,,,,,,,,,,,,,,,,
2.1531998,41.39317001,,,,,,,,,,,,,,,,
2.1531998,41.39317001,,,,,,,,,,,,,,,,
2.1531998,41.39317001,,,,,,,,,,,,,,,,
2.14359178,41.42430225,,,,,,,,,,,,,,,,
2.14359178,41.42430225,,,,,,,,,,,,,,,,
2.17214762,41.39200486,,,,,,,,,,,,,,,,
2.17214762,41.39200486,,,,,,,,,,,,,,,,
2.1899909,41.40263405,,,,,,,,,,,,,,,,
2.1899909,41.40263405,,,,,,,,,,,,,,,,
2.15964951,41.38331109,,,,,,,,,,,,,,,,
2.15964951,41.38331109,,,,,,,,,,,,,,,,
2.10529257,41.38577666,,,,,,,,,,,,,,,,
2.13737054,41.40640452,,,,,,,,,,,,,,,,
2.13737054,41.40640452,,,,,,,,,,,,,,,,
2.1501574,41.39145465,,,,,,,,,,,,,,,,
2.1501574,41.39145465,,,,,,,,,,,,,,,,
2.16529373,41.39268112,,,,,,,,,,,,,,,,
2.16529373,41.39268112,,,,,,,,,,,,,,,,
2.18755716,41.3910725,,,,,,,,,,,,,,,,
2.18755716,41.3910725,,,,,,,,,,,,,,,,
2.15530282,41.37777627,,,,,,,,,,,,,,,,
2.15530282,41.37777627,,,,,,,,,,,,,,,,
2.17542635,41.39838234,,,,,,,,,,,,,,,,
2.17542635,41.39838234,,,,,,,,,,,,,,,,
2.17724269,41.37480675,,,,,,,,,,,,,,,,
2.17724269,41.37480675,,,,,,,,,,,,,,,,
2.16230389,41.39190679,,,,,,,,,,,,,,,,
2.16230389,41.39190679,,,,,,,,,,,,,,,,
2.15989104,41.42978813,,,,,,,,,,,,,,,,
2.20262912,41.42393293,,,,,,,,,,,,,,,,
2.20262912,41.42393293,,,,,,,,,,,,,,,,
2.17055232,41.37771156,,,,,,,,,,,,,,,,
2.17055232,41.37771156,,,,,,,,,,,,,,,,
2.19717777,41.39559131,,,,,,,,,,,,,,,,
2.19717777,41.39559131,,,,,,,,,,,,,,,,
2.18225178,41.40349264,,,,,,,,,,,,,,,,
2.18225178,41.40349264,,,,,,,,,,,,,,,,
2.18980964,41.38374602,,,,,,,,,,,,,,,,
2.18980964,41.38374602,,,,,,,,,,,,,,,,
2.18980964,41.38374602,,,,,,,,,,,,,,,,
2.17412253,41.41645336,,,,,,,,,,,,,,,,
2.17412253,41.41645336,,,,,,,,,,,,,,,,
2.14862828,41.39030519,,,,,,,,,,,,,,,,
2.14862828,41.39030519,,,,,,,,,,,,,,,,
2.16186966,41.38988853,,,,,,,,,,,,,,,,
2.16186966,41.38988853,,,,,,,,,,,,,,,,
2.14856015,41.38444132,,,,,,,,,,,,,,,,
2.14856015,41.38444132,,,,,,,,,,,,,,,,
2.14856015,41.38444132,,,,,,,,,,,,,,,,
2.17942903,41.40412315,,,,,,,,,,,,,,,,
2.17942903,41.40412315,,,,,,,,,,,,,,,,
2.1782479,41.38197868,,,,,,,,,,,,,,,,
2.1302537,41.38523321,,,,,,,,,,,,,,,,
2.1302537,41.38523321,,,,,,,,,,,,,,,,
2.16415,41.41166395,,,,,,,,,,,,,,,,
2.16415,41.41166395,,,,,,,,,,,,,,,,
2.20151667,41.39167188,,,,,,,,,,,,,,,,
2.20151667,41.39167188,,,,,,,,,,,,,,,,
2.1081971,41.38936901,,,,,,,,,,,,,,,,
2.1081971,41.38936901,,,,,,,,,,,,,,,,
2.11434447,41.40155128,,,,,,,,,,,,,,,,
2.11434447,41.40155128,,,,,,,,,,,,,,,,
2.14344009,41.4280144,,,,,,,,,,,,,,,,
2.14344009,41.4280144,,,,,,,,,,,,,,,,
2.14961202,41.39377784,,,,,,,,,,,,,,,,
2.14961202,41.39377784,,,,,,,,,,,,,,,,
2.20480186,41.39438426,,,,,,,,,,,,,,,,
2.20480186,41.39438426,,,,,,,,,,,,,,,,
2.20480186,41.39438426,,,,,,,,,,,,,,,,
2.20480186,41.39438426,,,,,,,,,,,,,,,,
2.20480186,41.39438426,,,,,,,,,,,,,,,,
2.17148781,41.39216971,,,,,,,,,,,,,,,,
2.17148781,41.39216971,,,,,,,,,,,,,,,,
2.14768576,41.43534259,,,,,,,,,,,,,,,,
2.14768576,41.43534259,,,,,,,,,,,,,,,,
2.15505897,41.3847685,,,,,,,,,,,,,,,,
2.15505897,41.3847685,,,,,,,,,,,,,,,,
2.19057247,41.44838864,,,,,,,,,,,,,,,,
2.19057247,41.44838864,,,,,,,,,,,,,,,,
2.19057247,41.44838864,,,,,,,,,,,,,,,,
2.1720427,41.40435787,,,,,,,,,,,,,,,,
2.1720427,41.40435787,,,,,,,,,,,,,,,,
2.14536434,41.41498281,,,,,,,,,,,,,,,,
2.14536434,41.41498281,,,,,,,,,,,,,,,,
2.14011699,41.33221123,,,,,,,,,,,,,,,,
2.14011699,41.33221123,,,,,,,,,,,,,,,,
2.14011699,41.33221123,,,,,,,,,,,,,,,,
2.19706288,41.41104091,,,,,,,,,,,,,,,,
2.19706288,41.41104091,,,,,,,,,,,,,,,,
2.12393637,41.38702756,,,,,,,,,,,,,,,,
2.12393637,41.38702756,,,,,,,,,,,,,,,,
2.1403506,41.36068695,,,,,,,,,,,,,,,,
2.1403506,41.36068695,,,,,,,,,,,,,,,,
2.1403506,41.36068695,,,,,,,,,,,,,,,,
2.20174354,41.4041441,,,,,,,,,,,,,,,,
2.20174354,41.4041441,,,,,,,,,,,,,,,,
2.1869093,41.42032433,,,,,,,,,,,,,,,,
2.1869093,41.42032433,,,,,,,,,,,,,,,,
2.17789915,41.39020904,,,,,,,,,,,,,,,,
2.17789915,41.39020904,,,,,,,,,,,,,,,,
2.19829242,41.40640572,,,,,,,,,,,,,,,,
2.19829242,41.40640572,,,,,,,,,,,,,,,,
2.17011297,41.39966581,,,,,,,,,,,,,,,,
2.17011297,41.39966581,,,,,,,,,,,,,,,,
2.17011297,41.39966581,,,,,,,,,,,,,,,,
2.13212623,41.39381856,,,,,,,,,,,,,,,,
2.13212623,41.39381856,,,,,,,,,,,,,,,,
2.12445767,41.3744978,,,,,,,,,,,,,,,,
2.12445767,41.3744978,,,,,,,,,,,,,,,,
2.20532639,41.44390064,,,,,,,,,,,,,,,,
2.20532639,41.44390064,,,,,,,,,,,,,,,,
2.16989582,41.39063954,,,,,,,,,,,,,,,,
2.16989582,41.39063954,,,,,,,,,,,,,,,,
2.15691653,41.41060508,,,,,,,,,,,,,,,,
2.15691653,41.41060508,,,,,,,,,,,,,,,,
2.14676941,41.42239724,,,,,,,,,,,,,,,,
2.19679564,41.44257815,,,,,,,,,,,,,,,,
2.19679564,41.44257815,,,,,,,,,,,,,,,,
2.16069248,41.39705914,,,,,,,,,,,,,,,,
2.16069248,41.39705914,,,,,,,,,,,,,,,,
2.1869093,41.42032433,,,,,,,,,,,,,,,,
2.1869093,41.42032433,,,,,,,,,,,,,,,,
2.13536342,41.39777526,,,,,,,,,,,,,,,,
2.13536342,41.39777526,,,,,,,,,,,,,,,,
2.17316935,41.40009194,,,,,,,,,,,,,,,,
2.17316935,41.40009194,,,,,,,,,,,,,,,,
2.16367022,41.39547834,,,,,,,,,,,,,,,,
2.16367022,41.39547834,,,,,,,,,,,,,,,,
2.17735716,41.43027493,,,,,,,,,,,,,,,,
2.17735716,41.43027493,,,,,,,,,,,,,,,,
2.11718396,41.40401034,,,,,,,,,,,,,,,,
2.11718396,41.40401034,,,,,,,,,,,,,,,,
2.11718396,41.40401034,,,,,,,,,,,,,,,,
2.20224663,41.40883615,,,,,,,,,,,,,,,,
2.20224663,41.40883615,,,,,,,,,,,,,,,,
2.20224663,41.40883615,,,,,,,,,,,,,,,,
2.18586548,41.44906373,,,,,,,,,,,,,,,,
2.13402889,41.37000818,,,,,,,,,,,,,,,,
2.13402889,41.37000818,,,,,,,,,,,,,,,,
2.18622919,41.42553876,,,,,,,,,,,,,,,,
2.18622919,41.42553876,,,,,,,,,,,,,,,,
2.13492044,41.41485413,,,,,,,,,,,,,,,,
2.13492044,41.41485413,,,,,,,,,,,,,,,,
2.15391957,41.38051699,,,,,,,,,,,,,,,,
2.14547206,41.42974762,,,,,,,,,,,,,,,,
2.14547206,41.42974762,,,,,,,,,,,,,,,,
2.17442149,41.39403565,,,,,,,,,,,,,,,,
2.17442149,41.39403565,,,,,,,,,,,,,,,,
2.17442149,41.39403565,,,,,,,,,,,,,,,,
2.16854603,41.38879964,,,,,,,,,,,,,,,,
2.16854603,41.38879964,,,,,,,,,,,,,,,,
2.11358507,41.39010165,,,,,,,,,,,,,,,,
2.11358507,41.39010165,,,,,,,,,,,,,,,,
2.16095863,41.38203344,,,,,,,,,,,,,,,,
2.16095863,41.38203344,,,,,,,,,,,,,,,,
2.13386917,41.37745969,,,,,,,,,,,,,,,,
2.13386917,41.37745969,,,,,,,,,,,,,,,,
2.17937793,41.39735532,,,,,,,,,,,,,,,,
2.17937793,41.39735532,,,,,,,,,,,,,,,,
2.1682999,41.40170643,,,,,,,,,,,,,,,,
2.1682999,41.40170643,,,,,,,,,,,,,,,,
2.20395091,41.40415498,,,,,,,,,,,,,,,,
2.20395091,41.40415498,,,,,,,,,,,,,,,,
2.1689856,41.40681929,,,,,,,,,,,,,,,,
2.1689856,41.40681929,,,,,,,,,,,,,,,,
2.11164331,41.38500308,,,,,,,,,,,,,,,,
2.11164331,41.38500308,,,,,,,,,,,,,,,,
2.12600868,41.33782031,,,,,,,,,,,,,,,,
2.12600868,41.33782031,,,,,,,,,,,,,,,,
2.12600868,41.33782031,,,,,,,,,,,,,,,,
2.18460765,41.43016915,,,,,,,,,,,,,,,,
2.18460765,41.43016915,,,,,,,,,,,,,,,,
2.19001221,41.43994731,,,,,,,,,,,,,,,,
2.19001221,41.43994731,,,,,,,,,,,,,,,,
2.14408303,41.35838273,,,,,,,,,,,,,,,,
2.14408303,41.35838273,,,,,,,,,,,,,,,,
2.14408303,41.35838273,,,,,,,,,,,,,,,,
2.15471064,41.39531451,,,,,,,,,,,,,,,,
2.15471064,41.39531451,,,,,,,,,,,,,,,,
2.11395777,41.38308781,,,,,,,,,,,,,,,,
2.11395777,41.38308781,,,,,,,,,,,,,,,,
2.15359646,41.37806682,,,,,,,,,,,,,,,,
2.15359646,41.37806682,,,,,,,,,,,,,,,,
2.14772559,41.39481436,,,,,,,,,,,,,,,,
2.14772559,41.39481436,,,,,,,,,,,,,,,,
2.14981785,41.39119872,,,,,,,,,,,,,,,,
2.14981785,41.39119872,,,,,,,,,,,,,,,,
2.18453584,41.38406987,,,,,,,,,,,,,,,,
2.18453584,41.38406987,,,,,,,,,,,,,,,,
2.16208332,41.37947613,,,,,,,,,,,,,,,,
2.16208332,41.37947613,,,,,,,,,,,,,,,,
2.20271077,41.42780855,,,,,,,,,,,,,,,,
2.20271077,41.42780855,,,,,,,,,,,,,,,,
2.20271077,41.42780855,,,,,,,,,,,,,,,,
2.16074807,41.39073621,,,,,,,,,,,,,,,,
2.16074807,41.39073621,,,,,,,,,,,,,,,,
2.16074807,41.39073621,,,,,,,,,,,,,,,,
2.18901592,41.38175437,,,,,,,,,,,,,,,,
2.18901592,41.38175437,,,,,,,,,,,,,,,,
2.1803565,41.430357,,,,,,,,,,,,,,,,
2.170243,41.43864522,,,,,,,,,,,,,,,,
2.170243,41.43864522,,,,,,,,,,,,,,,,
2.17156129,41.3666016,,,,,,,,,,,,,,,,
2.17156129,41.3666016,,,,,,,,,,,,,,,,
2.14968633,41.39109829,,,,,,,,,,,,,,,,
2.14968633,41.39109829,,,,,,,,,,,,,,,,
2.14968633,41.39109829,,,,,,,,,,,,,,,,
2.17316935,41.40009194,,,,,,,,,,,,,,,,
2.17316935,41.40009194,,,,,,,,,,,,,,,,
2.19578338,41.43898114,,,,,,,,,,,,,,,,
2.19578338,41.43898114,,,,,,,,,,,,,,,,
2.13312104,41.38880576,,,,,,,,,,,,,,,,
2.13312104,41.38880576,,,,,,,,,,,,,,,,
2.1767087,41.40275394,,,,,,,,,,,,,,,,
2.1767087,41.40275394,,,,,,,,,,,,,,,,
2.10612458,41.33388036,,,,,,,,,,,,,,,,
2.10612458,41.33388036,,,,,,,,,,,,,,,,
2.10612458,41.33388036,,,,,,,,,,,,,,,,
2.15953463,41.43166222,,,,,,,,,,,,,,,,
2.15953463,41.43166222,,,,,,,,,,,,,,,,
2.12668737,41.38860565,,,,,,,,,,,,,,,,
2.12668737,41.38860565,,,,,,,,,,,,,,,,
2.14319048,41.3810794,,,,,,,,,,,,,,,,
2.14319048,41.3810794,,,,,,,,,,,,,,,,
2.21564756,41.41587199,,,,,,,,,,,,,,,,
2.21564756,41.41587199,,,,,,,,,,,,,,,,
2.13648386,41.40786402,,,,,,,,,,,,,,,,
2.13648386,41.40786402,,,,,,,,,,,,,,,,
2.13648386,41.40786402,,,,,,,,,,,,,,,,
2.13648386,41.40786402,,,,,,,,,,,,,,,,
2.16094368,41.37862211,,,,,,,,,,,,,,,,
2.16094368,41.37862211,,,,,,,,,,,,,,,,
2.18576933,41.44315397,,,,,,,,,,,,,,,,
2.18576933,41.44315397,,,,,,,,,,,,,,,,
2.18576933,41.44315397,,,,,,,,,,,,,,,,
2.12007201,41.40146127,,,,,,,,,,,,,,,,
2.13372588,41.36347121,,,,,,,,,,,,,,,,
2.13372588,41.36347121,,,,,,,,,,,,,,,,
2.15189473,41.39757571,,,,,,,,,,,,,,,,
2.15189473,41.39757571,,,,,,,,,,,,,,,,
2.15189473,41.39757571,,,,,,,,,,,,,,,,
2.15189473,41.39757571,,,,,,,,,,,,,,,,
2.15189473,41.39757571,,,,,,,,,,,,,,,,
2.21428684,41.40255682,,,,,,,,,,,,,,,,
2.21428684,41.40255682,,,,,,,,,,,,,,,,
2.21428684,41.40255682,,,,,,,,,,,,,,,,
2.16882059,41.42734944,,,,,,,,,,,,,,,,
2.16882059,41.42734944,,,,,,,,,,,,,,,,
2.14179956,41.35632129,,,,,,,,,,,,,,,,
2.14179956,41.35632129,,,,,,,,,,,,,,,,
2.15511243,41.39012521,,,,,,,,,,,,,,,,
2.15511243,41.39012521,,,,,,,,,,,,,,,,
2.1914934,41.39470557,,,,,,,,,,,,,,,,
2.1914934,41.39470557,,,,,,,,,,,,,,,,
2.1914934,41.39470557,,,,,,,,,,,,,,,,
2.13578598,41.41512763,,,,,,,,,,,,,,,,
2.13578598,41.41512763,,,,,,,,,,,,,,,,
2.13578598,41.41512763,,,,,,,,,,,,,,,,
2.17776892,41.40525189,,,,,,,,,,,,,,,,
2.17776892,41.40525189,,,,,,,,,,,,,,,,
2.17776892,41.40525189,,,,,,,,,,,,,,,,
2.17776892,41.40525189,,,,,,,,,,,,,,,,
2.15959712,41.38818746,,,,,,,,,,,,,,,,
2.15959712,41.38818746,,,,,,,,,,,,,,,,
2.17386113,41.39735678,,,,,,,,,,,,,,,,
2.12557166,41.39144713,,,,,,,,,,,,,,,,
2.12557166,41.39144713,,,,,,,,,,,,,,,,
2.15416707,41.37499749,,,,,,,,,,,,,,,,
2.15416707,41.37499749,,,,,,,,,,,,,,,,
2.15416707,41.37499749,,,,,,,,,,,,,,,,
2.15416707,41.37499749,,,,,,,,,,,,,,,,
2.20163399,41.4144445,,,,,,,,,,,,,,,,
2.20163399,41.4144445,,,,,,,,,,,,,,,,
2.20163399,41.4144445,,,,,,,,,,,,,,,,
2.20163399,41.4144445,,,,,,,,,,,,,,,,
2.15333778,41.37784414,,,,,,,,,,,,,,,,
2.15333778,41.37784414,,,,,,,,,,,,,,,,
2.13980227,41.41949998,,,,,,,,,,,,,,,,
2.13980227,41.41949998,,,,,,,,,,,,,,,,
2.19760315,41.45005279,,,,,,,,,,,,,,,,
2.18687095,41.394755,,,,,,,,,,,,,,,,
2.18687095,41.394755,,,,,,,,,,,,,,,,
2.20909279,41.42534952,,,,,,,,,,,,,,,,
2.20909279,41.42534952,,,,,,,,,,,,,,,,
2.17888613,41.40606904,,,,,,,,,,,,,,,,
2.17888613,41.40606904,,,,,,,,,,,,,,,,
2.15054158,41.38818244,,,,,,,,,,,,,,,,
2.15054158,41.38818244,,,,,,,,,,,,,,,,
2.14174186,41.39090978,,,,,,,,,,,,,,,,
2.14174186,41.39090978,,,,,,,,,,,,,,,,
2.18226454,41.44118295,,,,,,,,,,,,,,,,
2.14492359,41.41351501,,,,,,,,,,,,,,,,
2.15941015,41.38451359,,,,,,,,,,,,,,,,
2.15941015,41.38451359,,,,,,,,,,,,,,,,
2.13239925,41.38083289,,,,,,,,,,,,,,,,
2.13239925,41.38083289,,,,,,,,,,,,,,,,
2.14072038,41.40441788,,,,,,,,,,,,,,,,
2.14072038,41.40441788,,,,,,,,,,,,,,,,
2.14492359,41.41351501,,,,,,,,,,,,,,,,
2.14365558,41.3983965,,,,,,,,,,,,,,,,
2.14365558,41.3983965,,,,,,,,,,,,,,,,
2.1528111,41.38817707,,,,,,,,,,,,,,,,
2.1528111,41.38817707,,,,,,,,,,,,,,,,
2.13939579,41.39134872,,,,,,,,,,,,,,,,
2.13939579,41.39134872,,,,,,,,,,,,,,,,
2.11245345,41.39717205,,,,,,,,,,,,,,,,
2.12991683,41.39250755,,,,,,,,,,,,,,,,
2.12991683,41.39250755,,,,,,,,,,,,,,,,
2.15495729,41.38530849,,,,,,,,,,,,,,,,
2.15495729,41.38530849,,,,,,,,,,,,,,,,
2.16483001,41.39785468,,,,,,,,,,,,,,,,
2.16483001,41.39785468,,,,,,,,,,,,,,,,
2.16483001,41.39785468,,,,,,,,,,,,,,,,
2.16174488,41.39430064,,,,,,,,,,,,,,,,
2.16174488,41.39430064,,,,,,,,,,,,,,,,
2.16174488,41.39430064,,,,,,,,,,,,,,,,
2.15387269,41.43832462,,,,,,,,,,,,,,,,
2.15387269,41.43832462,,,,,,,,,,,,,,,,
2.15223398,41.39301707,,,,,,,,,,,,,,,,
2.15223398,41.39301707,,,,,,,,,,,,,,,,
2.17669222,41.37500841,,,,,,,,,,,,,,,,
2.17669222,41.37500841,,,,,,,,,,,,,,,,
2.1662733,41.3865578,,,,,,,,,,,,,,,,
2.1662733,41.3865578,,,,,,,,,,,,,,,,
2.19354196,41.41369359,,,,,,,,,,,,,,,,
2.19354196,41.41369359,,,,,,,,,,,,,,,,
2.1639388,41.39166173,,,,,,,,,,,,,,,,
2.1639388,41.39166173,,,,,,,,,,,,,,,,
2.17059283,41.44291903,,,,,,,,,,,,,,,,
2.17059283,41.44291903,,,,,,,,,,,,,,,,
2.12713717,41.39470865,,,,,,,,,,,,,,,,
2.12713717,41.39470865,,,,,,,,,,,,,,,,
2.10387162,41.38428638,,,,,,,,,,,,,,,,
2.10387162,41.38428638,,,,,,,,,,,,,,,,
2.10387162,41.38428638,,,,,,,,,,,,,,,,
2.14209913,41.36941293,,,,,,,,,,,,,,,,
2.1895433,41.38093095,,,,,,,,,,,,,,,,
2.17076411,41.40837757,,,,,,,,,,,,,,,,
2.17076411,41.40837757,,,,,,,,,,,,,,,,
2.17076411,41.40837757,,,,,,,,,,,,,,,,
2.1634473,41.39107401,,,,,,,,,,,,,,,,
2.1634473,41.39107401,,,,,,,,,,,,,,,,
2.15643058,41.43490042,,,,,,,,,,,,,,,,
2.15643058,41.43490042,,,,,,,,,,,,,,,,
2.14241226,41.38239876,,,,,,,,,,,,,,,,
2.14241226,41.38239876,,,,,,,,,,,,,,,,
2.15403439,41.37873726,,,,,,,,,,,,,,,,
2.17447936,41.43073407,,,,,,,,,,,,,,,,
2.17447936,41.43073407,,,,,,,,,,,,,,,,
2.14791433,41.39359874,,,,,,,,,,,,,,,,
2.14791433,41.39359874,,,,,,,,,,,,,,,,
2.14791433,41.39359874,,,,,,,,,,,,,,,,
2.14193529,41.40140904,,,,,,,,,,,,,,,,
2.14193529,41.40140904,,,,,,,,,,,,,,,,
2.19268379,41.39738442,,,,,,,,,,,,,,,,
2.19268379,41.39738442,,,,,,,,,,,,,,,,
2.19268379,41.39738442,,,,,,,,,,,,,,,,
2.16715401,41.38611857,,,,,,,,,,,,,,,,
2.16715401,41.38611857,,,,,,,,,,,,,,,,
2.16715401,41.38611857,,,,,,,,,,,,,,,,
2.15607161,41.42428229,,,,,,,,,,,,,,,,
2.15607161,41.42428229,,,,,,,,,,,,,,,,
2.16837896,41.40897956,,,,,,,,,,,,,,,,
2.16837896,41.40897956,,,,,,,,,,,,,,,,
2.16230389,41.39190679,,,,,,,,,,,,,,,,
2.16230389,41.39190679,,,,,,,,,,,,,,,,
2.15817791,41.42302241,,,,,,,,,,,,,,,,
2.15817791,41.42302241,,,,,,,,,,,,,,,,
2.15317949,41.38294377,,,,,,,,,,,,,,,,
2.15317949,41.38294377,,,,,,,,,,,,,,,,
2.15731788,41.38307009,,,,,,,,,,,,,,,,
2.15731788,41.38307009,,,,,,,,,,,,,,,,
2.1662733,41.3865578,,,,,,,,,,,,,,,,
2.17782974,41.40187439,,,,,,,,,,,,,,,,
2.17782974,41.40187439,,,,,,,,,,,,,,,,
2.18086638,41.40114042,,,,,,,,,,,,,,,,
2.18086638,41.40114042,,,,,,,,,,,,,,,,
2.18824857,41.41128033,,,,,,,,,,,,,,,,
2.18824857,41.41128033,,,,,,,,,,,,,,,,
2.16316027,41.42832067,,,,,,,,,,,,,,,,
2.14284427,41.36462157,,,,,,,,,,,,,,,,
2.17673919,41.42152265,,,,,,,,,,,,,,,,
2.13260844,41.37545545,,,,,,,,,,,,,,,,
2.13260844,41.37545545,,,,,,,,,,,,,,,,
2.11609423,41.33534609,,,,,,,,,,,,,,,,
2.11609423,41.33534609,,,,,,,,,,,,,,,,
2.18865357,41.44911148,,,,,,,,,,,,,,,,
2.18865357,41.44911148,,,,,,,,,,,,,,,,
2.18865357,41.44911148,,,,,,,,,,,,,,,,
2.20147919,41.43416716,,,,,,,,,,,,,,,,
2.20147919,41.43416716,,,,,,,,,,,,,,,,
2.16697261,41.39953061,,,,,,,,,,,,,,,,
2.16697261,41.39953061,,,,,,,,,,,,,,,,
2.15733515,41.38817777,,,,,,,,,,,,,,,,
2.15733515,41.38817777,,,,,,,,,,,,,,,,
2.14387774,41.37107436,,,,,,,,,,,,,,,,
2.14387774,41.37107436,,,,,,,,,,,,,,,,
2.10198387,41.38193455,,,,,,,,,,,,,,,,
2.10198387,41.38193455,,,,,,,,,,,,,,,,
2.10198387,41.38193455,,,,,,,,,,,,,,,,
2.10198387,41.38193455,,,,,,,,,,,,,,,,
2.17312337,41.38805925,,,,,,,,,,,,,,,,
2.17312337,41.38805925,,,,,,,,,,,,,,,,
2.15953463,41.43166222,,,,,,,,,,,,,,,,
2.15953463,41.43166222,,,,,,,,,,,,,,,,
2.12669847,41.37675775,,,,,,,,,,,,,,,,
2.12669847,41.37675775,,,,,,,,,,,,,,,,
2.15304096,41.37608285,,,,,,,,,,,,,,,,
2.15304096,41.37608285,,,,,,,,,,,,,,,,
2.14575857,41.38158357,,,,,,,,,,,,,,,,
2.14575857,41.38158357,,,,,,,,,,,,,,,,
2.13980227,41.41949998,,,,,,,,,,,,,,,,
2.13980227,41.41949998,,,,,,,,,,,,,,,,
2.13980227,41.41949998,,,,,,,,,,,,,,,,
2.15571321,41.39556401,,,,,,,,,,,,,,,,
2.15571321,41.39556401,,,,,,,,,,,,,,,,
2.15505897,41.3847685,,,,,,,,,,,,,,,,
2.15505897,41.3847685,,,,,,,,,,,,,,,,
2.18914361,41.43766393,,,,,,,,,,,,,,,,
2.18914361,41.43766393,,,,,,,,,,,,,,,,
2.14585406,41.400383,,,,,,,,,,,,,,,,
2.14585406,41.400383,,,,,,,,,,,,,,,,
2.19425789,41.38588498,,,,,,,,,,,,,,,,
2.19425789,41.38588498,,,,,,,,,,,,,,,,
2.1497025,41.37500206,,,,,,,,,,,,,,,,
2.1497025,41.37500206,,,,,,,,,,,,,,,,
2.15578084,41.39534491,,,,,,,,,,,,,,,,
2.15578084,41.39534491,,,,,,,,,,,,,,,,
2.15578084,41.39534491,,,,,,,,,,,,,,,,
2.12501957,41.41000686,,,,,,,,,,,,,,,,
2.12501957,41.41000686,,,,,,,,,,,,,,,,
2.17296722,41.4204248,,,,,,,,,,,,,,,,
2.17024787,41.39123495,,,,,,,,,,,,,,,,
2.17024787,41.39123495,,,,,,,,,,,,,,,,
2.17024787,41.39123495,,,,,,,,,,,,,,,,
2.14153901,41.40492033,,,,,,,,,,,,,,,,
2.14153901,41.40492033,,,,,,,,,,,,,,,,
2.18303991,41.38862558,,,,,,,,,,,,,,,,
2.20009048,41.38977993,,,,,,,,,,,,,,,,
2.20009048,41.38977993,,,,,,,,,,,,,,,,
2.1437199,41.37962811,,,,,,,,,,,,,,,,
2.1437199,41.37962811,,,,,,,,,,,,,,,,
2.1118141,41.39074823,,,,,,,,,,,,,,,,
2.1118141,41.39074823,,,,,,,,,,,,,,,,
2.16952114,41.44252685,,,,,,,,,,,,,,,,
2.16952114,41.44252685,,,,,,,,,,,,,,,,
2.16993347,41.38703854,,,,,,,,,,,,,,,,
2.19637463,41.44975104,,,,,,,,,,,,,,,,
2.19637463,41.44975104,,,,,,,,,,,,,,,,
2.16416634,41.40316217,,,,,,,,,,,,,,,,
2.18327536,41.38507286,,,,,,,,,,,,,,,,
2.18327536,41.38507286,,,,,,,,,,,,,,,,
2.1878241,41.4492825,,,,,,,,,,,,,,,,
2.1878241,41.4492825,,,,,,,,,,,,,,,,
2.1878241,41.4492825,,,,,,,,,,,,,,,,
2.18640397,41.42394596,,,,,,,,,,,,,,,,
2.18640397,41.42394596,,,,,,,,,,,,,,,,
2.2084509,41.43711445,,,,,,,,,,,,,,,,
2.2084509,41.43711445,,,,,,,,,,,,,,,,
2.12273565,41.40788666,,,,,,,,,,,,,,,,
2.12273565,41.40788666,,,,,,,,,,,,,,,,
2.18780149,41.43093258,,,,,,,,,,,,,,,,
2.18780149,41.43093258,,,,,,,,,,,,,,,,
2.14651209,41.3943225,,,,,,,,,,,,,,,,
2.14651209,41.3943225,,,,,,,,,,,,,,,,
2.14651209,41.3943225,,,,,,,,,,,,,,,,
2.13056665,41.37996904,,,,,,,,,,,,,,,,
2.13056665,41.37996904,,,,,,,,,,,,,,,,
2.172148,41.38214831,,,,,,,,,,,,,,,,
2.172148,41.38214831,,,,,,,,,,,,,,,,
2.17437377,41.3700746,,,,,,,,,,,,,,,,
2.17437377,41.3700746,,,,,,,,,,,,,,,,
2.15535069,41.39589314,,,,,,,,,,,,,,,,
2.15535069,41.39589314,,,,,,,,,,,,,,,,
2.15535069,41.39589314,,,,,,,,,,,,,,,,
2.13717049,41.40231448,,,,,,,,,,,,,,,,
2.13717049,41.40231448,,,,,,,,,,,,,,,,
2.18853749,41.39891862,,,,,,,,,,,,,,,,
2.15538836,41.38099742,,,,,,,,,,,,,,,,
2.15538836,41.38099742,,,,,,,,,,,,,,,,
2.16311045,41.39745262,,,,,,,,,,,,,,,,
2.16311045,41.39745262,,,,,,,,,,,,,,,,
2.1329573,41.38113248,,,,,,,,,,,,,,,,
2.1329573,41.38113248,,,,,,,,,,,,,,,,
2.16924017,41.3898179,,,,,,,,,,,,,,,,
2.16924017,41.3898179,,,,,,,,,,,,,,,,
2.16847246,41.43881923,,,,,,,,,,,,,,,,
2.16847246,41.43881923,,,,,,,,,,,,,,,,
2.16847246,41.43881923,,,,,,,,,,,,,,,,
2.13712502,41.39076907,,,,,,,,,,,,,,,,
2.13712502,41.39076907,,,,,,,,,,,,,,,,
2.18312352,41.43657025,,,,,,,,,,,,,,,,
2.18312352,41.43657025,,,,,,,,,,,,,,,,
2.18312352,41.43657025,,,,,,,,,,,,,,,,
2.14470503,41.39020951,,,,,,,,,,,,,,,,
2.14470503,41.39020951,,,,,,,,,,,,,,,,
2.14470503,41.39020951,,,,,,,,,,,,,,,,
2.14470503,41.39020951,,,,,,,,,,,,,,,,
2.16883937,41.41580356,,,,,,,,,,,,,,,,
2.16883937,41.41580356,,,,,,,,,,,,,,,,
2.16883937,41.41580356,,,,,,,,,,,,,,,,
2.15781086,41.38664783,,,,,,,,,,,,,,,,
2.15781086,41.38664783,,,,,,,,,,,,,,,,
2.20786748,41.39949905,,,,,,,,,,,,,,,,
2.20786748,41.39949905,,,,,,,,,,,,,,,,
2.14364477,41.39050273,,,,,,,,,,,,,,,,
2.14364477,41.39050273,,,,,,,,,,,,,,,,
2.14364477,41.39050273,,,,,,,,,,,,,,,,
2.14364477,41.39050273,,,,,,,,,,,,,,,,
2.15620507,41.38563044,,,,,,,,,,,,,,,,
2.15620507,41.38563044,,,,,,,,,,,,,,,,
2.2018106,41.44820348,,,,,,,,,,,,,,,,
2.2018106,41.44820348,,,,,,,,,,,,,,,,
2.2018106,41.44820348,,,,,,,,,,,,,,,,
2.2018106,41.44820348,,,,,,,,,,,,,,,,
2.2018106,41.44820348,,,,,,,,,,,,,,,,
2.14672015,41.36911944,,,,,,,,,,,,,,,,
2.14672015,41.36911944,,,,,,,,,,,,,,,,
2.14672015,41.36911944,,,,,,,,,,,,,,,,
2.2009542,41.40475292,,,,,,,,,,,,,,,,
2.1139452,41.40069193,,,,,,,,,,,,,,,,
2.1139452,41.40069193,,,,,,,,,,,,,,,,
2.14408303,41.35838273,,,,,,,,,,,,,,,,
2.14408303,41.35838273,,,,,,,,,,,,,,,,
2.14408303,41.35838273,,,,,,,,,,,,,,,,
2.14408303,41.35838273,,,,,,,,,,,,,,,,
2.14408303,41.35838273,,,,,,,,,,,,,,,,
2.12959711,41.37894845,,,,,,,,,,,,,,,,
2.14417054,41.36609622,,,,,,,,,,,,,,,,
2.14417054,41.36609622,,,,,,,,,,,,,,,,
2.14417054,41.36609622,,,,,,,,,,,,,,,,
2.14417054,41.36609622,,,,,,,,,,,,,,,,
2.14018442,41.40461792,,,,,,,,,,,,,,,,
2.16186966,41.38988853,,,,,,,,,,,,,,,,
2.16186966,41.38988853,,,,,,,,,,,,,,,,
2.16186966,41.38988853,,,,,,,,,,,,,,,,
2.16186966,41.38988853,,,,,,,,,,,,,,,,
2.18809103,41.45267893,,,,,,,,,,,,,,,,
2.18809103,41.45267893,,,,,,,,,,,,,,,,
2.18809103,41.45267893,,,,,,,,,,,,,,,,
2.14553455,41.39299829,,,,,,,,,,,,,,,,
2.14553455,41.39299829,,,,,,,,,,,,,,,,
2.14553455,41.39299829,,,,,,,,,,,,,,,,
2.18977699,41.40588534,,,,,,,,,,,,,,,,
2.18977699,41.40588534,,,,,,,,,,,,,,,,
2.17675771,41.40918846,,,,,,,,,,,,,,,,
2.19136887,41.44573658,,,,,,,,,,,,,,,,
2.19136887,41.44573658,,,,,,,,,,,,,,,,
2.19136887,41.44573658,,,,,,,,,,,,,,,,
2.12647288,41.4026188,,,,,,,,,,,,,,,,
2.12647288,41.4026188,,,,,,,,,,,,,,,,
2.16683251,41.38801238,,,,,,,,,,,,,,,,
2.16683251,41.38801238,,,,,,,,,,,,,,,,
2.18119883,41.39910881,,,,,,,,,,,,,,,,
2.18119883,41.39910881,,,,,,,,,,,,,,,,
2.14377533,41.38137062,,,,,,,,,,,,,,,,
2.14377533,41.38137062,,,,,,,,,,,,,,,,
2.12698486,41.37549069,,,,,,,,,,,,,,,,
2.15931858,41.40709043,,,,,,,,,,,,,,,,
2.15931858,41.40709043,,,,,,,,,,,,,,,,
2.15931858,41.40709043,,,,,,,,,,,,,,,,
2.15081849,41.40557766,,,,,,,,,,,,,,,,
2.18849774,41.40959782,,,,,,,,,,,,,,,,
2.18849774,41.40959782,,,,,,,,,,,,,,,,
2.17702026,41.41099777,,,,,,,,,,,,,,,,
2.17702026,41.41099777,,,,,,,,,,,,,,,,
2.18324485,41.41633339,,,,,,,,,,,,,,,,
2.18324485,41.41633339,,,,,,,,,,,,,,,,
2.17048621,41.39951907,,,,,,,,,,,,,,,,
2.17048621,41.39951907,,,,,,,,,,,,,,,,
2.15774373,41.42460552,,,,,,,,,,,,,,,,
2.1408363,41.37176221,,,,,,,,,,,,,,,,
2.1408363,41.37176221,,,,,,,,,,,,,,,,
2.1862666,41.41412414,,,,,,,,,,,,,,,,
2.1862666,41.41412414,,,,,,,,,,,,,,,,
2.1862666,41.41412414,,,,,,,,,,,,,,,,
2.17542793,41.40007292,,,,,,,,,,,,,,,,
2.17542793,41.40007292,,,,,,,,,,,,,,,,
2.13375559,41.39864354,,,,,,,,,,,,,,,,
2.13375559,41.39864354,,,,,,,,,,,,,,,,
2.18151067,41.42402428,,,,,,,,,,,,,,,,
2.18151067,41.42402428,,,,,,,,,,,,,,,,
2.20470801,41.41473001,,,,,,,,,,,,,,,,
2.20470801,41.41473001,,,,,,,,,,,,,,,,
2.20470801,41.41473001,,,,,,,,,,,,,,,,
2.11143787,41.38928429,,,,,,,,,,,,,,,,
2.11143787,41.38928429,,,,,,,,,,,,,,,,
2.13265917,41.41425747,,,,,,,,,,,,,,,,
2.13265917,41.41425747,,,,,,,,,,,,,,,,
2.19760315,41.45005279,,,,,,,,,,,,,,,,
2.19760315,41.45005279,,,,,,,,,,,,,,,,
2.19760315,41.45005279,,,,,,,,,,,,,,,,
2.19760315,41.45005279,,,,,,,,,,,,,,,,
2.19760315,41.45005279,,,,,,,,,,,,,,,,
2.16641657,41.41369824,,,,,,,,,,,,,,,,
2.16641657,41.41369824,,,,,,,,,,,,,,,,
2.13765646,41.38473529,,,,,,,,,,,,,,,,
2.13765646,41.38473529,,,,,,,,,,,,,,,,
2.17847407,41.44280384,,,,,,,,,,,,,,,,
2.17847407,41.44280384,,,,,,,,,,,,,,,,
2.1778194,41.39658684,,,,,,,,,,,,,,,,
2.1778194,41.39658684,,,,,,,,,,,,,,,,
2.22017263,41.41461402,,,,,,,,,,,,,,,,
2.22017263,41.41461402,,,,,,,,,,,,,,,,
2.22017263,41.41461402,,,,,,,,,,,,,,,,
2.13834065,41.41701074,,,,,,,,,,,,,,,,
2.13834065,41.41701074,,,,,,,,,,,,,,,,
2.20042865,41.42559166,,,,,,,,,,,,,,,,
2.20042865,41.42559166,,,,,,,,,,,,,,,,
2.12063555,41.33197834,,,,,,,,,,,,,,,,
2.13674149,41.40793757,,,,,,,,,,,,,,,,
2.13674149,41.40793757,,,,,,,,,,,,,,,,
2.19495587,41.40410504,,,,,,,,,,,,,,,,
2.19495587,41.40410504,,,,,,,,,,,,,,,,
2.17567871,41.39138907,,,,,,,,,,,,,,,,
2.17567871,41.39138907,,,,,,,,,,,,,,,,
2.13749006,41.34551965,,,,,,,,,,,,,,,,
2.13749006,41.34551965,,,,,,,,,,,,,,,,
2.13749006,41.34551965,,,,,,,,,,,,,,,,
2.18551733,41.44282517,,,,,,,,,,,,,,,,
2.18551733,41.44282517,,,,,,,,,,,,,,,,
2.18930255,41.37914249,,,,,,,,,,,,,,,,
2.18930255,41.37914249,,,,,,,,,,,,,,,,
2.16635785,41.3966968,,,,,,,,,,,,,,,,
2.16635785,41.3966968,,,,,,,,,,,,,,,,
2.16635785,41.3966968,,,,,,,,,,,,,,,,
2.15827244,41.38762772,,,,,,,,,,,,,,,,
2.15827244,41.38762772,,,,,,,,,,,,,,,,
2.16434797,41.38162541,,,,,,,,,,,,,,,,
2.14601901,41.43322222,,,,,,,,,,,,,,,,
2.14601901,41.43322222,,,,,,,,,,,,,,,,
2.17208721,41.38912736,,,,,,,,,,,,,,,,
2.17208721,41.38912736,,,,,,,,,,,,,,,,
2.14393285,41.42802711,,,,,,,,,,,,,,,,
2.14393285,41.42802711,,,,,,,,,,,,,,,,
2.14393285,41.42802711,,,,,,,,,,,,,,,,
2.15702278,41.39122412,,,,,,,,,,,,,,,,
2.15702278,41.39122412,,,,,,,,,,,,,,,,
2.17362653,41.40715941,,,,,,,,,,,,,,,,
2.17362653,41.40715941,,,,,,,,,,,,,,,,
2.16189821,41.39736039,,,,,,,,,,,,,,,,
2.1593688,41.3543867,,,,,,,,,,,,,,,,
2.1593688,41.3543867,,,,,,,,,,,,,,,,
2.15184807,41.37671235,,,,,,,,,,,,,,,,
2.15184807,41.37671235,,,,,,,,,,,,,,,,
2.19196195,41.38494294,,,,,,,,,,,,,,,,
2.19196195,41.38494294,,,,,,,,,,,,,,,,
2.19196195,41.38494294,,,,,,,,,,,,,,,,
2.14873528,41.40792978,,,,,,,,,,,,,,,,
2.14873528,41.40792978,,,,,,,,,,,,,,,,
2.14873528,41.40792978,,,,,,,,,,,,,,,,
2.13878789,41.39169807,,,,,,,,,,,,,,,,
2.13878789,41.39169807,,,,,,,,,,,,,,,,
2.19760276,41.45005406,,,,,,,,,,,,,,,,
2.19760276,41.45005406,,,,,,,,,,,,,,,,
2.14028472,41.38571582,,,,,,,,,,,,,,,,
2.14028472,41.38571582,,,,,,,,,,,,,,,,
2.16357864,41.40699301,,,,,,,,,,,,,,,,
2.13260722,41.3896217,,,,,,,,,,,,,,,,
2.13260722,41.3896217,,,,,,,,,,,,,,,,
2.11482785,41.396305,,,,,,,,,,,,,,,,
2.11482785,41.396305,,,,,,,,,,,,,,,,
2.11482785,41.396305,,,,,,,,,,,,,,,,
2.18687425,41.41219539,,,,,,,,,,,,,,,,
2.14151394,41.39106668,,,,,,,,,,,,,,,,
2.14151394,41.39106668,,,,,,,,,,,,,,,,
2.19011833,41.38440448,,,,,,,,,,,,,,,,
2.19011833,41.38440448,,,,,,,,,,,,,,,,
2.19011833,41.38440448,,,,,,,,,,,,,,,,
2.15918567,41.38292553,,,,,,,,,,,,,,,,
2.15918567,41.38292553,,,,,,,,,,,,,,,,
2.15918567,41.38292553,,,,,,,,,,,,,,,,
2.15918567,41.38292553,,,,,,,,,,,,,,,,
2.15918567,41.38292553,,,,,,,,,,,,,,,,
2.1874221,41.44704833,,,,,,,,,,,,,,,,
2.1874221,41.44704833,,,,,,,,,,,,,,,,
2.16750791,41.39413783,,,,,,,,,,,,,,,,
2.16750791,41.39413783,,,,,,,,,,,,,,,,
2.16812526,41.44174567,,,,,,,,,,,,,,,,
2.13966148,41.41953897,,,,,,,,,,,,,,,,
2.13966148,41.41953897,,,,,,,,,,,,,,,,
2.18146322,41.4464682,,,,,,,,,,,,,,,,
2.18146322,41.4464682,,,,,,,,,,,,,,,,
2.16380267,41.39303332,,,,,,,,,,,,,,,,
2.16380267,41.39303332,,,,,,,,,,,,,,,,
2.13491918,41.38979881,,,,,,,,,,,,,,,,
2.13491918,41.38979881,,,,,,,,,,,,,,,,
2.1445544,41.39112165,,,,,,,,,,,,,,,,
2.1445544,41.39112165,,,,,,,,,,,,,,,,
2.17621028,41.43817091,,,,,,,,,,,,,,,,
2.17621028,41.43817091,,,,,,,,,,,,,,,,
2.13712502,41.39076907,,,,,,,,,,,,,,,,
2.13712502,41.39076907,,,,,,,,,,,,,,,,
2.13712502,41.39076907,,,,,,,,,,,,,,,,
2.13712502,41.39076907,,,,,,,,,,,,,,,,
2.14550577,41.34779567,,,,,,,,,,,,,,,,
2.14550577,41.34779567,,,,,,,,,,,,,,,,
2.14550577,41.34779567,,,,,,,,,,,,,,,,
2.14550577,41.34779567,,,,,,,,,,,,,,,,
2.17261723,41.39235343,,,,,,,,,,,,,,,,
2.17261723,41.39235343,,,,,,,,,,,,,,,,
2.21790787,41.40581941,,,,,,,,,,,,,,,,
2.21790787,41.40581941,,,,,,,,,,,,,,,,
2.21790787,41.40581941,,,,,,,,,,,,,,,,
2.13925766,41.3883968,,,,,,,,,,,,,,,,
2.13925766,41.3883968,,,,,,,,,,,,,,,,
2.15836911,41.42555989,,,,,,,,,,,,,,,,
2.15836911,41.42555989,,,,,,,,,,,,,,,,
2.21806183,41.40735615,,,,,,,,,,,,,,,,
2.21806183,41.40735615,,,,,,,,,,,,,,,,
2.20598108,41.39537382,,,,,,,,,,,,,,,,
2.20598108,41.39537382,,,,,,,,,,,,,,,,
2.15132078,41.37635171,,,,,,,,,,,,,,,,
2.15132078,41.37635171,,,,,,,,,,,,,,,,
2.15932094,41.39125914,,,,,,,,,,,,,,,,
2.15932094,41.39125914,,,,,,,,,,,,,,,,
2.13142592,41.41412426,,,,,,,,,,,,,,,,
2.13142592,41.41412426,,,,,,,,,,,,,,,,
2.13142592,41.41412426,,,,,,,,,,,,,,,,
2.13142592,41.41412426,,,,,,,,,,,,,,,,
2.19451665,41.38906315,,,,,,,,,,,,,,,,
2.19451665,41.38906315,,,,,,,,,,,,,,,,
2.14344009,41.4280144,,,,,,,,,,,,,,,,
2.14344009,41.4280144,,,,,,,,,,,,,,,,
2.15542267,41.38009771,,,,,,,,,,,,,,,,
2.15542267,41.38009771,,,,,,,,,,,,,,,,
2.17614284,41.37824286,,,,,,,,,,,,,,,,
2.17614284,41.37824286,,,,,,,,,,,,,,,,
2.14745216,41.37506652,,,,,,,,,,,,,,,,
2.14745216,41.37506652,,,,,,,,,,,,,,,,
2.14072038,41.40441788,,,,,,,,,,,,,,,,
2.14072038,41.40441788,,,,,,,,,,,,,,,,
2.15566115,41.38339709,,,,,,,,,,,,,,,,
2.15566115,41.38339709,,,,,,,,,,,,,,,,
2.1291316,41.3869206,,,,,,,,,,,,,,,,
2.1291316,41.3869206,,,,,,,,,,,,,,,,
2.1390611,41.3832023,,,,,,,,,,,,,,,,
2.1390611,41.3832023,,,,,,,,,,,,,,,,
2.15981042,41.38117452,,,,,,,,,,,,,,,,
2.15981042,41.38117452,,,,,,,,,,,,,,,,
2.17069986,41.41392619,,,,,,,,,,,,,,,,
2.17069986,41.41392619,,,,,,,,,,,,,,,,
2.18833317,41.44879667,,,,,,,,,,,,,,,,
2.18833317,41.44879667,,,,,,,,,,,,,,,,
2.18833317,41.44879667,,,,,,,,,,,,,,,,
2.16636306,41.40182002,,,,,,,,,,,,,,,,
2.16636306,41.40182002,,,,,,,,,,,,,,,,
2.14875991,41.43614098,,,,,,,,,,,,,,,,
2.14875991,41.43614098,,,,,,,,,,,,,,,,
2.15869325,41.35364381,,,,,,,,,,,,,,,,
2.15869325,41.35364381,,,,,,,,,,,,,,,,
2.15869325,41.35364381,,,,,,,,,,,,,,,,
2.2017239,41.39898274,,,,,,,,,,,,,,,,
2.2017239,41.39898274,,,,,,,,,,,,,,,,
2.16548524,41.40707203,,,,,,,,,,,,,,,,
2.16548524,41.40707203,,,,,,,,,,,,,,,,
2.11112024,41.38390715,,,,,,,,,,,,,,,,
2.11112024,41.38390715,,,,,,,,,,,,,,,,
2.11112024,41.38390715,,,,,,,,,,,,,,,,
2.11341525,41.3872973,,,,,,,,,,,,,,,,
2.11341525,41.3872973,,,,,,,,,,,,,,,,
2.17622155,41.40395295,,,,,,,,,,,,,,,,
2.21866889,41.40763877,,,,,,,,,,,,,,,,
2.21866889,41.40763877,,,,,,,,,,,,,,,,
2.13334109,41.41093965,,,,,,,,,,,,,,,,
2.13334109,41.41093965,,,,,,,,,,,,,,,,
2.13274582,41.39275684,,,,,,,,,,,,,,,,
2.13274582,41.39275684,,,,,,,,,,,,,,,,
2.13337368,41.41494516,,,,,,,,,,,,,,,,
2.13337368,41.41494516,,,,,,,,,,,,,,,,
2.15888022,41.3874566,,,,,,,,,,,,,,,,
2.15888022,41.3874566,,,,,,,,,,,,,,,,
2.12411004,41.40891229,,,,,,,,,,,,,,,,
2.12411004,41.40891229,,,,,,,,,,,,,,,,
2.1078381,41.38303189,,,,,,,,,,,,,,,,
2.1078381,41.38303189,,,,,,,,,,,,,,,,
2.15920131,41.35279544,,,,,,,,,,,,,,,,
2.19978673,41.39363014,,,,,,,,,,,,,,,,
2.19978673,41.39363014,,,,,,,,,,,,,,,,
2.1788285,41.40095577,,,,,,,,,,,,,,,,
2.1788285,41.40095577,,,,,,,,,,,,,,,,
2.13989738,41.40405878,,,,,,,,,,,,,,,,
2.13989738,41.40405878,,,,,,,,,,,,,,,,
2.13989738,41.40405878,,,,,,,,,,,,,,,,
2.15672545,41.39607881,,,,,,,,,,,,,,,,
2.15672545,41.39607881,,,,,,,,,,,,,,,,
2.15672545,41.39607881,,,,,,,,,,,,,,,,
2.14147741,41.39082383,,,,,,,,,,,,,,,,
2.14147741,41.39082383,,,,,,,,,,,,,,,,
2.14939959,41.38392192,,,,,,,,,,,,,,,,
2.14939959,41.38392192,,,,,,,,,,,,,,,,
2.14408303,41.35838273,,,,,,,,,,,,,,,,
2.14408303,41.35838273,,,,,,,,,,,,,,,,
2.17735716,41.43027493,,,,,,,,,,,,,,,,
2.17735716,41.43027493,,,,,,,,,,,,,,,,
2.17019981,41.39596892,,,,,,,,,,,,,,,,
2.17019981,41.39596892,,,,,,,,,,,,,,,,
2.16148203,41.38465213,,,,,,,,,,,,,,,,
2.16148203,41.38465213,,,,,,,,,,,,,,,,
2.16666745,41.37463472,,,,,,,,,,,,,,,,
2.17073223,41.37510901,,,,,,,,,,,,,,,,
2.17073223,41.37510901,,,,,,,,,,,,,,,,
2.17091715,41.40350654,,,,,,,,,,,,,,,,
2.17091715,41.40350654,,,,,,,,,,,,,,,,
2.15836862,41.39784767,,,,,,,,,,,,,,,,
2.15836862,41.39784767,,,,,,,,,,,,,,,,
2.17316935,41.40009194,,,,,,,,,,,,,,,,
2.17316935,41.40009194,,,,,,,,,,,,,,,,
2.21089671,41.40009139,,,,,,,,,,,,,,,,
2.21089671,41.40009139,,,,,,,,,,,,,,,,
2.13675752,41.34782048,,,,,,,,,,,,,,,,
2.13675752,41.34782048,,,,,,,,,,,,,,,,
2.14003052,41.36852084,,,,,,,,,,,,,,,,
2.14003052,41.36852084,,,,,,,,,,,,,,,,
2.14003052,41.36852084,,,,,,,,,,,,,,,,
2.17441831,41.40614161,,,,,,,,,,,,,,,,
2.17441831,41.40614161,,,,,,,,,,,,,,,,
2.18891354,41.42274731,,,,,,,,,,,,,,,,
2.18891354,41.42274731,,,,,,,,,,,,,,,,
2.16310473,41.38554485,,,,,,,,,,,,,,,,
2.16310473,41.38554485,,,,,,,,,,,,,,,,
2.16310473,41.38554485,,,,,,,,,,,,,,,,
2.17321197,41.43045516,,,,,,,,,,,,,,,,
2.17321197,41.43045516,,,,,,,,,,,,,,,,
2.16527593,41.40264512,,,,,,,,,,,,,,,,
2.16527593,41.40264512,,,,,,,,,,,,,,,,
2.17488941,41.43692343,,,,,,,,,,,,,,,,
2.17098797,41.3914822,,,,,,,,,,,,,,,,
2.17098797,41.3914822,,,,,,,,,,,,,,,,
2.17098797,41.3914822,,,,,,,,,,,,,,,,
2.17321631,41.37476436,,,,,,,,,,,,,,,,
2.17321631,41.37476436,,,,,,,,,,,,,,,,
2.16147898,41.42945375,,,,,,,,,,,,,,,,
2.16147898,41.42945375,,,,,,,,,,,,,,,,
2.16147898,41.42945375,,,,,,,,,,,,,,,,
2.17984974,41.44597323,,,,,,,,,,,,,,,,
2.17984974,41.44597323,,,,,,,,,,,,,,,,
2.16146449,41.39701331,,,,,,,,,,,,,,,,
2.16146449,41.39701331,,,,,,,,,,,,,,,,
2.16143165,41.3897781,,,,,,,,,,,,,,,,
2.16143165,41.3897781,,,,,,,,,,,,,,,,
2.16143165,41.3897781,,,,,,,,,,,,,,,,
2.17739112,41.44448466,,,,,,,,,,,,,,,,
2.19178862,41.44718323,,,,,,,,,,,,,,,,
2.19178862,41.44718323,,,,,,,,,,,,,,,,
2.16721602,41.3769459,,,,,,,,,,,,,,,,
2.16721602,41.3769459,,,,,,,,,,,,,,,,
2.16636895,41.39498418,,,,,,,,,,,,,,,,
2.16636895,41.39498418,,,,,,,,,,,,,,,,
2.21544189,41.40411267,,,,,,,,,,,,,,,,
2.21544189,41.40411267,,,,,,,,,,,,,,,,
2.14081087,41.37953304,,,,,,,,,,,,,,,,
2.14081087,41.37953304,,,,,,,,,,,,,,,,
2.17431112,41.40264096,,,,,,,,,,,,,,,,
2.17431112,41.40264096,,,,,,,,,,,,,,,,
2.10374839,41.38434302,,,,,,,,,,,,,,,,
2.10374839,41.38434302,,,,,,,,,,,,,,,,
2.10374839,41.38434302,,,,,,,,,,,,,,,,
2.13238919,41.38915707,,,,,,,,,,,,,,,,
2.13238919,41.38915707,,,,,,,,,,,,,,,,
2.18000834,41.40353877,,,,,,,,,,,,,,,,
2.18000834,41.40353877,,,,,,,,,,,,,,,,
2.1470726,41.39009927,,,,,,,,,,,,,,,,
2.1470726,41.39009927,,,,,,,,,,,,,,,,
2.164217,41.40034958,,,,,,,,,,,,,,,,
2.164217,41.40034958,,,,,,,,,,,,,,,,
2.15007956,41.38341549,,,,,,,,,,,,,,,,
2.15007956,41.38341549,,,,,,,,,,,,,,,,
2.13916125,41.39430495,,,,,,,,,,,,,,,,
2.13916125,41.39430495,,,,,,,,,,,,,,,,
2.14066564,41.41360628,,,,,,,,,,,,,,,,
2.14066564,41.41360628,,,,,,,,,,,,,,,,
2.15856052,41.38213403,,,,,,,,,,,,,,,,
2.15856052,41.38213403,,,,,,,,,,,,,,,,
2.15856052,41.38213403,,,,,,,,,,,,,,,,
2.20432317,41.39936828,,,,,,,,,,,,,,,,
2.20432317,41.39936828,,,,,,,,,,,,,,,,
2.16261498,41.38550209,,,,,,,,,,,,,,,,
2.16261498,41.38550209,,,,,,,,,,,,,,,,
2.16027179,41.39123371,,,,,,,,,,,,,,,,
2.16027179,41.39123371,,,,,,,,,,,,,,,,
2.16027179,41.39123371,,,,,,,,,,,,,,,,
2.21151071,41.40181165,,,,,,,,,,,,,,,,
2.21151071,41.40181165,,,,,,,,,,,,,,,,
2.15643058,41.43490042,,,,,,,,,,,,,,,,
2.15643058,41.43490042,,,,,,,,,,,,,,,,
2.15643058,41.43490042,,,,,,,,,,,,,,,,
2.15643058,41.43490042,,,,,,,,,,,,,,,,
2.1480922,41.39517224,,,,,,,,,,,,,,,,
2.1480922,41.39517224,,,,,,,,,,,,,,,,
2.1480922,41.39517224,,,,,,,,,,,,,,,,
2.18684253,41.44691432,,,,,,,,,,,,,,,,
2.18684253,41.44691432,,,,,,,,,,,,,,,,
2.14081519,41.42185857,,,,,,,,,,,,,,,,
2.14081519,41.42185857,,,,,,,,,,,,,,,,
2.18573104,41.45055467,,,,,,,,,,,,,,,,
2.18573104,41.45055467,,,,,,,,,,,,,,,,
2.11334996,41.3843954,,,,,,,,,,,,,,,,
2.11334996,41.3843954,,,,,,,,,,,,,,,,
2.11334996,41.3843954,,,,,,,,,,,,,,,,
2.11334996,41.3843954,,,,,,,,,,,,,,,,
2.13996323,41.4039129,,,,,,,,,,,,,,,,
2.13996323,41.4039129,,,,,,,,,,,,,,,,
2.18247207,41.40041303,,,,,,,,,,,,,,,,
2.18247207,41.40041303,,,,,,,,,,,,,,,,
2.19455592,41.43526504,,,,,,,,,,,,,,,,
2.19455592,41.43526504,,,,,,,,,,,,,,,,
2.1693729,41.43039808,,,,,,,,,,,,,,,,
2.1693729,41.43039808,,,,,,,,,,,,,,,,
2.17012252,41.40397054,,,,,,,,,,,,,,,,
2.17012252,41.40397054,,,,,,,,,,,,,,,,
2.15432773,41.4008236,,,,,,,,,,,,,,,,
2.13086624,41.40531233,,,,,,,,,,,,,,,,
2.13086624,41.40531233,,,,,,,,,,,,,,,,
2.13086624,41.40531233,,,,,,,,,,,,,,,,
2.13781084,41.38458478,,,,,,,,,,,,,,,,
2.13781084,41.38458478,,,,,,,,,,,,,,,,
2.18691229,41.41723467,,,,,,,,,,,,,,,,
2.18691229,41.41723467,,,,,,,,,,,,,,,,
2.18691229,41.41723467,,,,,,,,,,,,,,,,
2.12419774,41.39121966,,,,,,,,,,,,,,,,
2.12419774,41.39121966,,,,,,,,,,,,,,,,
2.17555965,41.40527404,,,,,,,,,,,,,,,,
2.17555965,41.40527404,,,,,,,,,,,,,,,,
2.18645576,41.44534235,,,,,,,,,,,,,,,,
2.18645576,41.44534235,,,,,,,,,,,,,,,,
2.18645576,41.44534235,,,,,,,,,,,,,,,,
2.17751631,41.44590782,,,,,,,,,,,,,,,,
2.17751631,41.44590782,,,,,,,,,,,,,,,,
2.17321631,41.37476436,,,,,,,,,,,,,,,,
2.17321631,41.37476436,,,,,,,,,,,,,,,,
2.13172384,41.40579377,,,,,,,,,,,,,,,,
2.13172384,41.40579377,,,,,,,,,,,,,,,,
2.1955594,41.40528523,,,,,,,,,,,,,,,,
2.1955594,41.40528523,,,,,,,,,,,,,,,,
2.18903263,41.44723193,,,,,,,,,,,,,,,,
2.18903263,41.44723193,,,,,,,,,,,,,,,,
2.15086965,41.40812231,,,,,,,,,,,,,,,,
2.15086965,41.40812231,,,,,,,,,,,,,,,,
2.15086965,41.40812231,,,,,,,,,,,,,,,,
2.1664599,41.41276424,,,,,,,,,,,,,,,,
2.1664599,41.41276424,,,,,,,,,,,,,,,,
2.20241919,41.39231963,,,,,,,,,,,,,,,,
2.20241919,41.39231963,,,,,,,,,,,,,,,,
2.20241919,41.39231963,,,,,,,,,,,,,,,,
2.16434281,41.38540667,,,,,,,,,,,,,,,,
2.16434281,41.38540667,,,,,,,,,,,,,,,,
2.12428606,41.38825466,,,,,,,,,,,,,,,,
2.12428606,41.38825466,,,,,,,,,,,,,,,,
2.17321631,41.37476436,,,,,,,,,,,,,,,,
2.17321631,41.37476436,,,,,,,,,,,,,,,,
2.17321631,41.37476436,,,,,,,,,,,,,,,,
2.17006531,41.37011861,,,,,,,,,,,,,,,,
2.17006531,41.37011861,,,,,,,,,,,,,,,,
2.19636698,41.44974143,,,,,,,,,,,,,,,,
2.19636698,41.44974143,,,,,,,,,,,,,,,,
2.1470492,41.37711565,,,,,,,,,,,,,,,,
2.1470492,41.37711565,,,,,,,,,,,,,,,,
2.13889473,41.38904185,,,,,,,,,,,,,,,,
2.13889473,41.38904185,,,,,,,,,,,,,,,,
2.18687719,41.41035093,,,,,,,,,,,,,,,,
2.18687719,41.41035093,,,,,,,,,,,,,,,,
2.17347159,41.3880793,,,,,,,,,,,,,,,,
2.17347159,41.3880793,,,,,,,,,,,,,,,,
2.16687089,41.37710339,,,,,,,,,,,,,,,,
2.16687089,41.37710339,,,,,,,,,,,,,,,,
2.20010865,41.41613288,,,,,,,,,,,,,,,,
2.17856465,41.4145102,,,,,,,,,,,,,,,,
2.17856465,41.4145102,,,,,,,,,,,,,,,,
2.13872661,41.39778743,,,,,,,,,,,,,,,,
2.13872661,41.39778743,,,,,,,,,,,,,,,,
2.13872661,41.39778743,,,,,,,,,,,,,,,,
2.17680695,41.39392453,,,,,,,,,,,,,,,,
2.17680695,41.39392453,,,,,,,,,,,,,,,,
2.1497025,41.37500206,,,,,,,,,,,,,,,,
2.1497025,41.37500206,,,,,,,,,,,,,,,,
2.1497025,41.37500206,,,,,,,,,,,,,,,,
2.16094608,41.38032597,,,,,,,,,,,,,,,,
2.15622475,41.39073373,,,,,,,,,,,,,,,,
2.15622475,41.39073373,,,,,,,,,,,,,,,,
2.16847373,41.40665268,,,,,,,,,,,,,,,,
2.16847373,41.40665268,,,,,,,,,,,,,,,,
2.10859923,41.33812326,,,,,,,,,,,,,,,,
2.15771141,41.42144027,,,,,,,,,,,,,,,,
2.15771141,41.42144027,,,,,,,,,,,,,,,,
2.19283582,41.44606944,,,,,,,,,,,,,,,,
2.19283582,41.44606944,,,,,,,,,,,,,,,,
2.19283582,41.44606944,,,,,,,,,,,,,,,,
2.13912112,41.4261385,,,,,,,,,,,,,,,,
2.13912112,41.4261385,,,,,,,,,,,,,,,,
2.20839791,41.41956618,,,,,,,,,,,,,,,,
2.20839791,41.41956618,,,,,,,,,,,,,,,,
2.14932215,41.40766226,,,,,,,,,,,,,,,,
2.18156249,41.40652808,,,,,,,,,,,,,,,,
2.16094765,41.39788735,,,,,,,,,,,,,,,,
2.16094765,41.39788735,,,,,,,,,,,,,,,,
2.19734991,41.41102794,,,,,,,,,,,,,,,,
2.19734991,41.41102794,,,,,,,,,,,,,,,,
2.15853339,41.41598784,,,,,,,,,,,,,,,,
2.15853339,41.41598784,,,,,,,,,,,,,,,,
2.14112385,41.3806924,,,,,,,,,,,,,,,,
2.14112385,41.3806924,,,,,,,,,,,,,,,,
2.12800116,41.38286404,,,,,,,,,,,,,,,,
2.12800116,41.38286404,,,,,,,,,,,,,,,,
2.14559697,41.43089916,,,,,,,,,,,,,,,,
2.14559697,41.43089916,,,,,,,,,,,,,,,,
2.14526473,41.40387207,,,,,,,,,,,,,,,,
2.14526473,41.40387207,,,,,,,,,,,,,,,,
2.19467063,41.3833936,,,,,,,,,,,,,,,,
2.19467063,41.3833936,,,,,,,,,,,,,,,,
2.19467063,41.3833936,,,,,,,,,,,,,,,,
2.16426132,41.43627645,,,,,,,,,,,,,,,,
2.16426132,41.43627645,,,,,,,,,,,,,,,,
2.17509925,41.42004136,,,,,,,,,,,,,,,,
2.17509925,41.42004136,,,,,,,,,,,,,,,,
2.18365045,41.42885937,,,,,,,,,,,,,,,,
2.18365045,41.42885937,,,,,,,,,,,,,,,,
2.1465165,41.43353185,,,,,,,,,,,,,,,,
2.1465165,41.43353185,,,,,,,,,,,,,,,,
2.13785941,41.41886692,,,,,,,,,,,,,,,,
2.13785941,41.41886692,,,,,,,,,,,,,,,,
2.16488635,41.3776837,,,,,,,,,,,,,,,,
2.14425763,41.39325438,,,,,,,,,,,,,,,,
2.14425763,41.39325438,,,,,,,,,,,,,,,,
2.15724998,41.43915317,,,,,,,,,,,,,,,,
2.15724998,41.43915317,,,,,,,,,,,,,,,,
2.15724998,41.43915317,,,,,,,,,,,,,,,,
2.15196978,41.38392913,,,,,,,,,,,,,,,,
2.15196978,41.38392913,,,,,,,,,,,,,,,,
2.19734991,41.41102794,,,,,,,,,,,,,,,,
2.19734991,41.41102794,,,,,,,,,,,,,,,,
2.19734991,41.41102794,,,,,,,,,,,,,,,,
2.22276939,41.41213091,,,,,,,,,,,,,,,,
2.22276939,41.41213091,,,,,,,,,,,,,,,,
2.22276939,41.41213091,,,,,,,,,,,,,,,,
2.20654229,41.40581911,,,,,,,,,,,,,,,,
2.20654229,41.40581911,,,,,,,,,,,,,,,,
2.14105928,41.40419221,,,,,,,,,,,,,,,,
2.14105928,41.40419221,,,,,,,,,,,,,,,,
2.12867475,41.3805489,,,,,,,,,,,,,,,,
2.12867475,41.3805489,,,,,,,,,,,,,,,,
2.17455568,41.39222874,,,,,,,,,,,,,,,,
2.17455568,41.39222874,,,,,,,,,,,,,,,,
2.21533022,41.40499623,,,,,,,,,,,,,,,,
2.21533022,41.40499623,,,,,,,,,,,,,,,,
2.128661,41.38172209,,,,,,,,,,,,,,,,
2.128661,41.38172209,,,,,,,,,,,,,,,,
2.18722915,41.41975587,,,,,,,,,,,,,,,,
2.18722915,41.41975587,,,,,,,,,,,,,,,,
2.12374733,41.40001325,,,,,,,,,,,,,,,,
2.12374733,41.40001325,,,,,,,,,,,,,,,,
2.1575025,41.4035977,,,,,,,,,,,,,,,,
2.18868146,41.40376266,,,,,,,,,,,,,,,,
2.18868146,41.40376266,,,,,,,,,,,,,,,,
2.18113253,41.40267074,,,,,,,,,,,,,,,,
2.18113253,41.40267074,,,,,,,,,,,,,,,,
2.18020461,41.40550838,,,,,,,,,,,,,,,,
2.18020461,41.40550838,,,,,,,,,,,,,,,,
2.18020461,41.40550838,,,,,,,,,,,,,,,,
2.18020461,41.40550838,,,,,,,,,,,,,,,,
2.18020461,41.40550838,,,,,,,,,,,,,,,,
2.18020461,41.40550838,,,,,,,,,,,,,,,,
2.16482018,41.3747943,,,,,,,,,,,,,,,,
2.16482018,41.3747943,,,,,,,,,,,,,,,,
2.15166345,41.38222373,,,,,,,,,,,,,,,,
2.15166345,41.38222373,,,,,,,,,,,,,,,,
2.15166345,41.38222373,,,,,,,,,,,,,,,,
2.15813494,41.39593909,,,,,,,,,,,,,,,,
2.15813494,41.39593909,,,,,,,,,,,,,,,,
2.13712502,41.39076907,,,,,,,,,,,,,,,,
2.13712502,41.39076907,,,,,,,,,,,,,,,,
2.19240337,41.41111093,,,,,,,,,,,,,,,,
2.19240337,41.41111093,,,,,,,,,,,,,,,,
2.12472262,41.41024075,,,,,,,,,,,,,,,,
2.12472262,41.41024075,,,,,,,,,,,,,,,,
2.1796468,41.42004304,,,,,,,,,,,,,,,,
2.18462675,41.42743638,,,,,,,,,,,,,,,,
2.18462675,41.42743638,,,,,,,,,,,,,,,,
2.19762303,41.40709011,,,,,,,,,,,,,,,,
2.19762303,41.40709011,,,,,,,,,,,,,,,,
2.18835797,41.41949301,,,,,,,,,,,,,,,,
2.18835797,41.41949301,,,,,,,,,,,,,,,,
2.18732037,41.39648706,,,,,,,,,,,,,,,,
2.18732037,41.39648706,,,,,,,,,,,,,,,,
2.17683931,41.4453891,,,,,,,,,,,,,,,,
2.17683931,41.4453891,,,,,,,,,,,,,,,,
2.15200488,41.40684901,,,,,,,,,,,,,,,,
2.15200488,41.40684901,,,,,,,,,,,,,,,,
2.16012215,41.38838933,,,,,,,,,,,,,,,,
2.16012215,41.38838933,,,,,,,,,,,,,,,,
2.16012215,41.38838933,,,,,,,,,,,,,,,,
2.16153985,41.43078529,,,,,,,,,,,,,,,,
2.16153985,41.43078529,,,,,,,,,,,,,,,,
2.15047488,41.43742277,,,,,,,,,,,,,,,,
2.15047488,41.43742277,,,,,,,,,,,,,,,,
2.15047488,41.43742277,,,,,,,,,,,,,,,,
2.15047488,41.43742277,,,,,,,,,,,,,,,,
2.17685503,41.44571801,,,,,,,,,,,,,,,,
2.17685503,41.44571801,,,,,,,,,,,,,,,,
2.19410951,41.38668176,,,,,,,,,,,,,,,,
2.19410951,41.38668176,,,,,,,,,,,,,,,,
2.14345169,41.40301764,,,,,,,,,,,,,,,,
2.14345169,41.40301764,,,,,,,,,,,,,,,,
2.14939341,41.37465191,,,,,,,,,,,,,,,,
2.12821035,41.38839659,,,,,,,,,,,,,,,,
2.12821035,41.38839659,,,,,,,,,,,,,,,,
2.19198555,41.4089128,,,,,,,,,,,,,,,,
2.16636306,41.40182002,,,,,,,,,,,,,,,,
2.13475559,41.36583583,,,,,,,,,,,,,,,,
2.13475559,41.36583583,,,,,,,,,,,,,,,,
2.19985397,41.42061922,,,,,,,,,,,,,,,,
2.19985397,41.42061922,,,,,,,,,,,,,,,,
2.19985397,41.42061922,,,,,,,,,,,,,,,,
2.16641657,41.41369824,,,,,,,,,,,,,,,,
2.16641657,41.41369824,,,,,,,,,,,,,,,,
2.12670715,41.39934332,,,,,,,,,,,,,,,,
2.12670715,41.39934332,,,,,,,,,,,,,,,,
2.18082034,41.43021591,,,,,,,,,,,,,,,,
2.18082034,41.43021591,,,,,,,,,,,,,,,,
2.18082034,41.43021591,,,,,,,,,,,,,,,,
2.18062297,41.39925839,,,,,,,,,,,,,,,,
2.18062297,41.39925839,,,,,,,,,,,,,,,,
2.12798996,41.39407866,,,,,,,,,,,,,,,,
2.19126829,41.4170749,,,,,,,,,,,,,,,,
2.19126829,41.4170749,,,,,,,,,,,,,,,,
2.1177846,41.33420931,,,,,,,,,,,,,,,,
2.1177846,41.33420931,,,,,,,,,,,,,,,,
2.15576396,41.37729505,,,,,,,,,,,,,,,,
2.16190369,41.43361909,,,,,,,,,,,,,,,,
2.16190369,41.43361909,,,,,,,,,,,,,,,,
2.16190369,41.43361909,,,,,,,,,,,,,,,,
2.21728467,41.4052973,,,,,,,,,,,,,,,,
2.15746853,41.42311846,,,,,,,,,,,,,,,,
2.15746853,41.42311846,,,,,,,,,,,,,,,,
2.17658232,41.42828366,,,,,,,,,,,,,,,,
2.17658232,41.42828366,,,,,,,,,,,,,,,,
2.21089671,41.40009139,,,,,,,,,,,,,,,,
2.21089671,41.40009139,,,,,,,,,,,,,,,,
2.1044483,41.38483588,,,,,,,,,,,,,,,,
2.1044483,41.38483588,,,,,,,,,,,,,,,,
2.17437698,41.40782124,,,,,,,,,,,,,,,,
2.17437698,41.40782124,,,,,,,,,,,,,,,,
2.17316935,41.40009194,,,,,,,,,,,,,,,,
2.17316935,41.40009194,,,,,,,,,,,,,,,,
2.17415802,41.37017044,,,,,,,,,,,,,,,,
2.17415802,41.37017044,,,,,,,,,,,,,,,,
2.17415802,41.37017044,,,,,,,,,,,,,,,,
2.19283582,41.44606944,,,,,,,,,,,,,,,,
2.19283582,41.44606944,,,,,,,,,,,,,,,,
2.17473682,41.43858732,,,,,,,,,,,,,,,,
2.17473682,41.43858732,,,,,,,,,,,,,,,,
2.14358045,41.35798558,,,,,,,,,,,,,,,,
2.14358045,41.35798558,,,,,,,,,,,,,,,,
2.14358045,41.35798558,,,,,,,,,,,,,,,,
2.14358045,41.35798558,,,,,,,,,,,,,,,,
2.14811797,41.37496978,,,,,,,,,,,,,,,,
2.14811797,41.37496978,,,,,,,,,,,,,,,,
2.13142592,41.41412426,,,,,,,,,,,,,,,,
2.13142592,41.41412426,,,,,,,,,,,,,,,,
2.1532574,41.39846196,,,,,,,,,,,,,,,,
2.1532574,41.39846196,,,,,,,,,,,,,,,,
2.16105963,41.38603318,,,,,,,,,,,,,,,,
2.16105963,41.38603318,,,,,,,,,,,,,,,,
2.14734319,41.40563413,,,,,,,,,,,,,,,,
2.14734319,41.40563413,,,,,,,,,,,,,,,,
2.15506825,41.41489322,,,,,,,,,,,,,,,,
2.12731172,41.3855539,,,,,,,,,,,,,,,,
2.12731172,41.3855539,,,,,,,,,,,,,,,,
2.14822071,41.41046735,,,,,,,,,,,,,,,,
2.14822071,41.41046735,,,,,,,,,,,,,,,,
2.14932989,41.41130444,,,,,,,,,,,,,,,,
2.14932989,41.41130444,,,,,,,,,,,,,,,,
2.16811482,41.4288289,,,,,,,,,,,,,,,,
2.16811482,41.4288289,,,,,,,,,,,,,,,,
2.16811482,41.4288289,,,,,,,,,,,,,,,,
2.12995825,41.37984252,,,,,,,,,,,,,,,,
2.12995825,41.37984252,,,,,,,,,,,,,,,,
2.16789206,41.41227851,,,,,,,,,,,,,,,,
2.16789206,41.41227851,,,,,,,,,,,,,,,,
2.18421965,41.448663,,,,,,,,,,,,,,,,
2.18421965,41.448663,,,,,,,,,,,,,,,,
2.18421965,41.448663,,,,,,,,,,,,,,,,
2.15471064,41.39531451,,,,,,,,,,,,,,,,
2.15471064,41.39531451,,,,,,,,,,,,,,,,
2.15471064,41.39531451,,,,,,,,,,,,,,,,
2.19817125,41.44916235,,,,,,,,,,,,,,,,
2.1901522,41.41282792,,,,,,,,,,,,,,,,
2.1901522,41.41282792,,,,,,,,,,,,,,,,
2.1674791,41.37558814,,,,,,,,,,,,,,,,
2.1674791,41.37558814,,,,,,,,,,,,,,,,
2.1674791,41.37558814,,,,,,,,,,,,,,,,
2.17904648,41.39563167,,,,,,,,,,,,,,,,
2.17904648,41.39563167,,,,,,,,,,,,,,,,
2.16666038,41.4406226,,,,,,,,,,,,,,,,
2.16666038,41.4406226,,,,,,,,,,,,,,,,
2.19617731,41.38779473,,,,,,,,,,,,,,,,
2.19617731,41.38779473,,,,,,,,,,,,,,,,
2.14761141,41.42158036,,,,,,,,,,,,,,,,
2.14761141,41.42158036,,,,,,,,,,,,,,,,
2.1648836,41.39216196,,,,,,,,,,,,,,,,
2.1648836,41.39216196,,,,,,,,,,,,,,,,
2.16863523,41.39671017,,,,,,,,,,,,,,,,
2.16863523,41.39671017,,,,,,,,,,,,,,,,
2.18580421,41.4097169,,,,,,,,,,,,,,,,
2.18580421,41.4097169,,,,,,,,,,,,,,,,
2.14364477,41.39050273,,,,,,,,,,,,,,,,
2.14364477,41.39050273,,,,,,,,,,,,,,,,
2.14501258,41.39626409,,,,,,,,,,,,,,,,
2.14501258,41.39626409,,,,,,,,,,,,,,,,
2.14501258,41.39626409,,,,,,,,,,,,,,,,
2.15846428,41.38732773,,,,,,,,,,,,,,,,
2.15846428,41.38732773,,,,,,,,,,,,,,,,
2.17373498,41.3965918,,,,,,,,,,,,,,,,
2.17373498,41.3965918,,,,,,,,,,,,,,,,
2.14230502,41.39069742,,,,,,,,,,,,,,,,
2.14230502,41.39069742,,,,,,,,,,,,,,,,
2.19590946,41.44937035,,,,,,,,,,,,,,,,
2.16637539,41.39327304,,,,,,,,,,,,,,,,
2.16637539,41.39327304,,,,,,,,,,,,,,,,
2.16637539,41.39327304,,,,,,,,,,,,,,,,
2.15604022,41.42959319,,,,,,,,,,,,,,,,
2.15604022,41.42959319,,,,,,,,,,,,,,,,
2.18689209,41.41352075,,,,,,,,,,,,,,,,
2.18689209,41.41352075,,,,,,,,,,,,,,,,
2.18416005,41.42865586,,,,,,,,,,,,,,,,
2.18416005,41.42865586,,,,,,,,,,,,,,,,
2.18416005,41.42865586,,,,,,,,,,,,,,,,
2.19033689,41.42246342,,,,,,,,,,,,,,,,
2.19033689,41.42246342,,,,,,,,,,,,,,,,
2.19033689,41.42246342,,,,,,,,,,,,,,,,
2.19033689,41.42246342,,,,,,,,,,,,,,,,
2.16262086,41.375806,,,,,,,,,,,,,,,,
2.16262086,41.375806,,,,,,,,,,,,,,,,
2.20159941,41.44289598,,,,,,,,,,,,,,,,
2.20159941,41.44289598,,,,,,,,,,,,,,,,
2.20159941,41.44289598,,,,,,,,,,,,,,,,
2.20159941,41.44289598,,,,,,,,,,,,,,,,
2.17408046,41.38886014,,,,,,,,,,,,,,,,
2.17408046,41.38886014,,,,,,,,,,,,,,,,
2.14828026,41.37967576,,,,,,,,,,,,,,,,
2.14828026,41.37967576,,,,,,,,,,,,,,,,
2.14828026,41.37967576,,,,,,,,,,,,,,,,
2.20582592,41.44348507,,,,,,,,,,,,,,,,
2.20582592,41.44348507,,,,,,,,,,,,,,,,
2.18971133,41.43600759,,,,,,,,,,,,,,,,
2.18971133,41.43600759,,,,,,,,,,,,,,,,
2.12501957,41.41000686,,,,,,,,,,,,,,,,
2.1475183,41.37383357,,,,,,,,,,,,,,,,
2.1475183,41.37383357,,,,,,,,,,,,,,,,
2.1475183,41.37383357,,,,,,,,,,,,,,,,
2.20903407,41.40855125,,,,,,,,,,,,,,,,
2.17341095,41.39139204,,,,,,,,,,,,,,,,
2.17341095,41.39139204,,,,,,,,,,,,,,,,
2.17341095,41.39139204,,,,,,,,,,,,,,,,
2.1767087,41.40275394,,,,,,,,,,,,,,,,
2.17362913,41.37455476,,,,,,,,,,,,,,,,
2.17362913,41.37455476,,,,,,,,,,,,,,,,
2.1432983,41.35011081,,,,,,,,,,,,,,,,
2.1432983,41.35011081,,,,,,,,,,,,,,,,
2.1432983,41.35011081,,,,,,,,,,,,,,,,
2.16688123,41.41012203,,,,,,,,,,,,,,,,
2.16688123,41.41012203,,,,,,,,,,,,,,,,
2.16688123,41.41012203,,,,,,,,,,,,,,,,
2.15959712,41.38818746,,,,,,,,,,,,,,,,
2.15959712,41.38818746,,,,,,,,,,,,,,,,
2.15673243,41.3878834,,,,,,,,,,,,,,,,
2.15673243,41.3878834,,,,,,,,,,,,,,,,
2.1618777,41.3901539,,,,,,,,,,,,,,,,
2.1618777,41.3901539,,,,,,,,,,,,,,,,
2.13464835,41.36417347,,,,,,,,,,,,,,,,
2.13464835,41.36417347,,,,,,,,,,,,,,,,
2.1848894,41.40703471,,,,,,,,,,,,,,,,
2.1848894,41.40703471,,,,,,,,,,,,,,,,
2.18107085,41.46384398,,,,,,,,,,,,,,,,
2.18107085,41.46384398,,,,,,,,,,,,,,,,
2.13471073,41.32579637,,,,,,,,,,,,,,,,
2.13471073,41.32579637,,,,,,,,,,,,,,,,
2.13481335,41.40021801,,,,,,,,,,,,,,,,
2.166235,41.38756186,,,,,,,,,,,,,,,,
2.166235,41.38756186,,,,,,,,,,,,,,,,
2.18416005,41.42865586,,,,,,,,,,,,,,,,
2.18416005,41.42865586,,,,,,,,,,,,,,,,
2.12991683,41.39250755,,,,,,,,,,,,,,,,
2.12991683,41.39250755,,,,,,,,,,,,,,,,
2.12991683,41.39250755,,,,,,,,,,,,,,,,
2.17683873,41.37530407,,,,,,,,,,,,,,,,
2.17683873,41.37530407,,,,,,,,,,,,,,,,
2.11206426,41.38444757,,,,,,,,,,,,,,,,
2.11206426,41.38444757,,,,,,,,,,,,,,,,
2.10915653,41.38370407,,,,,,,,,,,,,,,,
2.10915653,41.38370407,,,,,,,,,,,,,,,,
2.10915653,41.38370407,,,,,,,,,,,,,,,,
2.1528033,41.38307252,,,,,,,,,,,,,,,,
2.1528033,41.38307252,,,,,,,,,,,,,,,,
2.18451949,41.4069096,,,,,,,,,,,,,,,,
2.18451949,41.4069096,,,,,,,,,,,,,,,,
2.18345114,41.39061415,,,,,,,,,,,,,,,,
2.18345114,41.39061415,,,,,,,,,,,,,,,,
2.18345114,41.39061415,,,,,,,,,,,,,,,,
2.12562384,41.34004233,,,,,,,,,,,,,,,,
2.12562384,41.34004233,,,,,,,,,,,,,,,,
2.1815144,41.44624247,,,,,,,,,,,,,,,,
2.1815144,41.44624247,,,,,,,,,,,,,,,,
2.16785133,41.40618435,,,,,,,,,,,,,,,,
2.16785133,41.40618435,,,,,,,,,,,,,,,,
2.15575962,41.38753885,,,,,,,,,,,,,,,,
2.15575962,41.38753885,,,,,,,,,,,,,,,,
2.17179828,41.39930092,,,,,,,,,,,,,,,,
2.13465148,41.4218296,,,,,,,,,,,,,,,,
2.21089671,41.40009139,,,,,,,,,,,,,,,,
2.21089671,41.40009139,,,,,,,,,,,,,,,,
2.10305959,41.38358502,,,,,,,,,,,,,,,,
2.10305959,41.38358502,,,,,,,,,,,,,,,,
2.13871037,41.3780628,,,,,,,,,,,,,,,,
2.13871037,41.3780628,,,,,,,,,,,,,,,,
2.17786079,41.42333473,,,,,,,,,,,,,,,,
2.17786079,41.42333473,,,,,,,,,,,,,,,,
2.13142592,41.41412426,,,,,,,,,,,,,,,,
2.13142592,41.41412426,,,,,,,,,,,,,,,,
2.12577853,41.41033593,,,,,,,,,,,,,,,,
2.12577853,41.41033593,,,,,,,,,,,,,,,,
2.16935002,41.4098452,,,,,,,,,,,,,,,,
2.16935002,41.4098452,,,,,,,,,,,,,,,,
2.17442149,41.39403565,,,,,,,,,,,,,,,,
2.17442149,41.39403565,,,,,,,,,,,,,,,,
2.19978673,41.39363014,,,,,,,,,,,,,,,,
2.19978673,41.39363014,,,,,,,,,,,,,,,,
2.13413961,41.39933787,,,,,,,,,,,,,,,,
2.13413961,41.39933787,,,,,,,,,,,,,,,,
2.2085905,41.43899818,,,,,,,,,,,,,,,,
2.2085905,41.43899818,,,,,,,,,,,,,,,,
2.2085905,41.43899818,,,,,,,,,,,,,,,,
2.2085905,41.43899818,,,,,,,,,,,,,,,,
2.18227644,41.40180886,,,,,,,,,,,,,,,,
2.18227644,41.40180886,,,,,,,,,,,,,,,,
2.14853258,41.42685791,,,,,,,,,,,,,,,,
2.14853258,41.42685791,,,,,,,,,,,,,,,,
2.15426464,41.39581109,,,,,,,,,,,,,,,,
2.15426464,41.39581109,,,,,,,,,,,,,,,,
2.14219236,41.40387179,,,,,,,,,,,,,,,,
2.14219236,41.40387179,,,,,,,,,,,,,,,,
2.18094079,41.42992772,,,,,,,,,,,,,,,,
2.18094079,41.42992772,,,,,,,,,,,,,,,,
2.14624186,41.37365308,,,,,,,,,,,,,,,,
2.14624186,41.37365308,,,,,,,,,,,,,,,,
2.18692719,41.42286128,,,,,,,,,,,,,,,,
2.18692719,41.42286128,,,,,,,,,,,,,,,,
2.15498001,41.42496298,,,,,,,,,,,,,,,,
2.15498001,41.42496298,,,,,,,,,,,,,,,,
2.14355669,41.42737435,,,,,,,,,,,,,,,,
2.14355669,41.42737435,,,,,,,,,,,,,,,,
2.15507213,41.38818452,,,,,,,,,,,,,,,,
2.15507213,41.38818452,,,,,,,,,,,,,,,,
2.16498092,41.44117623,,,,,,,,,,,,,,,,
2.16498092,41.44117623,,,,,,,,,,,,,,,,
2.16498092,41.44117623,,,,,,,,,,,,,,,,
2.19718659,41.39901755,,,,,,,,,,,,,,,,
2.19718659,41.39901755,,,,,,,,,,,,,,,,
2.16979826,41.37830168,,,,,,,,,,,,,,,,
2.16979826,41.37830168,,,,,,,,,,,,,,,,
2.16809273,41.40311928,,,,,,,,,,,,,,,,
2.16809273,41.40311928,,,,,,,,,,,,,,,,
2.19830558,41.3947355,,,,,,,,,,,,,,,,
2.19830558,41.3947355,,,,,,,,,,,,,,,,
2.15846428,41.38732773,,,,,,,,,,,,,,,,
2.15846428,41.38732773,,,,,,,,,,,,,,,,
2.10717583,41.39045559,,,,,,,,,,,,,,,,
2.19126829,41.4170749,,,,,,,,,,,,,,,,
2.19126829,41.4170749,,,,,,,,,,,,,,,,
2.12514859,41.4076935,,,,,,,,,,,,,,,,
2.12514859,41.4076935,,,,,,,,,,,,,,,,
2.13142592,41.41412426,,,,,,,,,,,,,,,,
2.13142592,41.41412426,,,,,,,,,,,,,,,,
2.13142592,41.41412426,,,,,,,,,,,,,,,,
2.17131012,41.40165156,,,,,,,,,,,,,,,,
2.16721503,41.40061786,,,,,,,,,,,,,,,,
2.16721503,41.40061786,,,,,,,,,,,,,,,,
2.20438998,41.41248057,,,,,,,,,,,,,,,,
2.20438998,41.41248057,,,,,,,,,,,,,,,,
2.1429063,41.38024879,,,,,,,,,,,,,,,,
2.1429063,41.38024879,,,,,,,,,,,,,,,,
2.18741006,41.44682699,,,,,,,,,,,,,,,,
2.18741006,41.44682699,,,,,,,,,,,,,,,,
2.15583549,41.38590679,,,,,,,,,,,,,,,,
2.15583549,41.38590679,,,,,,,,,,,,,,,,
2.15394865,41.39074312,,,,,,,,,,,,,,,,
2.15394865,41.39074312,,,,,,,,,,,,,,,,
2.15020315,41.37269087,,,,,,,,,,,,,,,,
2.15020315,41.37269087,,,,,,,,,,,,,,,,
2.15020315,41.37269087,,,,,,,,,,,,,,,,
2.14309754,41.38543566,,,,,,,,,,,,,,,,
2.14309754,41.38543566,,,,,,,,,,,,,,,,
2.21640338,41.41044095,,,,,,,,,,,,,,,,
2.18794833,41.3939544,,,,,,,,,,,,,,,,
2.18794833,41.3939544,,,,,,,,,,,,,,,,
2.16827407,41.38941583,,,,,,,,,,,,,,,,
2.16827407,41.38941583,,,,,,,,,,,,,,,,
2.16488015,41.38617174,,,,,,,,,,,,,,,,
2.16488015,41.38617174,,,,,,,,,,,,,,,,
2.16488015,41.38617174,,,,,,,,,,,,,,,,
2.19395263,41.41529083,,,,,,,,,,,,,,,,
2.19395263,41.41529083,,,,,,,,,,,,,,,,
2.16406051,41.3917534,,,,,,,,,,,,,,,,
2.16406051,41.3917534,,,,,,,,,,,,,,,,
2.18197379,41.38101325,,,,,,,,,,,,,,,,
2.18197379,41.38101325,,,,,,,,,,,,,,,,
2.18469378,41.38470831,,,,,,,,,,,,,,,,
2.18469378,41.38470831,,,,,,,,,,,,,,,,
2.16094608,41.38032597,,,,,,,,,,,,,,,,
2.16094608,41.38032597,,,,,,,,,,,,,,,,
2.15086814,41.42618922,,,,,,,,,,,,,,,,
2.15086814,41.42618922,,,,,,,,,,,,,,,,
2.13426716,41.39968857,,,,,,,,,,,,,,,,
2.13426716,41.39968857,,,,,,,,,,,,,,,,
2.16184651,41.39671768,,,,,,,,,,,,,,,,
2.16184651,41.39671768,,,,,,,,,,,,,,,,
2.20156677,41.41418548,,,,,,,,,,,,,,,,
2.20156677,41.41418548,,,,,,,,,,,,,,,,
2.12809303,41.41150674,,,,,,,,,,,,,,,,
2.12809303,41.41150674,,,,,,,,,,,,,,,,
2.18114812,41.42248899,,,,,,,,,,,,,,,,
2.18114812,41.42248899,,,,,,,,,,,,,,,,
2.16310473,41.38554485,,,,,,,,,,,,,,,,
2.16310473,41.38554485,,,,,,,,,,,,,,,,
2.15856052,41.38213403,,,,,,,,,,,,,,,,
2.15856052,41.38213403,,,,,,,,,,,,,,,,
2.15349332,41.38617165,,,,,,,,,,,,,,,,
2.15349332,41.38617165,,,,,,,,,,,,,,,,
2.19354882,41.41025673,,,,,,,,,,,,,,,,
2.19354882,41.41025673,,,,,,,,,,,,,,,,
2.12060717,41.39443895,,,,,,,,,,,,,,,,
2.20631564,41.43644949,,,,,,,,,,,,,,,,
2.20631564,41.43644949,,,,,,,,,,,,,,,,
2.20060773,41.41008444,,,,,,,,,,,,,,,,
2.20060773,41.41008444,,,,,,,,,,,,,,,,
2.12821035,41.38839659,,,,,,,,,,,,,,,,
2.12821035,41.38839659,,,,,,,,,,,,,,,,
2.12821035,41.38839659,,,,,,,,,,,,,,,,
2.13491918,41.38979881,,,,,,,,,,,,,,,,
2.13491918,41.38979881,,,,,,,,,,,,,,,,
2.14702629,41.34925403,,,,,,,,,,,,,,,,
2.14702629,41.34925403,,,,,,,,,,,,,,,,
2.14601714,41.3774565,,,,,,,,,,,,,,,,
2.14601714,41.3774565,,,,,,,,,,,,,,,,
2.13845364,41.40340447,,,,,,,,,,,,,,,,
2.13845364,41.40340447,,,,,,,,,,,,,,,,
2.19706288,41.41104091,,,,,,,,,,,,,,,,
2.19706288,41.41104091,,,,,,,,,,,,,,,,
2.16290549,41.39047778,,,,,,,,,,,,,,,,
2.16290549,41.39047778,,,,,,,,,,,,,,,,
2.16562719,41.37658828,,,,,,,,,,,,,,,,
2.15620507,41.38563044,,,,,,,,,,,,,,,,
2.15620507,41.38563044,,,,,,,,,,,,,,,,
2.20056796,41.40158946,,,,,,,,,,,,,,,,
2.20056796,41.40158946,,,,,,,,,,,,,,,,
2.20056796,41.40158946,,,,,,,,,,,,,,,,
2.20163399,41.4144445,,,,,,,,,,,,,,,,
2.20163399,41.4144445,,,,,,,,,,,,,,,,
2.16180332,41.37517922,,,,,,,,,,,,,,,,
2.16180332,41.37517922,,,,,,,,,,,,,,,,
2.15189473,41.39757571,,,,,,,,,,,,,,,,
2.15189473,41.39757571,,,,,,,,,,,,,,,,
2.15189473,41.39757571,,,,,,,,,,,,,,,,
2.11661966,41.40364091,,,,,,,,,,,,,,,,
2.11661966,41.40364091,,,,,,,,,,,,,,,,
2.21833214,41.40690811,,,,,,,,,,,,,,,,
2.21833214,41.40690811,,,,,,,,,,,,,,,,
2.15279931,41.38648649,,,,,,,,,,,,,,,,
2.15279931,41.38648649,,,,,,,,,,,,,,,,
2.15279931,41.38648649,,,,,,,,,,,,,,,,
2.15279931,41.38648649,,,,,,,,,,,,,,,,
2.15755655,41.37947478,,,,,,,,,,,,,,,,
2.15755655,41.37947478,,,,,,,,,,,,,,,,
2.17684239,41.39050555,,,,,,,,,,,,,,,,
2.1786805,41.40469359,,,,,,,,,,,,,,,,
2.1786805,41.40469359,,,,,,,,,,,,,,,,
2.1786805,41.40469359,,,,,,,,,,,,,,,,
2.1786805,41.40469359,,,,,,,,,,,,,,,,
2.1786805,41.40469359,,,,,,,,,,,,,,,,
2.12005644,41.38940864,,,,,,,,,,,,,,,,
2.12005644,41.38940864,,,,,,,,,,,,,,,,
2.17741152,41.41886221,,,,,,,,,,,,,,,,
2.17741152,41.41886221,,,,,,,,,,,,,,,,
2.17741152,41.41886221,,,,,,,,,,,,,,,,
2.14618061,41.39002112,,,,,,,,,,,,,,,,
2.14618061,41.39002112,,,,,,,,,,,,,,,,
2.14618061,41.39002112,,,,,,,,,,,,,,,,
2.1720427,41.40435787,,,,,,,,,,,,,,,,
2.1720427,41.40435787,,,,,,,,,,,,,,,,
2.22367303,41.40849591,,,,,,,,,,,,,,,,
2.22367303,41.40849591,,,,,,,,,,,,,,,,
2.17008556,41.38549231,,,,,,,,,,,,,,,,
2.17008556,41.38549231,,,,,,,,,,,,,,,,
2.17145253,41.40579742,,,,,,,,,,,,,,,,
2.17145253,41.40579742,,,,,,,,,,,,,,,,
2.18182125,41.38026576,,,,,,,,,,,,,,,,
2.18182125,41.38026576,,,,,,,,,,,,,,,,
2.18182125,41.38026576,,,,,,,,,,,,,,,,
2.2059142,41.41986908,,,,,,,,,,,,,,,,
2.2059142,41.41986908,,,,,,,,,,,,,,,,
2.13148929,41.38037768,,,,,,,,,,,,,,,,
2.13148929,41.38037768,,,,,,,,,,,,,,,,
2.13710296,41.41554986,,,,,,,,,,,,,,,,
2.13710296,41.41554986,,,,,,,,,,,,,,,,
2.17665545,41.37442665,,,,,,,,,,,,,,,,
2.17665545,41.37442665,,,,,,,,,,,,,,,,
2.15515854,41.37958031,,,,,,,,,,,,,,,,
2.15515854,41.37958031,,,,,,,,,,,,,,,,
2.13996231,41.38644811,,,,,,,,,,,,,,,,
2.13996231,41.38644811,,,,,,,,,,,,,,,,
2.18303991,41.38862558,,,,,,,,,,,,,,,,
2.11395777,41.38308781,,,,,,,,,,,,,,,,
2.11395777,41.38308781,,,,,,,,,,,,,,,,
2.1468715,41.40147902,,,,,,,,,,,,,,,,
2.1468715,41.40147902,,,,,,,,,,,,,,,,
2.18243759,41.3881633,,,,,,,,,,,,,,,,
2.18243759,41.3881633,,,,,,,,,,,,,,,,
2.17796362,41.38332585,,,,,,,,,,,,,,,,
2.17158779,41.38365602,,,,,,,,,,,,,,,,
2.17158779,41.38365602,,,,,,,,,,,,,,,,
2.17158779,41.38365602,,,,,,,,,,,,,,,,
2.16622687,41.36538766,,,,,,,,,,,,,,,,
2.14827543,41.38136938,,,,,,,,,,,,,,,,
2.14827543,41.38136938,,,,,,,,,,,,,,,,
2.13347934,41.4068762,,,,,,,,,,,,,,,,
2.13347934,41.4068762,,,,,,,,,,,,,,,,
2.12876417,41.38823865,,,,,,,,,,,,,,,,
2.12876417,41.38823865,,,,,,,,,,,,,,,,
2.19679564,41.44257815,,,,,,,,,,,,,,,,
2.19679564,41.44257815,,,,,,,,,,,,,,,,
2.15620507,41.38563044,,,,,,,,,,,,,,,,
2.15620507,41.38563044,,,,,,,,,,,,,,,,
2.15054158,41.38818244,,,,,,,,,,,,,,,,
2.15054158,41.38818244,,,,,,,,,,,,,,,,
2.14199225,41.42332793,,,,,,,,,,,,,,,,
2.14199225,41.42332793,,,,,,,,,,,,,,,,
2.14236833,41.42569123,,,,,,,,,,,,,,,,
2.14236833,41.42569123,,,,,,,,,,,,,,,,
2.14236833,41.42569123,,,,,,,,,,,,,,,,
2.14886204,41.41789542,,,,,,,,,,,,,,,,
2.14886204,41.41789542,,,,,,,,,,,,,,,,
2.13712502,41.39076907,,,,,,,,,,,,,,,,
2.13712502,41.39076907,,,,,,,,,,,,,,,,
2.19814385,41.41715055,,,,,,,,,,,,,,,,
2.19814385,41.41715055,,,,,,,,,,,,,,,,
2.10652697,41.38269852,,,,,,,,,,,,,,,,
2.10652697,41.38269852,,,,,,,,,,,,,,,,
2.14003052,41.36852084,,,,,,,,,,,,,,,,
2.14003052,41.36852084,,,,,,,,,,,,,,,,
2.14003052,41.36852084,,,,,,,,,,,,,,,,
2.1497025,41.37500206,,,,,,,,,,,,,,,,
2.1497025,41.37500206,,,,,,,,,,,,,,,,
2.19188171,41.39071718,,,,,,,,,,,,,,,,
2.19188171,41.39071718,,,,,,,,,,,,,,,,
2.18419554,41.40214913,,,,,,,,,,,,,,,,
2.10509824,41.38588087,,,,,,,,,,,,,,,,
2.10509824,41.38588087,,,,,,,,,,,,,,,,
2.10509824,41.38588087,,,,,,,,,,,,,,,,
2.14151432,41.37529016,,,,,,,,,,,,,,,,
2.17202663,41.39413647,,,,,,,,,,,,,,,,
2.17202663,41.39413647,,,,,,,,,,,,,,,,
2.13741002,41.39778204,,,,,,,,,,,,,,,,
2.13741002,41.39778204,,,,,,,,,,,,,,,,
2.12420732,41.40198904,,,,,,,,,,,,,,,,
2.12420732,41.40198904,,,,,,,,,,,,,,,,
2.18647594,41.4120298,,,,,,,,,,,,,,,,
2.18647594,41.4120298,,,,,,,,,,,,,,,,
2.17475497,41.43328879,,,,,,,,,,,,,,,,
2.17475497,41.43328879,,,,,,,,,,,,,,,,
2.16637439,41.40012586,,,,,,,,,,,,,,,,
2.16637439,41.40012586,,,,,,,,,,,,,,,,
2.16637439,41.40012586,,,,,,,,,,,,,,,,
2.13260722,41.3896217,,,,,,,,,,,,,,,,
2.13260722,41.3896217,,,,,,,,,,,,,,,,
2.19617731,41.38779473,,,,,,,,,,,,,,,,
2.19617731,41.38779473,,,,,,,,,,,,,,,,
2.12665525,41.34171198,,,,,,,,,,,,,,,,
2.12665525,41.34171198,,,,,,,,,,,,,,,,
2.17305355,41.38464632,,,,,,,,,,,,,,,,
2.14540113,41.37458205,,,,,,,,,,,,,,,,
2.14540113,41.37458205,,,,,,,,,,,,,,,,
2.14498432,41.39285888,,,,,,,,,,,,,,,,
2.14498432,41.39285888,,,,,,,,,,,,,,,,
2.14498432,41.39285888,,,,,,,,,,,,,,,,
2.15836911,41.42555989,,,,,,,,,,,,,,,,
2.15836911,41.42555989,,,,,,,,,,,,,,,,
2.16526021,41.40436376,,,,,,,,,,,,,,,,
2.16526021,41.40436376,,,,,,,,,,,,,,,,
2.15653707,41.40207454,,,,,,,,,,,,,,,,
2.15653707,41.40207454,,,,,,,,,,,,,,,,
2.15847923,41.38903537,,,,,,,,,,,,,,,,
2.15847923,41.38903537,,,,,,,,,,,,,,,,
2.1879273,41.44844367,,,,,,,,,,,,,,,,
2.1879273,41.44844367,,,,,,,,,,,,,,,,
2.18645576,41.44534235,,,,,,,,,,,,,,,,
2.18645576,41.44534235,,,,,,,,,,,,,,,,
2.16483001,41.39785468,,,,,,,,,,,,,,,,
2.16483001,41.39785468,,,,,,,,,,,,,,,,
2.17340752,41.38968588,,,,,,,,,,,,,,,,
2.17340752,41.38968588,,,,,,,,,,,,,,,,
2.18390842,41.44350965,,,,,,,,,,,,,,,,
2.18390842,41.44350965,,,,,,,,,,,,,,,,
2.17940402,41.42877242,,,,,,,,,,,,,,,,
2.17940402,41.42877242,,,,,,,,,,,,,,,,
2.17960368,41.42185595,,,,,,,,,,,,,,,,
2.17960368,41.42185595,,,,,,,,,,,,,,,,
2.13926212,41.41868836,,,,,,,,,,,,,,,,
2.13926212,41.41868836,,,,,,,,,,,,,,,,
2.16190463,41.3809168,,,,,,,,,,,,,,,,
2.16190463,41.3809168,,,,,,,,,,,,,,,,
2.13714876,41.38522941,,,,,,,,,,,,,,,,
2.13714876,41.38522941,,,,,,,,,,,,,,,,
2.20346988,41.42115445,,,,,,,,,,,,,,,,
2.20346988,41.42115445,,,,,,,,,,,,,,,,
2.15981042,41.38117452,,,,,,,,,,,,,,,,
2.15981042,41.38117452,,,,,,,,,,,,,,,,
2.15981042,41.38117452,,,,,,,,,,,,,,,,
2.15981042,41.38117452,,,,,,,,,,,,,,,,
2.20582592,41.44348507,,,,,,,,,,,,,,,,
2.20582592,41.44348507,,,,,,,,,,,,,,,,
2.20582592,41.44348507,,,,,,,,,,,,,,,,
2.17242907,41.41262694,,,,,,,,,,,,,,,,
2.17242907,41.41262694,,,,,,,,,,,,,,,,
2.19985692,41.4022784,,,,,,,,,,,,,,,,
2.19985692,41.4022784,,,,,,,,,,,,,,,,
2.17207099,41.44333465,,,,,,,,,,,,,,,,
2.12543316,41.3986658,,,,,,,,,,,,,,,,
2.12543316,41.3986658,,,,,,,,,,,,,,,,
2.15782445,41.35299809,,,,,,,,,,,,,,,,
2.15782445,41.35299809,,,,,,,,,,,,,,,,
2.14522803,41.39998489,,,,,,,,,,,,,,,,
2.14522803,41.39998489,,,,,,,,,,,,,,,,
2.18285489,41.38754599,,,,,,,,,,,,,,,,
2.17330202,41.36849932,,,,,,,,,,,,,,,,
2.17330202,41.36849932,,,,,,,,,,,,,,,,
2.11344933,41.33050847,,,,,,,,,,,,,,,,
2.11344933,41.33050847,,,,,,,,,,,,,,,,
2.13824757,41.36427464,,,,,,,,,,,,,,,,
2.13824757,41.36427464,,,,,,,,,,,,,,,,
2.20334104,41.43601536,,,,,,,,,,,,,,,,
2.20334104,41.43601536,,,,,,,,,,,,,,,,
2.19814385,41.41715055,,,,,,,,,,,,,,,,
2.19814385,41.41715055,,,,,,,,,,,,,,,,
2.17098863,41.43387462,,,,,,,,,,,,,,,,
2.16369837,41.4446754,,,,,,,,,,,,,,,,
2.16369837,41.4446754,,,,,,,,,,,,,,,,
2.16812112,41.3615594,,,,,,,,,,,,,,,,
2.16812112,41.3615594,,,,,,,,,,,,,,,,
2.16812112,41.3615594,,,,,,,,,,,,,,,,
2.18278467,41.40323971,,,,,,,,,,,,,,,,
2.18278467,41.40323971,,,,,,,,,,,,,,,,
2.12777409,41.38241709,,,,,,,,,,,,,,,,
2.12777409,41.38241709,,,,,,,,,,,,,,,,
2.12991683,41.39250755,,,,,,,,,,,,,,,,
2.12991683,41.39250755,,,,,,,,,,,,,,,,
2.17819116,41.37558162,,,,,,,,,,,,,,,,
2.17819116,41.37558162,,,,,,,,,,,,,,,,
2.17819116,41.37558162,,,,,,,,,,,,,,,,
2.20179999,41.41523512,,,,,,,,,,,,,,,,
2.20179999,41.41523512,,,,,,,,,,,,,,,,
2.20179999,41.41523512,,,,,,,,,,,,,,,,
2.14733405,41.38981173,,,,,,,,,,,,,,,,
2.14733405,41.38981173,,,,,,,,,,,,,,,,
2.17424351,41.37665076,,,,,,,,,,,,,,,,
2.15773306,41.42926851,,,,,,,,,,,,,,,,
2.15773306,41.42926851,,,,,,,,,,,,,,,,
2.15773306,41.42926851,,,,,,,,,,,,,,,,
2.14543557,41.40562591,,,,,,,,,,,,,,,,
2.14543557,41.40562591,,,,,,,,,,,,,,,,
2.16298925,41.38732424,,,,,,,,,,,,,,,,
2.16298925,41.38732424,,,,,,,,,,,,,,,,
2.14261778,41.3854928,,,,,,,,,,,,,,,,
2.14261778,41.3854928,,,,,,,,,,,,,,,,
2.14188843,41.42375677,,,,,,,,,,,,,,,,
2.14188843,41.42375677,,,,,,,,,,,,,,,,
2.19451665,41.38906315,,,,,,,,,,,,,,,,
2.19451665,41.38906315,,,,,,,,,,,,,,,,
2.15892658,41.39197377,,,,,,,,,,,,,,,,
2.15892658,41.39197377,,,,,,,,,,,,,,,,
2.14834058,41.37540324,,,,,,,,,,,,,,,,
2.14834058,41.37540324,,,,,,,,,,,,,,,,
2.14834058,41.37540324,,,,,,,,,,,,,,,,
2.15416912,41.38595958,,,,,,,,,,,,,,,,
2.15416912,41.38595958,,,,,,,,,,,,,,,,
2.20396202,41.40756519,,,,,,,,,,,,,,,,
2.20396202,41.40756519,,,,,,,,,,,,,,,,
2.1422652,41.39417234,,,,,,,,,,,,,,,,
2.15758057,41.4080745,,,,,,,,,,,,,,,,
2.15758057,41.4080745,,,,,,,,,,,,,,,,
2.12127577,41.40646062,,,,,,,,,,,,,,,,
2.12127577,41.40646062,,,,,,,,,,,,,,,,
2.12127577,41.40646062,,,,,,,,,,,,,,,,
2.17316883,41.40179461,,,,,,,,,,,,,,,,
2.17316883,41.40179461,,,,,,,,,,,,,,,,
2.19734991,41.41102794,,,,,,,,,,,,,,,,
2.19734991,41.41102794,,,,,,,,,,,,,,,,
2.18788294,41.44892239,,,,,,,,,,,,,,,,
2.18788294,41.44892239,,,,,,,,,,,,,,,,
2.1452749,41.37925378,,,,,,,,,,,,,,,,
2.1452749,41.37925378,,,,,,,,,,,,,,,,
2.18023998,41.40385369,,,,,,,,,,,,,,,,
2.18023998,41.40385369,,,,,,,,,,,,,,,,
2.18023998,41.40385369,,,,,,,,,,,,,,,,
2.16483001,41.39785468,,,,,,,,,,,,,,,,
2.16483001,41.39785468,,,,,,,,,,,,,,,,
2.17232476,41.40757559,,,,,,,,,,,,,,,,
2.17232476,41.40757559,,,,,,,,,,,,,,,,
2.12961157,41.33616015,,,,,,,,,,,,,,,,
2.12961157,41.33616015,,,,,,,,,,,,,,,,
2.18767738,41.37989627,,,,,,,,,,,,,,,,
2.12571269,41.38848506,,,,,,,,,,,,,,,,
2.12571269,41.38848506,,,,,,,,,,,,,,,,
2.17644084,41.39512783,,,,,,,,,,,,,,,,
2.17644084,41.39512783,,,,,,,,,,,,,,,,
2.15515854,41.37958031,,,,,,,,,,,,,,,,
2.15515854,41.37958031,,,,,,,,,,,,,,,,
2.13434969,41.39570876,,,,,,,,,,,,,,,,
2.13434969,41.39570876,,,,,,,,,,,,,,,,
2.16828728,41.37516066,,,,,,,,,,,,,,,,
2.16828728,41.37516066,,,,,,,,,,,,,,,,
2.16828728,41.37516066,,,,,,,,,,,,,,,,
2.12327446,41.38727958,,,,,,,,,,,,,,,,
2.12327446,41.38727958,,,,,,,,,,,,,,,,
2.16270503,41.41434729,,,,,,,,,,,,,,,,
2.16270503,41.41434729,,,,,,,,,,,,,,,,
2.18462675,41.42743638,,,,,,,,,,,,,,,,
2.18462675,41.42743638,,,,,,,,,,,,,,,,
2.18462675,41.42743638,,,,,,,,,,,,,,,,
2.13567973,41.41181817,,,,,,,,,,,,,,,,
2.13567973,41.41181817,,,,,,,,,,,,,,,,
2.14488295,41.41362433,,,,,,,,,,,,,,,,
2.17500241,41.41594021,,,,,,,,,,,,,,,,
2.17500241,41.41594021,,,,,,,,,,,,,,,,
2.14072038,41.40441788,,,,,,,,,,,,,,,,
2.14072038,41.40441788,,,,,,,,,,,,,,,,
2.16555999,41.4047284,,,,,,,,,,,,,,,,
2.16555999,41.4047284,,,,,,,,,,,,,,,,
2.18661349,41.42273165,,,,,,,,,,,,,,,,
2.18661349,41.42273165,,,,,,,,,,,,,,,,
2.12757889,41.37515846,,,,,,,,,,,,,,,,
2.12757889,41.37515846,,,,,,,,,,,,,,,,
2.12757889,41.37515846,,,,,,,,,,,,,,,,
2.14377533,41.38137062,,,,,,,,,,,,,,,,
2.14377533,41.38137062,,,,,,,,,,,,,,,,
2.17815821,41.42389909,,,,,,,,,,,,,,,,
2.17815821,41.42389909,,,,,,,,,,,,,,,,
2.17730928,41.39653911,,,,,,,,,,,,,,,,
2.17730928,41.39653911,,,,,,,,,,,,,,,,
2.20395943,41.39373025,,,,,,,,,,,,,,,,
2.20395943,41.39373025,,,,,,,,,,,,,,,,
2.14385929,41.38054357,,,,,,,,,,,,,,,,
2.14385929,41.38054357,,,,,,,,,,,,,,,,
2.18450693,41.40518333,,,,,,,,,,,,,,,,
2.18450693,41.40518333,,,,,,,,,,,,,,,,
2.1573582,41.3933073,,,,,,,,,,,,,,,,
2.1573582,41.3933073,,,,,,,,,,,,,,,,
2.17651171,41.43016229,,,,,,,,,,,,,,,,
2.17651171,41.43016229,,,,,,,,,,,,,,,,
2.17450927,41.41678807,,,,,,,,,,,,,,,,
2.17450927,41.41678807,,,,,,,,,,,,,,,,
2.17450927,41.41678807,,,,,,,,,,,,,,,,
2.17450927,41.41678807,,,,,,,,,,,,,,,,
2.11206078,41.33250941,,,,,,,,,,,,,,,,
2.11206078,41.33250941,,,,,,,,,,,,,,,,
2.17608063,41.44038449,,,,,,,,,,,,,,,,
2.17608063,41.44038449,,,,,,,,,,,,,,,,
2.16301649,41.40267073,,,,,,,,,,,,,,,,
2.16301649,41.40267073,,,,,,,,,,,,,,,,
2.17442149,41.39403565,,,,,,,,,,,,,,,,
2.17442149,41.39403565,,,,,,,,,,,,,,,,
2.20163399,41.4144445,,,,,,,,,,,,,,,,
2.20163399,41.4144445,,,,,,,,,,,,,,,,
2.18346095,41.4301881,,,,,,,,,,,,,,,,
2.18346095,41.4301881,,,,,,,,,,,,,,,,
2.12046927,41.37748195,,,,,,,,,,,,,,,,
2.12046927,41.37748195,,,,,,,,,,,,,,,,
2.13414363,41.37633896,,,,,,,,,,,,,,,,
2.13414363,41.37633896,,,,,,,,,,,,,,,,
2.21034492,41.39985402,,,,,,,,,,,,,,,,
2.21034492,41.39985402,,,,,,,,,,,,,,,,
2.17661778,41.43016092,,,,,,,,,,,,,,,,
2.17661778,41.43016092,,,,,,,,,,,,,,,,
2.17683873,41.37530407,,,,,,,,,,,,,,,,
2.17683873,41.37530407,,,,,,,,,,,,,,,,
2.1656353,41.38775952,,,,,,,,,,,,,,,,
2.1656353,41.38775952,,,,,,,,,,,,,,,,
2.15416707,41.37499749,,,,,,,,,,,,,,,,
2.15416707,41.37499749,,,,,,,,,,,,,,,,
2.14435147,41.37176985,,,,,,,,,,,,,,,,
2.14435147,41.37176985,,,,,,,,,,,,,,,,
2.14980891,41.40592933,,,,,,,,,,,,,,,,
2.14980891,41.40592933,,,,,,,,,,,,,,,,
2.17796991,41.39478503,,,,,,,,,,,,,,,,
2.17796991,41.39478503,,,,,,,,,,,,,,,,
2.18051279,41.4377029,,,,,,,,,,,,,,,,
2.15836862,41.39784767,,,,,,,,,,,,,,,,
2.15836862,41.39784767,,,,,,,,,,,,,,,,
2.16362441,41.36894841,,,,,,,,,,,,,,,,
2.16362441,41.36894841,,,,,,,,,,,,,,,,
2.17520121,41.41730678,,,,,,,,,,,,,,,,
2.17520121,41.41730678,,,,,,,,,,,,,,,,
2.14408303,41.35838273,,,,,,,,,,,,,,,,
2.18285489,41.38754599,,,,,,,,,,,,,,,,
2.14434884,41.39237017,,,,,,,,,,,,,,,,
2.14434884,41.39237017,,,,,,,,,,,,,,,,
2.1259411,41.37646327,,,,,,,,,,,,,,,,
2.1259411,41.37646327,,,,,,,,,,,,,,,,
2.17739201,41.42664246,,,,,,,,,,,,,,,,
2.17739201,41.42664246,,,,,,,,,,,,,,,,
2.20838743,41.39970818,,,,,,,,,,,,,,,,
2.13432637,41.43141406,,,,,,,,,,,,,,,,
2.16007247,41.4157795,,,,,,,,,,,,,,,,
2.16007247,41.4157795,,,,,,,,,,,,,,,,
2.17396848,41.38769933,,,,,,,,,,,,,,,,
2.13957535,41.36410906,,,,,,,,,,,,,,,,
2.13957535,41.36410906,,,,,,,,,,,,,,,,
2.18192707,41.44190648,,,,,,,,,,,,,,,,
2.18192707,41.44190648,,,,,,,,,,,,,,,,
2.14669712,41.4009865,,,,,,,,,,,,,,,,
2.14669712,41.4009865,,,,,,,,,,,,,,,,
2.14210273,41.4246423,,,,,,,,,,,,,,,,
2.14210273,41.4246423,,,,,,,,,,,,,,,,
2.14344009,41.4280144,,,,,,,,,,,,,,,,
2.14344009,41.4280144,,,,,,,,,,,,,,,,
2.14344009,41.4280144,,,,,,,,,,,,,,,,
2.1720366,41.39753948,,,,,,,,,,,,,,,,
2.1720366,41.39753948,,,,,,,,,,,,,,,,
2.16255753,41.40999371,,,,,,,,,,,,,,,,
2.16255753,41.40999371,,,,,,,,,,,,,,,,
2.11812382,41.38060266,,,,,,,,,,,,,,,,
2.11812382,41.38060266,,,,,,,,,,,,,,,,
2.11812382,41.38060266,,,,,,,,,,,,,,,,
2.11812382,41.38060266,,,,,,,,,,,,,,,,
2.11812382,41.38060266,,,,,,,,,,,,,,,,
2.15322295,41.38665651,,,,,,,,,,,,,,,,
2.15322295,41.38665651,,,,,,,,,,,,,,,,
2.20231773,41.39239399,,,,,,,,,,,,,,,,
2.20231773,41.39239399,,,,,,,,,,,,,,,,
2.16750791,41.39413783,,,,,,,,,,,,,,,,
2.16750791,41.39413783,,,,,,,,,,,,,,,,
2.13217137,41.39923418,,,,,,,,,,,,,,,,
2.18813608,41.3990451,,,,,,,,,,,,,,,,
2.18813608,41.3990451,,,,,,,,,,,,,,,,
2.18180928,41.40514226,,,,,,,,,,,,,,,,
2.18180928,41.40514226,,,,,,,,,,,,,,,,
2.17669147,41.40443788,,,,,,,,,,,,,,,,
2.17181797,41.3917554,,,,,,,,,,,,,,,,
2.17181797,41.3917554,,,,,,,,,,,,,,,,
2.15518047,41.37287357,,,,,,,,,,,,,,,,
2.15518047,41.37287357,,,,,,,,,,,,,,,,
2.15518047,41.37287357,,,,,,,,,,,,,,,,
2.17878016,41.44473131,,,,,,,,,,,,,,,,
2.17878016,41.44473131,,,,,,,,,,,,,,,,
2.16465685,41.38590112,,,,,,,,,,,,,,,,
2.16465685,41.38590112,,,,,,,,,,,,,,,,
2.16826146,41.39451201,,,,,,,,,,,,,,,,
2.16826146,41.39451201,,,,,,,,,,,,,,,,
2.15813494,41.39593909,,,,,,,,,,,,,,,,
2.15813494,41.39593909,,,,,,,,,,,,,,,,
2.15813494,41.39593909,,,,,,,,,,,,,,,,
2.13823615,41.41767466,,,,,,,,,,,,,,,,
2.13823615,41.41767466,,,,,,,,,,,,,,,,
2.15251284,41.36231817,,,,,,,,,,,,,,,,
2.15251284,41.36231817,,,,,,,,,,,,,,,,
2.15251284,41.36231817,,,,,,,,,,,,,,,,
2.11786549,41.38589659,,,,,,,,,,,,,,,,
2.11786549,41.38589659,,,,,,,,,,,,,,,,
2.13381117,41.40607654,,,,,,,,,,,,,,,,
2.13381117,41.40607654,,,,,,,,,,,,,,,,
2.14708189,41.41037366,,,,,,,,,,,,,,,,
2.14708189,41.41037366,,,,,,,,,,,,,,,,
2.19760276,41.45005406,,,,,,,,,,,,,,,,
2.19760276,41.45005406,,,,,,,,,,,,,,,,
2.19760276,41.45005406,,,,,,,,,,,,,,,,
2.1720366,41.39753948,,,,,,,,,,,,,,,,
2.1720366,41.39753948,,,,,,,,,,,,,,,,
2.1720366,41.39753948,,,,,,,,,,,,,,,,
2.13738178,41.40066372,,,,,,,,,,,,,,,,
2.13738178,41.40066372,,,,,,,,,,,,,,,,
2.19508603,41.4469687,,,,,,,,,,,,,,,,
2.19508603,41.4469687,,,,,,,,,,,,,,,,
2.18908606,41.43009388,,,,,,,,,,,,,,,,
2.18908606,41.43009388,,,,,,,,,,,,,,,,
2.1661311,41.37264729,,,,,,,,,,,,,,,,
2.1661311,41.37264729,,,,,,,,,,,,,,,,
2.1661311,41.37264729,,,,,,,,,,,,,,,,
2.14791895,41.38124415,,,,,,,,,,,,,,,,
2.14791895,41.38124415,,,,,,,,,,,,,,,,
2.13712502,41.39076907,,,,,,,,,,,,,,,,
2.13712502,41.39076907,,,,,,,,,,,,,,,,
2.18717056,41.38117181,,,,,,,,,,,,,,,,
2.18717056,41.38117181,,,,,,,,,,,,,,,,
2.17254353,41.38227058,,,,,,,,,,,,,,,,
2.14650107,41.39638305,,,,,,,,,,,,,,,,
2.14650107,41.39638305,,,,,,,,,,,,,,,,
2.14169625,41.42381989,,,,,,,,,,,,,,,,
2.14169625,41.42381989,,,,,,,,,,,,,,,,
2.13413961,41.39933787,,,,,,,,,,,,,,,,
2.13413961,41.39933787,,,,,,,,,,,,,,,,
2.10690213,41.38302643,,,,,,,,,,,,,,,,
2.10690213,41.38302643,,,,,,,,,,,,,,,,
2.16217396,41.39220687,,,,,,,,,,,,,,,,
2.16217396,41.39220687,,,,,,,,,,,,,,,,
2.17699026,41.4218327,,,,,,,,,,,,,,,,
2.17699026,41.4218327,,,,,,,,,,,,,,,,
2.17699026,41.4218327,,,,,,,,,,,,,,,,
2.18796648,41.4260925,,,,,,,,,,,,,,,,
2.154612,41.38941644,,,,,,,,,,,,,,,,
2.154612,41.38941644,,,,,,,,,,,,,,,,
2.16344907,41.41228425,,,,,,,,,,,,,,,,
2.16344907,41.41228425,,,,,,,,,,,,,,,,
2.16344907,41.41228425,,,,,,,,,,,,,,,,
2.11991885,41.3913151,,,,,,,,,,,,,,,,
2.11991885,41.3913151,,,,,,,,,,,,,,,,
2.20898772,41.41743362,,,,,,,,,,,,,,,,
2.20898772,41.41743362,,,,,,,,,,,,,,,,
2.17409645,41.43562602,,,,,,,,,,,,,,,,
2.17409645,41.43562602,,,,,,,,,,,,,,,,
2.12939844,41.37543889,,,,,,,,,,,,,,,,
2.12939844,41.37543889,,,,,,,,,,,,,,,,
2.13401343,41.38017582,,,,,,,,,,,,,,,,
2.13401343,41.38017582,,,,,,,,,,,,,,,,
2.13401343,41.38017582,,,,,,,,,,,,,,,,
2.13401343,41.38017582,,,,,,,,,,,,,,,,
2.13401343,41.38017582,,,,,,,,,,,,,,,,
2.17455568,41.39222874,,,,,,,,,,,,,,,,
2.17455568,41.39222874,,,,,,,,,,,,,,,,
2.20320565,41.4243406,,,,,,,,,,,,,,,,
2.20320565,41.4243406,,,,,,,,,,,,,,,,
2.18365749,41.43413299,,,,,,,,,,,,,,,,
2.18365749,41.43413299,,,,,,,,,,,,,,,,
2.17452479,41.42895747,,,,,,,,,,,,,,,,
2.17452479,41.42895747,,,,,,,,,,,,,,,,
2.19455358,41.44760189,,,,,,,,,,,,,,,,
2.19455358,41.44760189,,,,,,,,,,,,,,,,
2.19455358,41.44760189,,,,,,,,,,,,,,,,
2.1989555,41.41154094,,,,,,,,,,,,,,,,
2.1989555,41.41154094,,,,,,,,,,,,,,,,
2.14204103,41.38154521,,,,,,,,,,,,,,,,
2.14204103,41.38154521,,,,,,,,,,,,,,,,
2.20231773,41.39239399,,,,,,,,,,,,,,,,
2.20231773,41.39239399,,,,,,,,,,,,,,,,
2.15047488,41.43742277,,,,,,,,,,,,,,,,
2.15047488,41.43742277,,,,,,,,,,,,,,,,
2.15047488,41.43742277,,,,,,,,,,,,,,,,
2.12482268,41.38897139,,,,,,,,,,,,,,,,
2.12482268,41.38897139,,,,,,,,,,,,,,,,
2.16380267,41.39303332,,,,,,,,,,,,,,,,
2.16380267,41.39303332,,,,,,,,,,,,,,,,
2.15471064,41.39531451,,,,,,,,,,,,,,,,
2.15471064,41.39531451,,,,,,,,,,,,,,,,
2.15958938,41.43947186,,,,,,,,,,,,,,,,
2.15958938,41.43947186,,,,,,,,,,,,,,,,
2.19740615,41.41631395,,,,,,,,,,,,,,,,
2.19740615,41.41631395,,,,,,,,,,,,,,,,
2.15742623,41.38128146,,,,,,,,,,,,,,,,
2.18833317,41.44879667,,,,,,,,,,,,,,,,
2.18833317,41.44879667,,,,,,,,,,,,,,,,
2.15923324,41.396216,,,,,,,,,,,,,,,,
2.15923324,41.396216,,,,,,,,,,,,,,,,
2.21073735,41.41606009,,,,,,,,,,,,,,,,
2.21073735,41.41606009,,,,,,,,,,,,,,,,
2.10717583,41.39045559,,,,,,,,,,,,,,,,
2.10717583,41.39045559,,,,,,,,,,,,,,,,
2.16310473,41.38554485,,,,,,,,,,,,,,,,
2.16310473,41.38554485,,,,,,,,,,,,,,,,
2.16310473,41.38554485,,,,,,,,,,,,,,,,
2.16310473,41.38554485,,,,,,,,,,,,,,,,
2.1312664,41.37333892,,,,,,,,,,,,,,,,
2.1312664,41.37333892,,,,,,,,,,,,,,,,
2.15166088,41.38052497,,,,,,,,,,,,,,,,
2.15166088,41.38052497,,,,,,,,,,,,,,,,
2.17093226,41.4017941,,,,,,,,,,,,,,,,
2.18923153,41.45221712,,,,,,,,,,,,,,,,
2.18923153,41.45221712,,,,,,,,,,,,,,,,
2.1523768,41.40872187,,,,,,,,,,,,,,,,
2.1523768,41.40872187,,,,,,,,,,,,,,,,
2.12689818,41.32666414,,,,,,,,,,,,,,,,
2.16250877,41.38712432,,,,,,,,,,,,,,,,
2.16250877,41.38712432,,,,,,,,,,,,,,,,
2.16250877,41.38712432,,,,,,,,,,,,,,,,
2.16250877,41.38712432,,,,,,,,,,,,,,,,
2.18416005,41.42865586,,,,,,,,,,,,,,,,
2.18416005,41.42865586,,,,,,,,,,,,,,,,
2.12703019,41.38160096,,,,,,,,,,,,,,,,
2.12703019,41.38160096,,,,,,,,,,,,,,,,
2.13238919,41.38915707,,,,,,,,,,,,,,,,
2.13238919,41.38915707,,,,,,,,,,,,,,,,
2.13238919,41.38915707,,,,,,,,,,,,,,,,
2.19117441,41.42449164,,,,,,,,,,,,,,,,
2.19351883,41.44648766,,,,,,,,,,,,,,,,
2.19351883,41.44648766,,,,,,,,,,,,,,,,
2.1833706,41.4060454,,,,,,,,,,,,,,,,
2.1833706,41.4060454,,,,,,,,,,,,,,,,
2.1081971,41.38936901,,,,,,,,,,,,,,,,
2.1081971,41.38936901,,,,,,,,,,,,,,,,
2.16622687,41.36538766,,,,,,,,,,,,,,,,
2.15981042,41.38117452,,,,,,,,,,,,,,,,
2.15981042,41.38117452,,,,,,,,,,,,,,,,
2.16021414,41.38588223,,,,,,,,,,,,,,,,
2.16021414,41.38588223,,,,,,,,,,,,,,,,
2.20846727,41.40091065,,,,,,,,,,,,,,,,
2.20846727,41.40091065,,,,,,,,,,,,,,,,
2.18416005,41.42865586,,,,,,,,,,,,,,,,
2.18416005,41.42865586,,,,,,,,,,,,,,,,
2.15385298,41.43872655,,,,,,,,,,,,,,,,
2.15385298,41.43872655,,,,,,,,,,,,,,,,
2.15385298,41.43872655,,,,,,,,,,,,,,,,
2.14251385,41.37378335,,,,,,,,,,,,,,,,
2.14251385,41.37378335,,,,,,,,,,,,,,,,
2.14251385,41.37378335,,,,,,,,,,,,,,,,
2.19011833,41.38440448,,,,,,,,,,,,,,,,
2.19011833,41.38440448,,,,,,,,,,,,,,,,
2.11556755,41.4037757,,,,,,,,,,,,,,,,
2.11556755,41.4037757,,,,,,,,,,,,,,,,
2.11556755,41.4037757,,,,,,,,,,,,,,,,
2.12683584,41.38730905,,,,,,,,,,,,,,,,
2.12683584,41.38730905,,,,,,,,,,,,,,,,
2.14781582,41.40800472,,,,,,,,,,,,,,,,
2.14781582,41.40800472,,,,,,,,,,,,,,,,
2.14781582,41.40800472,,,,,,,,,,,,,,,,
2.12908328,41.3793603,,,,,,,,,,,,,,,,
2.1755497,41.43030597,,,,,,,,,,,,,,,,
2.1755497,41.43030597,,,,,,,,,,,,,,,,
2.1755497,41.43030597,,,,,,,,,,,,,,,,
2.13208425,41.39238543,,,,,,,,,,,,,,,,
2.13208425,41.39238543,,,,,,,,,,,,,,,,
2.20490924,41.42220161,,,,,,,,,,,,,,,,
2.20490924,41.42220161,,,,,,,,,,,,,,,,
2.17153567,41.40997961,,,,,,,,,,,,,,,,
2.17153567,41.40997961,,,,,,,,,,,,,,,,
2.17153567,41.40997961,,,,,,,,,,,,,,,,
2.18884639,41.45644506,,,,,,,,,,,,,,,,
2.18884639,41.45644506,,,,,,,,,,,,,,,,
2.17932971,41.40752631,,,,,,,,,,,,,,,,
2.17932971,41.40752631,,,,,,,,,,,,,,,,
2.18102874,41.41296939,,,,,,,,,,,,,,,,
2.15101487,41.3730327,,,,,,,,,,,,,,,,
2.15101487,41.3730327,,,,,,,,,,,,,,,,
2.1566984,41.37296905,,,,,,,,,,,,,,,,
2.1566984,41.37296905,,,,,,,,,,,,,,,,
2.18009411,41.43543177,,,,,,,,,,,,,,,,
2.18009411,41.43543177,,,,,,,,,,,,,,,,
2.13260722,41.3896217,,,,,,,,,,,,,,,,
2.13260722,41.3896217,,,,,,,,,,,,,,,,
2.17427452,41.39359958,,,,,,,,,,,,,,,,
2.17427452,41.39359958,,,,,,,,,,,,,,,,
2.15178787,41.37190991,,,,,,,,,,,,,,,,
2.18045249,41.41578711,,,,,,,,,,,,,,,,
2.18045249,41.41578711,,,,,,,,,,,,,,,,
2.19136887,41.44573658,,,,,,,,,,,,,,,,
2.19136887,41.44573658,,,,,,,,,,,,,,,,
2.1735039,41.36840337,,,,,,,,,,,,,,,,
2.1735039,41.36840337,,,,,,,,,,,,,,,,
2.15984955,41.39022616,,,,,,,,,,,,,,,,
2.15984955,41.39022616,,,,,,,,,,,,,,,,
2.17683931,41.4453891,,,,,,,,,,,,,,,,
2.17683931,41.4453891,,,,,,,,,,,,,,,,
2.12817693,41.39802726,,,,,,,,,,,,,,,,
2.12817693,41.39802726,,,,,,,,,,,,,,,,
2.12817693,41.39802726,,,,,,,,,,,,,,,,
2.12817693,41.39802726,,,,,,,,,,,,,,,,
2.12817693,41.39802726,,,,,,,,,,,,,,,,
2.12817693,41.39802726,,,,,,,,,,,,,,,,
2.12817693,41.39802726,,,,,,,,,,,,,,,,
2.12817693,41.39802726,,,,,,,,,,,,,,,,
2.18685382,41.40540073,,,,,,,,,,,,,,,,
2.18685382,41.40540073,,,,,,,,,,,,,,,,
2.18685382,41.40540073,,,,,,,,,,,,,,,,
2.15658877,41.38097264,,,,,,,,,,,,,,,,
2.15658877,41.38097264,,,,,,,,,,,,,,,,
2.15658877,41.38097264,,,,,,,,,,,,,,,,
2.13868362,41.38742403,,,,,,,,,,,,,,,,
2.13868362,41.38742403,,,,,,,,,,,,,,,,
2.191814,41.42266282,,,,,,,,,,,,,,,,
2.191814,41.42266282,,,,,,,,,,,,,,,,
2.12273565,41.40788666,,,,,,,,,,,,,,,,
2.12273565,41.40788666,,,,,,,,,,,,,,,,
2.12273565,41.40788666,,,,,,,,,,,,,,,,
2.18941081,41.37876642,,,,,,,,,,,,,,,,
2.18941081,41.37876642,,,,,,,,,,,,,,,,
2.18941081,41.37876642,,,,,,,,,,,,,,,,
2.12607488,41.41031918,,,,,,,,,,,,,,,,
2.12607488,41.41031918,,,,,,,,,,,,,,,,
2.12997986,41.37008322,,,,,,,,,,,,,,,,
2.12997986,41.37008322,,,,,,,,,,,,,,,,
2.12997986,41.37008322,,,,,,,,,,,,,,,,
2.16863594,41.39156754,,,,,,,,,,,,,,,,
2.16863594,41.39156754,,,,,,,,,,,,,,,,
2.17114527,41.38968825,,,,,,,,,,,,,,,,
2.17114527,41.38968825,,,,,,,,,,,,,,,,
2.18350968,41.40087448,,,,,,,,,,,,,,,,
2.18350968,41.40087448,,,,,,,,,,,,,,,,
2.20875149,41.39636245,,,,,,,,,,,,,,,,
2.20875149,41.39636245,,,,,,,,,,,,,,,,
2.17667828,41.39574261,,,,,,,,,,,,,,,,
2.17667828,41.39574261,,,,,,,,,,,,,,,,
2.14072038,41.40441788,,,,,,,,,,,,,,,,
2.14072038,41.40441788,,,,,,,,,,,,,,,,
2.14072038,41.40441788,,,,,,,,,,,,,,,,
2.13809308,41.38843767,,,,,,,,,,,,,,,,
2.13809308,41.38843767,,,,,,,,,,,,,,,,
2.18050199,41.39156924,,,,,,,,,,,,,,,,
2.18050199,41.39156924,,,,,,,,,,,,,,,,
2.18910211,41.3914409,,,,,,,,,,,,,,,,
2.18910211,41.3914409,,,,,,,,,,,,,,,,
2.20875149,41.39636245,,,,,,,,,,,,,,,,
2.13265917,41.41425747,,,,,,,,,,,,,,,,
2.13265917,41.41425747,,,,,,,,,,,,,,,,
2.16562719,41.37658828,,,,,,,,,,,,,,,,
2.1648836,41.39216196,,,,,,,,,,,,,,,,
2.1648836,41.39216196,,,,,,,,,,,,,,,,
2.16865197,41.40183081,,,,,,,,,,,,,,,,
2.16865197,41.40183081,,,,,,,,,,,,,,,,
2.16865197,41.40183081,,,,,,,,,,,,,,,,
2.16865197,41.40183081,,,,,,,,,,,,,,,,
2.15644015,41.43383583,,,,,,,,,,,,,,,,
2.15644015,41.43383583,,,,,,,,,,,,,,,,
2.15644015,41.43383583,,,,,,,,,,,,,,,,
2.15644015,41.43383583,,,,,,,,,,,,,,,,
2.19090875,41.44084209,,,,,,,,,,,,,,,,
2.19090875,41.44084209,,,,,,,,,,,,,,,,
2.18034676,41.44606791,,,,,,,,,,,,,,,,
2.18034676,41.44606791,,,,,,,,,,,,,,,,
2.18034676,41.44606791,,,,,,,,,,,,,,,,
2.15942003,41.36104711,,,,,,,,,,,,,,,,
2.18821699,41.44847239,,,,,,,,,,,,,,,,
2.18821699,41.44847239,,,,,,,,,,,,,,,,
2.18821699,41.44847239,,,,,,,,,,,,,,,,
2.18821699,41.44847239,,,,,,,,,,,,,,,,
2.14169625,41.42381989,,,,,,,,,,,,,,,,
2.13746358,41.40084198,,,,,,,,,,,,,,,,
2.13746358,41.40084198,,,,,,,,,,,,,,,,
2.11878384,41.38076778,,,,,,,,,,,,,,,,
2.11878384,41.38076778,,,,,,,,,,,,,,,,
2.11878384,41.38076778,,,,,,,,,,,,,,,,
2.17073223,41.37510901,,,,,,,,,,,,,,,,
2.18584545,41.40155356,,,,,,,,,,,,,,,,
2.18584545,41.40155356,,,,,,,,,,,,,,,,
2.18097507,41.42333706,,,,,,,,,,,,,,,,
2.18715155,41.38038911,,,,,,,,,,,,,,,,
2.18715155,41.38038911,,,,,,,,,,,,,,,,
2.18715155,41.38038911,,,,,,,,,,,,,,,,
2.17164935,41.39955877,,,,,,,,,,,,,,,,
2.17164935,41.39955877,,,,,,,,,,,,,,,,
2.15171086,41.39641572,,,,,,,,,,,,,,,,
2.19980833,41.42023335,,,,,,,,,,,,,,,,
2.19980833,41.42023335,,,,,,,,,,,,,,,,
2.19980833,41.42023335,,,,,,,,,,,,,,,,
2.17824563,41.40248017,,,,,,,,,,,,,,,,
2.17824563,41.40248017,,,,,,,,,,,,,,,,
2.17824563,41.40248017,,,,,,,,,,,,,,,,
2.14407388,41.41193798,,,,,,,,,,,,,,,,
2.14407388,41.41193798,,,,,,,,,,,,,,,,
2.15731788,41.38307009,,,,,,,,,,,,,,,,
2.15731788,41.38307009,,,,,,,,,,,,,,,,
2.15731788,41.38307009,,,,,,,,,,,,,,,,
2.15494492,41.37481939,,,,,,,,,,,,,,,,
2.15494492,41.37481939,,,,,,,,,,,,,,,,
2.16846966,41.44210344,,,,,,,,,,,,,,,,
2.16846966,41.44210344,,,,,,,,,,,,,,,,
2.16846966,41.44210344,,,,,,,,,,,,,,,,
2.16846966,41.44210344,,,,,,,,,,,,,,,,
2.17534209,41.4631979,,,,,,,,,,,,,,,,
2.17534209,41.4631979,,,,,,,,,,,,,,,,
2.17793074,41.43252913,,,,,,,,,,,,,,,,
2.17793074,41.43252913,,,,,,,,,,,,,,,,
2.15230286,41.43791701,,,,,,,,,,,,,,,,
2.15230286,41.43791701,,,,,,,,,,,,,,,,
2.18681318,41.44271333,,,,,,,,,,,,,,,,
2.18681318,41.44271333,,,,,,,,,,,,,,,,
2.18681318,41.44271333,,,,,,,,,,,,,,,,
2.20793076,41.44074369,,,,,,,,,,,,,,,,
2.20793076,41.44074369,,,,,,,,,,,,,,,,
2.20793076,41.44074369,,,,,,,,,,,,,,,,
2.13326692,41.38913218,,,,,,,,,,,,,,,,
2.13326692,41.38913218,,,,,,,,,,,,,,,,
2.13326692,41.38913218,,,,,,,,,,,,,,,,
2.17644084,41.39512783,,,,,,,,,,,,,,,,
2.17644084,41.39512783,,,,,,,,,,,,,,,,
2.18011012,41.37787461,,,,,,,,,,,,,,,,
2.18011012,41.37787461,,,,,,,,,,,,,,,,
2.12800575,41.39778468,,,,,,,,,,,,,,,,
2.12800575,41.39778468,,,,,,,,,,,,,,,,
2.18053871,41.41864342,,,,,,,,,,,,,,,,
2.18053871,41.41864342,,,,,,,,,,,,,,,,
2.21000786,41.42052235,,,,,,,,,,,,,,,,
2.21000786,41.42052235,,,,,,,,,,,,,,,,
2.12908328,41.3793603,,,,,,,,,,,,,,,,
2.12908328,41.3793603,,,,,,,,,,,,,,,,
2.14960564,41.39402648,,,,,,,,,,,,,,,,
2.17718136,41.4219387,,,,,,,,,,,,,,,,
2.17718136,41.4219387,,,,,,,,,,,,,,,,
2.17718136,41.4219387,,,,,,,,,,,,,,,,
2.1653522,41.38724102,,,,,,,,,,,,,,,,
2.1653522,41.38724102,,,,,,,,,,,,,,,,
2.15065008,41.43718835,,,,,,,,,,,,,,,,
2.1292597,41.39747924,,,,,,,,,,,,,,,,
2.1292597,41.39747924,,,,,,,,,,,,,,,,
2.19288555,41.38549587,,,,,,,,,,,,,,,,
2.19288555,41.38549587,,,,,,,,,,,,,,,,
2.13966148,41.41953897,,,,,,,,,,,,,,,,
2.13966148,41.41953897,,,,,,,,,,,,,,,,
2.14364477,41.39050273,,,,,,,,,,,,,,,,
2.14364477,41.39050273,,,,,,,,,,,,,,,,
2.14364477,41.39050273,,,,,,,,,,,,,,,,
2.13416329,41.39541707,,,,,,,,,,,,,,,,
2.19795537,41.41672844,,,,,,,,,,,,,,,,
2.19795537,41.41672844,,,,,,,,,,,,,,,,
2.18388721,41.41922784,,,,,,,,,,,,,,,,
2.18388721,41.41922784,,,,,,,,,,,,,,,,
2.11594131,41.38542126,,,,,,,,,,,,,,,,
2.11594131,41.38542126,,,,,,,,,,,,,,,,
2.13849515,41.36750554,,,,,,,,,,,,,,,,
2.13849515,41.36750554,,,,,,,,,,,,,,,,
2.13849515,41.36750554,,,,,,,,,,,,,,,,
2.12012095,41.40611506,,,,,,,,,,,,,,,,
2.12012095,41.40611506,,,,,,,,,,,,,,,,
2.17331572,41.38791363,,,,,,,,,,,,,,,,
2.17331572,41.38791363,,,,,,,,,,,,,,,,
2.17331572,41.38791363,,,,,,,,,,,,,,,,
2.18165588,41.44155543,,,,,,,,,,,,,,,,
2.18165588,41.44155543,,,,,,,,,,,,,,,,
2.1960369,41.39838489,,,,,,,,,,,,,,,,
2.1960369,41.39838489,,,,,,,,,,,,,,,,
2.16545203,41.37053546,,,,,,,,,,,,,,,,
2.16545203,41.37053546,,,,,,,,,,,,,,,,
2.18045249,41.41578711,,,,,,,,,,,,,,,,
2.18045249,41.41578711,,,,,,,,,,,,,,,,
2.12696857,41.41110083,,,,,,,,,,,,,,,,
2.12696857,41.41110083,,,,,,,,,,,,,,,,
2.12696857,41.41110083,,,,,,,,,,,,,,,,
2.13413961,41.39933787,,,,,,,,,,,,,,,,
2.13413961,41.39933787,,,,,,,,,,,,,,,,
2.17265968,41.40376205,,,,,,,,,,,,,,,,
2.17265968,41.40376205,,,,,,,,,,,,,,,,
2.20025875,41.44865288,,,,,,,,,,,,,,,,
2.20025875,41.44865288,,,,,,,,,,,,,,,,
2.21089671,41.40009139,,,,,,,,,,,,,,,,
2.21089671,41.40009139,,,,,,,,,,,,,,,,
2.21084712,41.41772769,,,,,,,,,,,,,,,,
2.21084712,41.41772769,,,,,,,,,,,,,,,,
2.12518682,41.34061658,,,,,,,,,,,,,,,,
2.12908328,41.3793603,,,,,,,,,,,,,,,,
2.12908328,41.3793603,,,,,,,,,,,,,,,,
2.17447524,41.4220828,,,,,,,,,,,,,,,,
2.17447524,41.4220828,,,,,,,,,,,,,,,,
2.14357761,41.38507241,,,,,,,,,,,,,,,,
2.14357761,41.38507241,,,,,,,,,,,,,,,,
2.1922888,41.39099347,,,,,,,,,,,,,,,,
2.1922888,41.39099347,,,,,,,,,,,,,,,,
2.1606965,41.40569939,,,,,,,,,,,,,,,,
2.1606965,41.40569939,,,,,,,,,,,,,,,,
2.15496619,41.39673667,,,,,,,,,,,,,,,,
2.15496619,41.39673667,,,,,,,,,,,,,,,,
2.16319551,41.37497084,,,,,,,,,,,,,,,,
2.16319551,41.37497084,,,,,,,,,,,,,,,,
2.13908052,41.39767679,,,,,,,,,,,,,,,,
2.13908052,41.39767679,,,,,,,,,,,,,,,,
2.14643915,41.38865441,,,,,,,,,,,,,,,,
2.14643915,41.38865441,,,,,,,,,,,,,,,,
2.16750209,41.40096334,,,,,,,,,,,,,,,,
2.16750209,41.40096334,,,,,,,,,,,,,,,,
2.12992542,41.41285921,,,,,,,,,,,,,,,,
2.12992542,41.41285921,,,,,,,,,,,,,,,,
2.13500125,41.39024318,,,,,,,,,,,,,,,,
2.13500125,41.39024318,,,,,,,,,,,,,,,,
2.17034458,41.40805978,,,,,,,,,,,,,,,,
2.17034458,41.40805978,,,,,,,,,,,,,,,,
2.12038359,41.40251779,,,,,,,,,,,,,,,,
2.12038359,41.40251779,,,,,,,,,,,,,,,,
2.14577549,41.37218185,,,,,,,,,,,,,,,,
2.14577549,41.37218185,,,,,,,,,,,,,,,,
2.19417518,41.43530895,,,,,,,,,,,,,,,,
2.19417518,41.43530895,,,,,,,,,,,,,,,,
2.15140946,41.37165477,,,,,,,,,,,,,,,,
2.15140946,41.37165477,,,,,,,,,,,,,,,,
2.19799533,41.38927865,,,,,,,,,,,,,,,,
2.19799533,41.38927865,,,,,,,,,,,,,,,,
2.13086705,41.38045671,,,,,,,,,,,,,,,,
2.13086705,41.38045671,,,,,,,,,,,,,,,,
2.15317225,41.39492613,,,,,,,,,,,,,,,,
2.15317225,41.39492613,,,,,,,,,,,,,,,,
2.13088768,41.38919536,,,,,,,,,,,,,,,,
2.13088768,41.38919536,,,,,,,,,,,,,,,,
2.15229798,41.43375703,,,,,,,,,,,,,,,,
2.15229798,41.43375703,,,,,,,,,,,,,,,,
2.20730357,41.39635943,,,,,,,,,,,,,,,,
2.20730357,41.39635943,,,,,,,,,,,,,,,,
2.11175756,41.37730777,,,,,,,,,,,,,,,,
2.11175756,41.37730777,,,,,,,,,,,,,,,,
2.17089704,41.39839227,,,,,,,,,,,,,,,,
2.17089704,41.39839227,,,,,,,,,,,,,,,,
2.16597426,41.39172365,,,,,,,,,,,,,,,,
2.16597426,41.39172365,,,,,,,,,,,,,,,,
2.15405313,41.37165963,,,,,,,,,,,,,,,,
2.15405313,41.37165963,,,,,,,,,,,,,,,,
2.17542793,41.40007292,,,,,,,,,,,,,,,,
2.17542793,41.40007292,,,,,,,,,,,,,,,,
2.17542793,41.40007292,,,,,,,,,,,,,,,,
2.13741002,41.39778204,,,,,,,,,,,,,,,,
2.13741002,41.39778204,,,,,,,,,,,,,,,,
2.15105206,41.35291785,,,,,,,,,,,,,,,,
2.15105206,41.35291785,,,,,,,,,,,,,,,,
2.11080049,41.3949645,,,,,,,,,,,,,,,,
2.11080049,41.3949645,,,,,,,,,,,,,,,,
2.11080049,41.3949645,,,,,,,,,,,,,,,,
2.11080049,41.3949645,,,,,,,,,,,,,,,,
2.167972,41.39469698,,,,,,,,,,,,,,,,
2.167972,41.39469698,,,,,,,,,,,,,,,,
2.167972,41.39469698,,,,,,,,,,,,,,,,
2.14971716,41.37114688,,,,,,,,,,,,,,,,
2.14971716,41.37114688,,,,,,,,,,,,,,,,
2.14971716,41.37114688,,,,,,,,,,,,,,,,
2.13291544,41.36893281,,,,,,,,,,,,,,,,
2.13291544,41.36893281,,,,,,,,,,,,,,,,
2.13291544,41.36893281,,,,,,,,,,,,,,,,
2.17542793,41.40007292,,,,,,,,,,,,,,,,
2.17542793,41.40007292,,,,,,,,,,,,,,,,
2.14241226,41.38239876,,,,,,,,,,,,,,,,
2.14241226,41.38239876,,,,,,,,,,,,,,,,
2.14241226,41.38239876,,,,,,,,,,,,,,,,
2.19250994,41.41629305,,,,,,,,,,,,,,,,
2.19250994,41.41629305,,,,,,,,,,,,,,,,
2.14791433,41.39359874,,,,,,,,,,,,,,,,
2.14791433,41.39359874,,,,,,,,,,,,,,,,
2.19636698,41.44974143,,,,,,,,,,,,,,,,
2.19636698,41.44974143,,,,,,,,,,,,,,,,
2.16459313,41.36905867,,,,,,,,,,,,,,,,
2.16459313,41.36905867,,,,,,,,,,,,,,,,
2.1528033,41.38307252,,,,,,,,,,,,,,,,
2.1528033,41.38307252,,,,,,,,,,,,,,,,
2.18797007,41.37915889,,,,,,,,,,,,,,,,
2.18797007,41.37915889,,,,,,,,,,,,,,,,
2.15952256,41.43975083,,,,,,,,,,,,,,,,
2.15952256,41.43975083,,,,,,,,,,,,,,,,
2.15952256,41.43975083,,,,,,,,,,,,,,,,
2.19986273,41.43927762,,,,,,,,,,,,,,,,
2.19986273,41.43927762,,,,,,,,,,,,,,,,
2.18468713,41.39643448,,,,,,,,,,,,,,,,
2.18468713,41.39643448,,,,,,,,,,,,,,,,
2.14495858,41.39317014,,,,,,,,,,,,,,,,
2.14495858,41.39317014,,,,,,,,,,,,,,,,
2.1386873,41.36499236,,,,,,,,,,,,,,,,
2.1386873,41.36499236,,,,,,,,,,,,,,,,
2.13429607,41.32619144,,,,,,,,,,,,,,,,
2.13429607,41.32619144,,,,,,,,,,,,,,,,
2.1573005,41.41855483,,,,,,,,,,,,,,,,
2.1573005,41.41855483,,,,,,,,,,,,,,,,
2.19188171,41.39071718,,,,,,,,,,,,,,,,
2.19188171,41.39071718,,,,,,,,,,,,,,,,
2.15105206,41.35291785,,,,,,,,,,,,,,,,
2.15105206,41.35291785,,,,,,,,,,,,,,,,
2.15105206,41.35291785,,,,,,,,,,,,,,,,
2.18776488,41.43541884,,,,,,,,,,,,,,,,
2.17542793,41.40007292,,,,,,,,,,,,,,,,
2.17542793,41.40007292,,,,,,,,,,,,,,,,
2.13053768,41.41350654,,,,,,,,,,,,,,,,
2.13053768,41.41350654,,,,,,,,,,,,,,,,
2.13053768,41.41350654,,,,,,,,,,,,,,,,
2.20163399,41.4144445,,,,,,,,,,,,,,,,
2.20163399,41.4144445,,,,,,,,,,,,,,,,
2.18576485,41.38110787,,,,,,,,,,,,,,,,
2.18576485,41.38110787,,,,,,,,,,,,,,,,
2.17651867,41.42497336,,,,,,,,,,,,,,,,
2.17651867,41.42497336,,,,,,,,,,,,,,,,
2.21100081,41.4031134,,,,,,,,,,,,,,,,
2.21100081,41.4031134,,,,,,,,,,,,,,,,
2.16992903,41.40790407,,,,,,,,,,,,,,,,
2.16992903,41.40790407,,,,,,,,,,,,,,,,
2.14098562,41.39803416,,,,,,,,,,,,,,,,
2.14098562,41.39803416,,,,,,,,,,,,,,,,
2.17444348,41.4260724,,,,,,,,,,,,,,,,
2.17444348,41.4260724,,,,,,,,,,,,,,,,
2.17444348,41.4260724,,,,,,,,,,,,,,,,
2.157774,41.35202815,,,,,,,,,,,,,,,,
2.15299593,41.40188143,,,,,,,,,,,,,,,,
2.15299593,41.40188143,,,,,,,,,,,,,,,,
2.18779843,41.38291577,,,,,,,,,,,,,,,,
2.18779843,41.38291577,,,,,,,,,,,,,,,,
2.16827407,41.38941583,,,,,,,,,,,,,,,,
2.13490774,41.36631887,,,,,,,,,,,,,,,,
2.12327446,41.38727958,,,,,,,,,,,,,,,,
2.12327446,41.38727958,,,,,,,,,,,,,,,,
2.15505897,41.3847685,,,,,,,,,,,,,,,,
2.15505897,41.3847685,,,,,,,,,,,,,,,,
2.1983514,41.40668735,,,,,,,,,,,,,,,,
2.1983514,41.40668735,,,,,,,,,,,,,,,,
2.19035759,41.41595408,,,,,,,,,,,,,,,,
2.19035759,41.41595408,,,,,,,,,,,,,,,,
2.12327446,41.38727958,,,,,,,,,,,,,,,,
2.12327446,41.38727958,,,,,,,,,,,,,,,,
2.13519046,41.38687634,,,,,,,,,,,,,,,,
2.13519046,41.38687634,,,,,,,,,,,,,,,,
2.17500353,41.39650489,,,,,,,,,,,,,,,,
2.15450352,41.39103331,,,,,,,,,,,,,,,,
2.15450352,41.39103331,,,,,,,,,,,,,,,,
2.15450352,41.39103331,,,,,,,,,,,,,,,,
2.17163907,41.44347758,,,,,,,,,,,,,,,,
2.17782974,41.40187439,,,,,,,,,,,,,,,,
2.17782974,41.40187439,,,,,,,,,,,,,,,,
2.14993942,41.38884844,,,,,,,,,,,,,,,,
2.14993942,41.38884844,,,,,,,,,,,,,,,,
2.15965025,41.3826181,,,,,,,,,,,,,,,,
2.15965025,41.3826181,,,,,,,,,,,,,,,,
2.15965025,41.3826181,,,,,,,,,,,,,,,,
2.15965025,41.3826181,,,,,,,,,,,,,,,,
2.14578146,41.36561102,,,,,,,,,,,,,,,,
2.14578146,41.36561102,,,,,,,,,,,,,,,,
2.21034492,41.39985402,,,,,,,,,,,,,,,,
2.21034492,41.39985402,,,,,,,,,,,,,,,,
2.19140947,41.40680828,,,,,,,,,,,,,,,,
2.19140947,41.40680828,,,,,,,,,,,,,,,,
2.18576485,41.38110787,,,,,,,,,,,,,,,,
2.18576485,41.38110787,,,,,,,,,,,,,,,,
2.18576485,41.38110787,,,,,,,,,,,,,,,,
2.16230389,41.39190679,,,,,,,,,,,,,,,,
2.16230389,41.39190679,,,,,,,,,,,,,,,,
2.14760576,41.41511565,,,,,,,,,,,,,,,,
2.14760576,41.41511565,,,,,,,,,,,,,,,,
2.17751358,41.44451741,,,,,,,,,,,,,,,,
2.17751358,41.44451741,,,,,,,,,,,,,,,,
2.15369934,41.43522911,,,,,,,,,,,,,,,,
2.15369934,41.43522911,,,,,,,,,,,,,,,,
2.15369934,41.43522911,,,,,,,,,,,,,,,,
2.13826258,41.42263893,,,,,,,,,,,,,,,,
2.13826258,41.42263893,,,,,,,,,,,,,,,,
2.12995825,41.37984252,,,,,,,,,,,,,,,,
2.12995825,41.37984252,,,,,,,,,,,,,,,,
2.15981042,41.38117452,,,,,,,,,,,,,,,,
2.15981042,41.38117452,,,,,,,,,,,,,,,,
2.15981042,41.38117452,,,,,,,,,,,,,,,,
2.17253947,41.39948875,,,,,,,,,,,,,,,,
2.17253947,41.39948875,,,,,,,,,,,,,,,,
2.17253947,41.39948875,,,,,,,,,,,,,,,,
2.17893153,41.3974322,,,,,,,,,,,,,,,,
2.17893153,41.3974322,,,,,,,,,,,,,,,,
2.1693729,41.43039808,,,,,,,,,,,,,,,,
2.1693729,41.43039808,,,,,,,,,,,,,,,,
2.15239778,41.37781961,,,,,,,,,,,,,,,,
2.15239778,41.37781961,,,,,,,,,,,,,,,,
2.15239778,41.37781961,,,,,,,,,,,,,,,,
2.14432435,41.41211949,,,,,,,,,,,,,,,,
2.14432435,41.41211949,,,,,,,,,,,,,,,,
2.12163573,41.39046251,,,,,,,,,,,,,,,,
2.12163573,41.39046251,,,,,,,,,,,,,,,,
2.14619808,41.40185196,,,,,,,,,,,,,,,,
2.14619808,41.40185196,,,,,,,,,,,,,,,,
2.15588394,41.41082226,,,,,,,,,,,,,,,,
2.15588394,41.41082226,,,,,,,,,,,,,,,,
2.20510517,41.41179978,,,,,,,,,,,,,,,,
2.20510517,41.41179978,,,,,,,,,,,,,,,,
2.17630792,41.37476239,,,,,,,,,,,,,,,,
2.17630792,41.37476239,,,,,,,,,,,,,,,,
2.14169625,41.42381989,,,,,,,,,,,,,,,,
2.14169625,41.42381989,,,,,,,,,,,,,,,,
2.17826633,41.37681393,,,,,,,,,,,,,,,,
2.12195922,41.40685012,,,,,,,,,,,,,,,,
2.12195922,41.40685012,,,,,,,,,,,,,,,,
2.19612363,41.40668407,,,,,,,,,,,,,,,,
2.19612363,41.40668407,,,,,,,,,,,,,,,,
2.16005088,41.38259021,,,,,,,,,,,,,,,,
2.16005088,41.38259021,,,,,,,,,,,,,,,,
2.15860151,41.41034874,,,,,,,,,,,,,,,,
2.15860151,41.41034874,,,,,,,,,,,,,,,,
2.15860151,41.41034874,,,,,,,,,,,,,,,,
2.16311045,41.39745262,,,,,,,,,,,,,,,,
2.16311045,41.39745262,,,,,,,,,,,,,,,,
2.17773145,41.44454123,,,,,,,,,,,,,,,,
2.13947644,41.40548153,,,,,,,,,,,,,,,,
2.13947644,41.40548153,,,,,,,,,,,,,,,,
2.19582652,41.4154166,,,,,,,,,,,,,,,,
2.19582652,41.4154166,,,,,,,,,,,,,,,,
2.19303396,41.40783275,,,,,,,,,,,,,,,,
2.19303396,41.40783275,,,,,,,,,,,,,,,,
2.17069986,41.41392619,,,,,,,,,,,,,,,,
2.15644186,41.38568446,,,,,,,,,,,,,,,,
2.15644186,41.38568446,,,,,,,,,,,,,,,,
2.16143165,41.3897781,,,,,,,,,,,,,,,,
2.16143165,41.3897781,,,,,,,,,,,,,,,,
2.16702361,41.38848379,,,,,,,,,,,,,,,,
2.16702361,41.38848379,,,,,,,,,,,,,,,,
2.13459144,41.39892867,,,,,,,,,,,,,,,,
2.13459144,41.39892867,,,,,,,,,,,,,,,,
2.13459144,41.39892867,,,,,,,,,,,,,,,,
2.18350407,41.43224404,,,,,,,,,,,,,,,,
2.18350407,41.43224404,,,,,,,,,,,,,,,,
2.18889302,41.38354861,,,,,,,,,,,,,,,,
2.14848285,41.40362695,,,,,,,,,,,,,,,,
2.19101255,41.44682799,,,,,,,,,,,,,,,,
2.16547989,41.37710946,,,,,,,,,,,,,,,,
2.16547989,41.37710946,,,,,,,,,,,,,,,,
2.19074912,41.3903646,,,,,,,,,,,,,,,,
2.19074912,41.3903646,,,,,,,,,,,,,,,,
2.13778629,41.42080859,,,,,,,,,,,,,,,,
2.13778629,41.42080859,,,,,,,,,,,,,,,,
2.16524862,41.39585455,,,,,,,,,,,,,,,,
2.16524862,41.39585455,,,,,,,,,,,,,,,,
2.16524862,41.39585455,,,,,,,,,,,,,,,,
2.17164382,41.37505343,,,,,,,,,,,,,,,,
2.17164382,41.37505343,,,,,,,,,,,,,,,,
2.18949644,41.37842516,,,,,,,,,,,,,,,,
2.18949644,41.37842516,,,,,,,,,,,,,,,,
2.15448861,41.37731218,,,,,,,,,,,,,,,,
2.15448861,41.37731218,,,,,,,,,,,,,,,,
2.18451949,41.4069096,,,,,,,,,,,,,,,,
2.18451949,41.4069096,,,,,,,,,,,,,,,,
2.14702629,41.34925403,,,,,,,,,,,,,,,,
2.14702629,41.34925403,,,,,,,,,,,,,,,,
2.1519314,41.38256906,,,,,,,,,,,,,,,,
2.1519314,41.38256906,,,,,,,,,,,,,,,,
2.1519314,41.38256906,,,,,,,,,,,,,,,,
2.16379228,41.37723379,,,,,,,,,,,,,,,,
2.16379228,41.37723379,,,,,,,,,,,,,,,,
2.1965392,41.38599678,,,,,,,,,,,,,,,,
2.1965392,41.38599678,,,,,,,,,,,,,,,,
2.18948461,41.44722865,,,,,,,,,,,,,,,,
2.18948461,41.44722865,,,,,,,,,,,,,,,,
2.18948461,41.44722865,,,,,,,,,,,,,,,,
2.13298277,41.38562481,,,,,,,,,,,,,,,,
2.13298277,41.38562481,,,,,,,,,,,,,,,,
2.18662856,41.43993518,,,,,,,,,,,,,,,,
2.18662856,41.43993518,,,,,,,,,,,,,,,,
2.21800231,41.40604182,,,,,,,,,,,,,,,,
2.21800231,41.40604182,,,,,,,,,,,,,,,,
2.14900452,41.4002201,,,,,,,,,,,,,,,,
2.14900452,41.4002201,,,,,,,,,,,,,,,,
2.14808365,41.40947653,,,,,,,,,,,,,,,,
2.14751555,41.43469924,,,,,,,,,,,,,,,,
2.14751555,41.43469924,,,,,,,,,,,,,,,,
2.18045249,41.41578711,,,,,,,,,,,,,,,,
2.18045249,41.41578711,,,,,,,,,,,,,,,,
2.18145434,41.39417047,,,,,,,,,,,,,,,,
2.18145434,41.39417047,,,,,,,,,,,,,,,,
2.18340729,41.40778213,,,,,,,,,,,,,,,,
2.18340729,41.40778213,,,,,,,,,,,,,,,,
2.20455449,41.42564065,,,,,,,,,,,,,,,,
2.20455449,41.42564065,,,,,,,,,,,,,,,,
2.15530282,41.37777627,,,,,,,,,,,,,,,,
2.15530282,41.37777627,,,,,,,,,,,,,,,,
2.20289386,41.4135162,,,,,,,,,,,,,,,,
2.20289386,41.4135162,,,,,,,,,,,,,,,,
2.19071379,41.40207929,,,,,,,,,,,,,,,,
2.19071379,41.40207929,,,,,,,,,,,,,,,,
2.17450927,41.41678807,,,,,,,,,,,,,,,,
2.17450927,41.41678807,,,,,,,,,,,,,,,,
2.16636306,41.40182002,,,,,,,,,,,,,,,,
2.16636306,41.40182002,,,,,,,,,,,,,,,,
2.16636306,41.40182002,,,,,,,,,,,,,,,,
2.16563429,41.39253585,,,,,,,,,,,,,,,,
2.16563429,41.39253585,,,,,,,,,,,,,,,,
2.15692635,41.37519341,,,,,,,,,,,,,,,,
2.16078167,41.42363854,,,,,,,,,,,,,,,,
2.16078167,41.42363854,,,,,,,,,,,,,,,,
2.19526673,41.41668461,,,,,,,,,,,,,,,,
2.19526673,41.41668461,,,,,,,,,,,,,,,,
2.18970201,41.43674572,,,,,,,,,,,,,,,,
2.19164809,41.42400853,,,,,,,,,,,,,,,,
2.19164809,41.42400853,,,,,,,,,,,,,,,,
2.16056797,41.37679813,,,,,,,,,,,,,,,,
2.15672545,41.39607881,,,,,,,,,,,,,,,,
2.15672545,41.39607881,,,,,,,,,,,,,,,,
2.15672545,41.39607881,,,,,,,,,,,,,,,,
2.20602658,41.42304978,,,,,,,,,,,,,,,,
2.13438439,41.38771897,,,,,,,,,,,,,,,,
2.13438439,41.38771897,,,,,,,,,,,,,,,,
2.15952922,41.39652473,,,,,,,,,,,,,,,,
2.15952922,41.39652473,,,,,,,,,,,,,,,,
2.13635545,41.3993251,,,,,,,,,,,,,,,,
2.13635545,41.3993251,,,,,,,,,,,,,,,,
2.21117652,41.40089546,,,,,,,,,,,,,,,,
2.21117652,41.40089546,,,,,,,,,,,,,,,,
2.20237893,41.40702602,,,,,,,,,,,,,,,,
2.20237893,41.40702602,,,,,,,,,,,,,,,,
2.16196373,41.3846822,,,,,,,,,,,,,,,,
2.16196373,41.3846822,,,,,,,,,,,,,,,,
2.15643058,41.43490042,,,,,,,,,,,,,,,,
2.15643058,41.43490042,,,,,,,,,,,,,,,,
2.15643058,41.43490042,,,,,,,,,,,,,,,,
2.17276063,41.38845989,,,,,,,,,,,,,,,,
2.17276063,41.38845989,,,,,,,,,,,,,,,,
2.17077441,41.3708648,,,,,,,,,,,,,,,,
2.17077441,41.3708648,,,,,,,,,,,,,,,,
2.17420821,41.37978229,,,,,,,,,,,,,,,,
2.17420821,41.37978229,,,,,,,,,,,,,,,,
2.16993368,41.39217292,,,,,,,,,,,,,,,,
2.16993368,41.39217292,,,,,,,,,,,,,,,,
2.13548678,41.38682573,,,,,,,,,,,,,,,,
2.13548678,41.38682573,,,,,,,,,,,,,,,,
2.1815144,41.44624247,,,,,,,,,,,,,,,,
2.1815144,41.44624247,,,,,,,,,,,,,,,,
2.17733444,41.42948939,,,,,,,,,,,,,,,,
2.17733444,41.42948939,,,,,,,,,,,,,,,,
2.1426769,41.39846617,,,,,,,,,,,,,,,,
2.1426769,41.39846617,,,,,,,,,,,,,,,,
2.16750209,41.40096334,,,,,,,,,,,,,,,,
2.16750209,41.40096334,,,,,,,,,,,,,,,,
2.19140295,41.43655301,,,,,,,,,,,,,,,,
2.19140295,41.43655301,,,,,,,,,,,,,,,,
2.20535248,41.4433097,,,,,,,,,,,,,,,,
2.20535248,41.4433097,,,,,,,,,,,,,,,,
2.15054459,41.38307694,,,,,,,,,,,,,,,,
2.15054459,41.38307694,,,,,,,,,,,,,,,,
2.20213834,41.43371898,,,,,,,,,,,,,,,,
2.20213834,41.43371898,,,,,,,,,,,,,,,,
2.20280283,41.44313693,,,,,,,,,,,,,,,,
2.20280283,41.44313693,,,,,,,,,,,,,,,,
2.16270839,41.39392134,,,,,,,,,,,,,,,,
2.16270839,41.39392134,,,,,,,,,,,,,,,,
2.1231047,41.38652897,,,,,,,,,,,,,,,,
2.1231047,41.38652897,,,,,,,,,,,,,,,,
2.14478151,41.37142999,,,,,,,,,,,,,,,,
2.14478151,41.37142999,,,,,,,,,,,,,,,,
2.14585406,41.400383,,,,,,,,,,,,,,,,
2.14585406,41.400383,,,,,,,,,,,,,,,,
2.17427805,41.44396388,,,,,,,,,,,,,,,,
2.17427805,41.44396388,,,,,,,,,,,,,,,,
2.15497799,41.35159424,,,,,,,,,,,,,,,,
2.15497799,41.35159424,,,,,,,,,,,,,,,,
2.21089671,41.40009139,,,,,,,,,,,,,,,,
2.21089671,41.40009139,,,,,,,,,,,,,,,,
2.17828814,41.40550303,,,,,,,,,,,,,,,,
2.17828814,41.40550303,,,,,,,,,,,,,,,,
2.17828814,41.40550303,,,,,,,,,,,,,,,,
2.17828814,41.40550303,,,,,,,,,,,,,,,,
2.17828814,41.40550303,,,,,,,,,,,,,,,,
2.17828814,41.40550303,,,,,,,,,,,,,,,,
2.17433181,41.38905883,,,,,,,,,,,,,,,,
2.17433181,41.38905883,,,,,,,,,,,,,,,,
2.16500055,41.41231636,,,,,,,,,,,,,,,,
2.16500055,41.41231636,,,,,,,,,,,,,,,,
2.13905878,41.34350163,,,,,,,,,,,,,,,,
2.13905878,41.34350163,,,,,,,,,,,,,,,,
2.18685382,41.40540073,,,,,,,,,,,,,,,,
2.18685382,41.40540073,,,,,,,,,,,,,,,,
2.15064957,41.37618066,,,,,,,,,,,,,,,,
2.15064957,41.37618066,,,,,,,,,,,,,,,,
2.16711026,41.40053963,,,,,,,,,,,,,,,,
2.16711026,41.40053963,,,,,,,,,,,,,,,,
2.20131374,41.43943024,,,,,,,,,,,,,,,,
2.20131374,41.43943024,,,,,,,,,,,,,,,,
2.13710296,41.41554986,,,,,,,,,,,,,,,,
2.16196373,41.3846822,,,,,,,,,,,,,,,,
2.16196373,41.3846822,,,,,,,,,,,,,,,,
2.15642697,41.37861931,,,,,,,,,,,,,,,,
2.15642697,41.37861931,,,,,,,,,,,,,,,,
2.18722741,41.41865189,,,,,,,,,,,,,,,,
2.18722741,41.41865189,,,,,,,,,,,,,,,,
2.18722741,41.41865189,,,,,,,,,,,,,,,,
2.14766382,41.43039597,,,,,,,,,,,,,,,,
2.14766382,41.43039597,,,,,,,,,,,,,,,,
2.16952114,41.44252685,,,,,,,,,,,,,,,,
2.16952114,41.44252685,,,,,,,,,,,,,,,,
2.14933405,41.39593674,,,,,,,,,,,,,,,,
2.14933405,41.39593674,,,,,,,,,,,,,,,,
2.13431777,41.3605792,,,,,,,,,,,,,,,,
2.13431777,41.3605792,,,,,,,,,,,,,,,,
2.1732842,41.38084652,,,,,,,,,,,,,,,,
2.1732842,41.38084652,,,,,,,,,,,,,,,,
2.14114052,41.3846566,,,,,,,,,,,,,,,,
2.14114052,41.3846566,,,,,,,,,,,,,,,,
2.16156465,41.39525208,,,,,,,,,,,,,,,,
2.16156465,41.39525208,,,,,,,,,,,,,,,,
2.14232979,41.42478473,,,,,,,,,,,,,,,,
2.14232979,41.42478473,,,,,,,,,,,,,,,,
2.17176859,41.3971496,,,,,,,,,,,,,,,,
2.17176859,41.3971496,,,,,,,,,,,,,,,,
2.18324485,41.41633339,,,,,,,,,,,,,,,,
2.18324485,41.41633339,,,,,,,,,,,,,,,,
2.13696484,41.41571038,,,,,,,,,,,,,,,,
2.13696484,41.41571038,,,,,,,,,,,,,,,,
2.15452349,41.41012225,,,,,,,,,,,,,,,,
2.13422331,41.37989796,,,,,,,,,,,,,,,,
2.14882559,41.38164567,,,,,,,,,,,,,,,,
2.14882559,41.38164567,,,,,,,,,,,,,,,,
2.14882559,41.38164567,,,,,,,,,,,,,,,,
2.14290282,41.39652352,,,,,,,,,,,,,,,,
2.14290282,41.39652352,,,,,,,,,,,,,,,,
2.14513401,41.40470601,,,,,,,,,,,,,,,,
2.14513401,41.40470601,,,,,,,,,,,,,,,,
2.20839791,41.41956618,,,,,,,,,,,,,,,,
2.20839791,41.41956618,,,,,,,,,,,,,,,,
2.20706171,41.42409076,,,,,,,,,,,,,,,,
2.20706171,41.42409076,,,,,,,,,,,,,,,,
2.20706171,41.42409076,,,,,,,,,,,,,,,,
2.15620507,41.38563044,,,,,,,,,,,,,,,,
2.15620507,41.38563044,,,,,,,,,,,,,,,,
2.13412569,41.36944372,,,,,,,,,,,,,,,,
2.13412569,41.36944372,,,,,,,,,,,,,,,,
2.13412569,41.36944372,,,,,,,,,,,,,,,,
2.16846924,41.43091454,,,,,,,,,,,,,,,,
2.14181138,41.35078735,,,,,,,,,,,,,,,,
2.14181138,41.35078735,,,,,,,,,,,,,,,,
2.10778258,41.38997694,,,,,,,,,,,,,,,,
2.10778258,41.38997694,,,,,,,,,,,,,,,,
2.18728756,41.39143848,,,,,,,,,,,,,,,,
2.18728756,41.39143848,,,,,,,,,,,,,,,,
2.12832118,41.39090248,,,,,,,,,,,,,,,,
2.12832118,41.39090248,,,,,,,,,,,,,,,,
2.16637539,41.39327304,,,,,,,,,,,,,,,,
2.16637539,41.39327304,,,,,,,,,,,,,,,,
2.17203064,41.39583126,,,,,,,,,,,,,,,,
2.17116714,41.37348442,,,,,,,,,,,,,,,,
2.17116714,41.37348442,,,,,,,,,,,,,,,,
2.17116714,41.37348442,,,,,,,,,,,,,,,,
2.15294482,41.38795164,,,,,,,,,,,,,,,,
2.15294482,41.38795164,,,,,,,,,,,,,,,,
2.20333257,41.40841841,,,,,,,,,,,,,,,,
2.20333257,41.40841841,,,,,,,,,,,,,,,,
2.17473488,41.37448079,,,,,,,,,,,,,,,,
2.17473488,41.37448079,,,,,,,,,,,,,,,,
2.19496692,41.38701448,,,,,,,,,,,,,,,,
2.19496692,41.38701448,,,,,,,,,,,,,,,,
2.19496692,41.38701448,,,,,,,,,,,,,,,,
2.19496692,41.38701448,,,,,,,,,,,,,,,,
2.172722,41.44372066,,,,,,,,,,,,,,,,
2.172722,41.44372066,,,,,,,,,,,,,,,,
2.19170189,41.42546125,,,,,,,,,,,,,,,,
2.19170189,41.42546125,,,,,,,,,,,,,,,,
2.17737449,41.37397498,,,,,,,,,,,,,,,,
2.17737449,41.37397498,,,,,,,,,,,,,,,,
2.19317249,41.43819106,,,,,,,,,,,,,,,,
2.14848285,41.40362695,,,,,,,,,,,,,,,,
2.18723461,41.42233958,,,,,,,,,,,,,,,,
2.18723461,41.42233958,,,,,,,,,,,,,,,,
2.18723461,41.42233958,,,,,,,,,,,,,,,,
2.14714587,41.43571787,,,,,,,,,,,,,,,,
2.14714587,41.43571787,,,,,,,,,,,,,,,,
2.15620507,41.38563044,,,,,,,,,,,,,,,,
2.15620507,41.38563044,,,,,,,,,,,,,,,,
2.14364477,41.39050273,,,,,,,,,,,,,,,,
2.14364477,41.39050273,,,,,,,,,,,,,,,,
2.1881683,41.44989289,,,,,,,,,,,,,,,,
2.1881683,41.44989289,,,,,,,,,,,,,,,,
2.1881683,41.44989289,,,,,,,,,,,,,,,,
2.1881683,41.44989289,,,,,,,,,,,,,,,,
2.17318265,41.39839206,,,,,,,,,,,,,,,,
2.17318265,41.39839206,,,,,,,,,,,,,,,,
2.17226292,41.38640844,,,,,,,,,,,,,,,,
2.1404789,41.42124753,,,,,,,,,,,,,,,,
2.1404789,41.42124753,,,,,,,,,,,,,,,,
2.1404789,41.42124753,,,,,,,,,,,,,,,,
2.10652697,41.38269852,,,,,,,,,,,,,,,,
2.10652697,41.38269852,,,,,,,,,,,,,,,,
2.10652697,41.38269852,,,,,,,,,,,,,,,,
2.14553848,41.43173795,,,,,,,,,,,,,,,,
2.14553848,41.43173795,,,,,,,,,,,,,,,,
2.14393427,41.35074501,,,,,,,,,,,,,,,,
2.14393427,41.35074501,,,,,,,,,,,,,,,,
2.20289386,41.4135162,,,,,,,,,,,,,,,,
2.20289386,41.4135162,,,,,,,,,,,,,,,,
2.11257911,41.39729068,,,,,,,,,,,,,,,,
2.19206654,41.43020696,,,,,,,,,,,,,,,,
2.19206654,41.43020696,,,,,,,,,,,,,,,,
2.1874221,41.44704833,,,,,,,,,,,,,,,,
2.1874221,41.44704833,,,,,,,,,,,,,,,,
2.1874221,41.44704833,,,,,,,,,,,,,,,,
2.1874221,41.44704833,,,,,,,,,,,,,,,,
2.1874221,41.44704833,,,,,,,,,,,,,,,,
2.15416494,41.37692216,,,,,,,,,,,,,,,,
2.15416494,41.37692216,,,,,,,,,,,,,,,,
2.19314686,41.44728605,,,,,,,,,,,,,,,,
2.19314686,41.44728605,,,,,,,,,,,,,,,,
2.19314686,41.44728605,,,,,,,,,,,,,,,,
2.16635785,41.3966968,,,,,,,,,,,,,,,,
2.16635785,41.3966968,,,,,,,,,,,,,,,,
2.12995825,41.37984252,,,,,,,,,,,,,,,,
2.12995825,41.37984252,,,,,,,,,,,,,,,,
2.20310266,41.39308984,,,,,,,,,,,,,,,,
2.20310266,41.39308984,,,,,,,,,,,,,,,,
2.20310266,41.39308984,,,,,,,,,,,,,,,,
2.20310266,41.39308984,,,,,,,,,,,,,,,,
2.16827407,41.38941583,,,,,,,,,,,,,,,,
2.16827407,41.38941583,,,,,,,,,,,,,,,,
2.15715075,41.41863637,,,,,,,,,,,,,,,,
2.15715075,41.41863637,,,,,,,,,,,,,,,,
2.18000834,41.40353877,,,,,,,,,,,,,,,,
2.18000834,41.40353877,,,,,,,,,,,,,,,,
2.1298239,41.37031194,,,,,,,,,,,,,,,,
2.17331471,41.43462791,,,,,,,,,,,,,,,,
2.17331471,41.43462791,,,,,,,,,,,,,,,,
2.18221875,41.40518806,,,,,,,,,,,,,,,,
2.18221875,41.40518806,,,,,,,,,,,,,,,,
2.15530282,41.37777627,,,,,,,,,,,,,,,,
2.15530282,41.37777627,,,,,,,,,,,,,,,,
2.15761938,41.40546458,,,,,,,,,,,,,,,,
2.15761938,41.40546458,,,,,,,,,,,,,,,,
2.17165176,41.44380357,,,,,,,,,,,,,,,,
2.17165176,41.44380357,,,,,,,,,,,,,,,,
2.17165176,41.44380357,,,,,,,,,,,,,,,,
2.14188843,41.42375677,,,,,,,,,,,,,,,,
2.14188843,41.42375677,,,,,,,,,,,,,,,,
2.14188843,41.42375677,,,,,,,,,,,,,,,,
2.15497799,41.35159424,,,,,,,,,,,,,,,,
2.15497799,41.35159424,,,,,,,,,,,,,,,,
2.15095381,41.37131527,,,,,,,,,,,,,,,,
2.15095381,41.37131527,,,,,,,,,,,,,,,,
2.17574344,41.37432734,,,,,,,,,,,,,,,,
2.17574344,41.37432734,,,,,,,,,,,,,,,,
2.17574344,41.37432734,,,,,,,,,,,,,,,,
2.18119883,41.39910881,,,,,,,,,,,,,,,,
2.18119883,41.39910881,,,,,,,,,,,,,,,,
2.17000266,41.37496791,,,,,,,,,,,,,,,,
2.17000266,41.37496791,,,,,,,,,,,,,,,,
2.17000266,41.37496791,,,,,,,,,,,,,,,,
2.18242681,41.40006707,,,,,,,,,,,,,,,,
2.18242681,41.40006707,,,,,,,,,,,,,,,,
2.13289881,41.37975565,,,,,,,,,,,,,,,,
2.13289881,41.37975565,,,,,,,,,,,,,,,,
2.1573582,41.3933073,,,,,,,,,,,,,,,,
2.1573582,41.3933073,,,,,,,,,,,,,,,,
2.18687425,41.41219539,,,,,,,,,,,,,,,,
2.18687425,41.41219539,,,,,,,,,,,,,,,,
2.18043047,41.4205351,,,,,,,,,,,,,,,,
2.18043047,41.4205351,,,,,,,,,,,,,,,,
2.20727891,41.41687231,,,,,,,,,,,,,,,,
2.20727891,41.41687231,,,,,,,,,,,,,,,,
2.15759811,41.41122408,,,,,,,,,,,,,,,,
2.15759811,41.41122408,,,,,,,,,,,,,,,,
2.17782513,41.40357189,,,,,,,,,,,,,,,,
2.17782513,41.40357189,,,,,,,,,,,,,,,,
2.20451395,41.39271078,,,,,,,,,,,,,,,,
2.20451395,41.39271078,,,,,,,,,,,,,,,,
2.19299728,41.41396484,,,,,,,,,,,,,,,,
2.19299728,41.41396484,,,,,,,,,,,,,,,,
2.19299728,41.41396484,,,,,,,,,,,,,,,,
2.19594629,41.38802306,,,,,,,,,,,,,,,,
2.19594629,41.38802306,,,,,,,,,,,,,,,,
2.17977323,41.37795346,,,,,,,,,,,,,,,,
2.17977323,41.37795346,,,,,,,,,,,,,,,,
2.17008992,41.41329525,,,,,,,,,,,,,,,,
2.17008992,41.41329525,,,,,,,,,,,,,,,,
2.14109833,41.36152008,,,,,,,,,,,,,,,,
2.14109833,41.36152008,,,,,,,,,,,,,,,,
2.18326182,41.38257764,,,,,,,,,,,,,,,,
2.18326182,41.38257764,,,,,,,,,,,,,,,,
2.18326182,41.38257764,,,,,,,,,,,,,,,,
2.13879435,41.40362399,,,,,,,,,,,,,,,,
2.13879435,41.40362399,,,,,,,,,,,,,,,,
2.13591286,41.3698568,,,,,,,,,,,,,,,,
2.13591286,41.3698568,,,,,,,,,,,,,,,,
2.16119487,41.42155539,,,,,,,,,,,,,,,,
2.21382096,41.41724833,,,,,,,,,,,,,,,,
2.21382096,41.41724833,,,,,,,,,,,,,,,,
2.13720326,41.40344801,,,,,,,,,,,,,,,,
2.15735811,41.3915861,,,,,,,,,,,,,,,,
2.15735811,41.3915861,,,,,,,,,,,,,,,,
2.19526673,41.41668461,,,,,,,,,,,,,,,,
2.19526673,41.41668461,,,,,,,,,,,,,,,,
2.19022333,41.39227075,,,,,,,,,,,,,,,,
2.19022333,41.39227075,,,,,,,,,,,,,,,,
2.1497025,41.37500206,,,,,,,,,,,,,,,,
2.1497025,41.37500206,,,,,,,,,,,,,,,,
2.1497025,41.37500206,,,,,,,,,,,,,,,,
2.15858973,41.43916245,,,,,,,,,,,,,,,,
2.15858973,41.43916245,,,,,,,,,,,,,,,,
2.11429982,41.40381948,,,,,,,,,,,,,,,,
2.11429982,41.40381948,,,,,,,,,,,,,,,,
2.13393052,41.41446946,,,,,,,,,,,,,,,,
2.13393052,41.41446946,,,,,,,,,,,,,,,,
2.13393052,41.41446946,,,,,,,,,,,,,,,,
2.17407044,41.42768036,,,,,,,,,,,,,,,,
2.17305355,41.38464632,,,,,,,,,,,,,,,,
2.1648836,41.39216196,,,,,,,,,,,,,,,,
2.1648836,41.39216196,,,,,,,,,,,,,,,,
2.17611447,41.41496166,,,,,,,,,,,,,,,,
2.17611447,41.41496166,,,,,,,,,,,,,,,,
2.185657,41.40606219,,,,,,,,,,,,,,,,
2.185657,41.40606219,,,,,,,,,,,,,,,,
2.15064957,41.37618066,,,,,,,,,,,,,,,,
2.15064957,41.37618066,,,,,,,,,,,,,,,,
2.15064957,41.37618066,,,,,,,,,,,,,,,,
2.16704897,41.39041388,,,,,,,,,,,,,,,,
2.16704897,41.39041388,,,,,,,,,,,,,,,,
2.1265506,41.38767365,,,,,,,,,,,,,,,,
2.1265506,41.38767365,,,,,,,,,,,,,,,,
2.17248705,41.4190468,,,,,,,,,,,,,,,,
2.17248705,41.4190468,,,,,,,,,,,,,,,,
2.1634473,41.39107401,,,,,,,,,,,,,,,,
2.1634473,41.39107401,,,,,,,,,,,,,,,,
2.16074807,41.39073621,,,,,,,,,,,,,,,,
2.16074807,41.39073621,,,,,,,,,,,,,,,,
2.16584204,41.40310317,,,,,,,,,,,,,,,,
2.16584204,41.40310317,,,,,,,,,,,,,,,,
2.19183326,41.41952761,,,,,,,,,,,,,,,,
2.16261498,41.38550209,,,,,,,,,,,,,,,,
2.16261498,41.38550209,,,,,,,,,,,,,,,,
2.11164331,41.38500308,,,,,,,,,,,,,,,,
2.11164331,41.38500308,,,,,,,,,,,,,,,,
2.16114626,41.39274745,,,,,,,,,,,,,,,,
2.16114626,41.39274745,,,,,,,,,,,,,,,,
2.1648836,41.39216196,,,,,,,,,,,,,,,,
2.1648836,41.39216196,,,,,,,,,,,,,,,,
2.18347893,41.39941681,,,,,,,,,,,,,,,,
2.18347893,41.39941681,,,,,,,,,,,,,,,,
2.17586468,41.40685034,,,,,,,,,,,,,,,,
2.17586468,41.40685034,,,,,,,,,,,,,,,,
2.17586468,41.40685034,,,,,,,,,,,,,,,,
2.14101393,41.38456119,,,,,,,,,,,,,,,,
2.14101393,41.38456119,,,,,,,,,,,,,,,,
2.14101393,41.38456119,,,,,,,,,,,,,,,,
2.17469568,41.39494939,,,,,,,,,,,,,,,,
2.17469568,41.39494939,,,,,,,,,,,,,,,,
2.14034529,41.35835589,,,,,,,,,,,,,,,,
2.14034529,41.35835589,,,,,,,,,,,,,,,,
2.14250046,41.35381314,,,,,,,,,,,,,,,,
2.14250046,41.35381314,,,,,,,,,,,,,,,,
2.18575044,41.43002869,,,,,,,,,,,,,,,,
2.12845667,41.38046527,,,,,,,,,,,,,,,,
2.12845667,41.38046527,,,,,,,,,,,,,,,,
2.11672669,41.37709835,,,,,,,,,,,,,,,,
2.11672669,41.37709835,,,,,,,,,,,,,,,,
2.18323959,41.40803356,,,,,,,,,,,,,,,,
2.18323959,41.40803356,,,,,,,,,,,,,,,,
2.18453584,41.38406987,,,,,,,,,,,,,,,,
2.18453584,41.38406987,,,,,,,,,,,,,,,,
2.13099911,41.34323771,,,,,,,,,,,,,,,,
2.13099911,41.34323771,,,,,,,,,,,,,,,,
2.13099911,41.34323771,,,,,,,,,,,,,,,,
2.13099911,41.34323771,,,,,,,,,,,,,,,,
2.17504061,41.41016012,,,,,,,,,,,,,,,,
2.17504061,41.41016012,,,,,,,,,,,,,,,,
2.15112434,41.38337841,,,,,,,,,,,,,,,,
2.15112434,41.38337841,,,,,,,,,,,,,,,,
2.18723705,41.42261952,,,,,,,,,,,,,,,,
2.18723705,41.42261952,,,,,,,,,,,,,,,,
2.18119883,41.39910881,,,,,,,,,,,,,,,,
2.18119883,41.39910881,,,,,,,,,,,,,,,,
2.1658278,41.38620675,,,,,,,,,,,,,,,,
2.1658278,41.38620675,,,,,,,,,,,,,,,,
2.10866208,41.39196375,,,,,,,,,,,,,,,,
2.16860285,41.38547654,,,,,,,,,,,,,,,,
2.16860285,41.38547654,,,,,,,,,,,,,,,,
2.14758225,41.40118071,,,,,,,,,,,,,,,,
2.14758225,41.40118071,,,,,,,,,,,,,,,,
2.1503919,41.39135062,,,,,,,,,,,,,,,,
2.1503919,41.39135062,,,,,,,,,,,,,,,,
2.14377533,41.38137062,,,,,,,,,,,,,,,,
2.14377533,41.38137062,,,,,,,,,,,,,,,,
2.15824509,41.4266618,,,,,,,,,,,,,,,,
2.15824509,41.4266618,,,,,,,,,,,,,,,,
2.13260722,41.3896217,,,,,,,,,,,,,,,,
2.13260722,41.3896217,,,,,,,,,,,,,,,,
2.13260722,41.3896217,,,,,,,,,,,,,,,,
2.16636895,41.39498418,,,,,,,,,,,,,,,,
2.16636895,41.39498418,,,,,,,,,,,,,,,,
2.20326199,41.41546391,,,,,,,,,,,,,,,,
2.20326199,41.41546391,,,,,,,,,,,,,,,,
2.1139452,41.40069193,,,,,,,,,,,,,,,,
2.1139452,41.40069193,,,,,,,,,,,,,,,,
2.20392415,41.4396482,,,,,,,,,,,,,,,,
2.18741006,41.44682699,,,,,,,,,,,,,,,,
2.18741006,41.44682699,,,,,,,,,,,,,,,,
2.10748957,41.38203184,,,,,,,,,,,,,,,,
2.10748957,41.38203184,,,,,,,,,,,,,,,,
2.15893117,41.35432601,,,,,,,,,,,,,,,,
2.18529445,41.4129073,,,,,,,,,,,,,,,,
2.18529445,41.4129073,,,,,,,,,,,,,,,,
2.16517916,41.41718552,,,,,,,,,,,,,,,,
2.1815144,41.44624247,,,,,,,,,,,,,,,,
2.1815144,41.44624247,,,,,,,,,,,,,,,,
2.19450696,41.39548998,,,,,,,,,,,,,,,,
2.19450696,41.39548998,,,,,,,,,,,,,,,,
2.11594131,41.38542126,,,,,,,,,,,,,,,,
2.11594131,41.38542126,,,,,,,,,,,,,,,,
2.1665733,41.44155642,,,,,,,,,,,,,,,,
2.1665733,41.44155642,,,,,,,,,,,,,,,,
2.16243163,41.44136517,,,,,,,,,,,,,,,,
2.16243163,41.44136517,,,,,,,,,,,,,,,,
2.13835357,41.40728141,,,,,,,,,,,,,,,,
2.13835357,41.40728141,,,,,,,,,,,,,,,,
2.18502506,41.38143537,,,,,,,,,,,,,,,,
2.18502506,41.38143537,,,,,,,,,,,,,,,,
2.15949461,41.39652147,,,,,,,,,,,,,,,,
2.17216695,41.39234112,,,,,,,,,,,,,,,,
2.17216695,41.39234112,,,,,,,,,,,,,,,,
2.17888962,41.40438836,,,,,,,,,,,,,,,,
2.16526093,41.39413326,,,,,,,,,,,,,,,,
2.16526093,41.39413326,,,,,,,,,,,,,,,,
2.1308669,41.39793222,,,,,,,,,,,,,,,,
2.1308669,41.39793222,,,,,,,,,,,,,,,,
2.1308669,41.39793222,,,,,,,,,,,,,,,,
2.13492044,41.41485413,,,,,,,,,,,,,,,,
2.13492044,41.41485413,,,,,,,,,,,,,,,,
2.11337656,41.38195281,,,,,,,,,,,,,,,,
2.11337656,41.38195281,,,,,,,,,,,,,,,,
2.14784436,41.40871118,,,,,,,,,,,,,,,,
2.14784436,41.40871118,,,,,,,,,,,,,,,,
2.10478193,41.40938568,,,,,,,,,,,,,,,,
2.10478193,41.40938568,,,,,,,,,,,,,,,,
2.13283428,41.39680726,,,,,,,,,,,,,,,,
2.13283428,41.39680726,,,,,,,,,,,,,,,,
2.17561418,41.43042682,,,,,,,,,,,,,,,,
2.17561418,41.43042682,,,,,,,,,,,,,,,,
2.18799018,41.41936993,,,,,,,,,,,,,,,,
2.18799018,41.41936993,,,,,,,,,,,,,,,,
2.15967089,41.39322703,,,,,,,,,,,,,,,,
2.15967089,41.39322703,,,,,,,,,,,,,,,,
2.16918471,41.37515773,,,,,,,,,,,,,,,,
2.16918471,41.37515773,,,,,,,,,,,,,,,,
2.1385581,41.3727249,,,,,,,,,,,,,,,,
2.17959162,41.44607095,,,,,,,,,,,,,,,,
2.17959162,41.44607095,,,,,,,,,,,,,,,,
2.17959162,41.44607095,,,,,,,,,,,,,,,,
2.16072434,41.37894414,,,,,,,,,,,,,,,,
2.16023964,41.39644458,,,,,,,,,,,,,,,,
2.15101487,41.3730327,,,,,,,,,,,,,,,,
2.15101487,41.3730327,,,,,,,,,,,,,,,,
2.15101487,41.3730327,,,,,,,,,,,,,,,,
2.16578134,41.37318829,,,,,,,,,,,,,,,,
2.16578134,41.37318829,,,,,,,,,,,,,,,,
2.2028585,41.39812311,,,,,,,,,,,,,,,,
2.2028585,41.39812311,,,,,,,,,,,,,,,,
2.2028585,41.39812311,,,,,,,,,,,,,,,,
2.17959162,41.44607095,,,,,,,,,,,,,,,,
2.17959162,41.44607095,,,,,,,,,,,,,,,,
2.12992542,41.41285921,,,,,,,,,,,,,,,,
2.13712502,41.39076907,,,,,,,,,,,,,,,,
2.13712502,41.39076907,,,,,,,,,,,,,,,,
2.128661,41.38172209,,,,,,,,,,,,,,,,
2.128661,41.38172209,,,,,,,,,,,,,,,,
2.128661,41.38172209,,,,,,,,,,,,,,,,
2.16252789,41.38543667,,,,,,,,,,,,,,,,
2.16252789,41.38543667,,,,,,,,,,,,,,,,
2.16252789,41.38543667,,,,,,,,,,,,,,,,
2.16252789,41.38543667,,,,,,,,,,,,,,,,
2.14290082,41.40108904,,,,,,,,,,,,,,,,
2.14290082,41.40108904,,,,,,,,,,,,,,,,
2.18826981,41.44198255,,,,,,,,,,,,,,,,
2.18826981,41.44198255,,,,,,,,,,,,,,,,
2.13265917,41.41425747,,,,,,,,,,,,,,,,
2.13265917,41.41425747,,,,,,,,,,,,,,,,
2.13265917,41.41425747,,,,,,,,,,,,,,,,
2.19219485,41.44706749,,,,,,,,,,,,,,,,
2.19219485,41.44706749,,,,,,,,,,,,,,,,
2.13578598,41.41512763,,,,,,,,,,,,,,,,
2.13578598,41.41512763,,,,,,,,,,,,,,,,
2.13578598,41.41512763,,,,,,,,,,,,,,,,
2.17905977,41.39223388,,,,,,,,,,,,,,,,
2.17905977,41.39223388,,,,,,,,,,,,,,,,
2.17905977,41.39223388,,,,,,,,,,,,,,,,
2.17098797,41.3914822,,,,,,,,,,,,,,,,
2.17098797,41.3914822,,,,,,,,,,,,,,,,
2.18428286,41.38310428,,,,,,,,,,,,,,,,
2.18428286,41.38310428,,,,,,,,,,,,,,,,
2.19197534,41.44709534,,,,,,,,,,,,,,,,
2.19197534,41.44709534,,,,,,,,,,,,,,,,
2.13142592,41.41412426,,,,,,,,,,,,,,,,
2.13142592,41.41412426,,,,,,,,,,,,,,,,
2.14498432,41.39285888,,,,,,,,,,,,,,,,
2.14498432,41.39285888,,,,,,,,,,,,,,,,
2.14498432,41.39285888,,,,,,,,,,,,,,,,
2.13417777,41.39359287,,,,,,,,,,,,,,,,
2.13417777,41.39359287,,,,,,,,,,,,,,,,
2.13811592,41.4153272,,,,,,,,,,,,,,,,
2.13811592,41.4153272,,,,,,,,,,,,,,,,
2.13811592,41.4153272,,,,,,,,,,,,,,,,
2.20163399,41.4144445,,,,,,,,,,,,,,,,
2.20163399,41.4144445,,,,,,,,,,,,,,,,
2.17248671,41.37729923,,,,,,,,,,,,,,,,
2.17248671,41.37729923,,,,,,,,,,,,,,,,
2.12995825,41.37984252,,,,,,,,,,,,,,,,
2.12995825,41.37984252,,,,,,,,,,,,,,,,
2.12995825,41.37984252,,,,,,,,,,,,,,,,
2.18418994,41.42796594,,,,,,,,,,,,,,,,
2.13636486,41.39161668,,,,,,,,,,,,,,,,
2.13636486,41.39161668,,,,,,,,,,,,,,,,
2.19031805,41.39394053,,,,,,,,,,,,,,,,
2.19031805,41.39394053,,,,,,,,,,,,,,,,
2.15505897,41.3847685,,,,,,,,,,,,,,,,
2.15505897,41.3847685,,,,,,,,,,,,,,,,
2.14771848,41.39303266,,,,,,,,,,,,,,,,
2.14771848,41.39303266,,,,,,,,,,,,,,,,
2.13240959,41.40175246,,,,,,,,,,,,,,,,
2.13240959,41.40175246,,,,,,,,,,,,,,,,
2.17644084,41.39512783,,,,,,,,,,,,,,,,
2.17644084,41.39512783,,,,,,,,,,,,,,,,
2.13147043,41.38288051,,,,,,,,,,,,,,,,
2.13147043,41.38288051,,,,,,,,,,,,,,,,
2.17782513,41.40357189,,,,,,,,,,,,,,,,
2.17782513,41.40357189,,,,,,,,,,,,,,,,
2.17782513,41.40357189,,,,,,,,,,,,,,,,
2.2048769,41.40236302,,,,,,,,,,,,,,,,
2.2048769,41.40236302,,,,,,,,,,,,,,,,
2.12419726,41.40934164,,,,,,,,,,,,,,,,
2.12419726,41.40934164,,,,,,,,,,,,,,,,
2.12419726,41.40934164,,,,,,,,,,,,,,,,
2.12419726,41.40934164,,,,,,,,,,,,,,,,
2.15611877,41.4351697,,,,,,,,,,,,,,,,
2.19288827,41.38844032,,,,,,,,,,,,,,,,
2.19288827,41.38844032,,,,,,,,,,,,,,,,
2.18687719,41.41035093,,,,,,,,,,,,,,,,
2.18687719,41.41035093,,,,,,,,,,,,,,,,
2.13872661,41.39778743,,,,,,,,,,,,,,,,
2.18794833,41.3939544,,,,,,,,,,,,,,,,
2.18794833,41.3939544,,,,,,,,,,,,,,,,
2.14589193,41.43229692,,,,,,,,,,,,,,,,
2.14589193,41.43229692,,,,,,,,,,,,,,,,
2.14589193,41.43229692,,,,,,,,,,,,,,,,
2.17782513,41.40357189,,,,,,,,,,,,,,,,
2.17782513,41.40357189,,,,,,,,,,,,,,,,
2.1227476,41.37565193,,,,,,,,,,,,,,,,
2.1227476,41.37565193,,,,,,,,,,,,,,,,
2.1890837,41.4187385,,,,,,,,,,,,,,,,
2.1890837,41.4187385,,,,,,,,,,,,,,,,
2.1890837,41.4187385,,,,,,,,,,,,,,,,
2.17351413,41.39886522,,,,,,,,,,,,,,,,
2.17351413,41.39886522,,,,,,,,,,,,,,,,
2.14354466,41.37309474,,,,,,,,,,,,,,,,
2.14354466,41.37309474,,,,,,,,,,,,,,,,
2.13142592,41.41412426,,,,,,,,,,,,,,,,
2.13142592,41.41412426,,,,,,,,,,,,,,,,
2.13142592,41.41412426,,,,,,,,,,,,,,,,
2.13142592,41.41412426,,,,,,,,,,,,,,,,
2.21653946,41.40828865,,,,,,,,,,,,,,,,
2.21653946,41.40828865,,,,,,,,,,,,,,,,
2.13639124,41.40161405,,,,,,,,,,,,,,,,
2.13639124,41.40161405,,,,,,,,,,,,,,,,
2.13639124,41.40161405,,,,,,,,,,,,,,,,
2.13639124,41.40161405,,,,,,,,,,,,,,,,
2.15836911,41.42555989,,,,,,,,,,,,,,,,
2.15836911,41.42555989,,,,,,,,,,,,,,,,
2.18440191,41.43529392,,,,,,,,,,,,,,,,
2.18440191,41.43529392,,,,,,,,,,,,,,,,
2.14422149,41.39302831,,,,,,,,,,,,,,,,
2.14422149,41.39302831,,,,,,,,,,,,,,,,
2.13238919,41.38915707,,,,,,,,,,,,,,,,
2.13238919,41.38915707,,,,,,,,,,,,,,,,
2.13238919,41.38915707,,,,,,,,,,,,,,,,
2.13885975,41.41784261,,,,,,,,,,,,,,,,
2.13885975,41.41784261,,,,,,,,,,,,,,,,
2.13885975,41.41784261,,,,,,,,,,,,,,,,
2.13885975,41.41784261,,,,,,,,,,,,,,,,
2.20839791,41.41956618,,,,,,,,,,,,,,,,
2.20839791,41.41956618,,,,,,,,,,,,,,,,
2.18085307,41.41912713,,,,,,,,,,,,,,,,
2.18085307,41.41912713,,,,,,,,,,,,,,,,
2.13176148,41.38251893,,,,,,,,,,,,,,,,
2.13176148,41.38251893,,,,,,,,,,,,,,,,
2.17573542,41.41238502,,,,,,,,,,,,,,,,
2.17573542,41.41238502,,,,,,,,,,,,,,,,
2.17374392,41.36930134,,,,,,,,,,,,,,,,
2.17374392,41.36930134,,,,,,,,,,,,,,,,
2.17374392,41.36930134,,,,,,,,,,,,,,,,
2.17374392,41.36930134,,,,,,,,,,,,,,,,
2.19739886,41.3993234,,,,,,,,,,,,,,,,
2.19739886,41.3993234,,,,,,,,,,,,,,,,
2.13532357,41.40499873,,,,,,,,,,,,,,,,
2.13532357,41.40499873,,,,,,,,,,,,,,,,
2.16343425,41.37125233,,,,,,,,,,,,,,,,
2.16343425,41.37125233,,,,,,,,,,,,,,,,
2.19901385,41.39876295,,,,,,,,,,,,,,,,
2.19901385,41.39876295,,,,,,,,,,,,,,,,
2.15128081,41.40017951,,,,,,,,,,,,,,,,
2.15128081,41.40017951,,,,,,,,,,,,,,,,
2.15098275,41.37845558,,,,,,,,,,,,,,,,
2.15098275,41.37845558,,,,,,,,,,,,,,,,
2.15098275,41.37845558,,,,,,,,,,,,,,,,
2.1313894,41.39538574,,,,,,,,,,,,,,,,
2.1313894,41.39538574,,,,,,,,,,,,,,,,
2.10435491,41.38514281,,,,,,,,,,,,,,,,
2.10435491,41.38514281,,,,,,,,,,,,,,,,
2.18777859,41.37880893,,,,,,,,,,,,,,,,
2.18777859,41.37880893,,,,,,,,,,,,,,,,
2.17752782,41.43127304,,,,,,,,,,,,,,,,
2.17752782,41.43127304,,,,,,,,,,,,,,,,
2.16248827,41.39057081,,,,,,,,,,,,,,,,
2.16248827,41.39057081,,,,,,,,,,,,,,,,
2.18134301,41.39732355,,,,,,,,,,,,,,,,
2.18134301,41.39732355,,,,,,,,,,,,,,,,
2.12642227,41.37570053,,,,,,,,,,,,,,,,
2.12642227,41.37570053,,,,,,,,,,,,,,,,
2.19098603,41.39495641,,,,,,,,,,,,,,,,
2.19098603,41.39495641,,,,,,,,,,,,,,,,
2.1869093,41.42032433,,,,,,,,,,,,,,,,
2.1869093,41.42032433,,,,,,,,,,,,,,,,
2.15095383,41.4311034,,,,,,,,,,,,,,,,
2.15095383,41.4311034,,,,,,,,,,,,,,,,
2.15095383,41.4311034,,,,,,,,,,,,,,,,
2.18687719,41.41035093,,,,,,,,,,,,,,,,
2.18687719,41.41035093,,,,,,,,,,,,,,,,
2.15270564,41.40813181,,,,,,,,,,,,,,,,
2.15708918,41.39617193,,,,,,,,,,,,,,,,
2.15708918,41.39617193,,,,,,,,,,,,,,,,
2.14598588,41.39162385,,,,,,,,,,,,,,,,
2.14598588,41.39162385,,,,,,,,,,,,,,,,
2.14598588,41.39162385,,,,,,,,,,,,,,,,
2.14598588,41.39162385,,,,,,,,,,,,,,,,
2.15867102,41.43304756,,,,,,,,,,,,,,,,
2.15867102,41.43304756,,,,,,,,,,,,,,,,
2.18991594,41.4448119,,,,,,,,,,,,,,,,
2.18991594,41.4448119,,,,,,,,,,,,,,,,
2.18991594,41.4448119,,,,,,,,,,,,,,,,
2.16750642,41.39243763,,,,,,,,,,,,,,,,
2.14213283,41.3840565,,,,,,,,,,,,,,,,
2.19526673,41.41668461,,,,,,,,,,,,,,,,
2.19526673,41.41668461,,,,,,,,,,,,,,,,
2.15672041,41.37670347,,,,,,,,,,,,,,,,
2.15672041,41.37670347,,,,,,,,,,,,,,,,
2.17284374,41.38827095,,,,,,,,,,,,,,,,
2.17284374,41.38827095,,,,,,,,,,,,,,,,
2.12791863,41.4111168,,,,,,,,,,,,,,,,
2.12791863,41.4111168,,,,,,,,,,,,,,,,
2.16753477,41.38919895,,,,,,,,,,,,,,,,
2.16753477,41.38919895,,,,,,,,,,,,,,,,
2.16753477,41.38919895,,,,,,,,,,,,,,,,
2.14460172,41.3734165,,,,,,,,,,,,,,,,
2.14460172,41.3734165,,,,,,,,,,,,,,,,
2.14008609,41.4209221,,,,,,,,,,,,,,,,
2.14008609,41.4209221,,,,,,,,,,,,,,,,
2.14008609,41.4209221,,,,,,,,,,,,,,,,
2.13757549,41.38481326,,,,,,,,,,,,,,,,
2.13757549,41.38481326,,,,,,,,,,,,,,,,
2.17661079,41.40778884,,,,,,,,,,,,,,,,
2.17661079,41.40778884,,,,,,,,,,,,,,,,
2.14482952,41.37880469,,,,,,,,,,,,,,,,
2.14482952,41.37880469,,,,,,,,,,,,,,,,
2.17324825,41.40702379,,,,,,,,,,,,,,,,
2.17324825,41.40702379,,,,,,,,,,,,,,,,
2.19636698,41.44974143,,,,,,,,,,,,,,,,
2.19636698,41.44974143,,,,,,,,,,,,,,,,
2.19833586,41.38906663,,,,,,,,,,,,,,,,
2.17724572,41.3762928,,,,,,,,,,,,,,,,
2.17737449,41.37397498,,,,,,,,,,,,,,,,
2.17737449,41.37397498,,,,,,,,,,,,,,,,
2.18337081,41.43532651,,,,,,,,,,,,,,,,
2.18337081,41.43532651,,,,,,,,,,,,,,,,
2.18337081,41.43532651,,,,,,,,,,,,,,,,
2.18498728,41.39321004,,,,,,,,,,,,,,,,
2.18498728,41.39321004,,,,,,,,,,,,,,,,
2.14793003,41.37587034,,,,,,,,,,,,,,,,
2.16526093,41.39413326,,,,,,,,,,,,,,,,
2.16526093,41.39413326,,,,,,,,,,,,,,,,
2.20346988,41.42115445,,,,,,,,,,,,,,,,
2.20346988,41.42115445,,,,,,,,,,,,,,,,
2.16378666,41.35856469,,,,,,,,,,,,,,,,
2.16378666,41.35856469,,,,,,,,,,,,,,,,
2.16650231,41.39359175,,,,,,,,,,,,,,,,
2.16650231,41.39359175,,,,,,,,,,,,,,,,
2.13393052,41.41446946,,,,,,,,,,,,,,,,
2.13393052,41.41446946,,,,,,,,,,,,,,,,
2.13393052,41.41446946,,,,,,,,,,,,,,,,
2.18048742,41.40572046,,,,,,,,,,,,,,,,
2.18048742,41.40572046,,,,,,,,,,,,,,,,
2.15385298,41.43872655,,,,,,,,,,,,,,,,
2.15385298,41.43872655,,,,,,,,,,,,,,,,
2.15168413,41.39245603,,,,,,,,,,,,,,,,
2.15168413,41.39245603,,,,,,,,,,,,,,,,
2.15961458,41.39159663,,,,,,,,,,,,,,,,
2.15961458,41.39159663,,,,,,,,,,,,,,,,
2.12986747,41.37960111,,,,,,,,,,,,,,,,
2.12986747,41.37960111,,,,,,,,,,,,,,,,
2.19816467,41.44916146,,,,,,,,,,,,,,,,
2.19816467,41.44916146,,,,,,,,,,,,,,,,
2.19816467,41.44916146,,,,,,,,,,,,,,,,
2.17401815,41.38959415,,,,,,,,,,,,,,,,
2.17401815,41.38959415,,,,,,,,,,,,,,,,
2.15583212,41.38522422,,,,,,,,,,,,,,,,
2.15583212,41.38522422,,,,,,,,,,,,,,,,
2.15583212,41.38522422,,,,,,,,,,,,,,,,
2.15107249,41.40125511,,,,,,,,,,,,,,,,
2.15107249,41.40125511,,,,,,,,,,,,,,,,
2.17893153,41.3974322,,,,,,,,,,,,,,,,
2.17893153,41.3974322,,,,,,,,,,,,,,,,
2.14114052,41.3846566,,,,,,,,,,,,,,,,
2.14114052,41.3846566,,,,,,,,,,,,,,,,
2.18173959,41.43925968,,,,,,,,,,,,,,,,
2.18173959,41.43925968,,,,,,,,,,,,,,,,
2.16784316,41.39716526,,,,,,,,,,,,,,,,
2.15657724,41.39554767,,,,,,,,,,,,,,,,
2.15657724,41.39554767,,,,,,,,,,,,,,,,
2.15657724,41.39554767,,,,,,,,,,,,,,,,
2.15657724,41.39554767,,,,,,,,,,,,,,,,
2.15657724,41.39554767,,,,,,,,,,,,,,,,
2.17442149,41.39403565,,,,,,,,,,,,,,,,
2.17442149,41.39403565,,,,,,,,,,,,,,,,
2.13741248,41.40255886,,,,,,,,,,,,,,,,
2.13741248,41.40255886,,,,,,,,,,,,,,,,
2.17644084,41.39512783,,,,,,,,,,,,,,,,
2.17644084,41.39512783,,,,,,,,,,,,,,,,
2.17644084,41.39512783,,,,,,,,,,,,,,,,
2.20090875,41.44872123,,,,,,,,,,,,,,,,
2.19544186,41.38737975,,,,,,,,,,,,,,,,
2.19544186,41.38737975,,,,,,,,,,,,,,,,
2.19544186,41.38737975,,,,,,,,,,,,,,,,
2.14961202,41.39377784,,,,,,,,,,,,,,,,
2.14961202,41.39377784,,,,,,,,,,,,,,,,
2.18192616,41.42419244,,,,,,,,,,,,,,,,
2.18192616,41.42419244,,,,,,,,,,,,,,,,
2.18813608,41.3990451,,,,,,,,,,,,,,,,
2.18813608,41.3990451,,,,,,,,,,,,,,,,
2.16552248,41.42832726,,,,,,,,,,,,,,,,
2.16552248,41.42832726,,,,,,,,,,,,,,,,
2.17276422,41.38829293,,,,,,,,,,,,,,,,
2.17276422,41.38829293,,,,,,,,,,,,,,,,
2.13375559,41.39864354,,,,,,,,,,,,,,,,
2.13375559,41.39864354,,,,,,,,,,,,,,,,
2.17282639,41.38195123,,,,,,,,,,,,,,,,
2.17282639,41.38195123,,,,,,,,,,,,,,,,
2.15735072,41.4392885,,,,,,,,,,,,,,,,
2.15735072,41.4392885,,,,,,,,,,,,,,,,
2.16804632,41.37478673,,,,,,,,,,,,,,,,
2.16804632,41.37478673,,,,,,,,,,,,,,,,
2.17984533,41.4038047,,,,,,,,,,,,,,,,
2.17984533,41.4038047,,,,,,,,,,,,,,,,
2.17984533,41.4038047,,,,,,,,,,,,,,,,
2.17984533,41.4038047,,,,,,,,,,,,,,,,
2.17984533,41.4038047,,,,,,,,,,,,,,,,
2.17984533,41.4038047,,,,,,,,,,,,,,,,
2.15378054,41.42302553,,,,,,,,,,,,,,,,
2.15378054,41.42302553,,,,,,,,,,,,,,,,
2.17204042,41.43537323,,,,,,,,,,,,,,,,
2.14694912,41.39997092,,,,,,,,,,,,,,,,
2.14694912,41.39997092,,,,,,,,,,,,,,,,
2.18435137,41.40861472,,,,,,,,,,,,,,,,
2.18435137,41.40861472,,,,,,,,,,,,,,,,
2.18459994,41.41271548,,,,,,,,,,,,,,,,
2.15756152,41.40116675,,,,,,,,,,,,,,,,
2.15756152,41.40116675,,,,,,,,,,,,,,,,
2.13238919,41.38915707,,,,,,,,,,,,,,,,
2.13238919,41.38915707,,,,,,,,,,,,,,,,
2.13238919,41.38915707,,,,,,,,,,,,,,,,
2.18469426,41.38272602,,,,,,,,,,,,,,,,
2.18469426,41.38272602,,,,,,,,,,,,,,,,
2.19261686,41.38006703,,,,,,,,,,,,,,,,
2.19261686,41.38006703,,,,,,,,,,,,,,,,
2.19197534,41.44709534,,,,,,,,,,,,,,,,
2.19197534,41.44709534,,,,,,,,,,,,,,,,
2.18117085,41.43009235,,,,,,,,,,,,,,,,
2.18117085,41.43009235,,,,,,,,,,,,,,,,
2.18117085,41.43009235,,,,,,,,,,,,,,,,
2.20231773,41.39239399,,,,,,,,,,,,,,,,
2.20231773,41.39239399,,,,,,,,,,,,,,,,
2.20231773,41.39239399,,,,,,,,,,,,,,,,
2.20231773,41.39239399,,,,,,,,,,,,,,,,
2.20231773,41.39239399,,,,,,,,,,,,,,,,
2.15394245,41.39246731,,,,,,,,,,,,,,,,
2.15394245,41.39246731,,,,,,,,,,,,,,,,
2.15763817,41.42147433,,,,,,,,,,,,,,,,
2.15763817,41.42147433,,,,,,,,,,,,,,,,
2.16976873,41.40437529,,,,,,,,,,,,,,,,
2.16976873,41.40437529,,,,,,,,,,,,,,,,
2.16976873,41.40437529,,,,,,,,,,,,,,,,
2.1628338,41.40450284,,,,,,,,,,,,,,,,
2.1628338,41.40450284,,,,,,,,,,,,,,,,
2.14510822,41.43058982,,,,,,,,,,,,,,,,
2.14510822,41.43058982,,,,,,,,,,,,,,,,
2.14393285,41.42802711,,,,,,,,,,,,,,,,
2.14393285,41.42802711,,,,,,,,,,,,,,,,
2.14393285,41.42802711,,,,,,,,,,,,,,,,
2.18240563,41.41738158,,,,,,,,,,,,,,,,
2.18240563,41.41738158,,,,,,,,,,,,,,,,
2.18240563,41.41738158,,,,,,,,,,,,,,,,
2.11516269,41.38306193,,,,,,,,,,,,,,,,
2.17324153,41.40866503,,,,,,,,,,,,,,,,
2.17324153,41.40866503,,,,,,,,,,,,,,,,
2.12364851,41.4085028,,,,,,,,,,,,,,,,
2.12364851,41.4085028,,,,,,,,,,,,,,,,
2.19976026,41.39735121,,,,,,,,,,,,,,,,
2.19976026,41.39735121,,,,,,,,,,,,,,,,
2.16654189,41.38845802,,,,,,,,,,,,,,,,
2.15950711,41.3681188,,,,,,,,,,,,,,,,
2.15950711,41.3681188,,,,,,,,,,,,,,,,
2.15950711,41.3681188,,,,,,,,,,,,,,,,
2.14072038,41.40441788,,,,,,,,,,,,,,,,
2.14072038,41.40441788,,,,,,,,,,,,,,,,
2.14530374,41.36787604,,,,,,,,,,,,,,,,
2.14530374,41.36787604,,,,,,,,,,,,,,,,
2.14530374,41.36787604,,,,,,,,,,,,,,,,
2.11966384,41.32880592,,,,,,,,,,,,,,,,
2.11966384,41.32880592,,,,,,,,,,,,,,,,
2.17073223,41.37510901,,,,,,,,,,,,,,,,
2.17073223,41.37510901,,,,,,,,,,,,,,,,
2.17073223,41.37510901,,,,,,,,,,,,,,,,
2.17665545,41.37442665,,,,,,,,,,,,,,,,
2.17665545,41.37442665,,,,,,,,,,,,,,,,
2.15792997,41.3819853,,,,,,,,,,,,,,,,
2.15792997,41.3819853,,,,,,,,,,,,,,,,
2.15792997,41.3819853,,,,,,,,,,,,,,,,
2.15620507,41.38563044,,,,,,,,,,,,,,,,
2.15620507,41.38563044,,,,,,,,,,,,,,,,
2.18917261,41.3964655,,,,,,,,,,,,,,,,
2.13086705,41.38045671,,,,,,,,,,,,,,,,
2.13086705,41.38045671,,,,,,,,,,,,,,,,
2.13835357,41.40728141,,,,,,,,,,,,,,,,
2.13835357,41.40728141,,,,,,,,,,,,,,,,
2.1432207,41.39886565,,,,,,,,,,,,,,,,
2.1432207,41.39886565,,,,,,,,,,,,,,,,
2.1432207,41.39886565,,,,,,,,,,,,,,,,
2.14543557,41.40562591,,,,,,,,,,,,,,,,
2.14543557,41.40562591,,,,,,,,,,,,,,,,
2.20151667,41.39167188,,,,,,,,,,,,,,,,
2.10805137,41.37849779,,,,,,,,,,,,,,,,
2.17233378,41.39280528,,,,,,,,,,,,,,,,
2.17233378,41.39280528,,,,,,,,,,,,,,,,
2.17444239,41.43789557,,,,,,,,,,,,,,,,
2.17444239,41.43789557,,,,,,,,,,,,,,,,
2.17383915,41.42598063,,,,,,,,,,,,,,,,
2.17383915,41.42598063,,,,,,,,,,,,,,,,
2.13623083,41.40125402,,,,,,,,,,,,,,,,
2.13623083,41.40125402,,,,,,,,,,,,,,,,
2.16310473,41.38554485,,,,,,,,,,,,,,,,
2.16310473,41.38554485,,,,,,,,,,,,,,,,
2.11126546,41.39104543,,,,,,,,,,,,,,,,
2.11126546,41.39104543,,,,,,,,,,,,,,,,
2.10942084,41.38453709,,,,,,,,,,,,,,,,
2.10942084,41.38453709,,,,,,,,,,,,,,,,
2.14588584,41.37943211,,,,,,,,,,,,,,,,
2.14588584,41.37943211,,,,,,,,,,,,,,,,
2.20020363,41.44121854,,,,,,,,,,,,,,,,
2.17781393,41.3962565,,,,,,,,,,,,,,,,
2.17781393,41.3962565,,,,,,,,,,,,,,,,
2.13225397,41.40584692,,,,,,,,,,,,,,,,
2.13225397,41.40584692,,,,,,,,,,,,,,,,
2.13046368,41.37549168,,,,,,,,,,,,,,,,
2.13046368,41.37549168,,,,,,,,,,,,,,,,
2.14519033,41.40466801,,,,,,,,,,,,,,,,
2.14519033,41.40466801,,,,,,,,,,,,,,,,
2.19739444,41.38801367,,,,,,,,,,,,,,,,
2.19739444,41.38801367,,,,,,,,,,,,,,,,
2.19739444,41.38801367,,,,,,,,,,,,,,,,
2.2018106,41.44820348,,,,,,,,,,,,,,,,
2.2018106,41.44820348,,,,,,,,,,,,,,,,
2.2018106,41.44820348,,,,,,,,,,,,,,,,
2.12961835,41.37788224,,,,,,,,,,,,,,,,
2.12961835,41.37788224,,,,,,,,,,,,,,,,
2.12961835,41.37788224,,,,,,,,,,,,,,,,
2.19022333,41.39227075,,,,,,,,,,,,,,,,
2.19022333,41.39227075,,,,,,,,,,,,,,,,
2.1879501,41.40263188,,,,,,,,,,,,,,,,
2.12223326,41.38762486,,,,,,,,,,,,,,,,
2.14550653,41.37862877,,,,,,,,,,,,,,,,
2.14550653,41.37862877,,,,,,,,,,,,,,,,
2.18413498,41.38214921,,,,,,,,,,,,,,,,
2.18413498,41.38214921,,,,,,,,,,,,,,,,
2.17751417,41.42381445,,,,,,,,,,,,,,,,
2.17751417,41.42381445,,,,,,,,,,,,,,,,
2.16204494,41.39531138,,,,,,,,,,,,,,,,
2.16204494,41.39531138,,,,,,,,,,,,,,,,
2.13977427,41.36557864,,,,,,,,,,,,,,,,
2.13977427,41.36557864,,,,,,,,,,,,,,,,
2.12821035,41.38839659,,,,,,,,,,,,,,,,
2.12821035,41.38839659,,,,,,,,,,,,,,,,
2.13773896,41.39061112,,,,,,,,,,,,,,,,
2.13773896,41.39061112,,,,,,,,,,,,,,,,
2.17914275,41.39151239,,,,,,,,,,,,,,,,
2.17914275,41.39151239,,,,,,,,,,,,,,,,
2.17914275,41.39151239,,,,,,,,,,,,,,,,
2.12153144,41.38908317,,,,,,,,,,,,,,,,
2.12153144,41.38908317,,,,,,,,,,,,,,,,
2.17113432,41.39707828,,,,,,,,,,,,,,,,
2.17113432,41.39707828,,,,,,,,,,,,,,,,
2.17113432,41.39707828,,,,,,,,,,,,,,,,
2.1785312,41.43943336,,,,,,,,,,,,,,,,
2.17117519,41.43810244,,,,,,,,,,,,,,,,
2.17117519,41.43810244,,,,,,,,,,,,,,,,
2.14232979,41.42478473,,,,,,,,,,,,,,,,
2.14232979,41.42478473,,,,,,,,,,,,,,,,
2.14232979,41.42478473,,,,,,,,,,,,,,,,
2.16529906,41.37246504,,,,,,,,,,,,,,,,
2.16529906,41.37246504,,,,,,,,,,,,,,,,
2.16529906,41.37246504,,,,,,,,,,,,,,,,
2.17765358,41.38492219,,,,,,,,,,,,,,,,
2.17765358,41.38492219,,,,,,,,,,,,,,,,
2.17765358,41.38492219,,,,,,,,,,,,,,,,
2.10460844,41.38501257,,,,,,,,,,,,,,,,
2.10460844,41.38501257,,,,,,,,,,,,,,,,
2.14075653,41.42530598,,,,,,,,,,,,,,,,
2.14075653,41.42530598,,,,,,,,,,,,,,,,
2.14075653,41.42530598,,,,,,,,,,,,,,,,
2.19444594,41.38727558,,,,,,,,,,,,,,,,
2.19444594,41.38727558,,,,,,,,,,,,,,,,
2.1735325,41.37660368,,,,,,,,,,,,,,,,
2.1735325,41.37660368,,,,,,,,,,,,,,,,
2.1735325,41.37660368,,,,,,,,,,,,,,,,
2.15179494,41.42633803,,,,,,,,,,,,,,,,
2.15179494,41.42633803,,,,,,,,,,,,,,,,
2.16319156,41.39274344,,,,,,,,,,,,,,,,
2.16319156,41.39274344,,,,,,,,,,,,,,,,
2.14095926,41.40466381,,,,,,,,,,,,,,,,
2.14095926,41.40466381,,,,,,,,,,,,,,,,
2.20521092,41.4076233,,,,,,,,,,,,,,,,
2.16415049,41.40350303,,,,,,,,,,,,,,,,
2.16415049,41.40350303,,,,,,,,,,,,,,,,
2.16415049,41.40350303,,,,,,,,,,,,,,,,
2.13712502,41.39076907,,,,,,,,,,,,,,,,
2.13712502,41.39076907,,,,,,,,,,,,,,,,
2.1428702,41.37982681,,,,,,,,,,,,,,,,
2.1428702,41.37982681,,,,,,,,,,,,,,,,
2.12269904,41.40062432,,,,,,,,,,,,,,,,
2.12269904,41.40062432,,,,,,,,,,,,,,,,
2.14081595,41.39976569,,,,,,,,,,,,,,,,
2.14081595,41.39976569,,,,,,,,,,,,,,,,
2.19154518,41.4260677,,,,,,,,,,,,,,,,
2.19154518,41.4260677,,,,,,,,,,,,,,,,
2.14383668,41.39719368,,,,,,,,,,,,,,,,
2.14383668,41.39719368,,,,,,,,,,,,,,,,
2.17408471,41.40235013,,,,,,,,,,,,,,,,
2.17408471,41.40235013,,,,,,,,,,,,,,,,
2.1281562,41.40250081,,,,,,,,,,,,,,,,
2.16426132,41.43627645,,,,,,,,,,,,,,,,
2.16426132,41.43627645,,,,,,,,,,,,,,,,
2.14940987,41.38052036,,,,,,,,,,,,,,,,
2.14940987,41.38052036,,,,,,,,,,,,,,,,
2.13142592,41.41412426,,,,,,,,,,,,,,,,
2.13142592,41.41412426,,,,,,,,,,,,,,,,
2.13142592,41.41412426,,,,,,,,,,,,,,,,
2.14236833,41.42569123,,,,,,,,,,,,,,,,
2.14236833,41.42569123,,,,,,,,,,,,,,,,
2.16952114,41.44252685,,,,,,,,,,,,,,,,
2.16952114,41.44252685,,,,,,,,,,,,,,,,
2.17631959,41.3939763,,,,,,,,,,,,,,,,
2.17631959,41.3939763,,,,,,,,,,,,,,,,
2.18082034,41.43021591,,,,,,,,,,,,,,,,
2.18082034,41.43021591,,,,,,,,,,,,,,,,
2.15399355,41.43595359,,,,,,,,,,,,,,,,
2.18777859,41.37880893,,,,,,,,,,,,,,,,
2.18777859,41.37880893,,,,,,,,,,,,,,,,
2.17893153,41.3974322,,,,,,,,,,,,,,,,
2.17893153,41.3974322,,,,,,,,,,,,,,,,
2.14072038,41.40441788,,,,,,,,,,,,,,,,
2.14072038,41.40441788,,,,,,,,,,,,,,,,
2.2215676,41.40960573,,,,,,,,,,,,,,,,
2.2215676,41.40960573,,,,,,,,,,,,,,,,
2.16335879,41.42711671,,,,,,,,,,,,,,,,
2.14271575,41.42642396,,,,,,,,,,,,,,,,
2.14271575,41.42642396,,,,,,,,,,,,,,,,
2.1283676,41.39073596,,,,,,,,,,,,,,,,
2.1283676,41.39073596,,,,,,,,,,,,,,,,
2.1283676,41.39073596,,,,,,,,,,,,,,,,
2.14508229,41.43070496,,,,,,,,,,,,,,,,
2.14508229,41.43070496,,,,,,,,,,,,,,,,
2.15375409,41.4088894,,,,,,,,,,,,,,,,
2.15375409,41.4088894,,,,,,,,,,,,,,,,
2.1802011,41.39307293,,,,,,,,,,,,,,,,
2.1802011,41.39307293,,,,,,,,,,,,,,,,
2.12393637,41.38702756,,,,,,,,,,,,,,,,
2.12393637,41.38702756,,,,,,,,,,,,,,,,
2.21611648,41.4112322,,,,,,,,,,,,,,,,
2.21611648,41.4112322,,,,,,,,,,,,,,,,
2.1436969,41.39212655,,,,,,,,,,,,,,,,
2.1436969,41.39212655,,,,,,,,,,,,,,,,
2.12802311,41.37860945,,,,,,,,,,,,,,,,
2.12802311,41.37860945,,,,,,,,,,,,,,,,
2.15571321,41.39556401,,,,,,,,,,,,,,,,
2.15571321,41.39556401,,,,,,,,,,,,,,,,
2.15571321,41.39556401,,,,,,,,,,,,,,,,
2.17759403,41.37386495,,,,,,,,,,,,,,,,
2.17759403,41.37386495,,,,,,,,,,,,,,,,
2.19698252,41.44362757,,,,,,,,,,,,,,,,
2.19698252,41.44362757,,,,,,,,,,,,,,,,
2.13578598,41.41512763,,,,,,,,,,,,,,,,
2.13578598,41.41512763,,,,,,,,,,,,,,,,
2.12164053,41.3284,,,,,,,,,,,,,,,,
2.12164053,41.3284,,,,,,,,,,,,,,,,
2.20601315,41.44344229,,,,,,,,,,,,,,,,
2.20601315,41.44344229,,,,,,,,,,,,,,,,
2.15420442,41.35196932,,,,,,,,,,,,,,,,
2.12908328,41.3793603,,,,,,,,,,,,,,,,
2.12908328,41.3793603,,,,,,,,,,,,,,,,
2.15235041,41.42183406,,,,,,,,,,,,,,,,
2.15235041,41.42183406,,,,,,,,,,,,,,,,
2.18854974,41.44880008,,,,,,,,,,,,,,,,
2.18854974,41.44880008,,,,,,,,,,,,,,,,
2.18854974,41.44880008,,,,,,,,,,,,,,,,
2.16637539,41.39327304,,,,,,,,,,,,,,,,
2.16637539,41.39327304,,,,,,,,,,,,,,,,
2.1895607,41.38055399,,,,,,,,,,,,,,,,
2.19594629,41.38802306,,,,,,,,,,,,,,,,
2.19594629,41.38802306,,,,,,,,,,,,,,,,
2.16192175,41.43990207,,,,,,,,,,,,,,,,
2.16192175,41.43990207,,,,,,,,,,,,,,,,
2.16961707,41.36296607,,,,,,,,,,,,,,,,
2.16961707,41.36296607,,,,,,,,,,,,,,,,
2.16542922,41.39557659,,,,,,,,,,,,,,,,
2.16542922,41.39557659,,,,,,,,,,,,,,,,
2.15583549,41.38590679,,,,,,,,,,,,,,,,
2.15583549,41.38590679,,,,,,,,,,,,,,,,
2.16354109,41.39557635,,,,,,,,,,,,,,,,
2.16354109,41.39557635,,,,,,,,,,,,,,,,
2.16354109,41.39557635,,,,,,,,,,,,,,,,
2.16354109,41.39557635,,,,,,,,,,,,,,,,
2.14208266,41.38502835,,,,,,,,,,,,,,,,
2.14208266,41.38502835,,,,,,,,,,,,,,,,
2.17340752,41.38968588,,,,,,,,,,,,,,,,
2.17340752,41.38968588,,,,,,,,,,,,,,,,
2.15115102,41.43696646,,,,,,,,,,,,,,,,
2.1605637,41.38855925,,,,,,,,,,,,,,,,
2.1605637,41.38855925,,,,,,,,,,,,,,,,
2.17709484,41.42138818,,,,,,,,,,,,,,,,
2.17709484,41.42138818,,,,,,,,,,,,,,,,
2.17491923,41.42795161,,,,,,,,,,,,,,,,
2.15937326,41.37928962,,,,,,,,,,,,,,,,
2.15937326,41.37928962,,,,,,,,,,,,,,,,
2.18901597,41.38339296,,,,,,,,,,,,,,,,
2.18901597,41.38339296,,,,,,,,,,,,,,,,
2.15278146,41.43796553,,,,,,,,,,,,,,,,
2.15278146,41.43796553,,,,,,,,,,,,,,,,
2.16561043,41.35968924,,,,,,,,,,,,,,,,
2.16561043,41.35968924,,,,,,,,,,,,,,,,
2.15856052,41.38213403,,,,,,,,,,,,,,,,
2.15856052,41.38213403,,,,,,,,,,,,,,,,
2.13260722,41.3896217,,,,,,,,,,,,,,,,
2.13260722,41.3896217,,,,,,,,,,,,,,,,
2.14072038,41.40441788,,,,,,,,,,,,,,,,
2.14072038,41.40441788,,,,,,,,,,,,,,,,
2.21800231,41.40604182,,,,,,,,,,,,,,,,
2.21800231,41.40604182,,,,,,,,,,,,,,,,
2.16354847,41.37517623,,,,,,,,,,,,,,,,
2.16354847,41.37517623,,,,,,,,,,,,,,,,
2.15953203,41.38252808,,,,,,,,,,,,,,,,
2.15953203,41.38252808,,,,,,,,,,,,,,,,
2.12637431,41.4313043,,,,,,,,,,,,,,,,
2.12637431,41.4313043,,,,,,,,,,,,,,,,
2.19718659,41.39901755,,,,,,,,,,,,,,,,
2.19718659,41.39901755,,,,,,,,,,,,,,,,
2.19090156,41.43580576,,,,,,,,,,,,,,,,
2.19090156,41.43580576,,,,,,,,,,,,,,,,
2.15471064,41.39531451,,,,,,,,,,,,,,,,
2.15471064,41.39531451,,,,,,,,,,,,,,,,
2.14188843,41.42375677,,,,,,,,,,,,,,,,
2.14188843,41.42375677,,,,,,,,,,,,,,,,
2.14188843,41.42375677,,,,,,,,,,,,,,,,
2.12447791,41.39877727,,,,,,,,,,,,,,,,
2.12447791,41.39877727,,,,,,,,,,,,,,,,
2.1390611,41.3832023,,,,,,,,,,,,,,,,
2.1390611,41.3832023,,,,,,,,,,,,,,,,
2.1390611,41.3832023,,,,,,,,,,,,,,,,
2.11817094,41.39813333,,,,,,,,,,,,,,,,
2.11817094,41.39813333,,,,,,,,,,,,,,,,
2.14886204,41.41789542,,,,,,,,,,,,,,,,
2.14886204,41.41789542,,,,,,,,,,,,,,,,
2.14886204,41.41789542,,,,,,,,,,,,,,,,
2.14178467,41.34710024,,,,,,,,,,,,,,,,
2.14178467,41.34710024,,,,,,,,,,,,,,,,
2.1820065,41.44426852,,,,,,,,,,,,,,,,
2.14827183,41.38987951,,,,,,,,,,,,,,,,
2.14827183,41.38987951,,,,,,,,,,,,,,,,
2.142953,41.38566743,,,,,,,,,,,,,,,,
2.142953,41.38566743,,,,,,,,,,,,,,,,
2.1736918,41.38762882,,,,,,,,,,,,,,,,
2.1736918,41.38762882,,,,,,,,,,,,,,,,
2.18765007,41.3814427,,,,,,,,,,,,,,,,
2.18765007,41.3814427,,,,,,,,,,,,,,,,
2.18765007,41.3814427,,,,,,,,,,,,,,,,
2.19011833,41.38440448,,,,,,,,,,,,,,,,
2.19011833,41.38440448,,,,,,,,,,,,,,,,
2.17661975,41.4061022,,,,,,,,,,,,,,,,
2.17661975,41.4061022,,,,,,,,,,,,,,,,
2.14364477,41.39050273,,,,,,,,,,,,,,,,
2.14364477,41.39050273,,,,,,,,,,,,,,,,
2.14364477,41.39050273,,,,,,,,,,,,,,,,
2.17826633,41.37681393,,,,,,,,,,,,,,,,
2.17826633,41.37681393,,,,,,,,,,,,,,,,
2.10934203,41.3764348,,,,,,,,,,,,,,,,
2.10934203,41.3764348,,,,,,,,,,,,,,,,
2.14275508,41.38276347,,,,,,,,,,,,,,,,
2.14275508,41.38276347,,,,,,,,,,,,,,,,
2.21531126,41.41263752,,,,,,,,,,,,,,,,
2.21531126,41.41263752,,,,,,,,,,,,,,,,
2.16095863,41.38203344,,,,,,,,,,,,,,,,
2.16095863,41.38203344,,,,,,,,,,,,,,,,
2.18303611,41.46725299,,,,,,,,,,,,,,,,
2.18303611,41.46725299,,,,,,,,,,,,,,,,
2.12792223,41.38797155,,,,,,,,,,,,,,,,
2.12792223,41.38797155,,,,,,,,,,,,,,,,
2.12792223,41.38797155,,,,,,,,,,,,,,,,
2.12792223,41.38797155,,,,,,,,,,,,,,,,
2.14999845,41.40098728,,,,,,,,,,,,,,,,
2.14999845,41.40098728,,,,,,,,,,,,,,,,
2.14489446,41.38903979,,,,,,,,,,,,,,,,
2.14489446,41.38903979,,,,,,,,,,,,,,,,
2.11112024,41.38390715,,,,,,,,,,,,,,,,
2.11112024,41.38390715,,,,,,,,,,,,,,,,
2.11112024,41.38390715,,,,,,,,,,,,,,,,
2.14030734,41.39126584,,,,,,,,,,,,,,,,
2.14030734,41.39126584,,,,,,,,,,,,,,,,
2.17895967,41.44631679,,,,,,,,,,,,,,,,
2.17895967,41.44631679,,,,,,,,,,,,,,,,
2.15201645,41.40034892,,,,,,,,,,,,,,,,
2.15201645,41.40034892,,,,,,,,,,,,,,,,
2.15546857,41.43080096,,,,,,,,,,,,,,,,
2.17291306,41.39257715,,,,,,,,,,,,,,,,
2.17291306,41.39257715,,,,,,,,,,,,,,,,
2.18397231,41.42315078,,,,,,,,,,,,,,,,
2.18397231,41.42315078,,,,,,,,,,,,,,,,
2.14794441,41.40584871,,,,,,,,,,,,,,,,
2.14794441,41.40584871,,,,,,,,,,,,,,,,
2.16929667,41.4021775,,,,,,,,,,,,,,,,
2.16929667,41.4021775,,,,,,,,,,,,,,,,
2.16929667,41.4021775,,,,,,,,,,,,,,,,
2.16505223,41.40611911,,,,,,,,,,,,,,,,
2.17037965,41.40298751,,,,,,,,,,,,,,,,
2.17037965,41.40298751,,,,,,,,,,,,,,,,
2.16411535,41.38818301,,,,,,,,,,,,,,,,
2.16411535,41.38818301,,,,,,,,,,,,,,,,
2.13892386,41.41708929,,,,,,,,,,,,,,,,
2.13892386,41.41708929,,,,,,,,,,,,,,,,
2.1778194,41.39658684,,,,,,,,,,,,,,,,
2.1778194,41.39658684,,,,,,,,,,,,,,,,
2.10704246,41.38801321,,,,,,,,,,,,,,,,
2.10704246,41.38801321,,,,,,,,,,,,,,,,
2.12908328,41.3793603,,,,,,,,,,,,,,,,
2.12908328,41.3793603,,,,,,,,,,,,,,,,
2.19079268,41.43759904,,,,,,,,,,,,,,,,
2.19079268,41.43759904,,,,,,,,,,,,,,,,
2.19079268,41.43759904,,,,,,,,,,,,,,,,
2.17446183,41.43264418,,,,,,,,,,,,,,,,
2.17446183,41.43264418,,,,,,,,,,,,,,,,
2.13696484,41.41571038,,,,,,,,,,,,,,,,
2.13696484,41.41571038,,,,,,,,,,,,,,,,
2.13696484,41.41571038,,,,,,,,,,,,,,,,
2.1428702,41.37982681,,,,,,,,,,,,,,,,
2.1428702,41.37982681,,,,,,,,,,,,,,,,
2.18659805,41.41429621,,,,,,,,,,,,,,,,
2.18659805,41.41429621,,,,,,,,,,,,,,,,
2.18659805,41.41429621,,,,,,,,,,,,,,,,
2.18655492,41.42494209,,,,,,,,,,,,,,,,
2.18655492,41.42494209,,,,,,,,,,,,,,,,
2.18914361,41.43766393,,,,,,,,,,,,,,,,
2.15953361,41.40600323,,,,,,,,,,,,,,,,
2.13370524,41.39584808,,,,,,,,,,,,,,,,
2.17888962,41.40438836,,,,,,,,,,,,,,,,
2.17888962,41.40438836,,,,,,,,,,,,,,,,
2.21790787,41.40581941,,,,,,,,,,,,,,,,
2.21790787,41.40581941,,,,,,,,,,,,,,,,
2.14942957,41.3907573,,,,,,,,,,,,,,,,
2.14942957,41.3907573,,,,,,,,,,,,,,,,
2.17437377,41.37007459,,,,,,,,,,,,,,,,
2.17437377,41.37007459,,,,,,,,,,,,,,,,
2.14718987,41.38218754,,,,,,,,,,,,,,,,
2.14718987,41.38218754,,,,,,,,,,,,,,,,
2.12648186,41.39813042,,,,,,,,,,,,,,,,
2.12648186,41.39813042,,,,,,,,,,,,,,,,
2.19164802,41.41041429,,,,,,,,,,,,,,,,
2.19164802,41.41041429,,,,,,,,,,,,,,,,
2.19164802,41.41041429,,,,,,,,,,,,,,,,
2.19164802,41.41041429,,,,,,,,,,,,,,,,
2.19164802,41.41041429,,,,,,,,,,,,,,,,
2.17737794,41.37529655,,,,,,,,,,,,,,,,
2.17737794,41.37529655,,,,,,,,,,,,,,,,
2.19221495,41.44686486,,,,,,,,,,,,,,,,
2.19221495,41.44686486,,,,,,,,,,,,,,,,
2.10728182,41.38661765,,,,,,,,,,,,,,,,
2.10728182,41.38661765,,,,,,,,,,,,,,,,
2.10728182,41.38661765,,,,,,,,,,,,,,,,
2.16636306,41.40182002,,,,,,,,,,,,,,,,
2.16636306,41.40182002,,,,,,,,,,,,,,,,
2.11017847,41.41583434,,,,,,,,,,,,,,,,
2.11017847,41.41583434,,,,,,,,,,,,,,,,
2.19619096,41.40537456,,,,,,,,,,,,,,,,
2.19619096,41.40537456,,,,,,,,,,,,,,,,
2.16863594,41.39156754,,,,,,,,,,,,,,,,
2.16863594,41.39156754,,,,,,,,,,,,,,,,
2.1626181,41.37928627,,,,,,,,,,,,,,,,
2.1626181,41.37928627,,,,,,,,,,,,,,,,
2.17441831,41.40614161,,,,,,,,,,,,,,,,
2.17441831,41.40614161,,,,,,,,,,,,,,,,
2.13413961,41.39933787,,,,,,,,,,,,,,,,
2.13413961,41.39933787,,,,,,,,,,,,,,,,
2.1837039,41.4226435,,,,,,,,,,,,,,,,
2.1837039,41.4226435,,,,,,,,,,,,,,,,
2.1837039,41.4226435,,,,,,,,,,,,,,,,
2.18000741,41.44120426,,,,,,,,,,,,,,,,
2.18000741,41.44120426,,,,,,,,,,,,,,,,
2.15142217,41.40057857,,,,,,,,,,,,,,,,
2.15142217,41.40057857,,,,,,,,,,,,,,,,
2.1662733,41.3865578,,,,,,,,,,,,,,,,
2.1662733,41.3865578,,,,,,,,,,,,,,,,
2.1662733,41.3865578,,,,,,,,,,,,,,,,
2.16256464,41.39022267,,,,,,,,,,,,,,,,
2.16612618,41.39467575,,,,,,,,,,,,,,,,
2.16612618,41.39467575,,,,,,,,,,,,,,,,
2.16612618,41.39467575,,,,,,,,,,,,,,,,
2.172408,41.40751441,,,,,,,,,,,,,,,,
2.172408,41.40751441,,,,,,,,,,,,,,,,
2.13492813,41.42683953,,,,,,,,,,,,,,,,
2.13492813,41.42683953,,,,,,,,,,,,,,,,
2.16948638,41.38843632,,,,,,,,,,,,,,,,
2.16948638,41.38843632,,,,,,,,,,,,,,,,
2.16948638,41.38843632,,,,,,,,,,,,,,,,
2.17362913,41.37455476,,,,,,,,,,,,,,,,
2.17362913,41.37455476,,,,,,,,,,,,,,,,
2.17362913,41.37455476,,,,,,,,,,,,,,,,
2.16708581,41.37516653,,,,,,,,,,,,,,,,
2.16708581,41.37516653,,,,,,,,,,,,,,,,
2.13622785,41.39504426,,,,,,,,,,,,,,,,
2.13622785,41.39504426,,,,,,,,,,,,,,,,
2.12743993,41.38170048,,,,,,,,,,,,,,,,
2.12743993,41.38170048,,,,,,,,,,,,,,,,
2.10560193,41.41437826,,,,,,,,,,,,,,,,
2.10560193,41.41437826,,,,,,,,,,,,,,,,
2.12571269,41.38848506,,,,,,,,,,,,,,,,
2.12571269,41.38848506,,,,,,,,,,,,,,,,
2.13775583,41.36229997,,,,,,,,,,,,,,,,
2.13775583,41.36229997,,,,,,,,,,,,,,,,
2.17399061,41.37705993,,,,,,,,,,,,,,,,
2.17399061,41.37705993,,,,,,,,,,,,,,,,
2.14763939,41.42385641,,,,,,,,,,,,,,,,
2.14763939,41.42385641,,,,,,,,,,,,,,,,
2.13322144,41.40302583,,,,,,,,,,,,,,,,
2.13322144,41.40302583,,,,,,,,,,,,,,,,
2.18885609,41.40469869,,,,,,,,,,,,,,,,
2.18885609,41.40469869,,,,,,,,,,,,,,,,
2.13960337,41.44725096,,,,,,,,,,,,,,,,
2.13960337,41.44725096,,,,,,,,,,,,,,,,
2.19776313,41.41037717,,,,,,,,,,,,,,,,
2.19776313,41.41037717,,,,,,,,,,,,,,,,
2.17438756,41.37957392,,,,,,,,,,,,,,,,
2.17907864,41.39392372,,,,,,,,,,,,,,,,
2.17907864,41.39392372,,,,,,,,,,,,,,,,
2.1634473,41.39107401,,,,,,,,,,,,,,,,
2.17068246,41.38834818,,,,,,,,,,,,,,,,
2.17068246,41.38834818,,,,,,,,,,,,,,,,
2.17068246,41.38834818,,,,,,,,,,,,,,,,
2.12991683,41.39250755,,,,,,,,,,,,,,,,
2.12991683,41.39250755,,,,,,,,,,,,,,,,
2.17510222,41.40714705,,,,,,,,,,,,,,,,
2.17510222,41.40714705,,,,,,,,,,,,,,,,
2.17510222,41.40714705,,,,,,,,,,,,,,,,
2.16689126,41.4003761,,,,,,,,,,,,,,,,
2.16689126,41.4003761,,,,,,,,,,,,,,,,
2.16689126,41.4003761,,,,,,,,,,,,,,,,
2.16689126,41.4003761,,,,,,,,,,,,,,,,
2.19760315,41.45005279,,,,,,,,,,,,,,,,
2.1778194,41.39658684,,,,,,,,,,,,,,,,
2.1778194,41.39658684,,,,,,,,,,,,,,,,
2.14408777,41.38830079,,,,,,,,,,,,,,,,
2.14408777,41.38830079,,,,,,,,,,,,,,,,
2.14875991,41.43614098,,,,,,,,,,,,,,,,
2.14875991,41.43614098,,,,,,,,,,,,,,,,
2.19604505,41.41682073,,,,,,,,,,,,,,,,
2.20654225,41.41878778,,,,,,,,,,,,,,,,
2.20654225,41.41878778,,,,,,,,,,,,,,,,
2.18221875,41.40518806,,,,,,,,,,,,,,,,
2.18221875,41.40518806,,,,,,,,,,,,,,,,
2.19582652,41.4154166,,,,,,,,,,,,,,,,
2.19582652,41.4154166,,,,,,,,,,,,,,,,
2.16637539,41.39327304,,,,,,,,,,,,,,,,
2.16637539,41.39327304,,,,,,,,,,,,,,,,
2.10717583,41.39045559,,,,,,,,,,,,,,,,
2.16636306,41.40182002,,,,,,,,,,,,,,,,
2.16636306,41.40182002,,,,,,,,,,,,,,,,
2.1665733,41.44155642,,,,,,,,,,,,,,,,
2.1665733,41.44155642,,,,,,,,,,,,,,,,
2.13965504,41.4200144,,,,,,,,,,,,,,,,
2.13965504,41.4200144,,,,,,,,,,,,,,,,
2.17070452,41.40552,,,,,,,,,,,,,,,,
2.17070452,41.40552,,,,,,,,,,,,,,,,
2.14965037,41.4413592,,,,,,,,,,,,,,,,
2.14965037,41.4413592,,,,,,,,,,,,,,,,
2.13791357,41.40280528,,,,,,,,,,,,,,,,
2.13791357,41.40280528,,,,,,,,,,,,,,,,
2.15088165,41.38319435,,,,,,,,,,,,,,,,
2.15088165,41.38319435,,,,,,,,,,,,,,,,
2.15088165,41.38319435,,,,,,,,,,,,,,,,
2.16633439,41.44130106,,,,,,,,,,,,,,,,
2.16633439,41.44130106,,,,,,,,,,,,,,,,
2.20866106,41.43665697,,,,,,,,,,,,,,,,
2.20866106,41.43665697,,,,,,,,,,,,,,,,
2.14906756,41.43612235,,,,,,,,,,,,,,,,
2.14906756,41.43612235,,,,,,,,,,,,,,,,
2.14867146,41.3898047,,,,,,,,,,,,,,,,
2.17858982,41.39098061,,,,,,,,,,,,,,,,
2.14637013,41.39177733,,,,,,,,,,,,,,,,
2.14637013,41.39177733,,,,,,,,,,,,,,,,
2.13712502,41.39076907,,,,,,,,,,,,,,,,
2.13712502,41.39076907,,,,,,,,,,,,,,,,
2.19594629,41.38802306,,,,,,,,,,,,,,,,
2.19594629,41.38802306,,,,,,,,,,,,,,,,
2.1355941,41.38839167,,,,,,,,,,,,,,,,
2.1355941,41.38839167,,,,,,,,,,,,,,,,
2.16702361,41.38848379,,,,,,,,,,,,,,,,
2.16702361,41.38848379,,,,,,,,,,,,,,,,
2.16702361,41.38848379,,,,,,,,,,,,,,,,
2.20364522,41.40725021,,,,,,,,,,,,,,,,
2.20364522,41.40725021,,,,,,,,,,,,,,,,
2.14589193,41.43229692,,,,,,,,,,,,,,,,
2.14589193,41.43229692,,,,,,,,,,,,,,,,
2.15967091,41.3949379,,,,,,,,,,,,,,,,
2.15967091,41.3949379,,,,,,,,,,,,,,,,
2.1648836,41.39216196,,,,,,,,,,,,,,,,
2.1648836,41.39216196,,,,,,,,,,,,,,,,
2.12991683,41.39250755,,,,,,,,,,,,,,,,
2.12991683,41.39250755,,,,,,,,,,,,,,,,
2.19485846,41.40928674,,,,,,,,,,,,,,,,
2.19485846,41.40928674,,,,,,,,,,,,,,,,
2.17435822,41.40949626,,,,,,,,,,,,,,,,
2.17435822,41.40949626,,,,,,,,,,,,,,,,
2.16736009,41.38906709,,,,,,,,,,,,,,,,
2.16736009,41.38906709,,,,,,,,,,,,,,,,
2.20600661,41.44344694,,,,,,,,,,,,,,,,
2.20600661,41.44344694,,,,,,,,,,,,,,,,
2.20600661,41.44344694,,,,,,,,,,,,,,,,
2.12961384,41.37946418,,,,,,,,,,,,,,,,
2.12961384,41.37946418,,,,,,,,,,,,,,,,
2.15634145,41.40289105,,,,,,,,,,,,,,,,
2.15634145,41.40289105,,,,,,,,,,,,,,,,
2.19538063,41.41383115,,,,,,,,,,,,,,,,
2.19538063,41.41383115,,,,,,,,,,,,,,,,
2.19538063,41.41383115,,,,,,,,,,,,,,,,
2.1695605,41.40638478,,,,,,,,,,,,,,,,
2.1695605,41.40638478,,,,,,,,,,,,,,,,
2.17555965,41.40527404,,,,,,,,,,,,,,,,
2.17555965,41.40527404,,,,,,,,,,,,,,,,
2.11976354,41.39934699,,,,,,,,,,,,,,,,
2.11976354,41.39934699,,,,,,,,,,,,,,,,
2.11976354,41.39934699,,,,,,,,,,,,,,,,
2.11976354,41.39934699,,,,,,,,,,,,,,,,
2.15421278,41.43942378,,,,,,,,,,,,,,,,
2.15421278,41.43942378,,,,,,,,,,,,,,,,
2.14232979,41.42478473,,,,,,,,,,,,,,,,
2.14232979,41.42478473,,,,,,,,,,,,,,,,
2.15280287,41.39160898,,,,,,,,,,,,,,,,
2.15280287,41.39160898,,,,,,,,,,,,,,,,
2.16636306,41.40182002,,,,,,,,,,,,,,,,
2.16636306,41.40182002,,,,,,,,,,,,,,,,
2.16636306,41.40182002,,,,,,,,,,,,,,,,
2.1653522,41.38724102,,,,,,,,,,,,,,,,
2.1653522,41.38724102,,,,,,,,,,,,,,,,
2.1653522,41.38724102,,,,,,,,,,,,,,,,
2.17069986,41.41392619,,,,,,,,,,,,,,,,
2.13071131,41.38021032,,,,,,,,,,,,,,,,
2.13071131,41.38021032,,,,,,,,,,,,,,,,
2.14650107,41.39638305,,,,,,,,,,,,,,,,
2.14650107,41.39638305,,,,,,,,,,,,,,,,
2.16863341,41.40011338,,,,,,,,,,,,,,,,
2.16863341,41.40011338,,,,,,,,,,,,,,,,
2.18889302,41.38354861,,,,,,,,,,,,,,,,
2.18889302,41.38354861,,,,,,,,,,,,,,,,
2.18889302,41.38354861,,,,,,,,,,,,,,,,
2.1738844,41.45513486,,,,,,,,,,,,,,,,
2.18534261,41.38259911,,,,,,,,,,,,,,,,
2.18958308,41.42245287,,,,,,,,,,,,,,,,
2.17889203,41.3775657,,,,,,,,,,,,,,,,
2.17889203,41.3775657,,,,,,,,,,,,,,,,
2.15958938,41.43947186,,,,,,,,,,,,,,,,
2.15958938,41.43947186,,,,,,,,,,,,,,,,
2.1833706,41.4060454,,,,,,,,,,,,,,,,
2.1833706,41.4060454,,,,,,,,,,,,,,,,
2.20580495,41.41738151,,,,,,,,,,,,,,,,
2.20580495,41.41738151,,,,,,,,,,,,,,,,
2.20580495,41.41738151,,,,,,,,,,,,,,,,
2.1874221,41.44704833,,,,,,,,,,,,,,,,
2.1874221,41.44704833,,,,,,,,,,,,,,,,
2.17164935,41.39955877,,,,,,,,,,,,,,,,
2.17164935,41.39955877,,,,,,,,,,,,,,,,
2.16875182,41.37917103,,,,,,,,,,,,,,,,
2.15888028,41.38375279,,,,,,,,,,,,,,,,
2.15888028,41.38375279,,,,,,,,,,,,,,,,
2.14051681,41.40086657,,,,,,,,,,,,,,,,
2.14187633,41.41579126,,,,,,,,,,,,,,,,
2.14187633,41.41579126,,,,,,,,,,,,,,,,
2.15920718,41.37430977,,,,,,,,,,,,,,,,
2.18050199,41.39156924,,,,,,,,,,,,,,,,
2.18050199,41.39156924,,,,,,,,,,,,,,,,
2.17878715,41.44353163,,,,,,,,,,,,,,,,
2.1662733,41.3865578,,,,,,,,,,,,,,,,
2.1662733,41.3865578,,,,,,,,,,,,,,,,
2.13868966,41.36848414,,,,,,,,,,,,,,,,
2.2089298,41.40207739,,,,,,,,,,,,,,,,
2.2089298,41.40207739,,,,,,,,,,,,,,,,
2.1833002,41.381277,,,,,,,,,,,,,,,,
2.1833002,41.381277,,,,,,,,,,,,,,,,
2.1833002,41.381277,,,,,,,,,,,,,,,,
2.16546374,41.43909402,,,,,,,,,,,,,,,,
2.16546374,41.43909402,,,,,,,,,,,,,,,,
2.16546374,41.43909402,,,,,,,,,,,,,,,,
2.18376924,41.40138399,,,,,,,,,,,,,,,,
2.18376924,41.40138399,,,,,,,,,,,,,,,,
2.15394705,41.38562071,,,,,,,,,,,,,,,,
2.15394705,41.38562071,,,,,,,,,,,,,,,,
2.20112581,41.39866863,,,,,,,,,,,,,,,,
2.20804182,41.42429468,,,,,,,,,,,,,,,,
2.20804182,41.42429468,,,,,,,,,,,,,,,,
2.19485846,41.40928674,,,,,,,,,,,,,,,,
2.19485846,41.40928674,,,,,,,,,,,,,,,,
2.20671678,41.4155106,,,,,,,,,,,,,,,,
2.20671678,41.4155106,,,,,,,,,,,,,,,,
2.1620884,41.3828914,,,,,,,,,,,,,,,,
2.1620884,41.3828914,,,,,,,,,,,,,,,,
2.18324485,41.41633339,,,,,,,,,,,,,,,,
2.18324485,41.41633339,,,,,,,,,,,,,,,,
2.13021453,41.40121786,,,,,,,,,,,,,,,,
2.13021453,41.40121786,,,,,,,,,,,,,,,,
2.14623136,41.41425488,,,,,,,,,,,,,,,,
2.20231773,41.39239399,,,,,,,,,,,,,,,,
2.20231773,41.39239399,,,,,,,,,,,,,,,,
2.16911444,41.39720579,,,,,,,,,,,,,,,,
2.1922026,41.39606474,,,,,,,,,,,,,,,,
2.1922026,41.39606474,,,,,,,,,,,,,,,,
2.15166465,41.39076006,,,,,,,,,,,,,,,,
2.15166465,41.39076006,,,,,,,,,,,,,,,,
2.15849969,41.4011226,,,,,,,,,,,,,,,,
2.15687102,41.39586055,,,,,,,,,,,,,,,,
2.15687102,41.39586055,,,,,,,,,,,,,,,,
2.15105206,41.35291785,,,,,,,,,,,,,,,,
2.15105206,41.35291785,,,,,,,,,,,,,,,,
2.13966148,41.41953897,,,,,,,,,,,,,,,,
2.13966148,41.41953897,,,,,,,,,,,,,,,,
2.14976241,41.37080691,,,,,,,,,,,,,,,,
2.15508998,41.39159891,,,,,,,,,,,,,,,,
2.15508998,41.39159891,,,,,,,,,,,,,,,,
2.15508998,41.39159891,,,,,,,,,,,,,,,,
2.16223091,41.41218697,,,,,,,,,,,,,,,,
2.15441295,41.37454749,,,,,,,,,,,,,,,,
2.15441295,41.37454749,,,,,,,,,,,,,,,,
2.15441295,41.37454749,,,,,,,,,,,,,,,,
2.1728453,41.38940778,,,,,,,,,,,,,,,,
2.1728453,41.38940778,,,,,,,,,,,,,,,,
2.1728453,41.38940778,,,,,,,,,,,,,,,,
2.14393285,41.42802711,,,,,,,,,,,,,,,,
2.14393285,41.42802711,,,,,,,,,,,,,,,,
2.14393285,41.42802711,,,,,,,,,,,,,,,,
2.16411041,41.39500658,,,,,,,,,,,,,,,,
2.16411041,41.39500658,,,,,,,,,,,,,,,,
2.17442149,41.39403565,,,,,,,,,,,,,,,,
2.17442149,41.39403565,,,,,,,,,,,,,,,,
2.13578598,41.41512763,,,,,,,,,,,,,,,,
2.13578598,41.41512763,,,,,,,,,,,,,,,,
2.15451746,41.3828133,,,,,,,,,,,,,,,,
2.15451746,41.3828133,,,,,,,,,,,,,,,,
2.1252674,41.40628815,,,,,,,,,,,,,,,,
2.17910116,41.44559671,,,,,,,,,,,,,,,,
2.18743273,41.38090721,,,,,,,,,,,,,,,,
2.16636306,41.40182002,,,,,,,,,,,,,,,,
2.16636306,41.40182002,,,,,,,,,,,,,,,,
2.17550051,41.40695821,,,,,,,,,,,,,,,,
2.17550051,41.40695821,,,,,,,,,,,,,,,,
2.17681856,41.39222488,,,,,,,,,,,,,,,,
2.17681856,41.39222488,,,,,,,,,,,,,,,,
2.17673173,41.43180807,,,,,,,,,,,,,,,,
2.17673173,41.43180807,,,,,,,,,,,,,,,,
2.16463169,41.44175513,,,,,,,,,,,,,,,,
2.19594629,41.38802306,,,,,,,,,,,,,,,,
2.19594629,41.38802306,,,,,,,,,,,,,,,,
2.19594629,41.38802306,,,,,,,,,,,,,,,,
2.15578994,41.38443893,,,,,,,,,,,,,,,,
2.15578994,41.38443893,,,,,,,,,,,,,,,,
2.16146013,41.39005915,,,,,,,,,,,,,,,,
2.16146013,41.39005915,,,,,,,,,,,,,,,,
2.18147452,41.38632533,,,,,,,,,,,,,,,,
2.18147452,41.38632533,,,,,,,,,,,,,,,,
2.17374821,41.37626422,,,,,,,,,,,,,,,,
2.17374821,41.37626422,,,,,,,,,,,,,,,,
2.15847923,41.38903537,,,,,,,,,,,,,,,,
2.15847923,41.38903537,,,,,,,,,,,,,,,,
2.16750791,41.39413783,,,,,,,,,,,,,,,,
2.16750791,41.39413783,,,,,,,,,,,,,,,,
2.16750791,41.39413783,,,,,,,,,,,,,,,,
2.15155467,41.39476761,,,,,,,,,,,,,,,,
2.15155467,41.39476761,,,,,,,,,,,,,,,,
2.15233114,41.41260054,,,,,,,,,,,,,,,,
2.18008735,41.41573018,,,,,,,,,,,,,,,,
2.18008735,41.41573018,,,,,,,,,,,,,,,,
2.15657831,41.43026305,,,,,,,,,,,,,,,,
2.15657831,41.43026305,,,,,,,,,,,,,,,,
2.15846428,41.38732773,,,,,,,,,,,,,,,,
2.15846428,41.38732773,,,,,,,,,,,,,,,,
2.15846428,41.38732773,,,,,,,,,,,,,,,,
2.15846428,41.38732773,,,,,,,,,,,,,,,,
2.18350968,41.40087448,,,,,,,,,,,,,,,,
2.18350968,41.40087448,,,,,,,,,,,,,,,,
2.18350968,41.40087448,,,,,,,,,,,,,,,,
2.14481632,41.37211937,,,,,,,,,,,,,,,,
2.14481632,41.37211937,,,,,,,,,,,,,,,,
2.21495685,41.40440536,,,,,,,,,,,,,,,,
2.21495685,41.40440536,,,,,,,,,,,,,,,,
2.11861579,41.37637491,,,,,,,,,,,,,,,,
2.11861579,41.37637491,,,,,,,,,,,,,,,,
2.11861579,41.37637491,,,,,,,,,,,,,,,,
2.17430342,41.39582338,,,,,,,,,,,,,,,,
2.1291305,41.41510664,,,,,,,,,,,,,,,,
2.17079132,41.41363113,,,,,,,,,,,,,,,,
2.17079132,41.41363113,,,,,,,,,,,,,,,,
2.17894519,41.40273545,,,,,,,,,,,,,,,,
2.17894519,41.40273545,,,,,,,,,,,,,,,,
2.17894519,41.40273545,,,,,,,,,,,,,,,,
2.13376998,41.41466953,,,,,,,,,,,,,,,,
2.13376998,41.41466953,,,,,,,,,,,,,,,,
2.14238903,41.42460768,,,,,,,,,,,,,,,,
2.14238903,41.42460768,,,,,,,,,,,,,,,,
2.15279931,41.38648649,,,,,,,,,,,,,,,,
2.15279931,41.38648649,,,,,,,,,,,,,,,,
2.17603835,41.42825301,,,,,,,,,,,,,,,,
2.17603835,41.42825301,,,,,,,,,,,,,,,,
2.17603835,41.42825301,,,,,,,,,,,,,,,,
2.12818122,41.37566224,,,,,,,,,,,,,,,,
2.12818122,41.37566224,,,,,,,,,,,,,,,,
2.17382764,41.39869628,,,,,,,,,,,,,,,,
2.17382764,41.39869628,,,,,,,,,,,,,,,,
2.16237797,41.38216069,,,,,,,,,,,,,,,,
2.16237797,41.38216069,,,,,,,,,,,,,,,,
2.19739444,41.38801367,,,,,,,,,,,,,,,,
2.19739444,41.38801367,,,,,,,,,,,,,,,,
2.20366564,41.4431262,,,,,,,,,,,,,,,,
2.20366564,41.4431262,,,,,,,,,,,,,,,,
2.14049278,41.35773774,,,,,,,,,,,,,,,,
2.14049278,41.35773774,,,,,,,,,,,,,,,,
2.15480276,41.42345394,,,,,,,,,,,,,,,,
2.15480276,41.42345394,,,,,,,,,,,,,,,,
2.15480276,41.42345394,,,,,,,,,,,,,,,,
2.15480276,41.42345394,,,,,,,,,,,,,,,,
2.15480276,41.42345394,,,,,,,,,,,,,,,,
2.15480276,41.42345394,,,,,,,,,,,,,,,,
2.15480276,41.42345394,,,,,,,,,,,,,,,,
2.15480276,41.42345394,,,,,,,,,,,,,,,,
2.15480276,41.42345394,,,,,,,,,,,,,,,,
2.15771524,41.38257942,,,,,,,,,,,,,,,,
2.15771524,41.38257942,,,,,,,,,,,,,,,,
2.11729515,41.3342691,,,,,,,,,,,,,,,,
2.11729515,41.3342691,,,,,,,,,,,,,,,,
2.12714572,41.41091895,,,,,,,,,,,,,,,,
2.12714572,41.41091895,,,,,,,,,,,,,,,,
2.14846062,41.40722977,,,,,,,,,,,,,,,,
2.15290294,41.377873,,,,,,,,,,,,,,,,
2.15290294,41.377873,,,,,,,,,,,,,,,,
2.20183051,41.44630466,,,,,,,,,,,,,,,,
2.20183051,41.44630466,,,,,,,,,,,,,,,,
2.20582592,41.44348507,,,,,,,,,,,,,,,,
2.20582592,41.44348507,,,,,,,,,,,,,,,,
2.15332859,41.38589043,,,,,,,,,,,,,,,,
2.13046368,41.37549168,,,,,,,,,,,,,,,,
2.13046368,41.37549168,,,,,,,,,,,,,,,,
2.14358045,41.35798558,,,,,,,,,,,,,,,,
2.14358045,41.35798558,,,,,,,,,,,,,,,,
2.13831292,41.39075832,,,,,,,,,,,,,,,,
2.13831292,41.39075832,,,,,,,,,,,,,,,,
2.13831292,41.39075832,,,,,,,,,,,,,,,,
2.15290294,41.377873,,,,,,,,,,,,,,,,
2.15290294,41.377873,,,,,,,,,,,,,,,,
2.14333666,41.42201708,,,,,,,,,,,,,,,,
2.14333666,41.42201708,,,,,,,,,,,,,,,,
2.18914361,41.43766393,,,,,,,,,,,,,,,,
2.18914361,41.43766393,,,,,,,,,,,,,,,,
2.1387917,41.36008125,,,,,,,,,,,,,,,,
2.1387917,41.36008125,,,,,,,,,,,,,,,,
2.13801322,41.41614785,,,,,,,,,,,,,,,,
2.13801322,41.41614785,,,,,,,,,,,,,,,,
2.13801322,41.41614785,,,,,,,,,,,,,,,,
2.1304063,41.40481198,,,,,,,,,,,,,,,,
2.1304063,41.40481198,,,,,,,,,,,,,,,,
2.14245038,41.37268144,,,,,,,,,,,,,,,,
2.14245038,41.37268144,,,,,,,,,,,,,,,,
2.1598165,41.37947302,,,,,,,,,,,,,,,,
2.13629766,41.36489771,,,,,,,,,,,,,,,,
2.13629766,41.36489771,,,,,,,,,,,,,,,,
2.1470492,41.37711565,,,,,,,,,,,,,,,,
2.18198756,41.39797528,,,,,,,,,,,,,,,,
2.18198756,41.39797528,,,,,,,,,,,,,,,,
2.19219485,41.44706749,,,,,,,,,,,,,,,,
2.19219485,41.44706749,,,,,,,,,,,,,,,,
2.151427,41.39618853,,,,,,,,,,,,,,,,
2.13413961,41.39933787,,,,,,,,,,,,,,,,
2.13413961,41.39933787,,,,,,,,,,,,,,,,
2.14574267,41.39779236,,,,,,,,,,,,,,,,
2.14574267,41.39779236,,,,,,,,,,,,,,,,
2.12527147,41.37721085,,,,,,,,,,,,,,,,
2.12527147,41.37721085,,,,,,,,,,,,,,,,
2.12527147,41.37721085,,,,,,,,,,,,,,,,
2.13492044,41.41485413,,,,,,,,,,,,,,,,
2.13492044,41.41485413,,,,,,,,,,,,,,,,
2.16094608,41.38032597,,,,,,,,,,,,,,,,
2.16094608,41.38032597,,,,,,,,,,,,,,,,
2.16094608,41.38032597,,,,,,,,,,,,,,,,
2.16094608,41.38032597,,,,,,,,,,,,,,,,
2.1983514,41.40668735,,,,,,,,,,,,,,,,
2.1983514,41.40668735,,,,,,,,,,,,,,,,
2.17894519,41.40273545,,,,,,,,,,,,,,,,
2.17894519,41.40273545,,,,,,,,,,,,,,,,
2.18310998,41.38499572,,,,,,,,,,,,,,,,
2.18310998,41.38499572,,,,,,,,,,,,,,,,
2.17431325,41.40095528,,,,,,,,,,,,,,,,
2.17431325,41.40095528,,,,,,,,,,,,,,,,
2.17988637,41.39090083,,,,,,,,,,,,,,,,
2.17988637,41.39090083,,,,,,,,,,,,,,,,
2.16863162,41.40692942,,,,,,,,,,,,,,,,
2.16863162,41.40692942,,,,,,,,,,,,,,,,
2.20174354,41.4041441,,,,,,,,,,,,,,,,
2.20174354,41.4041441,,,,,,,,,,,,,,,,
2.20174354,41.4041441,,,,,,,,,,,,,,,,
2.20174354,41.4041441,,,,,,,,,,,,,,,,
2.14313855,41.42631361,,,,,,,,,,,,,,,,
2.14313855,41.42631361,,,,,,,,,,,,,,,,
2.20262725,41.42052016,,,,,,,,,,,,,,,,
2.20262725,41.42052016,,,,,,,,,,,,,,,,
2.18426489,41.3976763,,,,,,,,,,,,,,,,
2.18426489,41.3976763,,,,,,,,,,,,,,,,
2.12025004,41.37904977,,,,,,,,,,,,,,,,
2.17878715,41.44353163,,,,,,,,,,,,,,,,
2.17883394,41.40947356,,,,,,,,,,,,,,,,
2.19127893,41.41197011,,,,,,,,,,,,,,,,
2.19127893,41.41197011,,,,,,,,,,,,,,,,
2.14432965,41.41212756,,,,,,,,,,,,,,,,
2.14432965,41.41212756,,,,,,,,,,,,,,,,
2.20056796,41.40158946,,,,,,,,,,,,,,,,
2.12961157,41.33616015,,,,,,,,,,,,,,,,
2.12961157,41.33616015,,,,,,,,,,,,,,,,
2.16297842,41.39587376,,,,,,,,,,,,,,,,
2.16297842,41.39587376,,,,,,,,,,,,,,,,
2.15229874,41.35129664,,,,,,,,,,,,,,,,
2.15229874,41.35129664,,,,,,,,,,,,,,,,
2.17217406,41.44399812,,,,,,,,,,,,,,,,
2.1905011,41.39432135,,,,,,,,,,,,,,,,
2.1905011,41.39432135,,,,,,,,,,,,,,,,
2.17123423,41.40314006,,,,,,,,,,,,,,,,
2.17123423,41.40314006,,,,,,,,,,,,,,,,
2.13273951,41.39165722,,,,,,,,,,,,,,,,
2.13273951,41.39165722,,,,,,,,,,,,,,,,
2.13273951,41.39165722,,,,,,,,,,,,,,,,
2.15588187,41.40699684,,,,,,,,,,,,,,,,
2.15588187,41.40699684,,,,,,,,,,,,,,,,
2.16230389,41.39190679,,,,,,,,,,,,,,,,
2.16230389,41.39190679,,,,,,,,,,,,,,,,
2.14088649,41.37186169,,,,,,,,,,,,,,,,
2.16080001,41.39763456,,,,,,,,,,,,,,,,
2.16080001,41.39763456,,,,,,,,,,,,,,,,
2.16080001,41.39763456,,,,,,,,,,,,,,,,
2.17118808,41.4089738,,,,,,,,,,,,,,,,
2.17118808,41.4089738,,,,,,,,,,,,,,,,
2.17118808,41.4089738,,,,,,,,,,,,,,,,
2.18698812,41.38295592,,,,,,,,,,,,,,,,
2.18698812,41.38295592,,,,,,,,,,,,,,,,
2.16719716,41.42757768,,,,,,,,,,,,,,,,
2.16719716,41.42757768,,,,,,,,,,,,,,,,
2.1429063,41.38024879,,,,,,,,,,,,,,,,
2.1429063,41.38024879,,,,,,,,,,,,,,,,
2.1429063,41.38024879,,,,,,,,,,,,,,,,
2.14510822,41.43058982,,,,,,,,,,,,,,,,
2.14510822,41.43058982,,,,,,,,,,,,,,,,
2.14474952,41.42546509,,,,,,,,,,,,,,,,
2.18119883,41.39910881,,,,,,,,,,,,,,,,
2.18119883,41.39910881,,,,,,,,,,,,,,,,
2.16943367,41.39111811,,,,,,,,,,,,,,,,
2.16943367,41.39111811,,,,,,,,,,,,,,,,
2.16943367,41.39111811,,,,,,,,,,,,,,,,
2.14683584,41.37363707,,,,,,,,,,,,,,,,
2.14683584,41.37363707,,,,,,,,,,,,,,,,
2.18205862,41.42556893,,,,,,,,,,,,,,,,
2.18205862,41.42556893,,,,,,,,,,,,,,,,
2.1662733,41.3865578,,,,,,,,,,,,,,,,
2.1662733,41.3865578,,,,,,,,,,,,,,,,
2.1662733,41.3865578,,,,,,,,,,,,,,,,
2.17907864,41.39392372,,,,,,,,,,,,,,,,
2.17907864,41.39392372,,,,,,,,,,,,,,,,
2.20173588,41.40751948,,,,,,,,,,,,,,,,
2.19636698,41.44974143,,,,,,,,,,,,,,,,
2.19636698,41.44974143,,,,,,,,,,,,,,,,
2.19636698,41.44974143,,,,,,,,,,,,,,,,
2.18598672,41.44873576,,,,,,,,,,,,,,,,
2.18598672,41.44873576,,,,,,,,,,,,,,,,
2.18598672,41.44873576,,,,,,,,,,,,,,,,
2.15409639,41.39566146,,,,,,,,,,,,,,,,
2.15409639,41.39566146,,,,,,,,,,,,,,,,
2.15409639,41.39566146,,,,,,,,,,,,,,,,
2.14337256,41.38462422,,,,,,,,,,,,,,,,
2.14337256,41.38462422,,,,,,,,,,,,,,,,
2.14148535,41.37539255,,,,,,,,,,,,,,,,
2.14148535,41.37539255,,,,,,,,,,,,,,,,
2.17500353,41.39650489,,,,,,,,,,,,,,,,
2.21373485,41.40282639,,,,,,,,,,,,,,,,
2.21373485,41.40282639,,,,,,,,,,,,,,,,
2.16704897,41.39041388,,,,,,,,,,,,,,,,
2.16704897,41.39041388,,,,,,,,,,,,,,,,
2.11824074,41.37881505,,,,,,,,,,,,,,,,
2.11824074,41.37881505,,,,,,,,,,,,,,,,
2.16554506,41.43068455,,,,,,,,,,,,,,,,
2.13884923,41.42056901,,,,,,,,,,,,,,,,
2.13884923,41.42056901,,,,,,,,,,,,,,,,
2.16819197,41.41259323,,,,,,,,,,,,,,,,
2.16819197,41.41259323,,,,,,,,,,,,,,,,
2.16819197,41.41259323,,,,,,,,,,,,,,,,
2.20571645,41.4316533,,,,,,,,,,,,,,,,
2.20571645,41.4316533,,,,,,,,,,,,,,,,
2.2215676,41.40960573,,,,,,,,,,,,,,,,
2.2215676,41.40960573,,,,,,,,,,,,,,,,
2.19127893,41.41197011,,,,,,,,,,,,,,,,
2.19127893,41.41197011,,,,,,,,,,,,,,,,
2.11861579,41.37637491,,,,,,,,,,,,,,,,
2.11861579,41.37637491,,,,,,,,,,,,,,,,
2.11861579,41.37637491,,,,,,,,,,,,,,,,
2.17114527,41.38968825,,,,,,,,,,,,,,,,
2.17114527,41.38968825,,,,,,,,,,,,,,,,
2.18672687,41.40127669,,,,,,,,,,,,,,,,
2.15140946,41.37165477,,,,,,,,,,,,,,,,
2.20671678,41.4155106,,,,,,,,,,,,,,,,
2.20671678,41.4155106,,,,,,,,,,,,,,,,
2.16744567,41.42786585,,,,,,,,,,,,,,,,
2.14823627,41.40567499,,,,,,,,,,,,,,,,
2.14823627,41.40567499,,,,,,,,,,,,,,,,
2.12831108,41.38181302,,,,,,,,,,,,,,,,
2.12831108,41.38181302,,,,,,,,,,,,,,,,
2.1287935,41.38928676,,,,,,,,,,,,,,,,
2.1287935,41.38928676,,,,,,,,,,,,,,,,
2.1287935,41.38928676,,,,,,,,,,,,,,,,
2.1287935,41.38928676,,,,,,,,,,,,,,,,
2.17274672,41.43625669,,,,,,,,,,,,,,,,
2.17274672,41.43625669,,,,,,,,,,,,,,,,
2.1837089,41.38142265,,,,,,,,,,,,,,,,
2.1837089,41.38142265,,,,,,,,,,,,,,,,
2.1837089,41.38142265,,,,,,,,,,,,,,,,
2.20657407,41.43320482,,,,,,,,,,,,,,,,
2.20657407,41.43320482,,,,,,,,,,,,,,,,
2.13085949,41.38417294,,,,,,,,,,,,,,,,
2.13085949,41.38417294,,,,,,,,,,,,,,,,
2.16114626,41.39274745,,,,,,,,,,,,,,,,
2.16114626,41.39274745,,,,,,,,,,,,,,,,
2.12945988,41.4019763,,,,,,,,,,,,,,,,
2.12945988,41.4019763,,,,,,,,,,,,,,,,
2.12945988,41.4019763,,,,,,,,,,,,,,,,
2.15274704,41.39457523,,,,,,,,,,,,,,,,
2.15274704,41.39457523,,,,,,,,,,,,,,,,
2.15274704,41.39457523,,,,,,,,,,,,,,,,
2.15274704,41.39457523,,,,,,,,,,,,,,,,
2.18967932,41.4123345,,,,,,,,,,,,,,,,
2.18967932,41.4123345,,,,,,,,,,,,,,,,
2.17341095,41.39139204,,,,,,,,,,,,,,,,
2.17341095,41.39139204,,,,,,,,,,,,,,,,
2.17956177,41.37939891,,,,,,,,,,,,,,,,
2.16101886,41.38430193,,,,,,,,,,,,,,,,
2.18460909,41.40880552,,,,,,,,,,,,,,,,
2.14799812,41.39386598,,,,,,,,,,,,,,,,
2.14799812,41.39386598,,,,,,,,,,,,,,,,
2.15469222,41.42446111,,,,,,,,,,,,,,,,
2.15469222,41.42446111,,,,,,,,,,,,,,,,
2.16726261,41.3995907,,,,,,,,,,,,,,,,
2.16726261,41.3995907,,,,,,,,,,,,,,,,
2.15106487,41.37824004,,,,,,,,,,,,,,,,
2.15866141,41.39818232,,,,,,,,,,,,,,,,
2.14633842,41.36396069,,,,,,,,,,,,,,,,
2.14633842,41.36396069,,,,,,,,,,,,,,,,
2.14633842,41.36396069,,,,,,,,,,,,,,,,
2.14633842,41.36396069,,,,,,,,,,,,,,,,
2.14633842,41.36396069,,,,,,,,,,,,,,,,
2.14633842,41.36396069,,,,,,,,,,,,,,,,
2.1859543,41.39738837,,,,,,,,,,,,,,,,
2.1859543,41.39738837,,,,,,,,,,,,,,,,
2.1148629,41.33781383,,,,,,,,,,,,,,,,
2.1148629,41.33781383,,,,,,,,,,,,,,,,
2.17429083,41.44678924,,,,,,,,,,,,,,,,
2.17429083,41.44678924,,,,,,,,,,,,,,,,
2.1653522,41.38724102,,,,,,,,,,,,,,,,
2.1653522,41.38724102,,,,,,,,,,,,,,,,
2.1653522,41.38724102,,,,,,,,,,,,,,,,
2.16758675,41.36984758,,,,,,,,,,,,,,,,
2.16758675,41.36984758,,,,,,,,,,,,,,,,
2.16758675,41.36984758,,,,,,,,,,,,,,,,
2.12954654,41.37060742,,,,,,,,,,,,,,,,
2.12954654,41.37060742,,,,,,,,,,,,,,,,
2.18152918,41.39432778,,,,,,,,,,,,,,,,
2.18070489,41.39701073,,,,,,,,,,,,,,,,
2.18070489,41.39701073,,,,,,,,,,,,,,,,
2.18462875,41.38416194,,,,,,,,,,,,,,,,
2.18462875,41.38416194,,,,,,,,,,,,,,,,
2.18462875,41.38416194,,,,,,,,,,,,,,,,
2.18462875,41.38416194,,,,,,,,,,,,,,,,
2.15572987,41.43130254,,,,,,,,,,,,,,,,
2.15572987,41.43130254,,,,,,,,,,,,,,,,
2.15572987,41.43130254,,,,,,,,,,,,,,,,
2.1765677,41.44501143,,,,,,,,,,,,,,,,
2.1765677,41.44501143,,,,,,,,,,,,,,,,
2.1765677,41.44501143,,,,,,,,,,,,,,,,
2.1559538,41.38567929,,,,,,,,,,,,,,,,
2.1559538,41.38567929,,,,,,,,,,,,,,,,
2.1559538,41.38567929,,,,,,,,,,,,,,,,
2.15207735,41.38267871,,,,,,,,,,,,,,,,
2.18255128,41.40953333,,,,,,,,,,,,,,,,
2.21089671,41.40009139,,,,,,,,,,,,,,,,
2.21089671,41.40009139,,,,,,,,,,,,,,,,
2.20569877,41.39967288,,,,,,,,,,,,,,,,
2.20181029,41.44820786,,,,,,,,,,,,,,,,
2.20181029,41.44820786,,,,,,,,,,,,,,,,
2.17686543,41.40301676,,,,,,,,,,,,,,,,
2.17686543,41.40301676,,,,,,,,,,,,,,,,
2.16685004,41.42937648,,,,,,,,,,,,,,,,
2.16685004,41.42937648,,,,,,,,,,,,,,,,
2.17474699,41.4014294,,,,,,,,,,,,,,,,
2.17474699,41.4014294,,,,,,,,,,,,,,,,
2.19574961,41.38475682,,,,,,,,,,,,,,,,
2.19574961,41.38475682,,,,,,,,,,,,,,,,
2.19070405,41.44875266,,,,,,,,,,,,,,,,
2.19070405,41.44875266,,,,,,,,,,,,,,,,
2.17767363,41.39615198,,,,,,,,,,,,,,,,
2.17767363,41.39615198,,,,,,,,,,,,,,,,
2.17767363,41.39615198,,,,,,,,,,,,,,,,
2.17767363,41.39615198,,,,,,,,,,,,,,,,
2.17767363,41.39615198,,,,,,,,,,,,,,,,
2.19259634,41.39049745,,,,,,,,,,,,,,,,
2.19259634,41.39049745,,,,,,,,,,,,,,,,
2.15461543,41.40027592,,,,,,,,,,,,,,,,
2.15177918,41.3770412,,,,,,,,,,,,,,,,
2.15177918,41.3770412,,,,,,,,,,,,,,,,
2.18059388,41.44221863,,,,,,,,,,,,,,,,
2.15394705,41.38562071,,,,,,,,,,,,,,,,
2.15394705,41.38562071,,,,,,,,,,,,,,,,
2.1423732,41.40531803,,,,,,,,,,,,,,,,
2.1423732,41.40531803,,,,,,,,,,,,,,,,
2.15920433,41.42607284,,,,,,,,,,,,,,,,
2.15920433,41.42607284,,,,,,,,,,,,,,,,
2.15920433,41.42607284,,,,,,,,,,,,,,,,
2.13802833,41.39068589,,,,,,,,,,,,,,,,
2.13802833,41.39068589,,,,,,,,,,,,,,,,
2.13802833,41.39068589,,,,,,,,,,,,,,,,
2.17334278,41.42611697,,,,,,,,,,,,,,,,
2.17334278,41.42611697,,,,,,,,,,,,,,,,
2.19849562,41.40393964,,,,,,,,,,,,,,,,
2.19849562,41.40393964,,,,,,,,,,,,,,,,
2.14643915,41.38865441,,,,,,,,,,,,,,,,
2.14643915,41.38865441,,,,,,,,,,,,,,,,
2.14643915,41.38865441,,,,,,,,,,,,,,,,
2.17538458,41.43712597,,,,,,,,,,,,,,,,
2.17538458,41.43712597,,,,,,,,,,,,,,,,
2.18446486,41.44286755,,,,,,,,,,,,,,,,
2.17096072,41.3911129,,,,,,,,,,,,,,,,
2.17096072,41.3911129,,,,,,,,,,,,,,,,
2.17229929,41.38879801,,,,,,,,,,,,,,,,
2.17229929,41.38879801,,,,,,,,,,,,,,,,
2.20333512,41.41295319,,,,,,,,,,,,,,,,
2.15644186,41.38568446,,,,,,,,,,,,,,,,
2.15644186,41.38568446,,,,,,,,,,,,,,,,
2.14937637,41.37570208,,,,,,,,,,,,,,,,
2.14937637,41.37570208,,,,,,,,,,,,,,,,
2.1731139,41.44100993,,,,,,,,,,,,,,,,
2.20717543,41.44220596,,,,,,,,,,,,,,,,
2.20717543,41.44220596,,,,,,,,,,,,,,,,
2.12297909,41.41094585,,,,,,,,,,,,,,,,
2.12297909,41.41094585,,,,,,,,,,,,,,,,
2.18622919,41.42553876,,,,,,,,,,,,,,,,
2.18622919,41.42553876,,,,,,,,,,,,,,,,
2.13326859,41.39452578,,,,,,,,,,,,,,,,
2.12810056,41.38237511,,,,,,,,,,,,,,,,
2.12810056,41.38237511,,,,,,,,,,,,,,,,
2.20956776,41.39953405,,,,,,,,,,,,,,,,
2.20956776,41.39953405,,,,,,,,,,,,,,,,
2.20513217,41.39640247,,,,,,,,,,,,,,,,
2.20513217,41.39640247,,,,,,,,,,,,,,,,
2.17623035,41.39573019,,,,,,,,,,,,,,,,
2.17623035,41.39573019,,,,,,,,,,,,,,,,
2.12603822,41.38524172,,,,,,,,,,,,,,,,
2.15984479,41.37480736,,,,,,,,,,,,,,,,
2.1278358,41.40844079,,,,,,,,,,,,,,,,
2.1278358,41.40844079,,,,,,,,,,,,,,,,
2.19096265,41.44285349,,,,,,,,,,,,,,,,
2.19096265,41.44285349,,,,,,,,,,,,,,,,
2.16474581,41.39562277,,,,,,,,,,,,,,,,
2.16474581,41.39562277,,,,,,,,,,,,,,,,
2.16474581,41.39562277,,,,,,,,,,,,,,,,
2.21421132,41.41008897,,,,,,,,,,,,,,,,
2.17188444,41.36601638,,,,,,,,,,,,,,,,
2.17188444,41.36601638,,,,,,,,,,,,,,,,
2.17188444,41.36601638,,,,,,,,,,,,,,,,
2.1906553,41.41197907,,,,,,,,,,,,,,,,
2.1906553,41.41197907,,,,,,,,,,,,,,,,
2.20029353,41.44073469,,,,,,,,,,,,,,,,
2.17165926,41.44331711,,,,,,,,,,,,,,,,
2.17165926,41.44331711,,,,,,,,,,,,,,,,
2.18475535,41.41517002,,,,,,,,,,,,,,,,
2.18475535,41.41517002,,,,,,,,,,,,,,,,
2.18475535,41.41517002,,,,,,,,,,,,,,,,
2.17998163,41.40689343,,,,,,,,,,,,,,,,
2.17998163,41.40689343,,,,,,,,,,,,,,,,
2.18689012,41.41528517,,,,,,,,,,,,,,,,
2.18689012,41.41528517,,,,,,,,,,,,,,,,
2.12922203,41.37084395,,,,,,,,,,,,,,,,
2.12922203,41.37084395,,,,,,,,,,,,,,,,
2.16411041,41.39500658,,,,,,,,,,,,,,,,
2.16411041,41.39500658,,,,,,,,,,,,,,,,
2.1922026,41.39606474,,,,,,,,,,,,,,,,
2.1922026,41.39606474,,,,,,,,,,,,,,,,
2.1922026,41.39606474,,,,,,,,,,,,,,,,
2.15811671,41.43974285,,,,,,,,,,,,,,,,
2.15811671,41.43974285,,,,,,,,,,,,,,,,
2.13999366,41.38809451,,,,,,,,,,,,,,,,
2.11496971,41.4059671,,,,,,,,,,,,,,,,
2.11496971,41.4059671,,,,,,,,,,,,,,,,
2.11496971,41.4059671,,,,,,,,,,,,,,,,
2.197363,41.38731819,,,,,,,,,,,,,,,,
2.197363,41.38731819,,,,,,,,,,,,,,,,
2.197363,41.38731819,,,,,,,,,,,,,,,,
2.18566386,41.38217925,,,,,,,,,,,,,,,,
2.18566386,41.38217925,,,,,,,,,,,,,,,,
2.16269801,41.39237226,,,,,,,,,,,,,,,,
2.16269801,41.39237226,,,,,,,,,,,,,,,,
2.1649872,41.38767559,,,,,,,,,,,,,,,,
2.1649872,41.38767559,,,,,,,,,,,,,,,,
2.13955871,41.36750875,,,,,,,,,,,,,,,,
2.13955871,41.36750875,,,,,,,,,,,,,,,,
2.13955871,41.36750875,,,,,,,,,,,,,,,,
2.13455925,41.36454775,,,,,,,,,,,,,,,,
2.13455925,41.36454775,,,,,,,,,,,,,,,,
2.10476646,41.41393956,,,,,,,,,,,,,,,,
2.10476646,41.41393956,,,,,,,,,,,,,,,,
2.14939341,41.37465191,,,,,,,,,,,,,,,,
2.14939341,41.37465191,,,,,,,,,,,,,,,,
2.14939341,41.37465191,,,,,,,,,,,,,,,,
2.14939341,41.37465191,,,,,,,,,,,,,,,,
2.14423357,41.43438216,,,,,,,,,,,,,,,,
2.14423357,41.43438216,,,,,,,,,,,,,,,,
2.18637521,41.42445315,,,,,,,,,,,,,,,,
2.18637521,41.42445315,,,,,,,,,,,,,,,,
2.18637521,41.42445315,,,,,,,,,,,,,,,,
2.18319796,41.4423492,,,,,,,,,,,,,,,,
2.18319796,41.4423492,,,,,,,,,,,,,,,,
2.13455925,41.36454775,,,,,,,,,,,,,,,,
2.13455925,41.36454775,,,,,,,,,,,,,,,,
2.13455925,41.36454775,,,,,,,,,,,,,,,,
2.15036512,41.37538193,,,,,,,,,,,,,,,,
2.15036512,41.37538193,,,,,,,,,,,,,,,,
2.16143165,41.3897781,,,,,,,,,,,,,,,,
2.16143165,41.3897781,,,,,,,,,,,,,,,,
2.1471584,41.38052718,,,,,,,,,,,,,,,,
2.1471584,41.38052718,,,,,,,,,,,,,,,,
2.18641011,41.38552746,,,,,,,,,,,,,,,,
2.18648792,41.4154545,,,,,,,,,,,,,,,,
2.18648792,41.4154545,,,,,,,,,,,,,,,,
2.18148397,41.38101626,,,,,,,,,,,,,,,,
2.13046368,41.37549168,,,,,,,,,,,,,,,,
2.13046368,41.37549168,,,,,,,,,,,,,,,,
2.17793436,41.38532164,,,,,,,,,,,,,,,,
2.13696484,41.41571038,,,,,,,,,,,,,,,,
2.17412976,41.44443091,,,,,,,,,,,,,,,,
2.17412976,41.44443091,,,,,,,,,,,,,,,,
2.12622084,41.37570524,,,,,,,,,,,,,,,,
2.12622084,41.37570524,,,,,,,,,,,,,,,,
2.17629364,41.46200976,,,,,,,,,,,,,,,,
2.17629364,41.46200976,,,,,,,,,,,,,,,,
2.17782513,41.40357189,,,,,,,,,,,,,,,,
2.17782513,41.40357189,,,,,,,,,,,,,,,,
2.12680653,41.39770815,,,,,,,,,,,,,,,,
2.12680653,41.39770815,,,,,,,,,,,,,,,,
2.15846428,41.38732773,,,,,,,,,,,,,,,,
2.15846428,41.38732773,,,,,,,,,,,,,,,,
2.20730357,41.39635943,,,,,,,,,,,,,,,,
2.20730357,41.39635943,,,,,,,,,,,,,,,,
2.15011533,41.42438451,,,,,,,,,,,,,,,,
2.15011533,41.42438451,,,,,,,,,,,,,,,,
2.15011533,41.42438451,,,,,,,,,,,,,,,,
2.14875991,41.43614098,,,,,,,,,,,,,,,,
2.14875991,41.43614098,,,,,,,,,,,,,,,,
2.14875991,41.43614098,,,,,,,,,,,,,,,,
2.14629133,41.40968201,,,,,,,,,,,,,,,,
2.14629133,41.40968201,,,,,,,,,,,,,,,,
2.14629133,41.40968201,,,,,,,,,,,,,,,,
2.14629133,41.40968201,,,,,,,,,,,,,,,,
2.12961157,41.33616015,,,,,,,,,,,,,,,,
2.12961157,41.33616015,,,,,,,,,,,,,,,,
2.15177458,41.40668396,,,,,,,,,,,,,,,,
2.15177458,41.40668396,,,,,,,,,,,,,,,,
2.15274704,41.39457523,,,,,,,,,,,,,,,,
2.15274704,41.39457523,,,,,,,,,,,,,,,,
2.20231773,41.39239399,,,,,,,,,,,,,,,,
2.20231773,41.39239399,,,,,,,,,,,,,,,,
2.16799566,41.3943123,,,,,,,,,,,,,,,,
2.19799533,41.38927865,,,,,,,,,,,,,,,,
2.19799533,41.38927865,,,,,,,,,,,,,,,,
2.14699061,41.37375488,,,,,,,,,,,,,,,,
2.17286708,41.38591022,,,,,,,,,,,,,,,,
2.14393285,41.42802711,,,,,,,,,,,,,,,,
2.14393285,41.42802711,,,,,,,,,,,,,,,,
2.14393285,41.42802711,,,,,,,,,,,,,,,,
2.17488172,41.37973257,,,,,,,,,,,,,,,,
2.16750791,41.39413783,,,,,,,,,,,,,,,,
2.16750791,41.39413783,,,,,,,,,,,,,,,,
2.12551551,41.38740818,,,,,,,,,,,,,,,,
2.14714454,41.37882786,,,,,,,,,,,,,,,,
2.14714454,41.37882786,,,,,,,,,,,,,,,,
2.14401212,41.42807276,,,,,,,,,,,,,,,,
2.14401212,41.42807276,,,,,,,,,,,,,,,,
2.17861905,41.42270081,,,,,,,,,,,,,,,,
2.17861905,41.42270081,,,,,,,,,,,,,,,,
2.19372839,41.39131204,,,,,,,,,,,,,,,,
2.19372839,41.39131204,,,,,,,,,,,,,,,,
2.1629996,41.38904214,,,,,,,,,,,,,,,,
2.1629996,41.38904214,,,,,,,,,,,,,,,,
2.19734991,41.41102794,,,,,,,,,,,,,,,,
2.16080001,41.39763456,,,,,,,,,,,,,,,,
2.16080001,41.39763456,,,,,,,,,,,,,,,,
2.21495685,41.40440536,,,,,,,,,,,,,,,,
2.21495685,41.40440536,,,,,,,,,,,,,,,,
2.20619468,41.40584911,,,,,,,,,,,,,,,,
2.20619468,41.40584911,,,,,,,,,,,,,,,,
2.15505897,41.3847685,,,,,,,,,,,,,,,,
2.15505897,41.3847685,,,,,,,,,,,,,,,,
2.14481319,41.41348011,,,,,,,,,,,,,,,,
2.18913847,41.44463778,,,,,,,,,,,,,,,,
2.18913847,41.44463778,,,,,,,,,,,,,,,,
2.15547659,41.39287594,,,,,,,,,,,,,,,,
2.16311045,41.39745262,,,,,,,,,,,,,,,,
2.16311045,41.39745262,,,,,,,,,,,,,,,,
2.16311045,41.39745262,,,,,,,,,,,,,,,,
2.1765796,41.41119331,,,,,,,,,,,,,,,,
2.1765796,41.41119331,,,,,,,,,,,,,,,,
2.11164202,41.40900918,,,,,,,,,,,,,,,,
2.11164202,41.40900918,,,,,,,,,,,,,,,,
2.12792223,41.38797155,,,,,,,,,,,,,,,,
2.12792223,41.38797155,,,,,,,,,,,,,,,,
2.1754118,41.4478541,,,,,,,,,,,,,,,,
2.15335573,41.38082186,,,,,,,,,,,,,,,,
2.15335573,41.38082186,,,,,,,,,,,,,,,,
2.1869093,41.42032433,,,,,,,,,,,,,,,,
2.17572755,41.39423435,,,,,,,,,,,,,,,,
2.17572755,41.39423435,,,,,,,,,,,,,,,,
2.13941222,41.36773035,,,,,,,,,,,,,,,,
2.20424845,41.43743505,,,,,,,,,,,,,,,,
2.20424845,41.43743505,,,,,,,,,,,,,,,,
2.1869093,41.42032433,,,,,,,,,,,,,,,,
2.1869093,41.42032433,,,,,,,,,,,,,,,,
2.15588394,41.41082226,,,,,,,,,,,,,,,,
2.11289062,41.33997903,,,,,,,,,,,,,,,,
2.11289062,41.33997903,,,,,,,,,,,,,,,,
2.18606788,41.408318,,,,,,,,,,,,,,,,
2.18606788,41.408318,,,,,,,,,,,,,,,,
2.14169625,41.42381989,,,,,,,,,,,,,,,,
2.14169625,41.42381989,,,,,,,,,,,,,,,,
2.14169625,41.42381989,,,,,,,,,,,,,,,,
2.14169625,41.42381989,,,,,,,,,,,,,,,,
2.14169625,41.42381989,,,,,,,,,,,,,,,,
2.22217071,41.41135196,,,,,,,,,,,,,,,,
2.22217071,41.41135196,,,,,,,,,,,,,,,,
2.22217071,41.41135196,,,,,,,,,,,,,,,,
2.13454592,41.38464186,,,,,,,,,,,,,,,,
2.13454592,41.38464186,,,,,,,,,,,,,,,,
2.18918115,41.45366707,,,,,,,,,,,,,,,,
2.18918115,41.45366707,,,,,,,,,,,,,,,,
2.15200832,41.3775275,,,,,,,,,,,,,,,,
2.15200832,41.3775275,,,,,,,,,,,,,,,,
2.1240591,41.37409086,,,,,,,,,,,,,,,,
2.1240591,41.37409086,,,,,,,,,,,,,,,,
2.17234869,41.37313939,,,,,,,,,,,,,,,,
2.17234869,41.37313939,,,,,,,,,,,,,,,,
2.17234869,41.37313939,,,,,,,,,,,,,,,,
2.20251197,41.41576744,,,,,,,,,,,,,,,,
2.20251197,41.41576744,,,,,,,,,,,,,,,,
2.16320531,41.38203336,,,,,,,,,,,,,,,,
2.16320531,41.38203336,,,,,,,,,,,,,,,,
2.16320531,41.38203336,,,,,,,,,,,,,,,,
2.15406432,41.39766708,,,,,,,,,,,,,,,,
2.15406432,41.39766708,,,,,,,,,,,,,,,,
2.17951136,41.40153061,,,,,,,,,,,,,,,,
2.17951136,41.40153061,,,,,,,,,,,,,,,,
2.1703888,41.38554272,,,,,,,,,,,,,,,,
2.1703888,41.38554272,,,,,,,,,,,,,,,,
2.1703888,41.38554272,,,,,,,,,,,,,,,,
2.19739444,41.38801367,,,,,,,,,,,,,,,,
2.19739444,41.38801367,,,,,,,,,,,,,,,,
2.20590035,41.43376207,,,,,,,,,,,,,,,,
2.20590035,41.43376207,,,,,,,,,,,,,,,,
2.20590035,41.43376207,,,,,,,,,,,,,,,,
2.20590035,41.43376207,,,,,,,,,,,,,,,,
2.20590035,41.43376207,,,,,,,,,,,,,,,,
2.17213501,41.37908786,,,,,,,,,,,,,,,,
2.15233563,41.42053329,,,,,,,,,,,,,,,,
2.15233563,41.42053329,,,,,,,,,,,,,,,,
2.13260722,41.3896217,,,,,,,,,,,,,,,,
2.17542793,41.40007292,,,,,,,,,,,,,,,,
2.17542793,41.40007292,,,,,,,,,,,,,,,,
2.17542793,41.40007292,,,,,,,,,,,,,,,,
2.17542793,41.40007292,,,,,,,,,,,,,,,,
2.16407246,41.39841032,,,,,,,,,,,,,,,,
2.1402574,41.38012665,,,,,,,,,,,,,,,,
2.1402574,41.38012665,,,,,,,,,,,,,,,,
2.16329347,41.44091449,,,,,,,,,,,,,,,,
2.16329347,41.44091449,,,,,,,,,,,,,,,,
2.17542793,41.40007292,,,,,,,,,,,,,,,,
2.17542793,41.40007292,,,,,,,,,,,,,,,,
2.17542793,41.40007292,,,,,,,,,,,,,,,,
2.15237302,41.38262106,,,,,,,,,,,,,,,,
2.15237302,41.38262106,,,,,,,,,,,,,,,,
2.14590445,41.38331429,,,,,,,,,,,,,,,,
2.14590445,41.38331429,,,,,,,,,,,,,,,,
2.17996985,41.46676336,,,,,,,,,,,,,,,,
2.17996985,41.46676336,,,,,,,,,,,,,,,,
2.17996985,41.46676336,,,,,,,,,,,,,,,,
2.17996985,41.46676336,,,,,,,,,,,,,,,,
2.17419432,41.42481008,,,,,,,,,,,,,,,,
2.18681801,41.44391094,,,,,,,,,,,,,,,,
2.18681801,41.44391094,,,,,,,,,,,,,,,,
2.1603088,41.39696304,,,,,,,,,,,,,,,,
2.1603088,41.39696304,,,,,,,,,,,,,,,,
2.15280287,41.39160898,,,,,,,,,,,,,,,,
2.15280287,41.39160898,,,,,,,,,,,,,,,,
2.1287935,41.38928676,,,,,,,,,,,,,,,,
2.1287935,41.38928676,,,,,,,,,,,,,,,,
2.1287935,41.38928676,,,,,,,,,,,,,,,,
2.13755532,41.3644217,,,,,,,,,,,,,,,,
2.11201565,41.39306447,,,,,,,,,,,,,,,,
2.16354847,41.37517623,,,,,,,,,,,,,,,,
2.16354847,41.37517623,,,,,,,,,,,,,,,,
2.17169997,41.37787606,,,,,,,,,,,,,,,,
2.17169997,41.37787606,,,,,,,,,,,,,,,,
2.17909193,41.40409951,,,,,,,,,,,,,,,,
2.17909193,41.40409951,,,,,,,,,,,,,,,,
2.1983514,41.40668735,,,,,,,,,,,,,,,,
2.1983514,41.40668735,,,,,,,,,,,,,,,,
2.1983514,41.40668735,,,,,,,,,,,,,,,,
2.13297525,41.37104327,,,,,,,,,,,,,,,,
2.13297525,41.37104327,,,,,,,,,,,,,,,,
2.16459154,41.3917485,,,,,,,,,,,,,,,,
2.16459154,41.3917485,,,,,,,,,,,,,,,,
2.17707825,41.40894511,,,,,,,,,,,,,,,,
2.17707825,41.40894511,,,,,,,,,,,,,,,,
2.11847496,41.39044652,,,,,,,,,,,,,,,,
2.11847496,41.39044652,,,,,,,,,,,,,,,,
2.11847496,41.39044652,,,,,,,,,,,,,,,,
2.19818961,41.41188794,,,,,,,,,,,,,,,,
2.19818961,41.41188794,,,,,,,,,,,,,,,,
2.19818961,41.41188794,,,,,,,,,,,,,,,,
2.19818961,41.41188794,,,,,,,,,,,,,,,,
2.17742796,41.46092002,,,,,,,,,,,,,,,,
2.17742796,41.46092002,,,,,,,,,,,,,,,,
2.18854299,41.38095465,,,,,,,,,,,,,,,,
2.18854299,41.38095465,,,,,,,,,,,,,,,,
2.15730505,41.41083552,,,,,,,,,,,,,,,,
2.15730505,41.41083552,,,,,,,,,,,,,,,,
2.15730505,41.41083552,,,,,,,,,,,,,,,,
2.15730505,41.41083552,,,,,,,,,,,,,,,,
2.18397231,41.42315078,,,,,,,,,,,,,,,,
2.18397231,41.42315078,,,,,,,,,,,,,,,,
2.18765485,41.44932707,,,,,,,,,,,,,,,,
2.18449845,41.40872362,,,,,,,,,,,,,,,,
2.18449845,41.40872362,,,,,,,,,,,,,,,,
2.16825773,41.40228812,,,,,,,,,,,,,,,,
2.16825773,41.40228812,,,,,,,,,,,,,,,,
2.16825773,41.40228812,,,,,,,,,,,,,,,,
2.16825773,41.40228812,,,,,,,,,,,,,,,,
2.16825773,41.40228812,,,,,,,,,,,,,,,,
2.16825773,41.40228812,,,,,,,,,,,,,,,,
2.18547673,41.41634574,,,,,,,,,,,,,,,,
2.17568319,41.42162029,,,,,,,,,,,,,,,,
2.17568319,41.42162029,,,,,,,,,,,,,,,,
2.17568319,41.42162029,,,,,,,,,,,,,,,,
2.22043462,41.41371067,,,,,,,,,,,,,,,,
2.22043462,41.41371067,,,,,,,,,,,,,,,,
2.17584604,41.38600934,,,,,,,,,,,,,,,,
2.17324825,41.40702379,,,,,,,,,,,,,,,,
2.17324825,41.40702379,,,,,,,,,,,,,,,,
2.17324825,41.40702379,,,,,,,,,,,,,,,,
2.16864905,41.39839669,,,,,,,,,,,,,,,,
2.16864905,41.39839669,,,,,,,,,,,,,,,,
2.14782902,41.37438079,,,,,,,,,,,,,,,,
2.18210064,41.38706655,,,,,,,,,,,,,,,,
2.18210064,41.38706655,,,,,,,,,,,,,,,,
2.15782445,41.35299809,,,,,,,,,,,,,,,,
2.15782445,41.35299809,,,,,,,,,,,,,,,,
2.15782445,41.35299809,,,,,,,,,,,,,,,,
2.15782445,41.35299809,,,,,,,,,,,,,,,,
2.15782445,41.35299809,,,,,,,,,,,,,,,,
2.15782445,41.35299809,,,,,,,,,,,,,,,,
2.15087014,41.40535272,,,,,,,,,,,,,,,,
2.15087014,41.40535272,,,,,,,,,,,,,,,,
2.15087014,41.40535272,,,,,,,,,,,,,,,,
2.13077943,41.40385997,,,,,,,,,,,,,,,,
2.13077943,41.40385997,,,,,,,,,,,,,,,,
2.12327446,41.38727958,,,,,,,,,,,,,,,,
2.12327446,41.38727958,,,,,,,,,,,,,,,,
2.19087436,41.40453675,,,,,,,,,,,,,,,,
2.12863157,41.37893749,,,,,,,,,,,,,,,,
2.12863157,41.37893749,,,,,,,,,,,,,,,,
2.17542793,41.40007292,,,,,,,,,,,,,,,,
2.17542793,41.40007292,,,,,,,,,,,,,,,,
2.11482785,41.396305,,,,,,,,,,,,,,,,
2.11482785,41.396305,,,,,,,,,,,,,,,,
2.17782589,41.39692701,,,,,,,,,,,,,,,,
2.17782589,41.39692701,,,,,,,,,,,,,,,,
2.18416005,41.42865586,,,,,,,,,,,,,,,,
2.18416005,41.42865586,,,,,,,,,,,,,,,,
2.18416005,41.42865586,,,,,,,,,,,,,,,,
2.14997368,41.39103553,,,,,,,,,,,,,,,,
2.14997368,41.39103553,,,,,,,,,,,,,,,,
2.17574344,41.37432734,,,,,,,,,,,,,,,,
2.17574344,41.37432734,,,,,,,,,,,,,,,,
2.1073309,41.38911877,,,,,,,,,,,,,,,,
2.19314686,41.44728605,,,,,,,,,,,,,,,,
2.19314686,41.44728605,,,,,,,,,,,,,,,,
2.13386544,41.35304785,,,,,,,,,,,,,,,,
2.17098797,41.3914822,,,,,,,,,,,,,,,,
2.17098797,41.3914822,,,,,,,,,,,,,,,,
2.13989192,41.3964835,,,,,,,,,,,,,,,,
2.13989192,41.3964835,,,,,,,,,,,,,,,,
2.15476783,41.43831515,,,,,,,,,,,,,,,,
2.15476783,41.43831515,,,,,,,,,,,,,,,,
2.21373485,41.40282639,,,,,,,,,,,,,,,,
2.21373485,41.40282639,,,,,,,,,,,,,,,,
2.17719797,41.43102346,,,,,,,,,,,,,,,,
2.17719797,41.43102346,,,,,,,,,,,,,,,,
2.17473488,41.37448079,,,,,,,,,,,,,,,,
2.17473488,41.37448079,,,,,,,,,,,,,,,,
2.15603034,41.4101873,,,,,,,,,,,,,,,,
2.15603034,41.4101873,,,,,,,,,,,,,,,,
2.20121971,41.42101314,,,,,,,,,,,,,,,,
2.20121971,41.42101314,,,,,,,,,,,,,,,,
2.15782445,41.35299809,,,,,,,,,,,,,,,,
2.15708563,41.41109158,,,,,,,,,,,,,,,,
2.15708563,41.41109158,,,,,,,,,,,,,,,,
2.15708563,41.41109158,,,,,,,,,,,,,,,,
2.11334996,41.3843954,,,,,,,,,,,,,,,,
2.11334996,41.3843954,,,,,,,,,,,,,,,,
2.18216025,41.39574553,,,,,,,,,,,,,,,,
2.18796895,41.44974707,,,,,,,,,,,,,,,,
2.18796895,41.44974707,,,,,,,,,,,,,,,,
2.17608936,41.40039505,,,,,,,,,,,,,,,,
2.17608936,41.40039505,,,,,,,,,,,,,,,,
2.14524676,41.41100821,,,,,,,,,,,,,,,,
2.14524676,41.41100821,,,,,,,,,,,,,,,,
2.14524676,41.41100821,,,,,,,,,,,,,,,,
2.21131226,41.40079327,,,,,,,,,,,,,,,,
2.21131226,41.40079327,,,,,,,,,,,,,,,,
2.21131226,41.40079327,,,,,,,,,,,,,,,,
2.13787434,41.41567568,,,,,,,,,,,,,,,,
2.13787434,41.41567568,,,,,,,,,,,,,,,,
2.13787434,41.41567568,,,,,,,,,,,,,,,,
2.11631572,41.34138522,,,,,,,,,,,,,,,,
2.16702361,41.38848379,,,,,,,,,,,,,,,,
2.16702361,41.38848379,,,,,,,,,,,,,,,,
2.16702361,41.38848379,,,,,,,,,,,,,,,,
2.16159947,41.39481514,,,,,,,,,,,,,,,,
2.16159947,41.39481514,,,,,,,,,,,,,,,,
2.15668099,41.43003491,,,,,,,,,,,,,,,,
2.1050178,41.40962043,,,,,,,,,,,,,,,,
2.1050178,41.40962043,,,,,,,,,,,,,,,,
2.1050178,41.40962043,,,,,,,,,,,,,,,,
2.17894519,41.40273545,,,,,,,,,,,,,,,,
2.17894519,41.40273545,,,,,,,,,,,,,,,,
2.16019615,41.39731624,,,,,,,,,,,,,,,,
2.18657524,41.41314052,,,,,,,,,,,,,,,,
2.17070197,41.39091803,,,,,,,,,,,,,,,,
2.17070197,41.39091803,,,,,,,,,,,,,,,,
2.19740694,41.44971975,,,,,,,,,,,,,,,,
2.19740694,41.44971975,,,,,,,,,,,,,,,,
2.19740694,41.44971975,,,,,,,,,,,,,,,,
2.15571321,41.39556401,,,,,,,,,,,,,,,,
2.15571321,41.39556401,,,,,,,,,,,,,,,,
2.18117553,41.40099646,,,,,,,,,,,,,,,,
2.18117553,41.40099646,,,,,,,,,,,,,,,,
2.21755397,41.41264267,,,,,,,,,,,,,,,,
2.21755397,41.41264267,,,,,,,,,,,,,,,,
2.17328185,41.37606023,,,,,,,,,,,,,,,,
2.17328185,41.37606023,,,,,,,,,,,,,,,,
2.11509365,41.3967804,,,,,,,,,,,,,,,,
2.11509365,41.3967804,,,,,,,,,,,,,,,,
2.11509365,41.3967804,,,,,,,,,,,,,,,,
2.11509365,41.3967804,,,,,,,,,,,,,,,,
2.11509365,41.3967804,,,,,,,,,,,,,,,,
2.18054842,41.37873352,,,,,,,,,,,,,,,,
2.20289386,41.4135162,,,,,,,,,,,,,,,,
2.20289386,41.4135162,,,,,,,,,,,,,,,,
2.14065023,41.36898474,,,,,,,,,,,,,,,,
2.1566984,41.37296905,,,,,,,,,,,,,,,,
2.1566984,41.37296905,,,,,,,,,,,,,,,,
2.1720427,41.40435787,,,,,,,,,,,,,,,,
2.1720427,41.40435787,,,,,,,,,,,,,,,,
2.1720427,41.40435787,,,,,,,,,,,,,,,,
2.18335667,41.40041526,,,,,,,,,,,,,,,,
2.11482785,41.396305,,,,,,,,,,,,,,,,
2.11482785,41.396305,,,,,,,,,,,,,,,,
2.19480427,41.38716459,,,,,,,,,,,,,,,,
2.19480427,41.38716459,,,,,,,,,,,,,,,,
2.17669147,41.40443788,,,,,,,,,,,,,,,,
2.17669147,41.40443788,,,,,,,,,,,,,,,,
2.17669147,41.40443788,,,,,,,,,,,,,,,,
2.1634473,41.39107401,,,,,,,,,,,,,,,,
2.1634473,41.39107401,,,,,,,,,,,,,,,,
2.19239835,41.41283628,,,,,,,,,,,,,,,,
2.19239835,41.41283628,,,,,,,,,,,,,,,,
2.19239835,41.41283628,,,,,,,,,,,,,,,,
2.19239835,41.41283628,,,,,,,,,,,,,,,,
2.17031229,41.44299468,,,,,,,,,,,,,,,,
2.17031229,41.44299468,,,,,,,,,,,,,,,,
2.15280287,41.39160898,,,,,,,,,,,,,,,,
2.15280287,41.39160898,,,,,,,,,,,,,,,,
2.17227178,41.39054476,,,,,,,,,,,,,,,,
2.17227178,41.39054476,,,,,,,,,,,,,,,,
2.17894519,41.40273545,,,,,,,,,,,,,,,,
2.17894519,41.40273545,,,,,,,,,,,,,,,,
2.18500178,41.38593434,,,,,,,,,,,,,,,,
2.18500178,41.38593434,,,,,,,,,,,,,,,,
2.17490835,41.3809829,,,,,,,,,,,,,,,,
2.19990868,41.3913307,,,,,,,,,,,,,,,,
2.19990868,41.3913307,,,,,,,,,,,,,,,,
2.17324825,41.40702379,,,,,,,,,,,,,,,,
2.17324825,41.40702379,,,,,,,,,,,,,,,,
2.15394245,41.39246731,,,,,,,,,,,,,,,,
2.15394245,41.39246731,,,,,,,,,,,,,,,,
2.18925747,41.38022027,,,,,,,,,,,,,,,,
2.18925747,41.38022027,,,,,,,,,,,,,,,,
2.17430342,41.39582338,,,,,,,,,,,,,,,,
2.17430342,41.39582338,,,,,,,,,,,,,,,,
2.14085657,41.35723537,,,,,,,,,,,,,,,,
2.14085657,41.35723537,,,,,,,,,,,,,,,,
2.1684183,41.38764237,,,,,,,,,,,,,,,,
2.1684183,41.38764237,,,,,,,,,,,,,,,,
2.1565322,41.40046338,,,,,,,,,,,,,,,,
2.13047451,41.38413079,,,,,,,,,,,,,,,,
2.13047451,41.38413079,,,,,,,,,,,,,,,,
2.19480427,41.38716459,,,,,,,,,,,,,,,,
2.19480427,41.38716459,,,,,,,,,,,,,,,,
2.20237893,41.40702602,,,,,,,,,,,,,,,,
2.20237893,41.40702602,,,,,,,,,,,,,,,,
2.12602333,41.39443668,,,,,,,,,,,,,,,,
2.12602333,41.39443668,,,,,,,,,,,,,,,,
2.20396202,41.40756519,,,,,,,,,,,,,,,,
2.20396202,41.40756519,,,,,,,,,,,,,,,,
2.15914487,41.40057005,,,,,,,,,,,,,,,,
2.15914487,41.40057005,,,,,,,,,,,,,,,,
2.1795172,41.38323438,,,,,,,,,,,,,,,,
2.1795172,41.38323438,,,,,,,,,,,,,,,,
2.1795172,41.38323438,,,,,,,,,,,,,,,,
2.21568272,41.41443739,,,,,,,,,,,,,,,,
2.21568272,41.41443739,,,,,,,,,,,,,,,,
2.21568272,41.41443739,,,,,,,,,,,,,,,,
2.20382827,41.44581839,,,,,,,,,,,,,,,,
2.20382827,41.44581839,,,,,,,,,,,,,,,,
2.14829892,41.39966839,,,,,,,,,,,,,,,,
2.14829892,41.39966839,,,,,,,,,,,,,,,,
2.17617123,41.42543786,,,,,,,,,,,,,,,,
2.19168515,41.37890761,,,,,,,,,,,,,,,,
2.1965392,41.38599678,,,,,,,,,,,,,,,,
2.1965392,41.38599678,,,,,,,,,,,,,,,,
2.16524282,41.3992744,,,,,,,,,,,,,,,,
2.18247171,41.39647089,,,,,,,,,,,,,,,,
2.18247171,41.39647089,,,,,,,,,,,,,,,,
2.14326148,41.42563658,,,,,,,,,,,,,,,,
2.17010705,41.44436786,,,,,,,,,,,,,,,,
2.15226646,41.42161614,,,,,,,,,,,,,,,,
2.14188843,41.42375677,,,,,,,,,,,,,,,,
2.14188843,41.42375677,,,,,,,,,,,,,,,,
2.16006719,41.40279279,,,,,,,,,,,,,,,,
2.16006719,41.40279279,,,,,,,,,,,,,,,,
2.15629636,41.38043066,,,,,,,,,,,,,,,,
2.15629636,41.38043066,,,,,,,,,,,,,,,,
2.13655764,41.35208935,,,,,,,,,,,,,,,,
2.13655764,41.35208935,,,,,,,,,,,,,,,,
2.155333,41.38683135,,,,,,,,,,,,,,,,
2.155333,41.38683135,,,,,,,,,,,,,,,,
2.15772389,41.41883583,,,,,,,,,,,,,,,,
2.18340729,41.40778213,,,,,,,,,,,,,,,,
2.18340729,41.40778213,,,,,,,,,,,,,,,,
2.13652713,41.4106602,,,,,,,,,,,,,,,,
2.13652713,41.4106602,,,,,,,,,,,,,,,,
2.21421132,41.41008897,,,,,,,,,,,,,,,,
2.21421132,41.41008897,,,,,,,,,,,,,,,,
2.15728679,41.41122127,,,,,,,,,,,,,,,,
2.15728679,41.41122127,,,,,,,,,,,,,,,,
2.17640835,41.4148765,,,,,,,,,,,,,,,,
2.17640835,41.4148765,,,,,,,,,,,,,,,,
2.17640835,41.4148765,,,,,,,,,,,,,,,,
2.13386544,41.35304785,,,,,,,,,,,,,,,,
2.14199225,41.42332793,,,,,,,,,,,,,,,,
2.18119883,41.39910881,,,,,,,,,,,,,,,,
2.18119883,41.39910881,,,,,,,,,,,,,,,,
2.17045255,41.41349523,,,,,,,,,,,,,,,,
2.18069888,41.3786622,,,,,,,,,,,,,,,,
2.18294773,41.39001875,,,,,,,,,,,,,,,,
2.18294773,41.39001875,,,,,,,,,,,,,,,,
2.19058601,41.44268716,,,,,,,,,,,,,,,,
2.19058601,41.44268716,,,,,,,,,,,,,,,,
2.20580495,41.41738151,,,,,,,,,,,,,,,,
2.20580495,41.41738151,,,,,,,,,,,,,,,,
2.1798007,41.43565931,,,,,,,,,,,,,,,,
2.1798007,41.43565931,,,,,,,,,,,,,,,,
2.17812976,41.46323076,,,,,,,,,,,,,,,,
2.17812976,41.46323076,,,,,,,,,,,,,,,,
2.17812976,41.46323076,,,,,,,,,,,,,,,,
2.15620507,41.38563044,,,,,,,,,,,,,,,,
2.15620507,41.38563044,,,,,,,,,,,,,,,,
2.14024434,41.36708455,,,,,,,,,,,,,,,,
2.14024434,41.36708455,,,,,,,,,,,,,,,,
2.18571302,41.39552682,,,,,,,,,,,,,,,,
2.18571302,41.39552682,,,,,,,,,,,,,,,,
2.18571302,41.39552682,,,,,,,,,,,,,,,,
2.17500033,41.43217499,,,,,,,,,,,,,,,,
2.17500033,41.43217499,,,,,,,,,,,,,,,,
2.19178862,41.44718323,,,,,,,,,,,,,,,,
2.19178862,41.44718323,,,,,,,,,,,,,,,,
2.17054286,41.39079822,,,,,,,,,,,,,,,,
2.17054286,41.39079822,,,,,,,,,,,,,,,,
2.16989582,41.39063954,,,,,,,,,,,,,,,,
2.16989582,41.39063954,,,,,,,,,,,,,,,,
2.16989582,41.39063954,,,,,,,,,,,,,,,,
2.20179961,41.39200089,,,,,,,,,,,,,,,,
2.20179961,41.39200089,,,,,,,,,,,,,,,,
2.20179961,41.39200089,,,,,,,,,,,,,,,,
2.20179961,41.39200089,,,,,,,,,,,,,,,,
2.13471073,41.32579637,,,,,,,,,,,,,,,,
2.13471073,41.32579637,,,,,,,,,,,,,,,,
2.13471073,41.32579637,,,,,,,,,,,,,,,,
2.20151667,41.39167188,,,,,,,,,,,,,,,,
2.20151667,41.39167188,,,,,,,,,,,,,,,,
2.1432207,41.39886565,,,,,,,,,,,,,,,,
2.1432207,41.39886565,,,,,,,,,,,,,,,,
2.21089671,41.40009139,,,,,,,,,,,,,,,,
2.21089671,41.40009139,,,,,,,,,,,,,,,,
2.17155304,41.41293892,,,,,,,,,,,,,,,,
2.17155304,41.41293892,,,,,,,,,,,,,,,,
2.17155304,41.41293892,,,,,,,,,,,,,,,,
2.15359731,41.42537173,,,,,,,,,,,,,,,,
2.15359731,41.42537173,,,,,,,,,,,,,,,,
2.17562519,41.4174705,,,,,,,,,,,,,,,,
2.17562519,41.4174705,,,,,,,,,,,,,,,,
2.16230389,41.39190679,,,,,,,,,,,,,,,,
2.16230389,41.39190679,,,,,,,,,,,,,,,,
2.16230389,41.39190679,,,,,,,,,,,,,,,,
2.17089704,41.39839227,,,,,,,,,,,,,,,,
2.17089704,41.39839227,,,,,,,,,,,,,,,,
2.17008515,41.38794915,,,,,,,,,,,,,,,,
2.17008515,41.38794915,,,,,,,,,,,,,,,,
2.16498092,41.44117623,,,,,,,,,,,,,,,,
2.16498092,41.44117623,,,,,,,,,,,,,,,,
2.11198109,41.38673033,,,,,,,,,,,,,,,,
2.16550367,41.40468592,,,,,,,,,,,,,,,,
2.16550367,41.40468592,,,,,,,,,,,,,,,,
2.20745076,41.41947023,,,,,,,,,,,,,,,,
2.17735716,41.43027493,,,,,,,,,,,,,,,,
2.17735716,41.43027493,,,,,,,,,,,,,,,,
2.14663759,41.40160963,,,,,,,,,,,,,,,,
2.14663759,41.40160963,,,,,,,,,,,,,,,,
2.14663759,41.40160963,,,,,,,,,,,,,,,,
2.14501258,41.39626409,,,,,,,,,,,,,,,,
2.14501258,41.39626409,,,,,,,,,,,,,,,,
2.14501258,41.39626409,,,,,,,,,,,,,,,,
2.1324709,41.411382,,,,,,,,,,,,,,,,
2.1324709,41.411382,,,,,,,,,,,,,,,,
2.1324709,41.411382,,,,,,,,,,,,,,,,
2.15718928,41.38502417,,,,,,,,,,,,,,,,
2.15718928,41.38502417,,,,,,,,,,,,,,,,
2.18789611,41.38305727,,,,,,,,,,,,,,,,
2.18789611,41.38305727,,,,,,,,,,,,,,,,
2.17282322,41.44644476,,,,,,,,,,,,,,,,
2.17282322,41.44644476,,,,,,,,,,,,,,,,
2.13658428,41.37549128,,,,,,,,,,,,,,,,
2.13658428,41.37549128,,,,,,,,,,,,,,,,
2.14331285,41.35465191,,,,,,,,,,,,,,,,
2.14331285,41.35465191,,,,,,,,,,,,,,,,
2.14331285,41.35465191,,,,,,,,,,,,,,,,
2.1233426,41.38368102,,,,,,,,,,,,,,,,
2.17542793,41.40007292,,,,,,,,,,,,,,,,
2.17542793,41.40007292,,,,,,,,,,,,,,,,
2.17542793,41.40007292,,,,,,,,,,,,,,,,
2.16931554,41.38378901,,,,,,,,,,,,,,,,
2.16931554,41.38378901,,,,,,,,,,,,,,,,
2.18625275,41.3826107,,,,,,,,,,,,,,,,
2.18625275,41.3826107,,,,,,,,,,,,,,,,
2.18625275,41.3826107,,,,,,,,,,,,,,,,
2.15649356,41.4290574,,,,,,,,,,,,,,,,
2.15649356,41.4290574,,,,,,,,,,,,,,,,
2.16860285,41.38547654,,,,,,,,,,,,,,,,
2.16860285,41.38547654,,,,,,,,,,,,,,,,
2.13709185,41.34840777,,,,,,,,,,,,,,,,
2.13709185,41.34840777,,,,,,,,,,,,,,,,
2.15993739,41.39576301,,,,,,,,,,,,,,,,
2.15993739,41.39576301,,,,,,,,,,,,,,,,
2.16809978,41.40018703,,,,,,,,,,,,,,,,
2.13364305,41.39904949,,,,,,,,,,,,,,,,
2.13364305,41.39904949,,,,,,,,,,,,,,,,
2.17658571,41.4009189,,,,,,,,,,,,,,,,
2.17658571,41.4009189,,,,,,,,,,,,,,,,
2.20839791,41.41956618,,,,,,,,,,,,,,,,
2.20839791,41.41956618,,,,,,,,,,,,,,,,
2.12535996,41.38780309,,,,,,,,,,,,,,,,
2.12535996,41.38780309,,,,,,,,,,,,,,,,
2.1956563,41.38634234,,,,,,,,,,,,,,,,
2.1956563,41.38634234,,,,,,,,,,,,,,,,
2.14268947,41.37052165,,,,,,,,,,,,,,,,
2.14268947,41.37052165,,,,,,,,,,,,,,,,
2.16801525,41.38793787,,,,,,,,,,,,,,,,
2.16801525,41.38793787,,,,,,,,,,,,,,,,
2.16280614,41.3791449,,,,,,,,,,,,,,,,
2.16280614,41.3791449,,,,,,,,,,,,,,,,
2.13800662,41.36037993,,,,,,,,,,,,,,,,
2.15917208,41.39312642,,,,,,,,,,,,,,,,
2.15917208,41.39312642,,,,,,,,,,,,,,,,
2.14261015,41.37606832,,,,,,,,,,,,,,,,
2.17377009,41.37853507,,,,,,,,,,,,,,,,
2.17377009,41.37853507,,,,,,,,,,,,,,,,
2.18692076,41.41865182,,,,,,,,,,,,,,,,
2.18692076,41.41865182,,,,,,,,,,,,,,,,
2.17667828,41.39574261,,,,,,,,,,,,,,,,
2.17667828,41.39574261,,,,,,,,,,,,,,,,
2.15849919,41.39244325,,,,,,,,,,,,,,,,
2.15849919,41.39244325,,,,,,,,,,,,,,,,
2.13980227,41.41949998,,,,,,,,,,,,,,,,
2.13980227,41.41949998,,,,,,,,,,,,,,,,
2.1965392,41.38599678,,,,,,,,,,,,,,,,
2.1965392,41.38599678,,,,,,,,,,,,,,,,
2.16066793,41.39920306,,,,,,,,,,,,,,,,
2.16066793,41.39920306,,,,,,,,,,,,,,,,
2.18909021,41.39312798,,,,,,,,,,,,,,,,
2.18909021,41.39312798,,,,,,,,,,,,,,,,
2.19325915,41.43858014,,,,,,,,,,,,,,,,
2.19325915,41.43858014,,,,,,,,,,,,,,,,
2.17150337,41.41939055,,,,,,,,,,,,,,,,
2.17150337,41.41939055,,,,,,,,,,,,,,,,
2.16312388,41.43300072,,,,,,,,,,,,,,,,
2.16312388,41.43300072,,,,,,,,,,,,,,,,
2.16252789,41.38543667,,,,,,,,,,,,,,,,
2.16252789,41.38543667,,,,,,,,,,,,,,,,
2.18692213,41.39839053,,,,,,,,,,,,,,,,
2.18692213,41.39839053,,,,,,,,,,,,,,,,
2.1233426,41.38368102,,,,,,,,,,,,,,,,
2.19037709,41.45328639,,,,,,,,,,,,,,,,
2.19037709,41.45328639,,,,,,,,,,,,,,,,
2.13078554,41.39709423,,,,,,,,,,,,,,,,
2.13078554,41.39709423,,,,,,,,,,,,,,,,
2.19399407,41.38556542,,,,,,,,,,,,,,,,
2.19399407,41.38556542,,,,,,,,,,,,,,,,
2.17091737,41.39668388,,,,,,,,,,,,,,,,
2.17091737,41.39668388,,,,,,,,,,,,,,,,
2.16165118,41.41572091,,,,,,,,,,,,,,,,
2.16165118,41.41572091,,,,,,,,,,,,,,,,
2.16165118,41.41572091,,,,,,,,,,,,,,,,
2.17698506,41.40901586,,,,,,,,,,,,,,,,
2.17698506,41.40901586,,,,,,,,,,,,,,,,
2.17262559,41.44578203,,,,,,,,,,,,,,,,
2.17262559,41.44578203,,,,,,,,,,,,,,,,
2.15849919,41.39244325,,,,,,,,,,,,,,,,
2.15849919,41.39244325,,,,,,,,,,,,,,,,
2.11914097,41.40345957,,,,,,,,,,,,,,,,
2.11914097,41.40345957,,,,,,,,,,,,,,,,
2.17706299,41.40146725,,,,,,,,,,,,,,,,
2.17706299,41.40146725,,,,,,,,,,,,,,,,
2.15036512,41.37538193,,,,,,,,,,,,,,,,
2.15036512,41.37538193,,,,,,,,,,,,,,,,
2.15036512,41.37538193,,,,,,,,,,,,,,,,
2.18693921,41.39813746,,,,,,,,,,,,,,,,
2.18693921,41.39813746,,,,,,,,,,,,,,,,
2.17461576,41.39518836,,,,,,,,,,,,,,,,
2.17461576,41.39518836,,,,,,,,,,,,,,,,
2.13889473,41.38904185,,,,,,,,,,,,,,,,
2.13889473,41.38904185,,,,,,,,,,,,,,,,
2.164288,41.4102437,,,,,,,,,,,,,,,,
2.17486087,41.44786592,,,,,,,,,,,,,,,,
2.17486087,41.44786592,,,,,,,,,,,,,,,,
2.16563938,41.40451155,,,,,,,,,,,,,,,,
2.16563938,41.40451155,,,,,,,,,,,,,,,,
2.16563938,41.40451155,,,,,,,,,,,,,,,,
2.20793076,41.44074369,,,,,,,,,,,,,,,,
2.15056443,41.37578135,,,,,,,,,,,,,,,,
2.15056443,41.37578135,,,,,,,,,,,,,,,,
2.15056443,41.37578135,,,,,,,,,,,,,,,,
2.18334813,41.41793934,,,,,,,,,,,,,,,,
2.18334813,41.41793934,,,,,,,,,,,,,,,,
2.13492614,41.39987279,,,,,,,,,,,,,,,,
2.13492614,41.39987279,,,,,,,,,,,,,,,,
2.16270839,41.39392134,,,,,,,,,,,,,,,,
2.16270839,41.39392134,,,,,,,,,,,,,,,,
2.14091903,41.40044076,,,,,,,,,,,,,,,,
2.14091903,41.40044076,,,,,,,,,,,,,,,,
2.15981844,41.41214195,,,,,,,,,,,,,,,,
2.18350968,41.40087448,,,,,,,,,,,,,,,,
2.18350968,41.40087448,,,,,,,,,,,,,,,,
2.18430857,41.38381494,,,,,,,,,,,,,,,,
2.18430857,41.38381494,,,,,,,,,,,,,,,,
2.18430857,41.38381494,,,,,,,,,,,,,,,,
2.13696484,41.41571038,,,,,,,,,,,,,,,,
2.20280283,41.44313693,,,,,,,,,,,,,,,,
2.20280283,41.44313693,,,,,,,,,,,,,,,,
2.20726329,41.4152841,,,,,,,,,,,,,,,,
2.20726329,41.4152841,,,,,,,,,,,,,,,,
2.16975271,41.3924261,,,,,,,,,,,,,,,,
2.16975271,41.3924261,,,,,,,,,,,,,,,,
2.16975271,41.3924261,,,,,,,,,,,,,,,,
2.18969437,41.40005372,,,,,,,,,,,,,,,,
2.18969437,41.40005372,,,,,,,,,,,,,,,,
2.15651107,41.38651881,,,,,,,,,,,,,,,,
2.15651107,41.38651881,,,,,,,,,,,,,,,,
2.15651107,41.38651881,,,,,,,,,,,,,,,,
2.17331995,41.40533021,,,,,,,,,,,,,,,,
2.17331995,41.40533021,,,,,,,,,,,,,,,,
2.17331995,41.40533021,,,,,,,,,,,,,,,,
2.17528613,41.40155012,,,,,,,,,,,,,,,,
2.17528613,41.40155012,,,,,,,,,,,,,,,,
2.14718987,41.38218754,,,,,,,,,,,,,,,,
2.14718987,41.38218754,,,,,,,,,,,,,,,,
2.1475183,41.37383357,,,,,,,,,,,,,,,,
2.1475183,41.37383357,,,,,,,,,,,,,,,,
2.1475183,41.37383357,,,,,,,,,,,,,,,,
2.17134208,41.41331162,,,,,,,,,,,,,,,,
2.17134208,41.41331162,,,,,,,,,,,,,,,,
2.17698779,41.40141042,,,,,,,,,,,,,,,,
2.17698779,41.40141042,,,,,,,,,,,,,,,,
2.17698779,41.40141042,,,,,,,,,,,,,,,,
2.14333861,41.40328458,,,,,,,,,,,,,,,,
2.14333861,41.40328458,,,,,,,,,,,,,,,,
2.12319355,41.40003319,,,,,,,,,,,,,,,,
2.15733661,41.39778044,,,,,,,,,,,,,,,,
2.15733661,41.39778044,,,,,,,,,,,,,,,,
2.16993347,41.38703854,,,,,,,,,,,,,,,,
2.16993347,41.38703854,,,,,,,,,,,,,,,,
2.15799952,41.38855845,,,,,,,,,,,,,,,,
2.15799952,41.38855845,,,,,,,,,,,,,,,,
2.15799952,41.38855845,,,,,,,,,,,,,,,,
2.15799952,41.38855845,,,,,,,,,,,,,,,,
2.20461063,41.39382397,,,,,,,,,,,,,,,,
2.20461063,41.39382397,,,,,,,,,,,,,,,,
2.20163399,41.4144445,,,,,,,,,,,,,,,,
2.20163399,41.4144445,,,,,,,,,,,,,,,,
2.14188843,41.42375677,,,,,,,,,,,,,,,,
2.14188843,41.42375677,,,,,,,,,,,,,,,,
2.14188843,41.42375677,,,,,,,,,,,,,,,,
2.15733695,41.38647464,,,,,,,,,,,,,,,,
2.15733695,41.38647464,,,,,,,,,,,,,,,,
2.19781526,41.41062167,,,,,,,,,,,,,,,,
2.19781526,41.41062167,,,,,,,,,,,,,,,,
2.16049868,41.39570706,,,,,,,,,,,,,,,,
2.16049868,41.39570706,,,,,,,,,,,,,,,,
2.16049868,41.39570706,,,,,,,,,,,,,,,,
2.14274428,41.42545238,,,,,,,,,,,,,,,,
2.14274428,41.42545238,,,,,,,,,,,,,,,,
2.14274428,41.42545238,,,,,,,,,,,,,,,,
2.14274428,41.42545238,,,,,,,,,,,,,,,,
2.14274428,41.42545238,,,,,,,,,,,,,,,,
2.14274428,41.42545238,,,,,,,,,,,,,,,,
2.18901597,41.38339295,,,,,,,,,,,,,,,,
2.18901597,41.38339295,,,,,,,,,,,,,,,,
2.20163399,41.4144445,,,,,,,,,,,,,,,,
2.20163399,41.4144445,,,,,,,,,,,,,,,,
2.20163399,41.4144445,,,,,,,,,,,,,,,,
2.19354196,41.41369359,,,,,,,,,,,,,,,,
2.19354196,41.41369359,,,,,,,,,,,,,,,,
2.17444109,41.44285124,,,,,,,,,,,,,,,,
2.17444109,41.44285124,,,,,,,,,,,,,,,,
2.12608751,41.40374254,,,,,,,,,,,,,,,,
2.12608751,41.40374254,,,,,,,,,,,,,,,,
2.18943509,41.3770783,,,,,,,,,,,,,,,,
2.18943509,41.3770783,,,,,,,,,,,,,,,,
2.17435822,41.40949626,,,,,,,,,,,,,,,,
2.17435822,41.40949626,,,,,,,,,,,,,,,,
2.17842433,41.39305267,,,,,,,,,,,,,,,,
2.17842433,41.39305267,,,,,,,,,,,,,,,,
2.18400316,41.42838424,,,,,,,,,,,,,,,,
2.18400316,41.42838424,,,,,,,,,,,,,,,,
2.18687095,41.394755,,,,,,,,,,,,,,,,
2.18687095,41.394755,,,,,,,,,,,,,,,,
2.19247806,41.40493737,,,,,,,,,,,,,,,,
2.19247806,41.40493737,,,,,,,,,,,,,,,,
2.16311045,41.39745262,,,,,,,,,,,,,,,,
2.16311045,41.39745262,,,,,,,,,,,,,,,,
2.16524282,41.3992744,,,,,,,,,,,,,,,,
2.16524282,41.3992744,,,,,,,,,,,,,,,,
2.11704724,41.38568901,,,,,,,,,,,,,,,,
2.11704724,41.38568901,,,,,,,,,,,,,,,,
2.19930944,41.41068375,,,,,,,,,,,,,,,,
2.19930944,41.41068375,,,,,,,,,,,,,,,,
2.17168013,41.39402175,,,,,,,,,,,,,,,,
2.17168013,41.39402175,,,,,,,,,,,,,,,,
2.16007309,41.40840378,,,,,,,,,,,,,,,,
2.20839791,41.41956618,,,,,,,,,,,,,,,,
2.20839791,41.41956618,,,,,,,,,,,,,,,,
2.13629766,41.36489771,,,,,,,,,,,,,,,,
2.13629766,41.36489771,,,,,,,,,,,,,,,,
2.19147997,41.38964142,,,,,,,,,,,,,,,,
2.19147997,41.38964142,,,,,,,,,,,,,,,,
2.18000834,41.40353877,,,,,,,,,,,,,,,,
2.18000834,41.40353877,,,,,,,,,,,,,,,,
2.18807554,41.40461366,,,,,,,,,,,,,,,,
2.18807554,41.40461366,,,,,,,,,,,,,,,,
2.17875255,41.39695923,,,,,,,,,,,,,,,,
2.17875255,41.39695923,,,,,,,,,,,,,,,,
2.18235255,41.39141932,,,,,,,,,,,,,,,,
2.18235255,41.39141932,,,,,,,,,,,,,,,,
2.12571755,41.37284038,,,,,,,,,,,,,,,,
2.12571755,41.37284038,,,,,,,,,,,,,,,,
2.15396834,41.38902493,,,,,,,,,,,,,,,,
2.15396834,41.38902493,,,,,,,,,,,,,,,,
2.13142592,41.41412426,,,,,,,,,,,,,,,,
2.13142592,41.41412426,,,,,,,,,,,,,,,,
2.16952987,41.36269923,,,,,,,,,,,,,,,,
2.16952987,41.36269923,,,,,,,,,,,,,,,,
2.18403231,41.43942255,,,,,,,,,,,,,,,,
2.17438756,41.37957392,,,,,,,,,,,,,,,,
2.16360168,41.38386009,,,,,,,,,,,,,,,,
2.16360168,41.38386009,,,,,,,,,,,,,,,,
2.16360168,41.38386009,,,,,,,,,,,,,,,,
2.18003748,41.44318152,,,,,,,,,,,,,,,,
2.18003748,41.44318152,,,,,,,,,,,,,,,,
2.18003748,41.44318152,,,,,,,,,,,,,,,,
2.21421132,41.41008897,,,,,,,,,,,,,,,,
2.21421132,41.41008897,,,,,,,,,,,,,,,,
2.13543405,41.41480061,,,,,,,,,,,,,,,,
2.13543405,41.41480061,,,,,,,,,,,,,,,,
2.13543405,41.41480061,,,,,,,,,,,,,,,,
2.1719236,41.43310456,,,,,,,,,,,,,,,,
2.1719236,41.43310456,,,,,,,,,,,,,,,,
2.14252449,41.38061419,,,,,,,,,,,,,,,,
2.14252449,41.38061419,,,,,,,,,,,,,,,,
2.17316935,41.40009194,,,,,,,,,,,,,,,,
2.17316935,41.40009194,,,,,,,,,,,,,,,,
2.15198806,41.43310119,,,,,,,,,,,,,,,,
2.15198806,41.43310119,,,,,,,,,,,,,,,,
2.17069986,41.41392619,,,,,,,,,,,,,,,,
2.17069986,41.41392619,,,,,,,,,,,,,,,,
2.18351932,41.43262778,,,,,,,,,,,,,,,,
2.18351932,41.43262778,,,,,,,,,,,,,,,,
2.18351932,41.43262778,,,,,,,,,,,,,,,,
2.15856052,41.38213403,,,,,,,,,,,,,,,,
2.15856052,41.38213403,,,,,,,,,,,,,,,,
2.15078877,41.39892689,,,,,,,,,,,,,,,,
2.15078877,41.39892689,,,,,,,,,,,,,,,,
2.20387496,41.39797555,,,,,,,,,,,,,,,,
2.20387496,41.39797555,,,,,,,,,,,,,,,,
2.17919751,41.46206576,,,,,,,,,,,,,,,,
2.17919751,41.46206576,,,,,,,,,,,,,,,,
2.18687425,41.41219539,,,,,,,,,,,,,,,,
2.18687425,41.41219539,,,,,,,,,,,,,,,,
2.18482474,41.44671617,,,,,,,,,,,,,,,,
2.18482474,41.44671617,,,,,,,,,,,,,,,,
2.18482474,41.44671617,,,,,,,,,,,,,,,,
2.18482474,41.44671617,,,,,,,,,,,,,,,,
2.18482474,41.44671617,,,,,,,,,,,,,,,,
2.18482474,41.44671617,,,,,,,,,,,,,,,,
2.11829669,41.4045143,,,,,,,,,,,,,,,,
2.11829669,41.4045143,,,,,,,,,,,,,,,,
2.14430757,41.37107406,,,,,,,,,,,,,,,,
2.14430757,41.37107406,,,,,,,,,,,,,,,,
2.12647858,41.37477493,,,,,,,,,,,,,,,,
2.12647858,41.37477493,,,,,,,,,,,,,,,,
2.12037652,41.4058514,,,,,,,,,,,,,,,,
2.12037652,41.4058514,,,,,,,,,,,,,,,,
2.1497025,41.37500206,,,,,,,,,,,,,,,,
2.1497025,41.37500206,,,,,,,,,,,,,,,,
2.15901992,41.39217966,,,,,,,,,,,,,,,,
2.15901992,41.39217966,,,,,,,,,,,,,,,,
2.14274428,41.42545238,,,,,,,,,,,,,,,,
2.14274428,41.42545238,,,,,,,,,,,,,,,,
2.14274428,41.42545238,,,,,,,,,,,,,,,,
2.14274428,41.42545238,,,,,,,,,,,,,,,,
2.19196486,41.39970407,,,,,,,,,,,,,,,,
2.19196486,41.39970407,,,,,,,,,,,,,,,,
2.13838887,41.37312559,,,,,,,,,,,,,,,,
2.17894519,41.40273545,,,,,,,,,,,,,,,,
2.17894519,41.40273545,,,,,,,,,,,,,,,,
2.18918115,41.45366707,,,,,,,,,,,,,,,,
2.15912084,41.38841642,,,,,,,,,,,,,,,,
2.15912084,41.38841642,,,,,,,,,,,,,,,,
2.15912084,41.38841642,,,,,,,,,,,,,,,,
2.16704897,41.39041388,,,,,,,,,,,,,,,,
2.16704897,41.39041388,,,,,,,,,,,,,,,,
2.16358388,41.37814257,,,,,,,,,,,,,,,,
2.16358388,41.37814257,,,,,,,,,,,,,,,,
2.17008515,41.38794915,,,,,,,,,,,,,,,,
2.19046907,41.44969202,,,,,,,,,,,,,,,,
2.15394705,41.38562071,,,,,,,,,,,,,,,,
2.15394705,41.38562071,,,,,,,,,,,,,,,,
2.14219573,41.3751672,,,,,,,,,,,,,,,,
2.14219573,41.3751672,,,,,,,,,,,,,,,,
2.17474684,41.38954459,,,,,,,,,,,,,,,,
2.17474684,41.38954459,,,,,,,,,,,,,,,,
2.15523145,41.40966321,,,,,,,,,,,,,,,,
2.15523145,41.40966321,,,,,,,,,,,,,,,,
2.15523145,41.40966321,,,,,,,,,,,,,,,,
2.18197379,41.38101325,,,,,,,,,,,,,,,,
2.18197379,41.38101325,,,,,,,,,,,,,,,,
2.17519896,41.40405011,,,,,,,,,,,,,,,,
2.18136403,41.38968896,,,,,,,,,,,,,,,,
2.17695886,41.38529826,,,,,,,,,,,,,,,,
2.17695886,41.38529826,,,,,,,,,,,,,,,,
2.17695886,41.38529826,,,,,,,,,,,,,,,,
2.13867018,41.33297157,,,,,,,,,,,,,,,,
2.13896224,41.36961774,,,,,,,,,,,,,,,,
2.13896224,41.36961774,,,,,,,,,,,,,,,,
2.18334813,41.41793934,,,,,,,,,,,,,,,,
2.18334813,41.41793934,,,,,,,,,,,,,,,,
2.17857612,41.43902964,,,,,,,,,,,,,,,,
2.17857612,41.43902964,,,,,,,,,,,,,,,,
2.15984479,41.37480736,,,,,,,,,,,,,,,,
2.15984479,41.37480736,,,,,,,,,,,,,,,,
2.19103436,41.39134956,,,,,,,,,,,,,,,,
2.19103436,41.39134956,,,,,,,,,,,,,,,,
2.18638343,41.40814933,,,,,,,,,,,,,,,,
2.18638343,41.40814933,,,,,,,,,,,,,,,,
2.18638343,41.40814933,,,,,,,,,,,,,,,,
2.13760481,41.41364868,,,,,,,,,,,,,,,,
2.13760481,41.41364868,,,,,,,,,,,,,,,,
2.21695076,41.40619531,,,,,,,,,,,,,,,,
2.21695076,41.40619531,,,,,,,,,,,,,,,,
2.21695076,41.40619531,,,,,,,,,,,,,,,,
2.18655492,41.42494209,,,,,,,,,,,,,,,,
2.18655492,41.42494209,,,,,,,,,,,,,,,,
2.20626688,41.42078221,,,,,,,,,,,,,,,,
2.20626688,41.42078221,,,,,,,,,,,,,,,,
2.15643135,41.37498794,,,,,,,,,,,,,,,,
2.15643135,41.37498794,,,,,,,,,,,,,,,,
2.18811173,41.43095286,,,,,,,,,,,,,,,,
2.19582652,41.4154166,,,,,,,,,,,,,,,,
2.19582652,41.4154166,,,,,,,,,,,,,,,,
2.20163399,41.4144445,,,,,,,,,,,,,,,,
2.20163399,41.4144445,,,,,,,,,,,,,,,,
2.14261778,41.3854928,,,,,,,,,,,,,,,,
2.14261778,41.3854928,,,,,,,,,,,,,,,,
2.16411535,41.38818301,,,,,,,,,,,,,,,,
2.16411535,41.38818301,,,,,,,,,,,,,,,,
2.16411535,41.38818301,,,,,,,,,,,,,,,,
2.17415802,41.37017044,,,,,,,,,,,,,,,,
2.17415802,41.37017044,,,,,,,,,,,,,,,,
2.18885609,41.40469869,,,,,,,,,,,,,,,,
2.18885609,41.40469869,,,,,,,,,,,,,,,,
2.14261778,41.3854928,,,,,,,,,,,,,,,,
2.14261778,41.3854928,,,,,,,,,,,,,,,,
2.14261778,41.3854928,,,,,,,,,,,,,,,,
2.14293346,41.37070414,,,,,,,,,,,,,,,,
2.14293346,41.37070414,,,,,,,,,,,,,,,,
2.14293346,41.37070414,,,,,,,,,,,,,,,,
2.14942424,41.3856251,,,,,,,,,,,,,,,,
2.14942424,41.3856251,,,,,,,,,,,,,,,,
2.15307602,41.38682509,,,,,,,,,,,,,,,,
2.15307602,41.38682509,,,,,,,,,,,,,,,,
2.15307602,41.38682509,,,,,,,,,,,,,,,,
2.14633842,41.36396069,,,,,,,,,,,,,,,,
2.14633842,41.36396069,,,,,,,,,,,,,,,,
2.14633842,41.36396069,,,,,,,,,,,,,,,,
2.20106556,41.43571488,,,,,,,,,,,,,,,,
2.20106556,41.43571488,,,,,,,,,,,,,,,,
2.17512564,41.44801051,,,,,,,,,,,,,,,,
2.17963719,41.42573715,,,,,,,,,,,,,,,,
2.17963719,41.42573715,,,,,,,,,,,,,,,,
2.17403651,41.43819549,,,,,,,,,,,,,,,,
2.17403651,41.43819549,,,,,,,,,,,,,,,,
2.14960564,41.39402648,,,,,,,,,,,,,,,,
2.14960564,41.39402648,,,,,,,,,,,,,,,,
2.17833994,41.44151581,,,,,,,,,,,,,,,,
2.17833994,41.44151581,,,,,,,,,,,,,,,,
2.15378054,41.42302553,,,,,,,,,,,,,,,,
2.15501513,41.43059812,,,,,,,,,,,,,,,,
2.15501513,41.43059812,,,,,,,,,,,,,,,,
2.17091737,41.39668388,,,,,,,,,,,,,,,,
2.17091737,41.39668388,,,,,,,,,,,,,,,,
2.17091737,41.39668388,,,,,,,,,,,,,,,,
2.17091737,41.39668388,,,,,,,,,,,,,,,,
2.17091737,41.39668388,,,,,,,,,,,,,,,,
2.12989109,41.37562664,,,,,,,,,,,,,,,,
2.12989109,41.37562664,,,,,,,,,,,,,,,,
2.20600661,41.44344694,,,,,,,,,,,,,,,,
2.16196373,41.3846822,,,,,,,,,,,,,,,,
2.16196373,41.3846822,,,,,,,,,,,,,,,,
2.11840127,41.38651793,,,,,,,,,,,,,,,,
2.11840127,41.38651793,,,,,,,,,,,,,,,,
2.15054459,41.38307694,,,,,,,,,,,,,,,,
2.15054459,41.38307694,,,,,,,,,,,,,,,,
2.15054459,41.38307694,,,,,,,,,,,,,,,,
2.15054459,41.38307694,,,,,,,,,,,,,,,,
2.13415766,41.40897103,,,,,,,,,,,,,,,,
2.13415766,41.40897103,,,,,,,,,,,,,,,,
2.15275482,41.37573156,,,,,,,,,,,,,,,,
2.15275482,41.37573156,,,,,,,,,,,,,,,,
2.15275482,41.37573156,,,,,,,,,,,,,,,,
2.21073735,41.41606009,,,,,,,,,,,,,,,,
2.21073735,41.41606009,,,,,,,,,,,,,,,,
2.17069986,41.41392619,,,,,,,,,,,,,,,,
2.17069986,41.41392619,,,,,,,,,,,,,,,,
2.13898158,41.40643798,,,,,,,,,,,,,,,,
2.13898158,41.40643798,,,,,,,,,,,,,,,,
2.13456111,41.36454674,,,,,,,,,,,,,,,,
2.13456111,41.36454674,,,,,,,,,,,,,,,,
2.15168413,41.39245603,,,,,,,,,,,,,,,,
2.15168413,41.39245603,,,,,,,,,,,,,,,,
2.20042865,41.42559166,,,,,,,,,,,,,,,,
2.20042865,41.42559166,,,,,,,,,,,,,,,,
2.15515854,41.37958031,,,,,,,,,,,,,,,,
2.15515854,41.37958031,,,,,,,,,,,,,,,,
2.18419554,41.40214913,,,,,,,,,,,,,,,,
2.18419554,41.40214913,,,,,,,,,,,,,,,,
2.16344935,41.40652291,,,,,,,,,,,,,,,,
2.16344935,41.40652291,,,,,,,,,,,,,,,,
2.17188445,41.36601637,,,,,,,,,,,,,,,,
2.17188445,41.36601637,,,,,,,,,,,,,,,,
2.17188445,41.36601637,,,,,,,,,,,,,,,,
2.16822854,41.43874474,,,,,,,,,,,,,,,,
2.13767937,41.40234813,,,,,,,,,,,,,,,,
2.13767937,41.40234813,,,,,,,,,,,,,,,,
2.19696429,41.41623526,,,,,,,,,,,,,,,,
2.19696429,41.41623526,,,,,,,,,,,,,,,,
2.13779918,41.40507125,,,,,,,,,,,,,,,,
2.18365134,41.38331981,,,,,,,,,,,,,,,,
2.1471584,41.38052718,,,,,,,,,,,,,,,,
2.1471584,41.38052718,,,,,,,,,,,,,,,,
2.16664371,41.391183,,,,,,,,,,,,,,,,
2.16664371,41.391183,,,,,,,,,,,,,,,,
2.17689294,41.40814436,,,,,,,,,,,,,,,,
2.17689294,41.40814436,,,,,,,,,,,,,,,,
2.17898005,41.44120881,,,,,,,,,,,,,,,,
2.17898005,41.44120881,,,,,,,,,,,,,,,,
2.17669222,41.37500841,,,,,,,,,,,,,,,,
2.17669222,41.37500841,,,,,,,,,,,,,,,,
2.17292854,41.46016356,,,,,,,,,,,,,,,,
2.17292854,41.46016356,,,,,,,,,,,,,,,,
2.14364477,41.39050273,,,,,,,,,,,,,,,,
2.14364477,41.39050273,,,,,,,,,,,,,,,,
2.14364477,41.39050273,,,,,,,,,,,,,,,,
2.19031805,41.39394053,,,,,,,,,,,,,,,,
2.19031805,41.39394053,,,,,,,,,,,,,,,,
2.15471064,41.39531451,,,,,,,,,,,,,,,,
2.15471064,41.39531451,,,,,,,,,,,,,,,,
2.1983514,41.40668735,,,,,,,,,,,,,,,,
2.1983514,41.40668735,,,,,,,,,,,,,,,,
2.16526093,41.39413326,,,,,,,,,,,,,,,,
2.16526093,41.39413326,,,,,,,,,,,,,,,,
2.16526093,41.39413326,,,,,,,,,,,,,,,,
2.19582652,41.4154166,,,,,,,,,,,,,,,,
2.19582652,41.4154166,,,,,,,,,,,,,,,,
2.15169269,41.3659522,,,,,,,,,,,,,,,,
2.11819091,41.40630564,,,,,,,,,,,,,,,,
2.14364477,41.39050273,,,,,,,,,,,,,,,,
2.14364477,41.39050273,,,,,,,,,,,,,,,,
2.1511214,41.39190069,,,,,,,,,,,,,,,,
2.13337893,41.394871,,,,,,,,,,,,,,,,
2.13337893,41.394871,,,,,,,,,,,,,,,,
2.17909871,41.46737087,,,,,,,,,,,,,,,,
2.17909871,41.46737087,,,,,,,,,,,,,,,,
2.21191933,41.41348965,,,,,,,,,,,,,,,,
2.14488682,41.38564281,,,,,,,,,,,,,,,,
2.14488682,41.38564281,,,,,,,,,,,,,,,,
2.17705367,41.41069479,,,,,,,,,,,,,,,,
2.17705367,41.41069479,,,,,,,,,,,,,,,,
2.19736575,41.39123559,,,,,,,,,,,,,,,,
2.19736575,41.39123559,,,,,,,,,,,,,,,,
2.13654831,41.39063751,,,,,,,,,,,,,,,,
2.13654831,41.39063751,,,,,,,,,,,,,,,,
2.16421025,41.42943133,,,,,,,,,,,,,,,,
2.16421025,41.42943133,,,,,,,,,,,,,,,,
2.16421025,41.42943133,,,,,,,,,,,,,,,,
2.14939315,41.40809261,,,,,,,,,,,,,,,,
2.14939315,41.40809261,,,,,,,,,,,,,,,,
2.14072038,41.40441788,,,,,,,,,,,,,,,,
2.14072038,41.40441788,,,,,,,,,,,,,,,,
2.15328679,41.43796095,,,,,,,,,,,,,,,,
2.15328679,41.43796095,,,,,,,,,,,,,,,,
2.11704724,41.38568901,,,,,,,,,,,,,,,,
2.11704724,41.38568901,,,,,,,,,,,,,,,,
2.17102173,41.40871114,,,,,,,,,,,,,,,,
2.17102173,41.40871114,,,,,,,,,,,,,,,,
2.16388658,41.4278503,,,,,,,,,,,,,,,,
2.16388658,41.4278503,,,,,,,,,,,,,,,,
2.16388658,41.4278503,,,,,,,,,,,,,,,,
2.16388658,41.4278503,,,,,,,,,,,,,,,,
2.16388658,41.4278503,,,,,,,,,,,,,,,,
2.16388658,41.4278503,,,,,,,,,,,,,,,,
2.20459365,41.41752459,,,,,,,,,,,,,,,,
2.20459365,41.41752459,,,,,,,,,,,,,,,,
2.17050635,41.36400128,,,,,,,,,,,,,,,,
2.17050635,41.36400128,,,,,,,,,,,,,,,,
2.17008515,41.38794915,,,,,,,,,,,,,,,,
2.17008515,41.38794915,,,,,,,,,,,,,,,,
2.17008515,41.38794915,,,,,,,,,,,,,,,,
2.19491078,41.3973075,,,,,,,,,,,,,,,,
2.19491078,41.3973075,,,,,,,,,,,,,,,,
2.16093828,41.37692491,,,,,,,,,,,,,,,,
2.16093828,41.37692491,,,,,,,,,,,,,,,,
2.1327789,41.39801588,,,,,,,,,,,,,,,,
2.1327789,41.39801588,,,,,,,,,,,,,,,,
2.17496266,41.42027919,,,,,,,,,,,,,,,,
2.14262798,41.38565691,,,,,,,,,,,,,,,,
2.14262798,41.38565691,,,,,,,,,,,,,,,,
2.21030151,41.42029993,,,,,,,,,,,,,,,,
2.21030151,41.42029993,,,,,,,,,,,,,,,,
2.21030151,41.42029993,,,,,,,,,,,,,,,,
2.21030151,41.42029993,,,,,,,,,,,,,,,,
2.21030151,41.42029993,,,,,,,,,,,,,,,,
2.21030151,41.42029993,,,,,,,,,,,,,,,,
2.21030151,41.42029993,,,,,,,,,,,,,,,,
2.21030151,41.42029993,,,,,,,,,,,,,,,,
2.21030151,41.42029993,,,,,,,,,,,,,,,,
2.17542793,41.40007292,,,,,,,,,,,,,,,,
2.17542793,41.40007292,,,,,,,,,,,,,,,,
2.17438756,41.37957392,,,,,,,,,,,,,,,,
2.20142749,41.39179229,,,,,,,,,,,,,,,,
2.20142749,41.39179229,,,,,,,,,,,,,,,,
2.20142749,41.39179229,,,,,,,,,,,,,,,,
2.11245134,41.32859917,,,,,,,,,,,,,,,,
2.11245134,41.32859917,,,,,,,,,,,,,,,,
2.11245134,41.32859917,,,,,,,,,,,,,,,,
2.17692822,41.42000077,,,,,,,,,,,,,,,,
2.17692822,41.42000077,,,,,,,,,,,,,,,,
2.17782974,41.40187439,,,,,,,,,,,,,,,,
2.17782974,41.40187439,,,,,,,,,,,,,,,,
2.20009048,41.38977993,,,,,,,,,,,,,,,,
2.20009048,41.38977993,,,,,,,,,,,,,,,,
2.16548872,41.44436599,,,,,,,,,,,,,,,,
2.16548872,41.44436599,,,,,,,,,,,,,,,,
2.18032868,41.44717797,,,,,,,,,,,,,,,,
2.18032868,41.44717797,,,,,,,,,,,,,,,,
2.13376998,41.41466953,,,,,,,,,,,,,,,,
2.13376998,41.41466953,,,,,,,,,,,,,,,,
2.13376998,41.41466953,,,,,,,,,,,,,,,,
2.15509297,41.38988094,,,,,,,,,,,,,,,,
2.15509297,41.38988094,,,,,,,,,,,,,,,,
2.18075557,41.42867017,,,,,,,,,,,,,,,,
2.18075557,41.42867017,,,,,,,,,,,,,,,,
2.14279319,41.39534273,,,,,,,,,,,,,,,,
2.14279319,41.39534273,,,,,,,,,,,,,,,,
2.20580495,41.41738151,,,,,,,,,,,,,,,,
2.20580495,41.41738151,,,,,,,,,,,,,,,,
2.20580495,41.41738151,,,,,,,,,,,,,,,,
2.20580495,41.41738151,,,,,,,,,,,,,,,,
2.18233029,41.45953831,,,,,,,,,,,,,,,,
2.18233029,41.45953831,,,,,,,,,,,,,,,,
2.19535598,41.41426193,,,,,,,,,,,,,,,,
2.19535598,41.41426193,,,,,,,,,,,,,,,,
2.17654144,41.4409123,,,,,,,,,,,,,,,,
2.17654144,41.4409123,,,,,,,,,,,,,,,,
2.18932525,41.43188595,,,,,,,,,,,,,,,,
2.18932525,41.43188595,,,,,,,,,,,,,,,,
2.19450129,41.4441038,,,,,,,,,,,,,,,,
2.19450129,41.4441038,,,,,,,,,,,,,,,,
2.19583869,41.44758722,,,,,,,,,,,,,,,,
2.19583869,41.44758722,,,,,,,,,,,,,,,,
2.12668737,41.38860565,,,,,,,,,,,,,,,,
2.12668737,41.38860565,,,,,,,,,,,,,,,,
2.16828913,41.38481024,,,,,,,,,,,,,,,,
2.16828913,41.38481024,,,,,,,,,,,,,,,,
2.1327986,41.42842345,,,,,,,,,,,,,,,,
2.1327986,41.42842345,,,,,,,,,,,,,,,,
2.19078169,41.4066402,,,,,,,,,,,,,,,,
2.19078169,41.4066402,,,,,,,,,,,,,,,,
2.19987537,41.41084595,,,,,,,,,,,,,,,,
2.19022333,41.39227075,,,,,,,,,,,,,,,,
2.19022333,41.39227075,,,,,,,,,,,,,,,,
2.19022333,41.39227075,,,,,,,,,,,,,,,,
2.19022333,41.39227075,,,,,,,,,,,,,,,,
2.19022333,41.39227075,,,,,,,,,,,,,,,,
2.18313066,41.44657714,,,,,,,,,,,,,,,,
2.18313066,41.44657714,,,,,,,,,,,,,,,,
2.2046311,41.40091572,,,,,,,,,,,,,,,,
2.12908328,41.3793603,,,,,,,,,,,,,,,,
2.12908328,41.3793603,,,,,,,,,,,,,,,,
2.16229925,41.42243111,,,,,,,,,,,,,,,,
2.16229925,41.42243111,,,,,,,,,,,,,,,,
2.14083479,41.35464469,,,,,,,,,,,,,,,,
2.14083479,41.35464469,,,,,,,,,,,,,,,,
2.16796276,41.3888567,,,,,,,,,,,,,,,,
2.16796276,41.3888567,,,,,,,,,,,,,,,,
2.16796276,41.3888567,,,,,,,,,,,,,,,,
2.14432557,41.42888094,,,,,,,,,,,,,,,,
2.14432557,41.42888094,,,,,,,,,,,,,,,,
2.14432557,41.42888094,,,,,,,,,,,,,,,,
2.18033833,41.46210283,,,,,,,,,,,,,,,,
2.20067328,41.40507402,,,,,,,,,,,,,,,,
2.20067328,41.40507402,,,,,,,,,,,,,,,,
2.1383926,41.41701436,,,,,,,,,,,,,,,,
2.1383926,41.41701436,,,,,,,,,,,,,,,,
2.16044517,41.41379679,,,,,,,,,,,,,,,,
2.16044517,41.41379679,,,,,,,,,,,,,,,,
2.13996323,41.4039129,,,,,,,,,,,,,,,,
2.13996323,41.4039129,,,,,,,,,,,,,,,,
2.2215676,41.40960573,,,,,,,,,,,,,,,,
2.2215676,41.40960573,,,,,,,,,,,,,,,,
2.2215676,41.40960573,,,,,,,,,,,,,,,,
2.16526633,41.44090228,,,,,,,,,,,,,,,,
2.16526633,41.44090228,,,,,,,,,,,,,,,,
2.16526633,41.44090228,,,,,,,,,,,,,,,,
2.16526633,41.44090228,,,,,,,,,,,,,,,,
2.1981427,41.3891667,,,,,,,,,,,,,,,,
2.1981427,41.3891667,,,,,,,,,,,,,,,,
2.18350954,41.39541974,,,,,,,,,,,,,,,,
2.18350954,41.39541974,,,,,,,,,,,,,,,,
2.12821035,41.38839659,,,,,,,,,,,,,,,,
2.12821035,41.38839659,,,,,,,,,,,,,,,,
2.17210373,41.40954142,,,,,,,,,,,,,,,,
2.17210373,41.40954142,,,,,,,,,,,,,,,,
2.15530116,41.42361271,,,,,,,,,,,,,,,,
2.15530116,41.42361271,,,,,,,,,,,,,,,,
2.16606297,41.41233663,,,,,,,,,,,,,,,,
2.16606297,41.41233663,,,,,,,,,,,,,,,,
2.18401009,41.38097175,,,,,,,,,,,,,,,,
2.18401009,41.38097175,,,,,,,,,,,,,,,,
2.1265506,41.38767365,,,,,,,,,,,,,,,,
2.1265506,41.38767365,,,,,,,,,,,,,,,,
2.19275382,41.45095585,,,,,,,,,,,,,,,,
2.19275382,41.45095585,,,,,,,,,,,,,,,,
2.18246561,41.42135608,,,,,,,,,,,,,,,,
2.18197853,41.38019249,,,,,,,,,,,,,,,,
2.18197853,41.38019249,,,,,,,,,,,,,,,,
2.18197853,41.38019249,,,,,,,,,,,,,,,,
2.18197853,41.38019249,,,,,,,,,,,,,,,,
2.18197853,41.38019249,,,,,,,,,,,,,,,,
2.16411535,41.38818301,,,,,,,,,,,,,,,,
2.16411535,41.38818301,,,,,,,,,,,,,,,,
2.14432965,41.41212756,,,,,,,,,,,,,,,,
2.14432965,41.41212756,,,,,,,,,,,,,,,,
2.13437803,41.40095265,,,,,,,,,,,,,,,,
2.13437803,41.40095265,,,,,,,,,,,,,,,,
2.13437803,41.40095265,,,,,,,,,,,,,,,,
2.13437803,41.40095265,,,,,,,,,,,,,,,,
2.14737836,41.37516467,,,,,,,,,,,,,,,,
2.14737836,41.37516467,,,,,,,,,,,,,,,,
2.13260722,41.3896217,,,,,,,,,,,,,,,,
2.13260722,41.3896217,,,,,,,,,,,,,,,,
2.12806547,41.3866788,,,,,,,,,,,,,,,,
2.12806547,41.3866788,,,,,,,,,,,,,,,,
2.16192175,41.43990207,,,,,,,,,,,,,,,,
2.16192175,41.43990207,,,,,,,,,,,,,,,,
2.16192175,41.43990207,,,,,,,,,,,,,,,,
2.21800231,41.40604182,,,,,,,,,,,,,,,,
2.21800231,41.40604182,,,,,,,,,,,,,,,,
2.16620418,41.3947345,,,,,,,,,,,,,,,,
2.16620418,41.3947345,,,,,,,,,,,,,,,,
2.20671576,41.39459659,,,,,,,,,,,,,,,,
2.20263236,41.41880048,,,,,,,,,,,,,,,,
2.16654838,41.44083362,,,,,,,,,,,,,,,,
2.16654838,41.44083362,,,,,,,,,,,,,,,,
2.16654838,41.44083362,,,,,,,,,,,,,,,,
2.12452067,41.33767192,,,,,,,,,,,,,,,,
2.12452067,41.33767192,,,,,,,,,,,,,,,,
2.15970168,41.38298427,,,,,,,,,,,,,,,,
2.15970168,41.38298427,,,,,,,,,,,,,,,,
2.15970168,41.38298427,,,,,,,,,,,,,,,,
2.18651325,41.41025111,,,,,,,,,,,,,,,,
2.18651325,41.41025111,,,,,,,,,,,,,,,,
2.14318784,41.37922495,,,,,,,,,,,,,,,,
2.14318784,41.37922495,,,,,,,,,,,,,,,,
2.16640152,41.44185273,,,,,,,,,,,,,,,,
2.16640152,41.44185273,,,,,,,,,,,,,,,,
2.1334759,41.36911974,,,,,,,,,,,,,,,,
2.1334759,41.36911974,,,,,,,,,,,,,,,,
2.1334759,41.36911974,,,,,,,,,,,,,,,,
2.18560088,41.40206615,,,,,,,,,,,,,,,,
2.18560088,41.40206615,,,,,,,,,,,,,,,,
2.13639561,41.34515677,,,,,,,,,,,,,,,,
2.13639561,41.34515677,,,,,,,,,,,,,,,,
2.15657831,41.43026305,,,,,,,,,,,,,,,,
2.15657831,41.43026305,,,,,,,,,,,,,,,,
2.19617731,41.38779473,,,,,,,,,,,,,,,,
2.19617731,41.38779473,,,,,,,,,,,,,,,,
2.19617731,41.38779473,,,,,,,,,,,,,,,,
2.19617731,41.38779473,,,,,,,,,,,,,,,,
2.1747534,41.42225573,,,,,,,,,,,,,,,,
2.1747534,41.42225573,,,,,,,,,,,,,,,,
2.19142437,41.38436934,,,,,,,,,,,,,,,,
2.19142437,41.38436934,,,,,,,,,,,,,,,,
2.17772122,41.41374214,,,,,,,,,,,,,,,,
2.17772122,41.41374214,,,,,,,,,,,,,,,,
2.16254093,41.39225464,,,,,,,,,,,,,,,,
2.16254093,41.39225464,,,,,,,,,,,,,,,,
2.18498586,41.42689656,,,,,,,,,,,,,,,,
2.16975271,41.3924261,,,,,,,,,,,,,,,,
2.16975271,41.3924261,,,,,,,,,,,,,,,,
2.2005348,41.43731491,,,,,,,,,,,,,,,,
2.2005348,41.43731491,,,,,,,,,,,,,,,,
2.15849919,41.39244325,,,,,,,,,,,,,,,,
2.15849919,41.39244325,,,,,,,,,,,,,,,,
2.12354699,41.40097742,,,,,,,,,,,,,,,,
2.12354699,41.40097742,,,,,,,,,,,,,,,,
2.17998163,41.40689343,,,,,,,,,,,,,,,,
2.17998163,41.40689343,,,,,,,,,,,,,,,,
2.17984974,41.44597323,,,,,,,,,,,,,,,,
2.17984974,41.44597323,,,,,,,,,,,,,,,,
2.17984974,41.44597323,,,,,,,,,,,,,,,,
2.18454257,41.41691945,,,,,,,,,,,,,,,,
2.18454257,41.41691945,,,,,,,,,,,,,,,,
2.16944353,41.41491287,,,,,,,,,,,,,,,,
2.16944353,41.41491287,,,,,,,,,,,,,,,,
2.13893491,41.39091678,,,,,,,,,,,,,,,,
2.13893491,41.39091678,,,,,,,,,,,,,,,,
2.13893491,41.39091678,,,,,,,,,,,,,,,,
2.13583536,41.36441874,,,,,,,,,,,,,,,,
2.13583536,41.36441874,,,,,,,,,,,,,,,,
2.1649872,41.38767559,,,,,,,,,,,,,,,,
2.1649872,41.38767559,,,,,,,,,,,,,,,,
2.15810366,41.38220487,,,,,,,,,,,,,,,,
2.15810366,41.38220487,,,,,,,,,,,,,,,,
2.15810366,41.38220487,,,,,,,,,,,,,,,,
2.15810366,41.38220487,,,,,,,,,,,,,,,,
2.2046311,41.40091572,,,,,,,,,,,,,,,,
2.19817638,41.40315987,,,,,,,,,,,,,,,,
2.19817638,41.40315987,,,,,,,,,,,,,,,,
2.20469011,41.40751208,,,,,,,,,,,,,,,,
2.15906388,41.37566567,,,,,,,,,,,,,,,,
2.15906388,41.37566567,,,,,,,,,,,,,,,,
2.16636895,41.39498418,,,,,,,,,,,,,,,,
2.16636895,41.39498418,,,,,,,,,,,,,,,,
2.17859692,41.45170389,,,,,,,,,,,,,,,,
2.17859692,41.45170389,,,,,,,,,,,,,,,,
2.17887083,41.41121463,,,,,,,,,,,,,,,,
2.17887083,41.41121463,,,,,,,,,,,,,,,,
2.17887083,41.41121463,,,,,,,,,,,,,,,,
2.16152576,41.38659813,,,,,,,,,,,,,,,,
2.16152576,41.38659813,,,,,,,,,,,,,,,,
2.1503878,41.40600872,,,,,,,,,,,,,,,,
2.1503878,41.40600872,,,,,,,,,,,,,,,,
2.20339164,41.44309703,,,,,,,,,,,,,,,,
2.20339164,41.44309703,,,,,,,,,,,,,,,,
2.20339164,41.44309703,,,,,,,,,,,,,,,,
2.1449542,41.4080381,,,,,,,,,,,,,,,,
2.1449542,41.4080381,,,,,,,,,,,,,,,,
2.1227863,41.40077325,,,,,,,,,,,,,,,,
2.1227863,41.40077325,,,,,,,,,,,,,,,,
2.16866131,41.40521984,,,,,,,,,,,,,,,,
2.16866131,41.40521984,,,,,,,,,,,,,,,,
2.15471064,41.39531451,,,,,,,,,,,,,,,,
2.15471064,41.39531451,,,,,,,,,,,,,,,,
2.17622087,41.40253023,,,,,,,,,,,,,,,,
2.17622087,41.40253023,,,,,,,,,,,,,,,,
2.15044841,41.42290933,,,,,,,,,,,,,,,,
2.18474351,41.40733052,,,,,,,,,,,,,,,,
2.18474351,41.40733052,,,,,,,,,,,,,,,,
2.12059657,41.32948134,,,,,,,,,,,,,,,,
2.12059657,41.32948134,,,,,,,,,,,,,,,,
2.17008556,41.38549231,,,,,,,,,,,,,,,,
2.17008556,41.38549231,,,,,,,,,,,,,,,,
2.15941011,41.40409708,,,,,,,,,,,,,,,,
2.15941011,41.40409708,,,,,,,,,,,,,,,,
2.14358328,41.3984504,,,,,,,,,,,,,,,,
2.14358328,41.3984504,,,,,,,,,,,,,,,,
2.14358328,41.3984504,,,,,,,,,,,,,,,,
2.2046311,41.40091572,,,,,,,,,,,,,,,,
2.14828102,41.38648935,,,,,,,,,,,,,,,,
2.14828102,41.38648935,,,,,,,,,,,,,,,,
2.16573685,41.38941611,,,,,,,,,,,,,,,,
2.16573685,41.38941611,,,,,,,,,,,,,,,,
2.16526633,41.44090228,,,,,,,,,,,,,,,,
2.16526633,41.44090228,,,,,,,,,,,,,,,,
2.14248559,41.42552177,,,,,,,,,,,,,,,,
2.16290908,41.42034994,,,,,,,,,,,,,,,,
2.16290908,41.42034994,,,,,,,,,,,,,,,,
2.19469638,41.41452761,,,,,,,,,,,,,,,,
2.19469638,41.41452761,,,,,,,,,,,,,,,,
2.20300373,41.42857068,,,,,,,,,,,,,,,,
2.20300373,41.42857068,,,,,,,,,,,,,,,,
2.17544083,41.40178224,,,,,,,,,,,,,,,,
2.17544083,41.40178224,,,,,,,,,,,,,,,,
2.13699445,41.36334341,,,,,,,,,,,,,,,,
2.20149496,41.41965788,,,,,,,,,,,,,,,,
2.20149496,41.41965788,,,,,,,,,,,,,,,,
2.20149496,41.41965788,,,,,,,,,,,,,,,,
2.15219056,41.39270069,,,,,,,,,,,,,,,,
2.15219056,41.39270069,,,,,,,,,,,,,,,,
2.12683354,41.38862424,,,,,,,,,,,,,,,,
2.12683354,41.38862424,,,,,,,,,,,,,,,,
2.10509824,41.38588087,,,,,,,,,,,,,,,,
2.10509824,41.38588087,,,,,,,,,,,,,,,,
2.10509824,41.38588087,,,,,,,,,,,,,,,,
2.14344009,41.4280144,,,,,,,,,,,,,,,,
2.14344009,41.4280144,,,,,,,,,,,,,,,,
2.14344009,41.4280144,,,,,,,,,,,,,,,,
2.13885975,41.41784261,,,,,,,,,,,,,,,,
2.13885975,41.41784261,,,,,,,,,,,,,,,,
2.14702629,41.34925403,,,,,,,,,,,,,,,,
2.14702629,41.34925403,,,,,,,,,,,,,,,,
2.14702629,41.34925403,,,,,,,,,,,,,,,,
2.18537111,41.38631548,,,,,,,,,,,,,,,,
2.18537111,41.38631548,,,,,,,,,,,,,,,,
2.17037681,41.40836446,,,,,,,,,,,,,,,,
2.17037681,41.40836446,,,,,,,,,,,,,,,,
2.1653522,41.38724102,,,,,,,,,,,,,,,,
2.1653522,41.38724102,,,,,,,,,,,,,,,,
2.18008813,41.41726641,,,,,,,,,,,,,,,,
2.18008813,41.41726641,,,,,,,,,,,,,,,,
2.16477373,41.41002829,,,,,,,,,,,,,,,,
2.16477373,41.41002829,,,,,,,,,,,,,,,,
2.12249108,41.40709377,,,,,,,,,,,,,,,,
2.12249108,41.40709377,,,,,,,,,,,,,,,,
2.12249108,41.40709377,,,,,,,,,,,,,,,,
2.17782974,41.40187439,,,,,,,,,,,,,,,,
2.17782974,41.40187439,,,,,,,,,,,,,,,,
2.13053768,41.41350654,,,,,,,,,,,,,,,,
2.13053768,41.41350654,,,,,,,,,,,,,,,,
2.12771797,41.3846657,,,,,,,,,,,,,,,,
2.12771797,41.3846657,,,,,,,,,,,,,,,,
2.12327446,41.38727958,,,,,,,,,,,,,,,,
2.12327446,41.38727958,,,,,,,,,,,,,,,,
2.15471064,41.39531451,,,,,,,,,,,,,,,,
2.15471064,41.39531451,,,,,,,,,,,,,,,,
2.14576019,41.37768961,,,,,,,,,,,,,,,,
2.14576019,41.37768961,,,,,,,,,,,,,,,,
2.14576019,41.37768961,,,,,,,,,,,,,,,,
2.14188843,41.42375677,,,,,,,,,,,,,,,,
2.14188843,41.42375677,,,,,,,,,,,,,,,,
2.14188843,41.42375677,,,,,,,,,,,,,,,,
2.16033152,41.40069961,,,,,,,,,,,,,,,,
2.16033152,41.40069961,,,,,,,,,,,,,,,,
2.18245611,41.39463282,,,,,,,,,,,,,,,,
2.18245611,41.39463282,,,,,,,,,,,,,,,,
2.14675016,41.4339846,,,,,,,,,,,,,,,,
2.14675016,41.4339846,,,,,,,,,,,,,,,,
2.14675016,41.4339846,,,,,,,,,,,,,,,,
2.12696857,41.41110083,,,,,,,,,,,,,,,,
2.12696857,41.41110083,,,,,,,,,,,,,,,,
2.12696857,41.41110083,,,,,,,,,,,,,,,,
2.11206426,41.38444757,,,,,,,,,,,,,,,,
2.11206426,41.38444757,,,,,,,,,,,,,,,,
2.11206426,41.38444757,,,,,,,,,,,,,,,,
2.17442149,41.39403565,,,,,,,,,,,,,,,,
2.17442149,41.39403565,,,,,,,,,,,,,,,,
2.17429189,41.3992503,,,,,,,,,,,,,,,,
2.17429189,41.3992503,,,,,,,,,,,,,,,,
2.18011013,41.37787461,,,,,,,,,,,,,,,,
2.18011013,41.37787461,,,,,,,,,,,,,,,,
2.18011013,41.37787461,,,,,,,,,,,,,,,,
2.18011013,41.37787461,,,,,,,,,,,,,,,,
2.18815158,41.37870543,,,,,,,,,,,,,,,,
2.18815158,41.37870543,,,,,,,,,,,,,,,,
2.16296251,41.40813658,,,,,,,,,,,,,,,,
2.16296251,41.40813658,,,,,,,,,,,,,,,,
2.11164331,41.38500308,,,,,,,,,,,,,,,,
2.14547206,41.42974762,,,,,,,,,,,,,,,,
2.14547206,41.42974762,,,,,,,,,,,,,,,,
2.14547206,41.42974762,,,,,,,,,,,,,,,,
2.17779941,41.38542769,,,,,,,,,,,,,,,,
2.14672001,41.42188486,,,,,,,,,,,,,,,,
2.14672001,41.42188486,,,,,,,,,,,,,,,,
2.14672001,41.42188486,,,,,,,,,,,,,,,,
2.18313066,41.44657714,,,,,,,,,,,,,,,,
2.18313066,41.44657714,,,,,,,,,,,,,,,,
2.12967926,41.41474209,,,,,,,,,,,,,,,,
2.12967926,41.41474209,,,,,,,,,,,,,,,,
2.18955774,41.40023029,,,,,,,,,,,,,,,,
2.18955774,41.40023029,,,,,,,,,,,,,,,,
2.16415577,41.41209193,,,,,,,,,,,,,,,,
2.16415577,41.41209193,,,,,,,,,,,,,,,,
2.15529919,41.37519834,,,,,,,,,,,,,,,,
2.15529919,41.37519834,,,,,,,,,,,,,,,,
2.13524593,41.36408938,,,,,,,,,,,,,,,,
2.13524593,41.36408938,,,,,,,,,,,,,,,,
2.11717755,41.40421568,,,,,,,,,,,,,,,,
2.11717755,41.40421568,,,,,,,,,,,,,,,,
2.13095891,41.3756051,,,,,,,,,,,,,,,,
2.13095891,41.3756051,,,,,,,,,,,,,,,,
2.18058345,41.41960877,,,,,,,,,,,,,,,,
2.18058345,41.41960877,,,,,,,,,,,,,,,,
2.19247806,41.40493737,,,,,,,,,,,,,,,,
2.19247806,41.40493737,,,,,,,,,,,,,,,,
2.20521092,41.4076233,,,,,,,,,,,,,,,,
2.20521092,41.4076233,,,,,,,,,,,,,,,,
2.13393052,41.41446946,,,,,,,,,,,,,,,,
2.13393052,41.41446946,,,,,,,,,,,,,,,,
2.13393052,41.41446946,,,,,,,,,,,,,,,,
2.14188843,41.42375677,,,,,,,,,,,,,,,,
2.14188843,41.42375677,,,,,,,,,,,,,,,,
2.12535996,41.38780309,,,,,,,,,,,,,,,,
2.12535996,41.38780309,,,,,,,,,,,,,,,,
2.14760683,41.38441458,,,,,,,,,,,,,,,,
2.14760683,41.38441458,,,,,,,,,,,,,,,,
2.14760683,41.38441458,,,,,,,,,,,,,,,,
2.14760683,41.38441458,,,,,,,,,,,,,,,,
2.14760683,41.38441458,,,,,,,,,,,,,,,,
2.14760683,41.38441458,,,,,,,,,,,,,,,,
2.14760683,41.38441458,,,,,,,,,,,,,,,,
2.14760683,41.38441458,,,,,,,,,,,,,,,,
2.14760683,41.38441458,,,,,,,,,,,,,,,,
2.14760683,41.38441458,,,,,,,,,,,,,,,,
2.14760683,41.38441458,,,,,,,,,,,,,,,,
2.14760683,41.38441458,,,,,,,,,,,,,,,,
2.19389476,41.38599707,,,,,,,,,,,,,,,,
2.19389476,41.38599707,,,,,,,,,,,,,,,,
2.15806915,41.38208853,,,,,,,,,,,,,,,,
2.15806915,41.38208853,,,,,,,,,,,,,,,,
2.13393052,41.41446946,,,,,,,,,,,,,,,,
2.13393052,41.41446946,,,,,,,,,,,,,,,,
2.18221875,41.40518806,,,,,,,,,,,,,,,,
2.18221875,41.40518806,,,,,,,,,,,,,,,,
2.12672817,41.40320795,,,,,,,,,,,,,,,,
2.12672817,41.40320795,,,,,,,,,,,,,,,,
2.1648836,41.39216196,,,,,,,,,,,,,,,,
2.1648836,41.39216196,,,,,,,,,,,,,,,,
2.15708563,41.41109158,,,,,,,,,,,,,,,,
2.15708563,41.41109158,,,,,,,,,,,,,,,,
2.13354547,41.38115587,,,,,,,,,,,,,,,,
2.15513489,41.41995417,,,,,,,,,,,,,,,,
2.15513489,41.41995417,,,,,,,,,,,,,,,,
2.16827407,41.38941583,,,,,,,,,,,,,,,,
2.16827407,41.38941583,,,,,,,,,,,,,,,,
2.16827407,41.38941583,,,,,,,,,,,,,,,,
2.17374392,41.36930134,,,,,,,,,,,,,,,,
2.17374392,41.36930134,,,,,,,,,,,,,,,,
2.17374392,41.36930134,,,,,,,,,,,,,,,,
2.10758858,41.38904535,,,,,,,,,,,,,,,,
2.10758858,41.38904535,,,,,,,,,,,,,,,,
2.1395818,41.39770388,,,,,,,,,,,,,,,,
2.1395818,41.39770388,,,,,,,,,,,,,,,,
2.17912717,41.44431634,,,,,,,,,,,,,,,,
2.17912717,41.44431634,,,,,,,,,,,,,,,,
2.17441831,41.40614161,,,,,,,,,,,,,,,,
2.17441831,41.40614161,,,,,,,,,,,,,,,,
2.17441831,41.40614161,,,,,,,,,,,,,,,,
2.14828391,41.38307905,,,,,,,,,,,,,,,,
2.14828391,41.38307905,,,,,,,,,,,,,,,,
2.18126525,41.38910346,,,,,,,,,,,,,,,,
2.18126525,41.38910346,,,,,,,,,,,,,,,,
2.16045815,41.39040885,,,,,,,,,,,,,,,,
2.21073735,41.41606009,,,,,,,,,,,,,,,,
2.21073735,41.41606009,,,,,,,,,,,,,,,,
2.18324485,41.41633339,,,,,,,,,,,,,,,,
2.18324485,41.41633339,,,,,,,,,,,,,,,,
2.15223398,41.39301707,,,,,,,,,,,,,,,,
2.15223398,41.39301707,,,,,,,,,,,,,,,,
2.1523768,41.40872187,,,,,,,,,,,,,,,,
2.1523768,41.40872187,,,,,,,,,,,,,,,,
2.15387739,41.41340308,,,,,,,,,,,,,,,,
2.16497479,41.37675564,,,,,,,,,,,,,,,,
2.16497479,41.37675564,,,,,,,,,,,,,,,,
2.10966458,41.38348926,,,,,,,,,,,,,,,,
2.10966458,41.38348926,,,,,,,,,,,,,,,,
2.10966458,41.38348926,,,,,,,,,,,,,,,,
2.13337368,41.41494516,,,,,,,,,,,,,,,,
2.13337368,41.41494516,,,,,,,,,,,,,,,,
2.17665545,41.37442665,,,,,,,,,,,,,,,,
2.17665545,41.37442665,,,,,,,,,,,,,,,,
2.18076411,41.42043368,,,,,,,,,,,,,,,,
2.18076411,41.42043368,,,,,,,,,,,,,,,,
2.17098797,41.3914822,,,,,,,,,,,,,,,,
2.17098797,41.3914822,,,,,,,,,,,,,,,,
2.17098797,41.3914822,,,,,,,,,,,,,,,,
2.13652857,41.35417686,,,,,,,,,,,,,,,,
2.13652857,41.35417686,,,,,,,,,,,,,,,,
2.2003829,41.43921242,,,,,,,,,,,,,,,,
2.15730505,41.41083552,,,,,,,,,,,,,,,,
2.15730505,41.41083552,,,,,,,,,,,,,,,,
2.17742959,41.42587726,,,,,,,,,,,,,,,,
2.17742959,41.42587726,,,,,,,,,,,,,,,,
2.15690935,41.38154968,,,,,,,,,,,,,,,,
2.15690935,41.38154968,,,,,,,,,,,,,,,,
2.16311045,41.39745262,,,,,,,,,,,,,,,,
2.16311045,41.39745262,,,,,,,,,,,,,,,,
2.14364477,41.39050273,,,,,,,,,,,,,,,,
2.14364477,41.39050273,,,,,,,,,,,,,,,,
2.13764129,41.36637733,,,,,,,,,,,,,,,,
2.13764129,41.36637733,,,,,,,,,,,,,,,,
2.16952987,41.36269923,,,,,,,,,,,,,,,,
2.16952987,41.36269923,,,,,,,,,,,,,,,,
2.16952987,41.36269923,,,,,,,,,,,,,,,,
2.14354958,41.39126917,,,,,,,,,,,,,,,,
2.14354958,41.39126917,,,,,,,,,,,,,,,,
2.14354958,41.39126917,,,,,,,,,,,,,,,,
2.14248559,41.42552177,,,,,,,,,,,,,,,,
2.14248559,41.42552177,,,,,,,,,,,,,,,,
2.18282664,41.41054234,,,,,,,,,,,,,,,,
2.18980964,41.38374602,,,,,,,,,,,,,,,,
2.18980964,41.38374602,,,,,,,,,,,,,,,,
2.18169097,41.41656836,,,,,,,,,,,,,,,,
2.18169097,41.41656836,,,,,,,,,,,,,,,,
2.13056665,41.37996904,,,,,,,,,,,,,,,,
2.13056665,41.37996904,,,,,,,,,,,,,,,,
2.17008515,41.38794915,,,,,,,,,,,,,,,,
2.13426716,41.39968857,,,,,,,,,,,,,,,,
2.13426716,41.39968857,,,,,,,,,,,,,,,,
2.19961938,41.40558998,,,,,,,,,,,,,,,,
2.19961938,41.40558998,,,,,,,,,,,,,,,,
2.19961938,41.40558998,,,,,,,,,,,,,,,,
2.15892223,41.39771551,,,,,,,,,,,,,,,,
2.20172032,41.42747489,,,,,,,,,,,,,,,,
2.14296803,41.38765766,,,,,,,,,,,,,,,,
2.14296803,41.38765766,,,,,,,,,,,,,,,,
2.15965025,41.3826181,,,,,,,,,,,,,,,,
2.15965025,41.3826181,,,,,,,,,,,,,,,,
2.17517881,41.37247514,,,,,,,,,,,,,,,,
2.17517881,41.37247514,,,,,,,,,,,,,,,,
2.18311441,41.40023258,,,,,,,,,,,,,,,,
2.14364477,41.39050273,,,,,,,,,,,,,,,,
2.14364477,41.39050273,,,,,,,,,,,,,,,,
2.14364477,41.39050273,,,,,,,,,,,,,,,,
2.12324411,41.37483836,,,,,,,,,,,,,,,,
2.12324411,41.37483836,,,,,,,,,,,,,,,,
2.12324411,41.37483836,,,,,,,,,,,,,,,,
2.10587733,41.40290766,,,,,,,,,,,,,,,,
2.18156249,41.40652808,,,,,,,,,,,,,,,,
2.18156249,41.40652808,,,,,,,,,,,,,,,,
2.1777185,41.41032024,,,,,,,,,,,,,,,,
2.19165535,41.42375254,,,,,,,,,,,,,,,,
2.19165535,41.42375254,,,,,,,,,,,,,,,,
2.16827407,41.38941583,,,,,,,,,,,,,,,,
2.16827407,41.38941583,,,,,,,,,,,,,,,,
2.16827407,41.38941583,,,,,,,,,,,,,,,,
2.21954601,41.41507769,,,,,,,,,,,,,,,,
2.21954601,41.41507769,,,,,,,,,,,,,,,,
2.21954601,41.41507769,,,,,,,,,,,,,,,,
2.12984429,41.38952632,,,,,,,,,,,,,,,,
2.12984429,41.38952632,,,,,,,,,,,,,,,,
2.10966458,41.38348926,,,,,,,,,,,,,,,,
2.10966458,41.38348926,,,,,,,,,,,,,,,,
2.12908328,41.3793603,,,,,,,,,,,,,,,,
2.12908328,41.3793603,,,,,,,,,,,,,,,,
2.179295,41.44526685,,,,,,,,,,,,,,,,
2.179295,41.44526685,,,,,,,,,,,,,,,,
2.17935112,41.40658132,,,,,,,,,,,,,,,,
2.17935112,41.40658132,,,,,,,,,,,,,,,,
2.17794514,41.40225523,,,,,,,,,,,,,,,,
2.17794514,41.40225523,,,,,,,,,,,,,,,,
2.19818961,41.41188794,,,,,,,,,,,,,,,,
2.19818961,41.41188794,,,,,,,,,,,,,,,,
2.15887797,41.41694874,,,,,,,,,,,,,,,,
2.15887797,41.41694874,,,,,,,,,,,,,,,,
2.17898541,41.39779207,,,,,,,,,,,,,,,,
2.17898541,41.39779207,,,,,,,,,,,,,,,,
2.17497903,41.4006559,,,,,,,,,,,,,,,,
2.17497903,41.4006559,,,,,,,,,,,,,,,,
2.18647594,41.4120298,,,,,,,,,,,,,,,,
2.18647594,41.4120298,,,,,,,,,,,,,,,,
2.18717109,41.39261447,,,,,,,,,,,,,,,,
2.18717109,41.39261447,,,,,,,,,,,,,,,,
2.18717109,41.39261447,,,,,,,,,,,,,,,,
2.14795834,41.39724394,,,,,,,,,,,,,,,,
2.14795834,41.39724394,,,,,,,,,,,,,,,,
2.21170358,41.40456424,,,,,,,,,,,,,,,,
2.21170358,41.40456424,,,,,,,,,,,,,,,,
2.15394705,41.38562071,,,,,,,,,,,,,,,,
2.15394705,41.38562071,,,,,,,,,,,,,,,,
2.15020232,41.40417535,,,,,,,,,,,,,,,,
2.15020232,41.40417535,,,,,,,,,,,,,,,,
2.14711149,41.37728829,,,,,,,,,,,,,,,,
2.14711149,41.37728829,,,,,,,,,,,,,,,,
2.17630792,41.37476239,,,,,,,,,,,,,,,,
2.17630792,41.37476239,,,,,,,,,,,,,,,,
2.17630792,41.37476239,,,,,,,,,,,,,,,,
2.20200428,41.40957953,,,,,,,,,,,,,,,,
2.20200428,41.40957953,,,,,,,,,,,,,,,,
2.14615227,41.3939733,,,,,,,,,,,,,,,,
2.14615227,41.3939733,,,,,,,,,,,,,,,,
2.14344009,41.4280144,,,,,,,,,,,,,,,,
2.14344009,41.4280144,,,,,,,,,,,,,,,,
2.14344009,41.4280144,,,,,,,,,,,,,,,,
2.14344009,41.4280144,,,,,,,,,,,,,,,,
2.16781109,41.38301204,,,,,,,,,,,,,,,,
2.16781109,41.38301204,,,,,,,,,,,,,,,,
2.15065135,41.43745351,,,,,,,,,,,,,,,,
2.15065135,41.43745351,,,,,,,,,,,,,,,,
2.12353941,41.39340173,,,,,,,,,,,,,,,,
2.17988637,41.39090083,,,,,,,,,,,,,,,,
2.17988637,41.39090083,,,,,,,,,,,,,,,,
2.17861905,41.42270081,,,,,,,,,,,,,,,,
2.17861905,41.42270081,,,,,,,,,,,,,,,,
2.13794315,41.36204304,,,,,,,,,,,,,,,,
2.13794315,41.36204304,,,,,,,,,,,,,,,,
2.21000786,41.42052235,,,,,,,,,,,,,,,,
2.21000786,41.42052235,,,,,,,,,,,,,,,,
2.17110417,41.40152707,,,,,,,,,,,,,,,,
2.15174526,41.39976824,,,,,,,,,,,,,,,,
2.15174526,41.39976824,,,,,,,,,,,,,,,,
2.16093828,41.37692491,,,,,,,,,,,,,,,,
2.16093828,41.37692491,,,,,,,,,,,,,,,,
2.20033759,41.42048334,,,,,,,,,,,,,,,,
2.20033759,41.42048334,,,,,,,,,,,,,,,,
2.17173566,41.40601347,,,,,,,,,,,,,,,,
2.17173566,41.40601347,,,,,,,,,,,,,,,,
2.1432207,41.39886565,,,,,,,,,,,,,,,,
2.17442149,41.39403565,,,,,,,,,,,,,,,,
2.17442149,41.39403565,,,,,,,,,,,,,,,,
2.20244034,41.44748887,,,,,,,,,,,,,,,,
2.20244034,41.44748887,,,,,,,,,,,,,,,,
2.17469568,41.39494939,,,,,,,,,,,,,,,,
2.17469568,41.39494939,,,,,,,,,,,,,,,,
2.14828026,41.37967576,,,,,,,,,,,,,,,,
2.14828026,41.37967576,,,,,,,,,,,,,,,,
2.13268747,41.39025954,,,,,,,,,,,,,,,,
2.13268747,41.39025954,,,,,,,,,,,,,,,,
2.13268747,41.39025954,,,,,,,,,,,,,,,,
2.17724269,41.37480675,,,,,,,,,,,,,,,,
2.17724269,41.37480675,,,,,,,,,,,,,,,,
2.15561102,41.40493584,,,,,,,,,,,,,,,,
2.15561102,41.40493584,,,,,,,,,,,,,,,,
2.17782974,41.40187439,,,,,,,,,,,,,,,,
2.17782974,41.40187439,,,,,,,,,,,,,,,,
2.18392436,41.39879875,,,,,,,,,,,,,,,,
2.18392436,41.39879875,,,,,,,,,,,,,,,,
2.1964293,41.38576848,,,,,,,,,,,,,,,,
2.1964293,41.38576848,,,,,,,,,,,,,,,,
2.15026563,41.39443893,,,,,,,,,,,,,,,,
2.15026563,41.39443893,,,,,,,,,,,,,,,,
2.15140946,41.37165477,,,,,,,,,,,,,,,,
2.15140946,41.37165477,,,,,,,,,,,,,,,,
2.15140946,41.37165477,,,,,,,,,,,,,,,,
2.17657793,41.40946429,,,,,,,,,,,,,,,,
2.17657793,41.40946429,,,,,,,,,,,,,,,,
2.18119883,41.39910881,,,,,,,,,,,,,,,,
2.18119883,41.39910881,,,,,,,,,,,,,,,,
2.1802011,41.39307293,,,,,,,,,,,,,,,,
2.1802011,41.39307293,,,,,,,,,,,,,,,,
2.15491013,41.37762838,,,,,,,,,,,,,,,,
2.15491013,41.37762838,,,,,,,,,,,,,,,,
2.14995483,41.37600694,,,,,,,,,,,,,,,,
2.14995483,41.37600694,,,,,,,,,,,,,,,,
2.14995483,41.37600694,,,,,,,,,,,,,,,,
2.16415049,41.40350303,,,,,,,,,,,,,,,,
2.16415049,41.40350303,,,,,,,,,,,,,,,,
2.16415049,41.40350303,,,,,,,,,,,,,,,,
2.1376118,41.40292622,,,,,,,,,,,,,,,,
2.1376118,41.40292622,,,,,,,,,,,,,,,,
2.15683078,41.40882108,,,,,,,,,,,,,,,,
2.15683078,41.40882108,,,,,,,,,,,,,,,,
2.15683078,41.40882108,,,,,,,,,,,,,,,,
2.21089671,41.40009139,,,,,,,,,,,,,,,,
2.21089671,41.40009139,,,,,,,,,,,,,,,,
2.13454592,41.38464186,,,,,,,,,,,,,,,,
2.13454592,41.38464186,,,,,,,,,,,,,,,,
2.21735167,41.40902841,,,,,,,,,,,,,,,,
2.21735167,41.40902841,,,,,,,,,,,,,,,,
2.21735167,41.40902841,,,,,,,,,,,,,,,,
2.16976933,41.4026713,,,,,,,,,,,,,,,,
2.16976933,41.4026713,,,,,,,,,,,,,,,,
2.16976933,41.4026713,,,,,,,,,,,,,,,,
2.20274414,41.39306461,,,,,,,,,,,,,,,,
2.20274414,41.39306461,,,,,,,,,,,,,,,,
2.18854214,41.41517783,,,,,,,,,,,,,,,,
2.1475183,41.37383357,,,,,,,,,,,,,,,,
2.1475183,41.37383357,,,,,,,,,,,,,,,,
2.15781086,41.38664783,,,,,,,,,,,,,,,,
2.15781086,41.38664783,,,,,,,,,,,,,,,,
2.15781086,41.38664783,,,,,,,,,,,,,,,,
2.13889473,41.38904185,,,,,,,,,,,,,,,,
2.13889473,41.38904185,,,,,,,,,,,,,,,,
2.15054459,41.38307694,,,,,,,,,,,,,,,,
2.15054459,41.38307694,,,,,,,,,,,,,,,,
2.20838743,41.39970818,,,,,,,,,,,,,,,,
2.20838743,41.39970818,,,,,,,,,,,,,,,,
2.18381098,41.42855892,,,,,,,,,,,,,,,,
2.18381098,41.42855892,,,,,,,,,,,,,,,,
2.14072038,41.40441788,,,,,,,,,,,,,,,,
2.14072038,41.40441788,,,,,,,,,,,,,,,,
2.18020461,41.40550838,,,,,,,,,,,,,,,,
2.18020461,41.40550838,,,,,,,,,,,,,,,,
2.18020461,41.40550838,,,,,,,,,,,,,,,,
2.10449759,41.41346871,,,,,,,,,,,,,,,,
2.10449759,41.41346871,,,,,,,,,,,,,,,,
2.14188843,41.42375677,,,,,,,,,,,,,,,,
2.14188843,41.42375677,,,,,,,,,,,,,,,,
2.14188843,41.42375677,,,,,,,,,,,,,,,,
2.14188843,41.42375677,,,,,,,,,,,,,,,,
2.14188843,41.42375677,,,,,,,,,,,,,,,,
2.13285237,41.39777667,,,,,,,,,,,,,,,,
2.13285237,41.39777667,,,,,,,,,,,,,,,,
2.20510828,41.40668915,,,,,,,,,,,,,,,,
2.20510828,41.40668915,,,,,,,,,,,,,,,,
2.20510828,41.40668915,,,,,,,,,,,,,,,,
2.16755362,41.4121538,,,,,,,,,,,,,,,,
2.16755362,41.4121538,,,,,,,,,,,,,,,,
2.16755362,41.4121538,,,,,,,,,,,,,,,,
2.17069986,41.41392619,,,,,,,,,,,,,,,,
2.17069986,41.41392619,,,,,,,,,,,,,,,,
2.1425061,41.39212063,,,,,,,,,,,,,,,,
2.1425061,41.39212063,,,,,,,,,,,,,,,,
2.1125791,41.39729068,,,,,,,,,,,,,,,,
2.1125791,41.39729068,,,,,,,,,,,,,,,,
2.1125791,41.39729068,,,,,,,,,,,,,,,,
2.1125791,41.39729068,,,,,,,,,,,,,,,,
2.16383444,41.4086261,,,,,,,,,,,,,,,,
2.16383444,41.4086261,,,,,,,,,,,,,,,,
2.17711312,41.3957293,,,,,,,,,,,,,,,,
2.17711312,41.3957293,,,,,,,,,,,,,,,,
2.13325143,41.39636679,,,,,,,,,,,,,,,,
2.13325143,41.39636679,,,,,,,,,,,,,,,,
2.19303396,41.40783275,,,,,,,,,,,,,,,,
2.19303396,41.40783275,,,,,,,,,,,,,,,,
2.16385661,41.40525368,,,,,,,,,,,,,,,,
2.16385661,41.40525368,,,,,,,,,,,,,,,,
2.18350407,41.43224404,,,,,,,,,,,,,,,,
2.18350407,41.43224404,,,,,,,,,,,,,,,,
2.18019601,41.4155881,,,,,,,,,,,,,,,,
2.18019601,41.4155881,,,,,,,,,,,,,,,,
2.14940987,41.38052036,,,,,,,,,,,,,,,,
2.14940987,41.38052036,,,,,,,,,,,,,,,,
2.19427411,41.41505005,,,,,,,,,,,,,,,,
2.19427411,41.41505005,,,,,,,,,,,,,,,,
2.14886185,41.42130385,,,,,,,,,,,,,,,,
2.14886185,41.42130385,,,,,,,,,,,,,,,,
2.14445496,41.42980254,,,,,,,,,,,,,,,,
2.14445496,41.42980254,,,,,,,,,,,,,,,,
2.14445496,41.42980254,,,,,,,,,,,,,,,,
2.14445496,41.42980254,,,,,,,,,,,,,,,,
2.17342919,41.46117207,,,,,,,,,,,,,,,,
2.17342919,41.46117207,,,,,,,,,,,,,,,,
2.17542793,41.40007292,,,,,,,,,,,,,,,,
2.17542793,41.40007292,,,,,,,,,,,,,,,,
2.21000786,41.42052235,,,,,,,,,,,,,,,,
2.21000786,41.42052235,,,,,,,,,,,,,,,,
2.19071823,41.44642116,,,,,,,,,,,,,,,,
2.19071823,41.44642116,,,,,,,,,,,,,,,,
2.13741659,41.39698112,,,,,,,,,,,,,,,,
2.13741659,41.39698112,,,,,,,,,,,,,,,,
2.14590961,41.3779931,,,,,,,,,,,,,,,,
2.14590961,41.3779931,,,,,,,,,,,,,,,,
2.14590961,41.3779931,,,,,,,,,,,,,,,,
2.15733515,41.38817777,,,,,,,,,,,,,,,,
2.15733515,41.38817777,,,,,,,,,,,,,,,,
2.20438684,41.42208257,,,,,,,,,,,,,,,,
2.20438684,41.42208257,,,,,,,,,,,,,,,,
2.16186392,41.38648059,,,,,,,,,,,,,,,,
2.16186392,41.38648059,,,,,,,,,,,,,,,,
2.16186392,41.38648059,,,,,,,,,,,,,,,,
2.16186392,41.38648059,,,,,,,,,,,,,,,,
2.16186392,41.38648059,,,,,,,,,,,,,,,,
2.16186392,41.38648059,,,,,,,,,,,,,,,,
2.16186392,41.38648059,,,,,,,,,,,,,,,,
2.16186392,41.38648059,,,,,,,,,,,,,,,,
2.16186392,41.38648059,,,,,,,,,,,,,,,,
2.16186392,41.38648059,,,,,,,,,,,,,,,,
2.16702361,41.38848379,,,,,,,,,,,,,,,,
2.16702361,41.38848379,,,,,,,,,,,,,,,,
2.14498432,41.39285888,,,,,,,,,,,,,,,,
2.14498432,41.39285888,,,,,,,,,,,,,,,,
2.1378708,41.41366149,,,,,,,,,,,,,,,,
2.1378708,41.41366149,,,,,,,,,,,,,,,,
2.17346933,41.41957982,,,,,,,,,,,,,,,,
2.17346933,41.41957982,,,,,,,,,,,,,,,,
2.19031805,41.39394053,,,,,,,,,,,,,,,,
2.19031805,41.39394053,,,,,,,,,,,,,,,,
2.15169043,41.3602712,,,,,,,,,,,,,,,,
2.15169043,41.3602712,,,,,,,,,,,,,,,,
2.20787251,41.40121269,,,,,,,,,,,,,,,,
2.20787251,41.40121269,,,,,,,,,,,,,,,,
2.19520422,41.41520056,,,,,,,,,,,,,,,,
2.19520422,41.41520056,,,,,,,,,,,,,,,,
2.19520422,41.41520056,,,,,,,,,,,,,,,,
2.13372588,41.36347121,,,,,,,,,,,,,,,,
2.13372588,41.36347121,,,,,,,,,,,,,,,,
2.13658299,41.39169472,,,,,,,,,,,,,,,,
2.13658299,41.39169472,,,,,,,,,,,,,,,,
2.1720366,41.39753948,,,,,,,,,,,,,,,,
2.1720366,41.39753948,,,,,,,,,,,,,,,,
2.1869935,41.38243228,,,,,,,,,,,,,,,,
2.1869935,41.38243228,,,,,,,,,,,,,,,,
2.15103906,41.40820477,,,,,,,,,,,,,,,,
2.15103906,41.40820477,,,,,,,,,,,,,,,,
2.20170319,41.44817732,,,,,,,,,,,,,,,,
2.12853588,41.38024386,,,,,,,,,,,,,,,,
2.12853588,41.38024386,,,,,,,,,,,,,,,,
2.17680695,41.39392453,,,,,,,,,,,,,,,,
2.17680695,41.39392453,,,,,,,,,,,,,,,,
2.17680695,41.39392453,,,,,,,,,,,,,,,,
2.2023445,41.44552567,,,,,,,,,,,,,,,,
2.16526633,41.44090228,,,,,,,,,,,,,,,,
2.16526633,41.44090228,,,,,,,,,,,,,,,,
2.15008797,41.40342907,,,,,,,,,,,,,,,,
2.15008797,41.40342907,,,,,,,,,,,,,,,,
2.12876417,41.38823865,,,,,,,,,,,,,,,,
2.12876417,41.38823865,,,,,,,,,,,,,,,,
2.17746479,41.40318883,,,,,,,,,,,,,,,,
2.17746479,41.40318883,,,,,,,,,,,,,,,,
2.17746479,41.40318883,,,,,,,,,,,,,,,,
2.16294404,41.39926154,,,,,,,,,,,,,,,,
2.16294404,41.39926154,,,,,,,,,,,,,,,,
2.20163399,41.4144445,,,,,,,,,,,,,,,,
2.20163399,41.4144445,,,,,,,,,,,,,,,,
2.14827183,41.38987951,,,,,,,,,,,,,,,,
2.14827183,41.38987951,,,,,,,,,,,,,,,,
2.13285237,41.39777667,,,,,,,,,,,,,,,,
2.13285237,41.39777667,,,,,,,,,,,,,,,,
2.1895057,41.37529092,,,,,,,,,,,,,,,,
2.172722,41.44372066,,,,,,,,,,,,,,,,
2.172722,41.44372066,,,,,,,,,,,,,,,,
2.172722,41.44372066,,,,,,,,,,,,,,,,
2.2085327,41.42027255,,,,,,,,,,,,,,,,
2.2085327,41.42027255,,,,,,,,,,,,,,,,
2.2085327,41.42027255,,,,,,,,,,,,,,,,
2.15620472,41.38733005,,,,,,,,,,,,,,,,
2.15620472,41.38733005,,,,,,,,,,,,,,,,
2.15620472,41.38733005,,,,,,,,,,,,,,,,
2.13787434,41.41567568,,,,,,,,,,,,,,,,
2.13787434,41.41567568,,,,,,,,,,,,,,,,
2.13787434,41.41567568,,,,,,,,,,,,,,,,
2.16665253,41.40385262,,,,,,,,,,,,,,,,
2.16665253,41.40385262,,,,,,,,,,,,,,,,
2.16935525,41.44277535,,,,,,,,,,,,,,,,
2.16935525,41.44277535,,,,,,,,,,,,,,,,
2.11847496,41.39044652,,,,,,,,,,,,,,,,
2.11847496,41.39044652,,,,,,,,,,,,,,,,
2.15604022,41.42959319,,,,,,,,,,,,,,,,
2.15604022,41.42959319,,,,,,,,,,,,,,,,
2.16174488,41.39430064,,,,,,,,,,,,,,,,
2.16174488,41.39430064,,,,,,,,,,,,,,,,
2.1568189,41.39560987,,,,,,,,,,,,,,,,
2.1568189,41.39560987,,,,,,,,,,,,,,,,
2.1634473,41.39107401,,,,,,,,,,,,,,,,
2.1528033,41.38307252,,,,,,,,,,,,,,,,
2.1528033,41.38307252,,,,,,,,,,,,,,,,
2.14479243,41.3485763,,,,,,,,,,,,,,,,
2.16500517,41.3975993,,,,,,,,,,,,,,,,
2.16500517,41.3975993,,,,,,,,,,,,,,,,
2.15257497,41.43768327,,,,,,,,,,,,,,,,
2.14224411,41.39175848,,,,,,,,,,,,,,,,
2.14224411,41.39175848,,,,,,,,,,,,,,,,
2.13430041,41.35948913,,,,,,,,,,,,,,,,
2.14169625,41.42381989,,,,,,,,,,,,,,,,
2.14169625,41.42381989,,,,,,,,,,,,,,,,
2.17995267,41.40006212,,,,,,,,,,,,,,,,
2.17995267,41.40006212,,,,,,,,,,,,,,,,
2.1720366,41.39753948,,,,,,,,,,,,,,,,
2.1720366,41.39753948,,,,,,,,,,,,,,,,
2.1169806,41.39931918,,,,,,,,,,,,,,,,
2.1169806,41.39931918,,,,,,,,,,,,,,,,
2.1169806,41.39931918,,,,,,,,,,,,,,,,
2.12280595,41.33333223,,,,,,,,,,,,,,,,
2.12280595,41.33333223,,,,,,,,,,,,,,,,
2.20396202,41.40756519,,,,,,,,,,,,,,,,
2.20396202,41.40756519,,,,,,,,,,,,,,,,
2.16645009,41.41478368,,,,,,,,,,,,,,,,
2.16645009,41.41478368,,,,,,,,,,,,,,,,
2.14432965,41.41212756,,,,,,,,,,,,,,,,
2.14432965,41.41212756,,,,,,,,,,,,,,,,
2.14432965,41.41212756,,,,,,,,,,,,,,,,
2.1879273,41.44844367,,,,,,,,,,,,,,,,
2.1879273,41.44844367,,,,,,,,,,,,,,,,
2.16694523,41.38809753,,,,,,,,,,,,,,,,
2.17901995,41.40305962,,,,,,,,,,,,,,,,
2.17901995,41.40305962,,,,,,,,,,,,,,,,
2.14828701,41.39160409,,,,,,,,,,,,,,,,
2.14828701,41.39160409,,,,,,,,,,,,,,,,
2.14293684,41.39274747,,,,,,,,,,,,,,,,
2.14293684,41.39274747,,,,,,,,,,,,,,,,
2.17644084,41.39512783,,,,,,,,,,,,,,,,
2.17644084,41.39512783,,,,,,,,,,,,,,,,
2.17644084,41.39512783,,,,,,,,,,,,,,,,
2.17644084,41.39512783,,,,,,,,,,,,,,,,
2.17222538,41.41784416,,,,,,,,,,,,,,,,
2.17222538,41.41784416,,,,,,,,,,,,,,,,
2.17222538,41.41784416,,,,,,,,,,,,,,,,
2.1568993,41.37544851,,,,,,,,,,,,,,,,
2.1568993,41.37544851,,,,,,,,,,,,,,,,
2.16701286,41.36985641,,,,,,,,,,,,,,,,
2.16701286,41.36985641,,,,,,,,,,,,,,,,
2.16184651,41.39671768,,,,,,,,,,,,,,,,
2.16184651,41.39671768,,,,,,,,,,,,,,,,
2.15122088,41.40828727,,,,,,,,,,,,,,,,
2.15122088,41.40828727,,,,,,,,,,,,,,,,
2.15958938,41.43947186,,,,,,,,,,,,,,,,
2.15958938,41.43947186,,,,,,,,,,,,,,,,
2.15835953,41.40779868,,,,,,,,,,,,,,,,
2.17675771,41.40918846,,,,,,,,,,,,,,,,
2.17675771,41.40918846,,,,,,,,,,,,,,,,
2.17675771,41.40918846,,,,,,,,,,,,,,,,
2.16700629,41.39356779,,,,,,,,,,,,,,,,
2.16700629,41.39356779,,,,,,,,,,,,,,,,
2.16700629,41.39356779,,,,,,,,,,,,,,,,
2.16827407,41.38941583,,,,,,,,,,,,,,,,
2.16827407,41.38941583,,,,,,,,,,,,,,,,
2.13425204,41.3906551,,,,,,,,,,,,,,,,
2.13425204,41.3906551,,,,,,,,,,,,,,,,
2.13425204,41.3906551,,,,,,,,,,,,,,,,
2.14293346,41.37070414,,,,,,,,,,,,,,,,
2.14293346,41.37070414,,,,,,,,,,,,,,,,
2.15728679,41.41122127,,,,,,,,,,,,,,,,
2.15728679,41.41122127,,,,,,,,,,,,,,,,
2.14956851,41.3910111,,,,,,,,,,,,,,,,
2.14956851,41.3910111,,,,,,,,,,,,,,,,
2.13781084,41.38458478,,,,,,,,,,,,,,,,
2.13781084,41.38458478,,,,,,,,,,,,,,,,
2.16828379,41.44342891,,,,,,,,,,,,,,,,
2.17089598,41.39327017,,,,,,,,,,,,,,,,
2.17089598,41.39327017,,,,,,,,,,,,,,,,
2.18311162,41.38831828,,,,,,,,,,,,,,,,
2.18311162,41.38831828,,,,,,,,,,,,,,,,
2.16992938,41.36955721,,,,,,,,,,,,,,,,
2.22236458,41.41130859,,,,,,,,,,,,,,,,
2.22236458,41.41130859,,,,,,,,,,,,,,,,
2.12332555,41.39088676,,,,,,,,,,,,,,,,
2.12332555,41.39088676,,,,,,,,,,,,,,,,
2.1532574,41.39846196,,,,,,,,,,,,,,,,
2.16932218,41.40558714,,,,,,,,,,,,,,,,
2.16932218,41.40558714,,,,,,,,,,,,,,,,
2.14662864,41.41078911,,,,,,,,,,,,,,,,
2.14662864,41.41078911,,,,,,,,,,,,,,,,
2.15643135,41.37498794,,,,,,,,,,,,,,,,
2.15643135,41.37498794,,,,,,,,,,,,,,,,
2.15643135,41.37498794,,,,,,,,,,,,,,,,
2.19169493,41.42508967,,,,,,,,,,,,,,,,
2.19169493,41.42508967,,,,,,,,,,,,,,,,
2.15471064,41.39531451,,,,,,,,,,,,,,,,
2.15471064,41.39531451,,,,,,,,,,,,,,,,
2.2162965,41.41108652,,,,,,,,,,,,,,,,
2.2162965,41.41108652,,,,,,,,,,,,,,,,
2.10976139,41.39335051,,,,,,,,,,,,,,,,
2.10976139,41.39335051,,,,,,,,,,,,,,,,
2.10976139,41.39335051,,,,,,,,,,,,,,,,
2.18094263,41.38029852,,,,,,,,,,,,,,,,
2.18094263,41.38029852,,,,,,,,,,,,,,,,
2.15879398,41.43964784,,,,,,,,,,,,,,,,
2.15879398,41.43964784,,,,,,,,,,,,,,,,
2.15879398,41.43964784,,,,,,,,,,,,,,,,
2.12082297,41.42342487,,,,,,,,,,,,,,,,
2.12082297,41.42342487,,,,,,,,,,,,,,,,
2.15848732,41.38173747,,,,,,,,,,,,,,,,
2.15848732,41.38173747,,,,,,,,,,,,,,,,
2.15848732,41.38173747,,,,,,,,,,,,,,,,
2.16702361,41.38848379,,,,,,,,,,,,,,,,
2.16702361,41.38848379,,,,,,,,,,,,,,,,
2.12675636,41.37549426,,,,,,,,,,,,,,,,
2.12675636,41.37549426,,,,,,,,,,,,,,,,
2.20431087,41.43800074,,,,,,,,,,,,,,,,
2.20431087,41.43800074,,,,,,,,,,,,,,,,
2.12686856,41.38584331,,,,,,,,,,,,,,,,
2.12686856,41.38584331,,,,,,,,,,,,,,,,
2.18562671,41.45084081,,,,,,,,,,,,,,,,
2.18573104,41.45055467,,,,,,,,,,,,,,,,
2.18573104,41.45055467,,,,,,,,,,,,,,,,
2.18573104,41.45055467,,,,,,,,,,,,,,,,
2.18573104,41.45055467,,,,,,,,,,,,,,,,
2.18573104,41.45055467,,,,,,,,,,,,,,,,
2.18573104,41.45055467,,,,,,,,,,,,,,,,
2.17173566,41.40601347,,,,,,,,,,,,,,,,
2.17173566,41.40601347,,,,,,,,,,,,,,,,
2.17173566,41.40601347,,,,,,,,,,,,,,,,
2.16886842,41.3876613,,,,,,,,,,,,,,,,
2.16886842,41.3876613,,,,,,,,,,,,,,,,
2.18007765,41.39828275,,,,,,,,,,,,,,,,
2.18007765,41.39828275,,,,,,,,,,,,,,,,
2.18007765,41.39828275,,,,,,,,,,,,,,,,
2.18686909,41.39312628,,,,,,,,,,,,,,,,
2.18686909,41.39312628,,,,,,,,,,,,,,,,
2.20179961,41.39200089,,,,,,,,,,,,,,,,
2.20179961,41.39200089,,,,,,,,,,,,,,,,
2.13446656,41.36314502,,,,,,,,,,,,,,,,
2.13446656,41.36314502,,,,,,,,,,,,,,,,
2.1265506,41.38767365,,,,,,,,,,,,,,,,
2.1265506,41.38767365,,,,,,,,,,,,,,,,
2.14473954,41.39222186,,,,,,,,,,,,,,,,
2.14473954,41.39222186,,,,,,,,,,,,,,,,
2.1890837,41.4187385,,,,,,,,,,,,,,,,
2.1890837,41.4187385,,,,,,,,,,,,,,,,
2.20963266,41.41349741,,,,,,,,,,,,,,,,
2.20963266,41.41349741,,,,,,,,,,,,,,,,
2.20397395,41.40581279,,,,,,,,,,,,,,,,
2.20397395,41.40581279,,,,,,,,,,,,,,,,
2.20397395,41.40581279,,,,,,,,,,,,,,,,
2.14914626,41.35007695,,,,,,,,,,,,,,,,
2.15177918,41.3770412,,,,,,,,,,,,,,,,
2.15177918,41.3770412,,,,,,,,,,,,,,,,
2.15177918,41.3770412,,,,,,,,,,,,,,,,
2.17430733,41.39754962,,,,,,,,,,,,,,,,
2.17430733,41.39754962,,,,,,,,,,,,,,,,
2.11247917,41.4089151,,,,,,,,,,,,,,,,
2.11247917,41.4089151,,,,,,,,,,,,,,,,
2.15846428,41.38732773,,,,,,,,,,,,,,,,
2.15846428,41.38732773,,,,,,,,,,,,,,,,
2.16651617,41.39830984,,,,,,,,,,,,,,,,
2.14498432,41.39285888,,,,,,,,,,,,,,,,
2.14498432,41.39285888,,,,,,,,,,,,,,,,
2.2215676,41.40960573,,,,,,,,,,,,,,,,
2.2215676,41.40960573,,,,,,,,,,,,,,,,
2.2215676,41.40960573,,,,,,,,,,,,,,,,
2.1754237,41.37623405,,,,,,,,,,,,,,,,
2.1754237,41.37623405,,,,,,,,,,,,,,,,
2.13712502,41.39076907,,,,,,,,,,,,,,,,
2.13712502,41.39076907,,,,,,,,,,,,,,,,
2.14689049,41.42129846,,,,,,,,,,,,,,,,
2.14689049,41.42129846,,,,,,,,,,,,,,,,
2.14689049,41.42129846,,,,,,,,,,,,,,,,
2.14689049,41.42129846,,,,,,,,,,,,,,,,
2.15900081,41.36739874,,,,,,,,,,,,,,,,
2.15900081,41.36739874,,,,,,,,,,,,,,,,
2.19878892,41.43543607,,,,,,,,,,,,,,,,
2.19878892,41.43543607,,,,,,,,,,,,,,,,
2.15378054,41.42302553,,,,,,,,,,,,,,,,
2.15378054,41.42302553,,,,,,,,,,,,,,,,
2.17655733,41.41826045,,,,,,,,,,,,,,,,
2.17655733,41.41826045,,,,,,,,,,,,,,,,
2.11702412,41.38534831,,,,,,,,,,,,,,,,
2.11702412,41.38534831,,,,,,,,,,,,,,,,
2.16301688,41.39056275,,,,,,,,,,,,,,,,
2.16301688,41.39056275,,,,,,,,,,,,,,,,
2.16301688,41.39056275,,,,,,,,,,,,,,,,
2.16301688,41.39056275,,,,,,,,,,,,,,,,
2.13629766,41.36489771,,,,,,,,,,,,,,,,
2.14999845,41.40098728,,,,,,,,,,,,,,,,
2.14999845,41.40098728,,,,,,,,,,,,,,,,
2.1568039,41.41091185,,,,,,,,,,,,,,,,
2.1568039,41.41091185,,,,,,,,,,,,,,,,
2.21168973,41.42181169,,,,,,,,,,,,,,,,
2.17133812,41.37635811,,,,,,,,,,,,,,,,
2.17133812,41.37635811,,,,,,,,,,,,,,,,
2.17025849,41.36382389,,,,,,,,,,,,,,,,
2.17025849,41.36382389,,,,,,,,,,,,,,,,
2.15379721,41.37520225,,,,,,,,,,,,,,,,
2.15379721,41.37520225,,,,,,,,,,,,,,,,
2.12980454,41.37647242,,,,,,,,,,,,,,,,
2.12980454,41.37647242,,,,,,,,,,,,,,,,
2.12980454,41.37647242,,,,,,,,,,,,,,,,
2.16549492,41.39079983,,,,,,,,,,,,,,,,
2.16549492,41.39079983,,,,,,,,,,,,,,,,
2.14970664,41.42069922,,,,,,,,,,,,,,,,
2.14282959,41.38385504,,,,,,,,,,,,,,,,
2.14282959,41.38385504,,,,,,,,,,,,,,,,
2.12560131,41.39574157,,,,,,,,,,,,,,,,
2.12560131,41.39574157,,,,,,,,,,,,,,,,
2.1312997,41.37614353,,,,,,,,,,,,,,,,
2.12116941,41.40097526,,,,,,,,,,,,,,,,
2.18243759,41.3881633,,,,,,,,,,,,,,,,
2.18243759,41.3881633,,,,,,,,,,,,,,,,
2.14805793,41.40560428,,,,,,,,,,,,,,,,
2.14805793,41.40560428,,,,,,,,,,,,,,,,
2.17171775,41.38301261,,,,,,,,,,,,,,,,
2.13985132,41.41926796,,,,,,,,,,,,,,,,
2.13985132,41.41926796,,,,,,,,,,,,,,,,
2.1757716,41.37904045,,,,,,,,,,,,,,,,
2.17526568,41.3786792,,,,,,,,,,,,,,,,
2.17526568,41.3786792,,,,,,,,,,,,,,,,
2.12888868,41.4171797,,,,,,,,,,,,,,,,
2.12888868,41.4171797,,,,,,,,,,,,,,,,
2.18689705,41.41397623,,,,,,,,,,,,,,,,
2.18689705,41.41397623,,,,,,,,,,,,,,,,
2.19396469,41.45255242,,,,,,,,,,,,,,,,
2.19396469,41.45255242,,,,,,,,,,,,,,,,
2.14181032,41.37924393,,,,,,,,,,,,,,,,
2.14181032,41.37924393,,,,,,,,,,,,,,,,
2.15395699,41.43785837,,,,,,,,,,,,,,,,
2.17182512,41.37602558,,,,,,,,,,,,,,,,
2.17580151,41.41505672,,,,,,,,,,,,,,,,
2.14821801,41.37624645,,,,,,,,,,,,,,,,
2.14821801,41.37624645,,,,,,,,,,,,,,,,
2.13524825,41.40178068,,,,,,,,,,,,,,,,
2.13524825,41.40178068,,,,,,,,,,,,,,,,
2.13524825,41.40178068,,,,,,,,,,,,,,,,
2.18186453,41.44381092,,,,,,,,,,,,,,,,
2.15724505,41.35238919,,,,,,,,,,,,,,,,
2.15724505,41.35238919,,,,,,,,,,,,,,,,
2.15724505,41.35238919,,,,,,,,,,,,,,,,
2.15724505,41.35238919,,,,,,,,,,,,,,,,
2.15724505,41.35238919,,,,,,,,,,,,,,,,
2.11948774,41.39498341,,,,,,,,,,,,,,,,
2.18530594,41.44195716,,,,,,,,,,,,,,,,
2.18530594,41.44195716,,,,,,,,,,,,,,,,
2.18530594,41.44195716,,,,,,,,,,,,,,,,
2.1901522,41.41282792,,,,,,,,,,,,,,,,
2.1901522,41.41282792,,,,,,,,,,,,,,,,
2.17031095,41.39605247,,,,,,,,,,,,,,,,
2.17031095,41.39605247,,,,,,,,,,,,,,,,
2.1429063,41.38024879,,,,,,,,,,,,,,,,
2.1429063,41.38024879,,,,,,,,,,,,,,,,
2.1429063,41.38024879,,,,,,,,,,,,,,,,
2.17542793,41.40007292,,,,,,,,,,,,,,,,
2.17542793,41.40007292,,,,,,,,,,,,,,,,
2.17542793,41.40007292,,,,,,,,,,,,,,,,
2.16494145,41.40845712,,,,,,,,,,,,,,,,
2.16494145,41.40845712,,,,,,,,,,,,,,,,
2.1781577,41.41534469,,,,,,,,,,,,,,,,
2.1781577,41.41534469,,,,,,,,,,,,,,,,
2.1781577,41.41534469,,,,,,,,,,,,,,,,
2.12821035,41.38839659,,,,,,,,,,,,,,,,
2.12821035,41.38839659,,,,,,,,,,,,,,,,
2.1760417,41.37595665,,,,,,,,,,,,,,,,
2.1760417,41.37595665,,,,,,,,,,,,,,,,
2.14714454,41.37882786,,,,,,,,,,,,,,,,
2.14714454,41.37882786,,,,,,,,,,,,,,,,
2.14714454,41.37882786,,,,,,,,,,,,,,,,
2.16557312,41.37479148,,,,,,,,,,,,,,,,
2.16557312,41.37479148,,,,,,,,,,,,,,,,
2.16557312,41.37479148,,,,,,,,,,,,,,,,
2.19274029,41.43467845,,,,,,,,,,,,,,,,
2.19274029,41.43467845,,,,,,,,,,,,,,,,
2.19274029,41.43467845,,,,,,,,,,,,,,,,
2.15507763,41.38647851,,,,,,,,,,,,,,,,
2.15507763,41.38647851,,,,,,,,,,,,,,,,
2.14111897,41.41313283,,,,,,,,,,,,,,,,
2.14111897,41.41313283,,,,,,,,,,,,,,,,
2.14111897,41.41313283,,,,,,,,,,,,,,,,
2.19242488,41.41454898,,,,,,,,,,,,,,,,
2.19242488,41.41454898,,,,,,,,,,,,,,,,
2.19242488,41.41454898,,,,,,,,,,,,,,,,
2.16454592,41.39860935,,,,,,,,,,,,,,,,
2.16454592,41.39860935,,,,,,,,,,,,,,,,
2.1629996,41.38904214,,,,,,,,,,,,,,,,
2.1629996,41.38904214,,,,,,,,,,,,,,,,
2.13429569,41.36651525,,,,,,,,,,,,,,,,
2.13429569,41.36651525,,,,,,,,,,,,,,,,
2.13429569,41.36651525,,,,,,,,,,,,,,,,
2.17754294,41.42304727,,,,,,,,,,,,,,,,
2.17754294,41.42304727,,,,,,,,,,,,,,,,
2.18227829,41.40862862,,,,,,,,,,,,,,,,
2.18227829,41.40862862,,,,,,,,,,,,,,,,
2.15140946,41.37165477,,,,,,,,,,,,,,,,
2.15140946,41.37165477,,,,,,,,,,,,,,,,
2.13375559,41.39864354,,,,,,,,,,,,,,,,
2.13375559,41.39864354,,,,,,,,,,,,,,,,
2.17617015,41.44048689,,,,,,,,,,,,,,,,
2.17617015,41.44048689,,,,,,,,,,,,,,,,
2.19495587,41.40410504,,,,,,,,,,,,,,,,
2.19495587,41.40410504,,,,,,,,,,,,,,,,
2.11486234,41.40374367,,,,,,,,,,,,,,,,
2.11486234,41.40374367,,,,,,,,,,,,,,,,
2.16252283,41.39704764,,,,,,,,,,,,,,,,
2.16252283,41.39704764,,,,,,,,,,,,,,,,
2.16252283,41.39704764,,,,,,,,,,,,,,,,
2.13021896,41.41152641,,,,,,,,,,,,,,,,
2.13021896,41.41152641,,,,,,,,,,,,,,,,
2.14187633,41.41579126,,,,,,,,,,,,,,,,
2.14187633,41.41579126,,,,,,,,,,,,,,,,
2.14187633,41.41579126,,,,,,,,,,,,,,,,
2.14437882,41.42806951,,,,,,,,,,,,,,,,
2.14437882,41.42806951,,,,,,,,,,,,,,,,
2.14585832,41.3729042,,,,,,,,,,,,,,,,
2.14585832,41.3729042,,,,,,,,,,,,,,,,
2.14154438,41.40456429,,,,,,,,,,,,,,,,
2.14154438,41.40456429,,,,,,,,,,,,,,,,
2.17900994,41.37588326,,,,,,,,,,,,,,,,
2.12882786,41.38026606,,,,,,,,,,,,,,,,
2.12882786,41.38026606,,,,,,,,,,,,,,,,
2.14821801,41.37624645,,,,,,,,,,,,,,,,
2.14821801,41.37624645,,,,,,,,,,,,,,,,
2.14410363,41.421613,,,,,,,,,,,,,,,,
2.14410363,41.421613,,,,,,,,,,,,,,,,
2.14208002,41.3675551,,,,,,,,,,,,,,,,
2.20186764,41.43384364,,,,,,,,,,,,,,,,
2.20186764,41.43384364,,,,,,,,,,,,,,,,
2.12914672,41.40064054,,,,,,,,,,,,,,,,
2.12914672,41.40064054,,,,,,,,,,,,,,,,
2.15758057,41.4080745,,,,,,,,,,,,,,,,
2.15758057,41.4080745,,,,,,,,,,,,,,,,
2.18230815,41.40551483,,,,,,,,,,,,,,,,
2.18230815,41.40551483,,,,,,,,,,,,,,,,
2.15344573,41.43739932,,,,,,,,,,,,,,,,
2.15344573,41.43739932,,,,,,,,,,,,,,,,
2.17393944,41.41075635,,,,,,,,,,,,,,,,
2.17393944,41.41075635,,,,,,,,,,,,,,,,
2.17393944,41.41075635,,,,,,,,,,,,,,,,
2.13386544,41.35304785,,,,,,,,,,,,,,,,
2.13386544,41.35304785,,,,,,,,,,,,,,,,
2.1735039,41.36840337,,,,,,,,,,,,,,,,
2.1735039,41.36840337,,,,,,,,,,,,,,,,
2.14562848,41.43236671,,,,,,,,,,,,,,,,
2.14562848,41.43236671,,,,,,,,,,,,,,,,
2.14562848,41.43236671,,,,,,,,,,,,,,,,
2.13158431,41.41394619,,,,,,,,,,,,,,,,
2.13158431,41.41394619,,,,,,,,,,,,,,,,
2.16546374,41.43909402,,,,,,,,,,,,,,,,
2.17749442,41.4245128,,,,,,,,,,,,,,,,
2.17749442,41.4245128,,,,,,,,,,,,,,,,
2.17749442,41.4245128,,,,,,,,,,,,,,,,
2.13103454,41.38449699,,,,,,,,,,,,,,,,
2.13103454,41.38449699,,,,,,,,,,,,,,,,
2.1471584,41.38052718,,,,,,,,,,,,,,,,
2.1471584,41.38052718,,,,,,,,,,,,,,,,
2.1751685,41.41708006,,,,,,,,,,,,,,,,
2.14068387,41.37849046,,,,,,,,,,,,,,,,
2.14068387,41.37849046,,,,,,,,,,,,,,,,
2.14068387,41.37849046,,,,,,,,,,,,,,,,
2.13660095,41.37639233,,,,,,,,,,,,,,,,
2.13660095,41.37639233,,,,,,,,,,,,,,,,
2.15402519,41.37838584,,,,,,,,,,,,,,,,
2.15402519,41.37838584,,,,,,,,,,,,,,,,
2.15402519,41.37838584,,,,,,,,,,,,,,,,
2.16935525,41.44277535,,,,,,,,,,,,,,,,
2.16935525,41.44277535,,,,,,,,,,,,,,,,
2.17453699,41.39053342,,,,,,,,,,,,,,,,
2.17453699,41.39053342,,,,,,,,,,,,,,,,
2.18450735,41.41877379,,,,,,,,,,,,,,,,
2.18450735,41.41877379,,,,,,,,,,,,,,,,
2.17340752,41.38968588,,,,,,,,,,,,,,,,
2.17340752,41.38968588,,,,,,,,,,,,,,,,
2.14843961,41.39135249,,,,,,,,,,,,,,,,
2.18689209,41.41352075,,,,,,,,,,,,,,,,
2.18689209,41.41352075,,,,,,,,,,,,,,,,
2.18689209,41.41352075,,,,,,,,,,,,,,,,
2.12012084,41.32983715,,,,,,,,,,,,,,,,
2.12012084,41.32983715,,,,,,,,,,,,,,,,
2.14863476,41.37955435,,,,,,,,,,,,,,,,
2.14863476,41.37955435,,,,,,,,,,,,,,,,
2.1778194,41.39658684,,,,,,,,,,,,,,,,
2.1778194,41.39658684,,,,,,,,,,,,,,,,
2.15337516,41.39955461,,,,,,,,,,,,,,,,
2.14344009,41.4280144,,,,,,,,,,,,,,,,
2.14344009,41.4280144,,,,,,,,,,,,,,,,
2.15203299,41.39080414,,,,,,,,,,,,,,,,
2.15203299,41.39080414,,,,,,,,,,,,,,,,
2.15203299,41.39080414,,,,,,,,,,,,,,,,
2.15694934,41.42194808,,,,,,,,,,,,,,,,
2.13178666,41.39001411,,,,,,,,,,,,,,,,
2.13178666,41.39001411,,,,,,,,,,,,,,,,
2.13653102,41.36363583,,,,,,,,,,,,,,,,
2.13653102,41.36363583,,,,,,,,,,,,,,,,
2.12988025,41.37734245,,,,,,,,,,,,,,,,
2.12988025,41.37734245,,,,,,,,,,,,,,,,
2.15803732,41.38722787,,,,,,,,,,,,,,,,
2.15803732,41.38722787,,,,,,,,,,,,,,,,
2.15803732,41.38722787,,,,,,,,,,,,,,,,
2.17470464,41.40614095,,,,,,,,,,,,,,,,
2.17470464,41.40614095,,,,,,,,,,,,,,,,
2.12964492,41.3918401,,,,,,,,,,,,,,,,
2.12964492,41.3918401,,,,,,,,,,,,,,,,
2.12964492,41.3918401,,,,,,,,,,,,,,,,
2.14146021,41.41709906,,,,,,,,,,,,,,,,
2.14146021,41.41709906,,,,,,,,,,,,,,,,
2.11396333,41.39542058,,,,,,,,,,,,,,,,
2.11396333,41.39542058,,,,,,,,,,,,,,,,
2.11396333,41.39542058,,,,,,,,,,,,,,,,
2.11396333,41.39542058,,,,,,,,,,,,,,,,
2.14948037,41.43689884,,,,,,,,,,,,,,,,
2.14948037,41.43689884,,,,,,,,,,,,,,,,
2.14263963,41.39943694,,,,,,,,,,,,,,,,
2.14263963,41.39943694,,,,,,,,,,,,,,,,
2.15299469,41.38464033,,,,,,,,,,,,,,,,
2.15299469,41.38464033,,,,,,,,,,,,,,,,
2.18629823,41.4422301,,,,,,,,,,,,,,,,
2.19799533,41.38927865,,,,,,,,,,,,,,,,
2.19799533,41.38927865,,,,,,,,,,,,,,,,
2.19799533,41.38927865,,,,,,,,,,,,,,,,
2.18097625,41.3900766,,,,,,,,,,,,,,,,
2.18800105,41.38291091,,,,,,,,,,,,,,,,
2.18800105,41.38291091,,,,,,,,,,,,,,,,
2.18800105,41.38291091,,,,,,,,,,,,,,,,
2.18800105,41.38291091,,,,,,,,,,,,,,,,
2.18800105,41.38291091,,,,,,,,,,,,,,,,
2.18800105,41.38291091,,,,,,,,,,,,,,,,
2.18356798,41.39728484,,,,,,,,,,,,,,,,
2.18356798,41.39728484,,,,,,,,,,,,,,,,
2.16306807,41.37480154,,,,,,,,,,,,,,,,
2.16306807,41.37480154,,,,,,,,,,,,,,,,
2.11383111,41.37865289,,,,,,,,,,,,,,,,
2.1067238,41.38321863,,,,,,,,,,,,,,,,
2.1067238,41.38321863,,,,,,,,,,,,,,,,
2.17185837,41.39801144,,,,,,,,,,,,,,,,
2.17185837,41.39801144,,,,,,,,,,,,,,,,
2.14899445,41.35436833,,,,,,,,,,,,,,,,
2.14899445,41.35436833,,,,,,,,,,,,,,,,
2.1470492,41.37711565,,,,,,,,,,,,,,,,
2.1470492,41.37711565,,,,,,,,,,,,,,,,
2.14030356,41.3752072,,,,,,,,,,,,,,,,
2.14030356,41.3752072,,,,,,,,,,,,,,,,
2.12863157,41.37893749,,,,,,,,,,,,,,,,
2.12863157,41.37893749,,,,,,,,,,,,,,,,
2.1997341,41.44281331,,,,,,,,,,,,,,,,
2.1997341,41.44281331,,,,,,,,,,,,,,,,
2.16310473,41.38554485,,,,,,,,,,,,,,,,
2.16310473,41.38554485,,,,,,,,,,,,,,,,
2.17346815,41.40046783,,,,,,,,,,,,,,,,
2.17346815,41.40046783,,,,,,,,,,,,,,,,
2.15620507,41.38563044,,,,,,,,,,,,,,,,
2.15620507,41.38563044,,,,,,,,,,,,,,,,
2.16223204,41.3899743,,,,,,,,,,,,,,,,
2.16223204,41.3899743,,,,,,,,,,,,,,,,
2.17665545,41.37442665,,,,,,,,,,,,,,,,
2.17665545,41.37442665,,,,,,,,,,,,,,,,
2.15600315,41.40601234,,,,,,,,,,,,,,,,
2.15600315,41.40601234,,,,,,,,,,,,,,,,
2.16904604,41.39510269,,,,,,,,,,,,,,,,
2.16904604,41.39510269,,,,,,,,,,,,,,,,
2.17658395,41.41939709,,,,,,,,,,,,,,,,
2.17658395,41.41939709,,,,,,,,,,,,,,,,
2.14211251,41.36213152,,,,,,,,,,,,,,,,
2.14211251,41.36213152,,,,,,,,,,,,,,,,
2.14211251,41.36213152,,,,,,,,,,,,,,,,
2.17496558,41.40015502,,,,,,,,,,,,,,,,
2.17496558,41.40015502,,,,,,,,,,,,,,,,
2.17496558,41.40015502,,,,,,,,,,,,,,,,
2.14960564,41.39402648,,,,,,,,,,,,,,,,
2.14960564,41.39402648,,,,,,,,,,,,,,,,
2.14960564,41.39402648,,,,,,,,,,,,,,,,
2.19945291,41.41095334,,,,,,,,,,,,,,,,
2.19945291,41.41095334,,,,,,,,,,,,,,,,
2.19165535,41.42375254,,,,,,,,,,,,,,,,
2.19165535,41.42375254,,,,,,,,,,,,,,,,
2.19165535,41.42375254,,,,,,,,,,,,,,,,
2.15826345,41.43264597,,,,,,,,,,,,,,,,
2.15826345,41.43264597,,,,,,,,,,,,,,,,
2.15076881,41.40785481,,,,,,,,,,,,,,,,
2.15076881,41.40785481,,,,,,,,,,,,,,,,
2.15076881,41.40785481,,,,,,,,,,,,,,,,
2.1480922,41.39517224,,,,,,,,,,,,,,,,
2.1480922,41.39517224,,,,,,,,,,,,,,,,
2.15959712,41.38818746,,,,,,,,,,,,,,,,
2.15959712,41.38818746,,,,,,,,,,,,,,,,
2.1894034,41.44504929,,,,,,,,,,,,,,,,
2.1894034,41.44504929,,,,,,,,,,,,,,,,
2.1894034,41.44504929,,,,,,,,,,,,,,,,
2.1894034,41.44504929,,,,,,,,,,,,,,,,
2.1894034,41.44504929,,,,,,,,,,,,,,,,
2.10892921,41.37853172,,,,,,,,,,,,,,,,
2.10892921,41.37853172,,,,,,,,,,,,,,,,
2.17894519,41.40273545,,,,,,,,,,,,,,,,
2.17894519,41.40273545,,,,,,,,,,,,,,,,
2.16015355,41.38519762,,,,,,,,,,,,,,,,
2.16015355,41.38519762,,,,,,,,,,,,,,,,
2.13380054,41.36417334,,,,,,,,,,,,,,,,
2.13380054,41.36417334,,,,,,,,,,,,,,,,
2.14566592,41.3510013,,,,,,,,,,,,,,,,
2.14566592,41.3510013,,,,,,,,,,,,,,,,
2.14791433,41.39359874,,,,,,,,,,,,,,,,
2.14791433,41.39359874,,,,,,,,,,,,,,,,
2.14791433,41.39359874,,,,,,,,,,,,,,,,
2.20096079,41.40961996,,,,,,,,,,,,,,,,
2.20096079,41.40961996,,,,,,,,,,,,,,,,
2.20096079,41.40961996,,,,,,,,,,,,,,,,
2.14943338,41.42609429,,,,,,,,,,,,,,,,
2.14943338,41.42609429,,,,,,,,,,,,,,,,
2.20289386,41.4135162,,,,,,,,,,,,,,,,
2.20289386,41.4135162,,,,,,,,,,,,,,,,
2.18381718,41.3895119,,,,,,,,,,,,,,,,
2.18381718,41.3895119,,,,,,,,,,,,,,,,
2.18381718,41.3895119,,,,,,,,,,,,,,,,
2.19788517,41.44856655,,,,,,,,,,,,,,,,
2.19788517,41.44856655,,,,,,,,,,,,,,,,
2.16526633,41.44090228,,,,,,,,,,,,,,,,
2.16526633,41.44090228,,,,,,,,,,,,,,,,
2.16526633,41.44090228,,,,,,,,,,,,,,,,
2.16526633,41.44090228,,,,,,,,,,,,,,,,
2.1743509,41.46167171,,,,,,,,,,,,,,,,
2.1743509,41.46167171,,,,,,,,,,,,,,,,
2.1743509,41.46167171,,,,,,,,,,,,,,,,
2.11359619,41.3996182,,,,,,,,,,,,,,,,
2.11359619,41.3996182,,,,,,,,,,,,,,,,
2.14698402,41.41175475,,,,,,,,,,,,,,,,
2.14698402,41.41175475,,,,,,,,,,,,,,,,
2.13815771,41.34815272,,,,,,,,,,,,,,,,
2.14261778,41.3854928,,,,,,,,,,,,,,,,
2.14261778,41.3854928,,,,,,,,,,,,,,,,
2.16184651,41.39671768,,,,,,,,,,,,,,,,
2.16184651,41.39671768,,,,,,,,,,,,,,,,
2.13856349,41.40657793,,,,,,,,,,,,,,,,
2.13856349,41.40657793,,,,,,,,,,,,,,,,
2.15856052,41.38213403,,,,,,,,,,,,,,,,
2.15856052,41.38213403,,,,,,,,,,,,,,,,
2.14208968,41.38212865,,,,,,,,,,,,,,,,
2.14208968,41.38212865,,,,,,,,,,,,,,,,
2.14702629,41.34925403,,,,,,,,,,,,,,,,
2.14702629,41.34925403,,,,,,,,,,,,,,,,
2.15471064,41.39531451,,,,,,,,,,,,,,,,
2.15471064,41.39531451,,,,,,,,,,,,,,,,
2.14068387,41.37849046,,,,,,,,,,,,,,,,
2.14068387,41.37849046,,,,,,,,,,,,,,,,
2.17204042,41.43537323,,,,,,,,,,,,,,,,
2.16602192,41.43950469,,,,,,,,,,,,,,,,
2.16602192,41.43950469,,,,,,,,,,,,,,,,
2.13413961,41.39933787,,,,,,,,,,,,,,,,
2.13413961,41.39933787,,,,,,,,,,,,,,,,
2.13548621,41.3817684,,,,,,,,,,,,,,,,
2.13548621,41.3817684,,,,,,,,,,,,,,,,
2.10653042,41.38624609,,,,,,,,,,,,,,,,
2.10653042,41.38624609,,,,,,,,,,,,,,,,
2.17680695,41.39392453,,,,,,,,,,,,,,,,
2.17680695,41.39392453,,,,,,,,,,,,,,,,
2.1737115,41.40549977,,,,,,,,,,,,,,,,
2.1737115,41.40549977,,,,,,,,,,,,,,,,
2.18877167,41.39499955,,,,,,,,,,,,,,,,
2.18877167,41.39499955,,,,,,,,,,,,,,,,
2.17339021,41.37681957,,,,,,,,,,,,,,,,
2.17339021,41.37681957,,,,,,,,,,,,,,,,
2.17671274,41.44076059,,,,,,,,,,,,,,,,
2.17671274,41.44076059,,,,,,,,,,,,,,,,
2.17671274,41.44076059,,,,,,,,,,,,,,,,
2.13749396,41.36679323,,,,,,,,,,,,,,,,
2.13749396,41.36679323,,,,,,,,,,,,,,,,
2.13442727,41.39542245,,,,,,,,,,,,,,,,
2.13442727,41.39542245,,,,,,,,,,,,,,,,
2.12853813,41.37213718,,,,,,,,,,,,,,,,
2.12853813,41.37213718,,,,,,,,,,,,,,,,
2.1480922,41.39517224,,,,,,,,,,,,,,,,
2.1480922,41.39517224,,,,,,,,,,,,,,,,
2.14782902,41.37438079,,,,,,,,,,,,,,,,
2.14782902,41.37438079,,,,,,,,,,,,,,,,
2.16446467,41.40389485,,,,,,,,,,,,,,,,
2.16446467,41.40389485,,,,,,,,,,,,,,,,
2.20137144,41.41360973,,,,,,,,,,,,,,,,
2.20137144,41.41360973,,,,,,,,,,,,,,,,
2.1363484,41.40245532,,,,,,,,,,,,,,,,
2.1363484,41.40245532,,,,,,,,,,,,,,,,
2.15846428,41.38732773,,,,,,,,,,,,,,,,
2.15846428,41.38732773,,,,,,,,,,,,,,,,
2.15868382,41.37862765,,,,,,,,,,,,,,,,
2.15868382,41.37862765,,,,,,,,,,,,,,,,
2.15754291,41.38096676,,,,,,,,,,,,,,,,
2.15754291,41.38096676,,,,,,,,,,,,,,,,
2.15810366,41.38220487,,,,,,,,,,,,,,,,
2.15810366,41.38220487,,,,,,,,,,,,,,,,
2.12157029,41.38651031,,,,,,,,,,,,,,,,
2.12157029,41.38651031,,,,,,,,,,,,,,,,
2.1353602,41.36576354,,,,,,,,,,,,,,,,
2.1353602,41.36576354,,,,,,,,,,,,,,,,
2.13897035,41.41587018,,,,,,,,,,,,,,,,
2.13897035,41.41587018,,,,,,,,,,,,,,,,
2.18090017,41.46399414,,,,,,,,,,,,,,,,
2.12810056,41.38237511,,,,,,,,,,,,,,,,
2.12810056,41.38237511,,,,,,,,,,,,,,,,
2.17644084,41.39512783,,,,,,,,,,,,,,,,
2.17644084,41.39512783,,,,,,,,,,,,,,,,
2.10758858,41.38904535,,,,,,,,,,,,,,,,
2.10758858,41.38904535,,,,,,,,,,,,,,,,
2.10758858,41.38904535,,,,,,,,,,,,,,,,
2.10758858,41.38904535,,,,,,,,,,,,,,,,
2.1507072,41.40900647,,,,,,,,,,,,,,,,
2.1507072,41.40900647,,,,,,,,,,,,,,,,
2.12289492,41.40779859,,,,,,,,,,,,,,,,
2.12289492,41.40779859,,,,,,,,,,,,,,,,
2.12289492,41.40779859,,,,,,,,,,,,,,,,
2.12289492,41.40779859,,,,,,,,,,,,,,,,
2.12289492,41.40779859,,,,,,,,,,,,,,,,
2.16444961,41.43958605,,,,,,,,,,,,,,,,
2.16444961,41.43958605,,,,,,,,,,,,,,,,
2.16184651,41.39671768,,,,,,,,,,,,,,,,
2.16184651,41.39671768,,,,,,,,,,,,,,,,
2.21644042,41.40465451,,,,,,,,,,,,,,,,
2.21644042,41.40465451,,,,,,,,,,,,,,,,
2.13759913,41.41574732,,,,,,,,,,,,,,,,
2.13759913,41.41574732,,,,,,,,,,,,,,,,
2.16252789,41.38543667,,,,,,,,,,,,,,,,
2.16252789,41.38543667,,,,,,,,,,,,,,,,
2.12174042,41.39965418,,,,,,,,,,,,,,,,
2.12174042,41.39965418,,,,,,,,,,,,,,,,
2.13958704,41.37871571,,,,,,,,,,,,,,,,
2.13958704,41.37871571,,,,,,,,,,,,,,,,
2.18050199,41.39156924,,,,,,,,,,,,,,,,
2.18050199,41.39156924,,,,,,,,,,,,,,,,
2.17295069,41.38948817,,,,,,,,,,,,,,,,
2.21614925,41.41213297,,,,,,,,,,,,,,,,
2.21614925,41.41213297,,,,,,,,,,,,,,,,
2.21614925,41.41213297,,,,,,,,,,,,,,,,
2.18482474,41.44671617,,,,,,,,,,,,,,,,
2.18482474,41.44671617,,,,,,,,,,,,,,,,
2.12025004,41.37904977,,,,,,,,,,,,,,,,
2.12025004,41.37904977,,,,,,,,,,,,,,,,
2.12025004,41.37904977,,,,,,,,,,,,,,,,
2.22004658,41.41400192,,,,,,,,,,,,,,,,
2.22004658,41.41400192,,,,,,,,,,,,,,,,
2.22004658,41.41400192,,,,,,,,,,,,,,,,
2.22004658,41.41400192,,,,,,,,,,,,,,,,
2.22004658,41.41400192,,,,,,,,,,,,,,,,
2.22004658,41.41400192,,,,,,,,,,,,,,,,
2.19073356,41.39251988,,,,,,,,,,,,,,,,
2.19073356,41.39251988,,,,,,,,,,,,,,,,
2.1383624,41.36481996,,,,,,,,,,,,,,,,
2.1383624,41.36481996,,,,,,,,,,,,,,,,
2.19421733,41.41446046,,,,,,,,,,,,,,,,
2.19421733,41.41446046,,,,,,,,,,,,,,,,
2.20046943,41.43977944,,,,,,,,,,,,,,,,
2.20046943,41.43977944,,,,,,,,,,,,,,,,
2.12771312,41.38260652,,,,,,,,,,,,,,,,
2.12771312,41.38260652,,,,,,,,,,,,,,,,
2.17959162,41.44607095,,,,,,,,,,,,,,,,
2.17959162,41.44607095,,,,,,,,,,,,,,,,
2.17959162,41.44607095,,,,,,,,,,,,,,,,
2.17959162,41.44607095,,,,,,,,,,,,,,,,
2.13629766,41.36489771,,,,,,,,,,,,,,,,
2.13629766,41.36489771,,,,,,,,,,,,,,,,
2.18794833,41.3939544,,,,,,,,,,,,,,,,
2.18794833,41.3939544,,,,,,,,,,,,,,,,
2.16208332,41.37947613,,,,,,,,,,,,,,,,
2.1949585,41.43083711,,,,,,,,,,,,,,,,
2.1949585,41.43083711,,,,,,,,,,,,,,,,
2.18458566,41.40721182,,,,,,,,,,,,,,,,
2.18458566,41.40721182,,,,,,,,,,,,,,,,
2.18458566,41.40721182,,,,,,,,,,,,,,,,
2.1257532,41.39861651,,,,,,,,,,,,,,,,
2.1257532,41.39861651,,,,,,,,,,,,,,,,
2.16314296,41.378665,,,,,,,,,,,,,,,,
2.16314296,41.378665,,,,,,,,,,,,,,,,
2.20227924,41.40803655,,,,,,,,,,,,,,,,
2.20227924,41.40803655,,,,,,,,,,,,,,,,
2.16391861,41.4121321,,,,,,,,,,,,,,,,
2.16391861,41.4121321,,,,,,,,,,,,,,,,
2.14683878,41.37508036,,,,,,,,,,,,,,,,
2.14683878,41.37508036,,,,,,,,,,,,,,,,
2.16498092,41.44117623,,,,,,,,,,,,,,,,
2.16498092,41.44117623,,,,,,,,,,,,,,,,
2.15878198,41.42376507,,,,,,,,,,,,,,,,
2.15878198,41.42376507,,,,,,,,,,,,,,,,
2.20382827,41.44581839,,,,,,,,,,,,,,,,
2.20382827,41.44581839,,,,,,,,,,,,,,,,
2.20382827,41.44581839,,,,,,,,,,,,,,,,
2.16336476,41.40683766,,,,,,,,,,,,,,,,
2.16336476,41.40683766,,,,,,,,,,,,,,,,
2.1656353,41.38775952,,,,,,,,,,,,,,,,
2.1656353,41.38775952,,,,,,,,,,,,,,,,
2.17647724,41.41266329,,,,,,,,,,,,,,,,
2.17647724,41.41266329,,,,,,,,,,,,,,,,
2.13639561,41.34515677,,,,,,,,,,,,,,,,
2.13639561,41.34515677,,,,,,,,,,,,,,,,
2.13145282,41.37547782,,,,,,,,,,,,,,,,
2.18598391,41.44379334,,,,,,,,,,,,,,,,
2.18598391,41.44379334,,,,,,,,,,,,,,,,
2.16978176,41.40606815,,,,,,,,,,,,,,,,
2.16978176,41.40606815,,,,,,,,,,,,,,,,
2.19735401,41.40235785,,,,,,,,,,,,,,,,
2.14575857,41.38158357,,,,,,,,,,,,,,,,
2.14575857,41.38158357,,,,,,,,,,,,,,,,
2.14575857,41.38158357,,,,,,,,,,,,,,,,
2.17695188,41.42449325,,,,,,,,,,,,,,,,
2.17695188,41.42449325,,,,,,,,,,,,,,,,
2.17695188,41.42449325,,,,,,,,,,,,,,,,
2.11579395,41.39577743,,,,,,,,,,,,,,,,
2.11579395,41.39577743,,,,,,,,,,,,,,,,
2.11579395,41.39577743,,,,,,,,,,,,,,,,
2.12521437,41.40986701,,,,,,,,,,,,,,,,
2.12521437,41.40986701,,,,,,,,,,,,,,,,
2.12713167,41.38555375,,,,,,,,,,,,,,,,
2.12713167,41.38555375,,,,,,,,,,,,,,,,
2.17624199,41.43229795,,,,,,,,,,,,,,,,
2.17624199,41.43229795,,,,,,,,,,,,,,,,
2.17441831,41.40614161,,,,,,,,,,,,,,,,
2.17441831,41.40614161,,,,,,,,,,,,,,,,
2.17171775,41.38301261,,,,,,,,,,,,,,,,
2.12196,41.37655196,,,,,,,,,,,,,,,,
2.12196,41.37655196,,,,,,,,,,,,,,,,
2.14140194,41.39914948,,,,,,,,,,,,,,,,
2.14140194,41.39914948,,,,,,,,,,,,,,,,
2.18007765,41.39828275,,,,,,,,,,,,,,,,
2.18007765,41.39828275,,,,,,,,,,,,,,,,
2.20179961,41.39200089,,,,,,,,,,,,,,,,
2.20179961,41.39200089,,,,,,,,,,,,,,,,
2.16184651,41.39671768,,,,,,,,,,,,,,,,
2.16184651,41.39671768,,,,,,,,,,,,,,,,
2.17721265,41.39548079,,,,,,,,,,,,,,,,
2.17721265,41.39548079,,,,,,,,,,,,,,,,
2.1730965,41.43874166,,,,,,,,,,,,,,,,
2.1730965,41.43874166,,,,,,,,,,,,,,,,
2.1500459,41.35245406,,,,,,,,,,,,,,,,
2.1500459,41.35245406,,,,,,,,,,,,,,,,
2.17630792,41.37476239,,,,,,,,,,,,,,,,
2.17630792,41.37476239,,,,,,,,,,,,,,,,
2.18693921,41.39813746,,,,,,,,,,,,,,,,
2.18693921,41.39813746,,,,,,,,,,,,,,,,
2.18693921,41.39813746,,,,,,,,,,,,,,,,
2.17412976,41.44443091,,,,,,,,,,,,,,,,
2.17412976,41.44443091,,,,,,,,,,,,,,,,
2.19372839,41.39131204,,,,,,,,,,,,,,,,
2.19372839,41.39131204,,,,,,,,,,,,,,,,
2.21787134,41.41496574,,,,,,,,,,,,,,,,
2.11348862,41.33695326,,,,,,,,,,,,,,,,
2.11348862,41.33695326,,,,,,,,,,,,,,,,
2.11348862,41.33695326,,,,,,,,,,,,,,,,
2.1573582,41.3933073,,,,,,,,,,,,,,,,
2.1573582,41.3933073,,,,,,,,,,,,,,,,
2.17893153,41.3974322,,,,,,,,,,,,,,,,
2.17893153,41.3974322,,,,,,,,,,,,,,,,
2.15569203,41.3796406,,,,,,,,,,,,,,,,
2.15569203,41.3796406,,,,,,,,,,,,,,,,
2.15569203,41.3796406,,,,,,,,,,,,,,,,
2.1573582,41.3933073,,,,,,,,,,,,,,,,
2.1573582,41.3933073,,,,,,,,,,,,,,,,
2.1573582,41.3933073,,,,,,,,,,,,,,,,
2.18004682,41.38283518,,,,,,,,,,,,,,,,
2.18004682,41.38283518,,,,,,,,,,,,,,,,
2.16463539,41.42772608,,,,,,,,,,,,,,,,
2.16463539,41.42772608,,,,,,,,,,,,,,,,
2.14782902,41.37438079,,,,,,,,,,,,,,,,
2.14782902,41.37438079,,,,,,,,,,,,,,,,
2.21790787,41.40581941,,,,,,,,,,,,,,,,
2.21790787,41.40581941,,,,,,,,,,,,,,,,
2.14543557,41.40562591,,,,,,,,,,,,,,,,
2.14543557,41.40562591,,,,,,,,,,,,,,,,
2.17773291,41.41209731,,,,,,,,,,,,,,,,
2.17773291,41.41209731,,,,,,,,,,,,,,,,
2.20652898,41.39565677,,,,,,,,,,,,,,,,
2.20652898,41.39565677,,,,,,,,,,,,,,,,
2.18687719,41.41035093,,,,,,,,,,,,,,,,
2.18687719,41.41035093,,,,,,,,,,,,,,,,
2.18687719,41.41035093,,,,,,,,,,,,,,,,
2.13940975,41.39334225,,,,,,,,,,,,,,,,
2.13940975,41.39334225,,,,,,,,,,,,,,,,
2.18906487,41.40469094,,,,,,,,,,,,,,,,
2.18906487,41.40469094,,,,,,,,,,,,,,,,
2.18906487,41.40469094,,,,,,,,,,,,,,,,
2.15406432,41.39766708,,,,,,,,,,,,,,,,
2.15406432,41.39766708,,,,,,,,,,,,,,,,
2.17107746,41.40704631,,,,,,,,,,,,,,,,
2.17107746,41.40704631,,,,,,,,,,,,,,,,
2.18370966,41.43348823,,,,,,,,,,,,,,,,
2.18370966,41.43348823,,,,,,,,,,,,,,,,
2.17374182,41.39270791,,,,,,,,,,,,,,,,
2.13578598,41.41512763,,,,,,,,,,,,,,,,
2.13578598,41.41512763,,,,,,,,,,,,,,,,
2.13578598,41.41512763,,,,,,,,,,,,,,,,
2.13578598,41.41512763,,,,,,,,,,,,,,,,
2.17892209,41.39708569,,,,,,,,,,,,,,,,
2.17892209,41.39708569,,,,,,,,,,,,,,,,
2.2058908,41.40740122,,,,,,,,,,,,,,,,
2.2058908,41.40740122,,,,,,,,,,,,,,,,
2.2058908,41.40740122,,,,,,,,,,,,,,,,
2.2058908,41.40740122,,,,,,,,,,,,,,,,
2.17866977,41.38414911,,,,,,,,,,,,,,,,
2.17866977,41.38414911,,,,,,,,,,,,,,,,
2.15128014,41.39419959,,,,,,,,,,,,,,,,
2.16865197,41.40183081,,,,,,,,,,,,,,,,
2.16865197,41.40183081,,,,,,,,,,,,,,,,
2.16865197,41.40183081,,,,,,,,,,,,,,,,
2.18112262,41.40774606,,,,,,,,,,,,,,,,
2.18112262,41.40774606,,,,,,,,,,,,,,,,
2.1545204,41.37875638,,,,,,,,,,,,,,,,
2.1545204,41.37875638,,,,,,,,,,,,,,,,
2.1067238,41.38321863,,,,,,,,,,,,,,,,
2.1067238,41.38321863,,,,,,,,,,,,,,,,
2.1067238,41.38321863,,,,,,,,,,,,,,,,
2.1067238,41.38321863,,,,,,,,,,,,,,,,
2.16310473,41.38554485,,,,,,,,,,,,,,,,
2.16310473,41.38554485,,,,,,,,,,,,,,,,
2.16310473,41.38554485,,,,,,,,,,,,,,,,
2.20903449,41.40885648,,,,,,,,,,,,,,,,
2.16585072,41.41172345,,,,,,,,,,,,,,,,
2.16585072,41.41172345,,,,,,,,,,,,,,,,
2.16873996,41.37879616,,,,,,,,,,,,,,,,
2.14043956,41.38186197,,,,,,,,,,,,,,,,
2.14043956,41.38186197,,,,,,,,,,,,,,,,
2.1241436,41.39912347,,,,,,,,,,,,,,,,
2.1241436,41.39912347,,,,,,,,,,,,,,,,
2.1241436,41.39912347,,,,,,,,,,,,,,,,
2.1241436,41.39912347,,,,,,,,,,,,,,,,
2.1241436,41.39912347,,,,,,,,,,,,,,,,
2.1241436,41.39912347,,,,,,,,,,,,,,,,
2.12339122,41.401002,,,,,,,,,,,,,,,,
2.12339122,41.401002,,,,,,,,,,,,,,,,
2.17107746,41.40704631,,,,,,,,,,,,,,,,
2.17107746,41.40704631,,,,,,,,,,,,,,,,
2.14629133,41.40968201,,,,,,,,,,,,,,,,
2.14629133,41.40968201,,,,,,,,,,,,,,,,
2.1784069,41.43884976,,,,,,,,,,,,,,,,
2.1784069,41.43884976,,,,,,,,,,,,,,,,
2.1784069,41.43884976,,,,,,,,,,,,,,,,
2.1833937,41.43086332,,,,,,,,,,,,,,,,
2.1833937,41.43086332,,,,,,,,,,,,,,,,
2.15065313,41.42120135,,,,,,,,,,,,,,,,
2.15065313,41.42120135,,,,,,,,,,,,,,,,
2.13067845,41.3760715,,,,,,,,,,,,,,,,
2.13067845,41.3760715,,,,,,,,,,,,,,,,
2.13067845,41.3760715,,,,,,,,,,,,,,,,
2.13067845,41.3760715,,,,,,,,,,,,,,,,
2.13067845,41.3760715,,,,,,,,,,,,,,,,
2.13067845,41.3760715,,,,,,,,,,,,,,,,
2.14566592,41.3510013,,,,,,,,,,,,,,,,
2.16952987,41.36269923,,,,,,,,,,,,,,,,
2.16952987,41.36269923,,,,,,,,,,,,,,,,
2.1981427,41.3891667,,,,,,,,,,,,,,,,
2.1981427,41.3891667,,,,,,,,,,,,,,,,
2.14939959,41.38392192,,,,,,,,,,,,,,,,
2.14939959,41.38392192,,,,,,,,,,,,,,,,
2.20726329,41.4152841,,,,,,,,,,,,,,,,
2.20726329,41.4152841,,,,,,,,,,,,,,,,
2.16654189,41.38845802,,,,,,,,,,,,,,,,
2.16654189,41.38845802,,,,,,,,,,,,,,,,
2.12493795,41.38735853,,,,,,,,,,,,,,,,
2.12493795,41.38735853,,,,,,,,,,,,,,,,
2.18456527,41.41020985,,,,,,,,,,,,,,,,
2.18456527,41.41020985,,,,,,,,,,,,,,,,
2.13374308,41.42502089,,,,,,,,,,,,,,,,
2.15694032,41.41464176,,,,,,,,,,,,,,,,
2.185657,41.40606219,,,,,,,,,,,,,,,,
2.185657,41.40606219,,,,,,,,,,,,,,,,
2.18335807,41.40432731,,,,,,,,,,,,,,,,
2.18335807,41.40432731,,,,,,,,,,,,,,,,
2.1804851,41.38250522,,,,,,,,,,,,,,,,
2.1804851,41.38250522,,,,,,,,,,,,,,,,
2.17605887,41.37629438,,,,,,,,,,,,,,,,
2.16918713,41.39520888,,,,,,,,,,,,,,,,
2.16918713,41.39520888,,,,,,,,,,,,,,,,
2.14658916,41.3734498,,,,,,,,,,,,,,,,
2.14658916,41.3734498,,,,,,,,,,,,,,,,
2.13344023,41.39814124,,,,,,,,,,,,,,,,
2.13344023,41.39814124,,,,,,,,,,,,,,,,
2.16376095,41.42422687,,,,,,,,,,,,,,,,
2.16376095,41.42422687,,,,,,,,,,,,,,,,
2.16376095,41.42422687,,,,,,,,,,,,,,,,
2.16989582,41.39063954,,,,,,,,,,,,,,,,
2.16989582,41.39063954,,,,,,,,,,,,,,,,
2.17615498,41.44537737,,,,,,,,,,,,,,,,
2.17615498,41.44537737,,,,,,,,,,,,,,,,
2.1437199,41.37962811,,,,,,,,,,,,,,,,
2.1644734,41.39513898,,,,,,,,,,,,,,,,
2.1644734,41.39513898,,,,,,,,,,,,,,,,
2.16745609,41.38968065,,,,,,,,,,,,,,,,
2.16745609,41.38968065,,,,,,,,,,,,,,,,
2.14506183,41.40151384,,,,,,,,,,,,,,,,
2.12954654,41.37060742,,,,,,,,,,,,,,,,
2.12954654,41.37060742,,,,,,,,,,,,,,,,
2.13708259,41.39034971,,,,,,,,,,,,,,,,
2.13708259,41.39034971,,,,,,,,,,,,,,,,
2.13708259,41.39034971,,,,,,,,,,,,,,,,
2.13646905,41.39632372,,,,,,,,,,,,,,,,
2.13646905,41.39632372,,,,,,,,,,,,,,,,
2.17331995,41.40533021,,,,,,,,,,,,,,,,
2.17331995,41.40533021,,,,,,,,,,,,,,,,
2.16755362,41.4121538,,,,,,,,,,,,,,,,
2.16755362,41.4121538,,,,,,,,,,,,,,,,
2.15856052,41.38213403,,,,,,,,,,,,,,,,
2.15856052,41.38213403,,,,,,,,,,,,,,,,
2.15856052,41.38213403,,,,,,,,,,,,,,,,
2.13629766,41.36489771,,,,,,,,,,,,,,,,
2.13629766,41.36489771,,,,,,,,,,,,,,,,
2.13629766,41.36489771,,,,,,,,,,,,,,,,
2.16527593,41.40264512,,,,,,,,,,,,,,,,
2.16527593,41.40264512,,,,,,,,,,,,,,,,
2.13198362,41.34376011,,,,,,,,,,,,,,,,
2.13198362,41.34376011,,,,,,,,,,,,,,,,
2.13198362,41.34376011,,,,,,,,,,,,,,,,
2.13198362,41.34376011,,,,,,,,,,,,,,,,
2.17131012,41.40165156,,,,,,,,,,,,,,,,
2.15168005,41.3973202,,,,,,,,,,,,,,,,
2.15168005,41.3973202,,,,,,,,,,,,,,,,
2.15065135,41.43745351,,,,,,,,,,,,,,,,
2.15065135,41.43745351,,,,,,,,,,,,,,,,
2.16524862,41.39585455,,,,,,,,,,,,,,,,
2.16524862,41.39585455,,,,,,,,,,,,,,,,
2.16524862,41.39585455,,,,,,,,,,,,,,,,
2.16524862,41.39585455,,,,,,,,,,,,,,,,
2.16524862,41.39585455,,,,,,,,,,,,,,,,
2.17461891,41.42248847,,,,,,,,,,,,,,,,
2.17461891,41.42248847,,,,,,,,,,,,,,,,
2.17558105,41.38385472,,,,,,,,,,,,,,,,
2.1869093,41.42032433,,,,,,,,,,,,,,,,
2.1869093,41.42032433,,,,,,,,,,,,,,,,
2.17878052,41.41292759,,,,,,,,,,,,,,,,
2.17878052,41.41292759,,,,,,,,,,,,,,,,
2.11609423,41.33534609,,,,,,,,,,,,,,,,
2.11609423,41.33534609,,,,,,,,,,,,,,,,
2.17892209,41.39708569,,,,,,,,,,,,,,,,
2.17892209,41.39708569,,,,,,,,,,,,,,,,
2.17892209,41.39708569,,,,,,,,,,,,,,,,
2.13362049,41.39512762,,,,,,,,,,,,,,,,
2.13362049,41.39512762,,,,,,,,,,,,,,,,
2.19737323,41.42180952,,,,,,,,,,,,,,,,
2.19737323,41.42180952,,,,,,,,,,,,,,,,
2.18778308,41.407146,,,,,,,,,,,,,,,,
2.18835538,41.40943074,,,,,,,,,,,,,,,,
2.18835538,41.40943074,,,,,,,,,,,,,,,,
2.15299469,41.38464033,,,,,,,,,,,,,,,,
2.15299469,41.38464033,,,,,,,,,,,,,,,,
2.15299469,41.38464033,,,,,,,,,,,,,,,,
2.13690856,41.33042234,,,,,,,,,,,,,,,,
2.13690856,41.33042234,,,,,,,,,,,,,,,,
2.16730938,41.38041074,,,,,,,,,,,,,,,,
2.16730938,41.38041074,,,,,,,,,,,,,,,,
2.16730938,41.38041074,,,,,,,,,,,,,,,,
2.18689012,41.41528517,,,,,,,,,,,,,,,,
2.18689012,41.41528517,,,,,,,,,,,,,,,,
2.17090979,41.3949939,,,,,,,,,,,,,,,,
2.18721602,41.41459609,,,,,,,,,,,,,,,,
2.18721602,41.41459609,,,,,,,,,,,,,,,,
2.1357923,41.39737847,,,,,,,,,,,,,,,,
2.1357923,41.39737847,,,,,,,,,,,,,,,,
2.1357923,41.39737847,,,,,,,,,,,,,,,,
2.1357923,41.39737847,,,,,,,,,,,,,,,,
2.17401509,41.43779919,,,,,,,,,,,,,,,,
2.17401509,41.43779919,,,,,,,,,,,,,,,,
2.17883394,41.40947356,,,,,,,,,,,,,,,,
2.17883394,41.40947356,,,,,,,,,,,,,,,,
2.14181138,41.35078735,,,,,,,,,,,,,,,,
2.14181138,41.35078735,,,,,,,,,,,,,,,,
2.14181138,41.35078735,,,,,,,,,,,,,,,,
2.14294061,41.36909782,,,,,,,,,,,,,,,,
2.14294061,41.36909782,,,,,,,,,,,,,,,,
2.20231773,41.39239399,,,,,,,,,,,,,,,,
2.20231773,41.39239399,,,,,,,,,,,,,,,,
2.16946155,41.40476052,,,,,,,,,,,,,,,,
2.16946155,41.40476052,,,,,,,,,,,,,,,,
2.15542267,41.38009771,,,,,,,,,,,,,,,,
2.15542267,41.38009771,,,,,,,,,,,,,,,,
2.1376169,41.40276586,,,,,,,,,,,,,,,,
2.1376169,41.40276586,,,,,,,,,,,,,,,,
2.14087003,41.36915003,,,,,,,,,,,,,,,,
2.14087003,41.36915003,,,,,,,,,,,,,,,,
2.1964293,41.38576848,,,,,,,,,,,,,,,,
2.1964293,41.38576848,,,,,,,,,,,,,,,,
2.17330941,41.4120971,,,,,,,,,,,,,,,,
2.17330941,41.4120971,,,,,,,,,,,,,,,,
2.19866081,41.43848009,,,,,,,,,,,,,,,,
2.12420732,41.40198904,,,,,,,,,,,,,,,,
2.12420732,41.40198904,,,,,,,,,,,,,,,,
2.15907246,41.38283876,,,,,,,,,,,,,,,,
2.15907246,41.38283876,,,,,,,,,,,,,,,,
2.14020871,41.42035632,,,,,,,,,,,,,,,,
2.14020871,41.42035632,,,,,,,,,,,,,,,,
2.14020871,41.42035632,,,,,,,,,,,,,,,,
2.18367714,41.40057972,,,,,,,,,,,,,,,,
2.18367714,41.40057972,,,,,,,,,,,,,,,,
2.18114339,41.39297474,,,,,,,,,,,,,,,,
2.19607368,41.40840144,,,,,,,,,,,,,,,,
2.19607368,41.40840144,,,,,,,,,,,,,,,,
2.16526021,41.40436376,,,,,,,,,,,,,,,,
2.16526021,41.40436376,,,,,,,,,,,,,,,,
2.11493129,41.3856531,,,,,,,,,,,,,,,,
2.11493129,41.3856531,,,,,,,,,,,,,,,,
2.18569574,41.40758604,,,,,,,,,,,,,,,,
2.18569574,41.40758604,,,,,,,,,,,,,,,,
2.11704724,41.38568901,,,,,,,,,,,,,,,,
2.11704724,41.38568901,,,,,,,,,,,,,,,,
2.15881266,41.37669849,,,,,,,,,,,,,,,,
2.15881266,41.37669849,,,,,,,,,,,,,,,,
2.13312546,41.39577012,,,,,,,,,,,,,,,,
2.13312546,41.39577012,,,,,,,,,,,,,,,,
2.13312546,41.39577012,,,,,,,,,,,,,,,,
2.13312546,41.39577012,,,,,,,,,,,,,,,,
2.18889777,41.37545135,,,,,,,,,,,,,,,,
2.18889777,41.37545135,,,,,,,,,,,,,,,,
2.14562848,41.43236671,,,,,,,,,,,,,,,,
2.14562848,41.43236671,,,,,,,,,,,,,,,,
2.14562848,41.43236671,,,,,,,,,,,,,,,,
2.20462751,41.40351087,,,,,,,,,,,,,,,,
2.20462751,41.40351087,,,,,,,,,,,,,,,,
2.15544571,41.37463329,,,,,,,,,,,,,,,,
2.15544571,41.37463329,,,,,,,,,,,,,,,,
2.15544571,41.37463329,,,,,,,,,,,,,,,,
2.17442149,41.39403565,,,,,,,,,,,,,,,,
2.17442149,41.39403565,,,,,,,,,,,,,,,,
2.17442149,41.39403565,,,,,,,,,,,,,,,,
2.17442149,41.39403565,,,,,,,,,,,,,,,,
2.17442149,41.39403565,,,,,,,,,,,,,,,,
2.19469638,41.41452761,,,,,,,,,,,,,,,,
2.19469638,41.41452761,,,,,,,,,,,,,,,,
2.15229798,41.43375703,,,,,,,,,,,,,,,,
2.15229798,41.43375703,,,,,,,,,,,,,,,,
2.15956322,41.40608949,,,,,,,,,,,,,,,,
2.16526093,41.39413326,,,,,,,,,,,,,,,,
2.16526093,41.39413326,,,,,,,,,,,,,,,,
2.16310473,41.38554485,,,,,,,,,,,,,,,,
2.16310473,41.38554485,,,,,,,,,,,,,,,,
2.16114626,41.39274745,,,,,,,,,,,,,,,,
2.16114626,41.39274745,,,,,,,,,,,,,,,,
2.13475559,41.36583583,,,,,,,,,,,,,,,,
2.13475559,41.36583583,,,,,,,,,,,,,,,,
2.16264892,41.40587212,,,,,,,,,,,,,,,,
2.16264892,41.40587212,,,,,,,,,,,,,,,,
2.13884923,41.42056901,,,,,,,,,,,,,,,,
2.13884923,41.42056901,,,,,,,,,,,,,,,,
2.11520749,41.33073926,,,,,,,,,,,,,,,,
2.11520749,41.33073926,,,,,,,,,,,,,,,,
2.19840102,41.41200624,,,,,,,,,,,,,,,,
2.19840102,41.41200624,,,,,,,,,,,,,,,,
2.19354196,41.41369359,,,,,,,,,,,,,,,,
2.19354196,41.41369359,,,,,,,,,,,,,,,,
2.13210703,41.37538379,,,,,,,,,,,,,,,,
2.13210703,41.37538379,,,,,,,,,,,,,,,,
2.13336422,41.34668676,,,,,,,,,,,,,,,,
2.13336422,41.34668676,,,,,,,,,,,,,,,,
2.10860088,41.38400465,,,,,,,,,,,,,,,,
2.10860088,41.38400465,,,,,,,,,,,,,,,,
2.20163399,41.4144445,,,,,,,,,,,,,,,,
2.20163399,41.4144445,,,,,,,,,,,,,,,,
2.14542824,41.39734624,,,,,,,,,,,,,,,,
2.14542824,41.39734624,,,,,,,,,,,,,,,,
2.12016812,41.3864871,,,,,,,,,,,,,,,,
2.12016812,41.3864871,,,,,,,,,,,,,,,,
2.18721702,41.41472503,,,,,,,,,,,,,,,,
2.18721702,41.41472503,,,,,,,,,,,,,,,,
2.18687719,41.41035093,,,,,,,,,,,,,,,,
2.18687719,41.41035093,,,,,,,,,,,,,,,,
2.12089729,41.39970734,,,,,,,,,,,,,,,,
2.12089729,41.39970734,,,,,,,,,,,,,,,,
2.19314686,41.44728605,,,,,,,,,,,,,,,,
2.19314686,41.44728605,,,,,,,,,,,,,,,,
2.17644084,41.39512783,,,,,,,,,,,,,,,,
2.1653522,41.38724102,,,,,,,,,,,,,,,,
2.1653522,41.38724102,,,,,,,,,,,,,,,,
2.1447173,41.42973606,,,,,,,,,,,,,,,,
2.1447173,41.42973606,,,,,,,,,,,,,,,,
2.17598851,41.39810959,,,,,,,,,,,,,,,,
2.17598851,41.39810959,,,,,,,,,,,,,,,,
2.12327446,41.38727958,,,,,,,,,,,,,,,,
2.12327446,41.38727958,,,,,,,,,,,,,,,,
2.19098954,41.42161066,,,,,,,,,,,,,,,,
2.19098954,41.42161066,,,,,,,,,,,,,,,,
2.19098954,41.42161066,,,,,,,,,,,,,,,,
2.15521333,41.42568194,,,,,,,,,,,,,,,,
2.14705225,41.40859217,,,,,,,,,,,,,,,,
2.14705225,41.40859217,,,,,,,,,,,,,,,,
2.14705225,41.40859217,,,,,,,,,,,,,,,,
2.19706288,41.41104091,,,,,,,,,,,,,,,,
2.19706288,41.41104091,,,,,,,,,,,,,,,,
2.19965224,41.4341071,,,,,,,,,,,,,,,,
2.19598931,41.38696566,,,,,,,,,,,,,,,,
2.19598931,41.38696566,,,,,,,,,,,,,,,,
2.16243163,41.44136517,,,,,,,,,,,,,,,,
2.16243163,41.44136517,,,,,,,,,,,,,,,,
2.1773347,41.42283,,,,,,,,,,,,,,,,
2.1773347,41.42283,,,,,,,,,,,,,,,,
2.18956596,41.40824659,,,,,,,,,,,,,,,,
2.18956596,41.40824659,,,,,,,,,,,,,,,,
2.10860088,41.38400465,,,,,,,,,,,,,,,,
2.10860088,41.38400465,,,,,,,,,,,,,,,,
2.10860088,41.38400465,,,,,,,,,,,,,,,,
2.13421318,41.36728057,,,,,,,,,,,,,,,,
2.16495958,41.39169994,,,,,,,,,,,,,,,,
2.16495958,41.39169994,,,,,,,,,,,,,,,,
2.15189768,41.37499647,,,,,,,,,,,,,,,,
2.15189768,41.37499647,,,,,,,,,,,,,,,,
2.14674163,41.39861802,,,,,,,,,,,,,,,,
2.14674163,41.39861802,,,,,,,,,,,,,,,,
2.14893972,41.35035941,,,,,,,,,,,,,,,,
2.14893972,41.35035941,,,,,,,,,,,,,,,,
2.18517082,41.39644841,,,,,,,,,,,,,,,,
2.18517082,41.39644841,,,,,,,,,,,,,,,,
2.21038259,41.41841369,,,,,,,,,,,,,,,,
2.21038259,41.41841369,,,,,,,,,,,,,,,,
2.18774342,41.4021303,,,,,,,,,,,,,,,,
2.18032111,41.39948703,,,,,,,,,,,,,,,,
2.18032111,41.39948703,,,,,,,,,,,,,,,,
2.15420361,41.3801776,,,,,,,,,,,,,,,,
2.21373485,41.40282639,,,,,,,,,,,,,,,,
2.21373485,41.40282639,,,,,,,,,,,,,,,,
2.21373485,41.40282639,,,,,,,,,,,,,,,,
2.18692213,41.39839053,,,,,,,,,,,,,,,,
2.18692213,41.39839053,,,,,,,,,,,,,,,,
2.12327446,41.38727958,,,,,,,,,,,,,,,,
2.12327446,41.38727958,,,,,,,,,,,,,,,,
2.12327446,41.38727958,,,,,,,,,,,,,,,,
2.12327446,41.38727958,,,,,,,,,,,,,,,,
2.18096332,41.41602763,,,,,,,,,,,,,,,,
2.18096332,41.41602763,,,,,,,,,,,,,,,,
2.1837785,41.42065034,,,,,,,,,,,,,,,,
2.18848881,41.41159864,,,,,,,,,,,,,,,,
2.18848881,41.41159864,,,,,,,,,,,,,,,,
2.1302886,41.37184141,,,,,,,,,,,,,,,,
2.1302886,41.37184141,,,,,,,,,,,,,,,,
2.15730505,41.41083552,,,,,,,,,,,,,,,,
2.15730505,41.41083552,,,,,,,,,,,,,,,,
2.18795906,41.37958182,,,,,,,,,,,,,,,,
2.1789927,41.43025144,,,,,,,,,,,,,,,,
2.1789927,41.43025144,,,,,,,,,,,,,,,,
2.19706288,41.41104091,,,,,,,,,,,,,,,,
2.19706288,41.41104091,,,,,,,,,,,,,,,,
2.14468682,41.36691613,,,,,,,,,,,,,,,,
2.16196604,41.40450664,,,,,,,,,,,,,,,,
2.16196604,41.40450664,,,,,,,,,,,,,,,,
2.16196604,41.40450664,,,,,,,,,,,,,,,,
2.1869093,41.42032433,,,,,,,,,,,,,,,,
2.1869093,41.42032433,,,,,,,,,,,,,,,,
2.10731727,41.38167976,,,,,,,,,,,,,,,,
2.10731727,41.38167976,,,,,,,,,,,,,,,,
2.17437377,41.3700746,,,,,,,,,,,,,,,,
2.17437377,41.3700746,,,,,,,,,,,,,,,,
2.19333238,41.40465343,,,,,,,,,,,,,,,,
2.19333238,41.40465343,,,,,,,,,,,,,,,,
2.21800231,41.40604182,,,,,,,,,,,,,,,,
2.21800231,41.40604182,,,,,,,,,,,,,,,,
2.21800231,41.40604182,,,,,,,,,,,,,,,,
2.17824005,41.39982754,,,,,,,,,,,,,,,,
2.17824005,41.39982754,,,,,,,,,,,,,,,,
2.19507723,41.38628115,,,,,,,,,,,,,,,,
2.19507723,41.38628115,,,,,,,,,,,,,,,,
2.18084186,41.41455436,,,,,,,,,,,,,,,,
2.18084186,41.41455436,,,,,,,,,,,,,,,,
2.18084186,41.41455436,,,,,,,,,,,,,,,,
2.16745189,41.38047333,,,,,,,,,,,,,,,,
2.18651325,41.41025111,,,,,,,,,,,,,,,,
2.13116964,41.37411941,,,,,,,,,,,,,,,,
2.158381,41.42374292,,,,,,,,,,,,,,,,
2.14252449,41.38061419,,,,,,,,,,,,,,,,
2.14252449,41.38061419,,,,,,,,,,,,,,,,
2.14252449,41.38061419,,,,,,,,,,,,,,,,
2.18041816,41.38365961,,,,,,,,,,,,,,,,
2.18041816,41.38365961,,,,,,,,,,,,,,,,
2.17629124,41.37236253,,,,,,,,,,,,,,,,
2.19011735,41.41795555,,,,,,,,,,,,,,,,
2.19011735,41.41795555,,,,,,,,,,,,,,,,
2.15100941,41.40990412,,,,,,,,,,,,,,,,
2.15100941,41.40990412,,,,,,,,,,,,,,,,
2.17210373,41.40954142,,,,,,,,,,,,,,,,
2.17210373,41.40954142,,,,,,,,,,,,,,,,
2.17836714,41.39106,,,,,,,,,,,,,,,,
2.17836714,41.39106,,,,,,,,,,,,,,,,
2.16620467,41.39796537,,,,,,,,,,,,,,,,
2.16620467,41.39796537,,,,,,,,,,,,,,,,
2.12849584,41.39020277,,,,,,,,,,,,,,,,
2.12849584,41.39020277,,,,,,,,,,,,,,,,
2.16311045,41.39745262,,,,,,,,,,,,,,,,
2.16311045,41.39745262,,,,,,,,,,,,,,,,
2.19163993,41.40456061,,,,,,,,,,,,,,,,
2.19163993,41.40456061,,,,,,,,,,,,,,,,
2.19594629,41.38802306,,,,,,,,,,,,,,,,
2.19594629,41.38802306,,,,,,,,,,,,,,,,
2.15329983,41.3911031,,,,,,,,,,,,,,,,
2.15329983,41.3911031,,,,,,,,,,,,,,,,
2.15507763,41.38647851,,,,,,,,,,,,,,,,
2.15507763,41.38647851,,,,,,,,,,,,,,,,
2.15507763,41.38647851,,,,,,,,,,,,,,,,
2.12571269,41.38848506,,,,,,,,,,,,,,,,
2.12571269,41.38848506,,,,,,,,,,,,,,,,
2.14974451,41.37870982,,,,,,,,,,,,,,,,
2.14974451,41.37870982,,,,,,,,,,,,,,,,
2.14974451,41.37870982,,,,,,,,,,,,,,,,
2.14974451,41.37870982,,,,,,,,,,,,,,,,
2.17893153,41.3974322,,,,,,,,,,,,,,,,
2.14618061,41.39002112,,,,,,,,,,,,,,,,
2.14618061,41.39002112,,,,,,,,,,,,,,,,
2.13688378,41.36349849,,,,,,,,,,,,,,,,
2.13688378,41.36349849,,,,,,,,,,,,,,,,
2.13688378,41.36349849,,,,,,,,,,,,,,,,
2.19142437,41.38436934,,,,,,,,,,,,,,,,
2.19142437,41.38436934,,,,,,,,,,,,,,,,
2.19142437,41.38436934,,,,,,,,,,,,,,,,
2.17437698,41.40782124,,,,,,,,,,,,,,,,
2.17437698,41.40782124,,,,,,,,,,,,,,,,
2.19381577,41.41416076,,,,,,,,,,,,,,,,
2.19381577,41.41416076,,,,,,,,,,,,,,,,
2.19381577,41.41416076,,,,,,,,,,,,,,,,
2.19125732,41.42283709,,,,,,,,,,,,,,,,
2.19125732,41.42283709,,,,,,,,,,,,,,,,
2.16072038,41.38561817,,,,,,,,,,,,,,,,
2.16072038,41.38561817,,,,,,,,,,,,,,,,
2.17316935,41.40009194,,,,,,,,,,,,,,,,
2.17316935,41.40009194,,,,,,,,,,,,,,,,
2.17316935,41.40009194,,,,,,,,,,,,,,,,
2.16789206,41.41227851,,,,,,,,,,,,,,,,
2.16789206,41.41227851,,,,,,,,,,,,,,,,
2.16789206,41.41227851,,,,,,,,,,,,,,,,
2.16789206,41.41227851,,,,,,,,,,,,,,,,
2.12759526,41.38511254,,,,,,,,,,,,,,,,
2.12759526,41.38511254,,,,,,,,,,,,,,,,
2.14467733,41.4141435,,,,,,,,,,,,,,,,
2.12184152,41.40257331,,,,,,,,,,,,,,,,
2.12184152,41.40257331,,,,,,,,,,,,,,,,
2.11851872,41.38417507,,,,,,,,,,,,,,,,
2.12809303,41.41150674,,,,,,,,,,,,,,,,
2.12809303,41.41150674,,,,,,,,,,,,,,,,
2.14358045,41.35798558,,,,,,,,,,,,,,,,
2.14358045,41.35798558,,,,,,,,,,,,,,,,
2.13996323,41.4039129,,,,,,,,,,,,,,,,
2.13996323,41.4039129,,,,,,,,,,,,,,,,
2.17503831,41.37081915,,,,,,,,,,,,,,,,
2.13298,41.37432598,,,,,,,,,,,,,,,,
2.15229874,41.35129664,,,,,,,,,,,,,,,,
2.15229874,41.35129664,,,,,,,,,,,,,,,,
2.15229874,41.35129664,,,,,,,,,,,,,,,,
2.15229874,41.35129664,,,,,,,,,,,,,,,,
2.15229874,41.35129664,,,,,,,,,,,,,,,,
2.15229874,41.35129664,,,,,,,,,,,,,,,,
2.13815137,41.40483658,,,,,,,,,,,,,,,,
2.13815137,41.40483658,,,,,,,,,,,,,,,,
2.16687651,41.39346755,,,,,,,,,,,,,,,,
2.16687651,41.39346755,,,,,,,,,,,,,,,,
2.16687651,41.39346755,,,,,,,,,,,,,,,,
2.16687651,41.39346755,,,,,,,,,,,,,,,,
2.1327657,41.39431389,,,,,,,,,,,,,,,,
2.1327657,41.39431389,,,,,,,,,,,,,,,,
2.1648836,41.39216196,,,,,,,,,,,,,,,,
2.1648836,41.39216196,,,,,,,,,,,,,,,,
2.17317091,41.3966833,,,,,,,,,,,,,,,,
2.17317091,41.3966833,,,,,,,,,,,,,,,,
2.1560067,41.41037985,,,,,,,,,,,,,,,,
2.1560067,41.41037985,,,,,,,,,,,,,,,,
2.13996323,41.4039129,,,,,,,,,,,,,,,,
2.13996323,41.4039129,,,,,,,,,,,,,,,,
2.20849689,41.40582224,,,,,,,,,,,,,,,,
2.20849689,41.40582224,,,,,,,,,,,,,,,,
2.16921256,41.41544143,,,,,,,,,,,,,,,,
2.12279155,41.37862095,,,,,,,,,,,,,,,,
2.12279155,41.37862095,,,,,,,,,,,,,,,,
2.12279155,41.37862095,,,,,,,,,,,,,,,,
2.15033321,41.40816679,,,,,,,,,,,,,,,,
2.17445923,41.4164798,,,,,,,,,,,,,,,,
2.17445923,41.4164798,,,,,,,,,,,,,,,,
2.16124332,41.41355912,,,,,,,,,,,,,,,,
2.16124332,41.41355912,,,,,,,,,,,,,,,,
2.17331471,41.43462791,,,,,,,,,,,,,,,,
2.17331471,41.43462791,,,,,,,,,,,,,,,,
2.17331995,41.40533021,,,,,,,,,,,,,,,,
2.17331995,41.40533021,,,,,,,,,,,,,,,,
2.18051279,41.4377029,,,,,,,,,,,,,,,,
2.18051279,41.4377029,,,,,,,,,,,,,,,,
2.14915234,41.37915988,,,,,,,,,,,,,,,,
2.14915234,41.37915988,,,,,,,,,,,,,,,,
2.18686909,41.39312628,,,,,,,,,,,,,,,,
2.18686909,41.39312628,,,,,,,,,,,,,,,,
2.19342553,41.447053,,,,,,,,,,,,,,,,
2.19342553,41.447053,,,,,,,,,,,,,,,,
2.19818961,41.41188794,,,,,,,,,,,,,,,,
2.19818961,41.41188794,,,,,,,,,,,,,,,,
2.15054755,41.39331536,,,,,,,,,,,,,,,,
2.15054755,41.39331536,,,,,,,,,,,,,,,,
2.20532639,41.44390064,,,,,,,,,,,,,,,,
2.20532639,41.44390064,,,,,,,,,,,,,,,,
2.20532639,41.44390064,,,,,,,,,,,,,,,,
2.17729969,41.42868043,,,,,,,,,,,,,,,,
2.17729969,41.42868043,,,,,,,,,,,,,,,,
2.13692988,41.38485978,,,,,,,,,,,,,,,,
2.13692988,41.38485978,,,,,,,,,,,,,,,,
2.17431877,41.46008541,,,,,,,,,,,,,,,,
2.16167397,41.37517993,,,,,,,,,,,,,,,,
2.17606781,41.42610715,,,,,,,,,,,,,,,,
2.17606781,41.42610715,,,,,,,,,,,,,,,,
2.16553715,41.39207244,,,,,,,,,,,,,,,,
2.16553715,41.39207244,,,,,,,,,,,,,,,,
2.19346327,41.43227865,,,,,,,,,,,,,,,,
2.19346327,41.43227865,,,,,,,,,,,,,,,,
2.19346327,41.43227865,,,,,,,,,,,,,,,,
2.17993513,41.37795511,,,,,,,,,,,,,,,,
2.17993513,41.37795511,,,,,,,,,,,,,,,,
2.11956572,41.38102092,,,,,,,,,,,,,,,,
2.19372839,41.39131204,,,,,,,,,,,,,,,,
2.19372839,41.39131204,,,,,,,,,,,,,,,,
2.17132518,41.37835796,,,,,,,,,,,,,,,,
2.17132518,41.37835796,,,,,,,,,,,,,,,,
2.16608073,41.39634973,,,,,,,,,,,,,,,,
2.16608073,41.39634973,,,,,,,,,,,,,,,,
2.16608073,41.39634973,,,,,,,,,,,,,,,,
2.12527147,41.37721085,,,,,,,,,,,,,,,,
2.12527147,41.37721085,,,,,,,,,,,,,,,,
2.15564461,41.37519866,,,,,,,,,,,,,,,,
2.15564461,41.37519866,,,,,,,,,,,,,,,,
2.13498856,41.36588007,,,,,,,,,,,,,,,,
2.13498856,41.36588007,,,,,,,,,,,,,,,,
2.13999503,41.39200643,,,,,,,,,,,,,,,,
2.13999503,41.39200643,,,,,,,,,,,,,,,,
2.13999503,41.39200643,,,,,,,,,,,,,,,,
2.16501406,41.38169001,,,,,,,,,,,,,,,,
2.16137388,41.42946372,,,,,,,,,,,,,,,,
2.16137388,41.42946372,,,,,,,,,,,,,,,,
2.15643058,41.43490042,,,,,,,,,,,,,,,,
2.15643058,41.43490042,,,,,,,,,,,,,,,,
2.15643058,41.43490042,,,,,,,,,,,,,,,,
2.12603822,41.38524172,,,,,,,,,,,,,,,,
2.12577853,41.41033593,,,,,,,,,,,,,,,,
2.12577853,41.41033593,,,,,,,,,,,,,,,,
2.13702902,41.40376016,,,,,,,,,,,,,,,,
2.13702902,41.40376016,,,,,,,,,,,,,,,,
2.17843893,41.39939402,,,,,,,,,,,,,,,,
2.17843893,41.39939402,,,,,,,,,,,,,,,,
2.20137144,41.41360973,,,,,,,,,,,,,,,,
2.20137144,41.41360973,,,,,,,,,,,,,,,,
2.20137144,41.41360973,,,,,,,,,,,,,,,,
2.18637521,41.42445315,,,,,,,,,,,,,,,,
2.18637521,41.42445315,,,,,,,,,,,,,,,,
2.20140786,41.43405978,,,,,,,,,,,,,,,,
2.20140786,41.43405978,,,,,,,,,,,,,,,,
2.20140786,41.43405978,,,,,,,,,,,,,,,,
2.1906553,41.41197907,,,,,,,,,,,,,,,,
2.15629636,41.38043066,,,,,,,,,,,,,,,,
2.15629636,41.38043066,,,,,,,,,,,,,,,,
2.1922026,41.39606474,,,,,,,,,,,,,,,,
2.1922026,41.39606474,,,,,,,,,,,,,,,,
2.13260844,41.37545545,,,,,,,,,,,,,,,,
2.16774307,41.44321676,,,,,,,,,,,,,,,,
2.16774307,41.44321676,,,,,,,,,,,,,,,,
2.17109217,41.39983986,,,,,,,,,,,,,,,,
2.17109217,41.39983986,,,,,,,,,,,,,,,,
2.19788723,41.41248455,,,,,,,,,,,,,,,,
2.19788723,41.41248455,,,,,,,,,,,,,,,,
2.19788723,41.41248455,,,,,,,,,,,,,,,,
2.19788723,41.41248455,,,,,,,,,,,,,,,,
2.15849969,41.4011226,,,,,,,,,,,,,,,,
2.14935005,41.42693123,,,,,,,,,,,,,,,,
2.14935005,41.42693123,,,,,,,,,,,,,,,,
2.17006291,41.41440584,,,,,,,,,,,,,,,,
2.15733695,41.38647464,,,,,,,,,,,,,,,,
2.15733695,41.38647464,,,,,,,,,,,,,,,,
2.17259382,41.43579659,,,,,,,,,,,,,,,,
2.17259382,41.43579659,,,,,,,,,,,,,,,,
2.19503617,41.40886835,,,,,,,,,,,,,,,,
2.19503617,41.40886835,,,,,,,,,,,,,,,,
2.19503617,41.40886835,,,,,,,,,,,,,,,,
2.14072038,41.40441788,,,,,,,,,,,,,,,,
2.14072038,41.40441788,,,,,,,,,,,,,,,,
2.14364477,41.39050273,,,,,,,,,,,,,,,,
2.14364477,41.39050273,,,,,,,,,,,,,,,,
2.14364477,41.39050273,,,,,,,,,,,,,,,,
2.14364477,41.39050273,,,,,,,,,,,,,,,,
2.14943338,41.42609429,,,,,,,,,,,,,,,,
2.14943338,41.42609429,,,,,,,,,,,,,,,,
2.16023964,41.39644458,,,,,,,,,,,,,,,,
2.16023964,41.39644458,,,,,,,,,,,,,,,,
2.20704963,41.39550093,,,,,,,,,,,,,,,,
2.20704963,41.39550093,,,,,,,,,,,,,,,,
2.13941222,41.36773035,,,,,,,,,,,,,,,,
2.13941222,41.36773035,,,,,,,,,,,,,,,,
2.12586573,41.39479047,,,,,,,,,,,,,,,,
2.16238496,41.3853293,,,,,,,,,,,,,,,,
2.16238496,41.3853293,,,,,,,,,,,,,,,,
2.11702412,41.38534831,,,,,,,,,,,,,,,,
2.11702412,41.38534831,,,,,,,,,,,,,,,,
2.18345481,41.40799235,,,,,,,,,,,,,,,,
2.18345481,41.40799235,,,,,,,,,,,,,,,,
2.11667947,41.40385468,,,,,,,,,,,,,,,,
2.11667947,41.40385468,,,,,,,,,,,,,,,,
2.18007765,41.39828275,,,,,,,,,,,,,,,,
2.18007765,41.39828275,,,,,,,,,,,,,,,,
2.14819644,41.40937465,,,,,,,,,,,,,,,,
2.14819644,41.40937465,,,,,,,,,,,,,,,,
2.14819644,41.40937465,,,,,,,,,,,,,,,,
2.14819644,41.40937465,,,,,,,,,,,,,,,,
2.17615498,41.44537737,,,,,,,,,,,,,,,,
2.17615498,41.44537737,,,,,,,,,,,,,,,,
2.17615498,41.44537737,,,,,,,,,,,,,,,,
2.19079454,41.41425424,,,,,,,,,,,,,,,,
2.19079454,41.41425424,,,,,,,,,,,,,,,,
2.14127257,41.39752991,,,,,,,,,,,,,,,,
2.12002789,41.39733245,,,,,,,,,,,,,,,,
2.12002789,41.39733245,,,,,,,,,,,,,,,,
2.1752045,41.37480582,,,,,,,,,,,,,,,,
2.1752045,41.37480582,,,,,,,,,,,,,,,,
2.15365975,41.40137162,,,,,,,,,,,,,,,,
2.15365975,41.40137162,,,,,,,,,,,,,,,,
2.17276063,41.38845989,,,,,,,,,,,,,,,,
2.17276063,41.38845989,,,,,,,,,,,,,,,,
2.13716598,41.38500574,,,,,,,,,,,,,,,,
2.13716598,41.38500574,,,,,,,,,,,,,,,,
2.15843275,41.38169782,,,,,,,,,,,,,,,,
2.15843275,41.38169782,,,,,,,,,,,,,,,,
2.14179956,41.35632129,,,,,,,,,,,,,,,,
2.14179956,41.35632129,,,,,,,,,,,,,,,,
2.19451665,41.38906315,,,,,,,,,,,,,,,,
2.19451665,41.38906315,,,,,,,,,,,,,,,,
2.15796756,41.4284684,,,,,,,,,,,,,,,,
2.15796756,41.4284684,,,,,,,,,,,,,,,,
2.15796756,41.4284684,,,,,,,,,,,,,,,,
2.16230389,41.39190679,,,,,,,,,,,,,,,,
2.16230389,41.39190679,,,,,,,,,,,,,,,,
2.16230389,41.39190679,,,,,,,,,,,,,,,,
2.17008515,41.38794915,,,,,,,,,,,,,,,,
2.17008515,41.38794915,,,,,,,,,,,,,,,,
2.17008515,41.38794915,,,,,,,,,,,,,,,,
2.17615498,41.44537737,,,,,,,,,,,,,,,,
2.17615498,41.44537737,,,,,,,,,,,,,,,,
2.17615498,41.44537737,,,,,,,,,,,,,,,,
2.15620507,41.38563044,,,,,,,,,,,,,,,,
2.15620507,41.38563044,,,,,,,,,,,,,,,,
2.15620507,41.38563044,,,,,,,,,,,,,,,,
2.16337228,41.41454978,,,,,,,,,,,,,,,,
2.16337228,41.41454978,,,,,,,,,,,,,,,,
2.18133916,41.38083925,,,,,,,,,,,,,,,,
2.18133916,41.38083925,,,,,,,,,,,,,,,,
2.1880994,41.39729915,,,,,,,,,,,,,,,,
2.1880994,41.39729915,,,,,,,,,,,,,,,,
2.17994113,41.38500551,,,,,,,,,,,,,,,,
2.17994113,41.38500551,,,,,,,,,,,,,,,,
2.1463972,41.41249621,,,,,,,,,,,,,,,,
2.1463972,41.41249621,,,,,,,,,,,,,,,,
2.15758057,41.4080745,,,,,,,,,,,,,,,,
2.15758057,41.4080745,,,,,,,,,,,,,,,,
2.15758057,41.4080745,,,,,,,,,,,,,,,,
2.14827183,41.38987951,,,,,,,,,,,,,,,,
2.14827183,41.38987951,,,,,,,,,,,,,,,,
2.18749913,41.44486622,,,,,,,,,,,,,,,,
2.18749913,41.44486622,,,,,,,,,,,,,,,,
2.18749913,41.44486622,,,,,,,,,,,,,,,,
2.18749913,41.44486622,,,,,,,,,,,,,,,,
2.13611825,41.40154186,,,,,,,,,,,,,,,,
2.13611825,41.40154186,,,,,,,,,,,,,,,,
2.13611825,41.40154186,,,,,,,,,,,,,,,,
2.14864363,41.38280628,,,,,,,,,,,,,,,,
2.14864363,41.38280628,,,,,,,,,,,,,,,,
2.20173114,41.4092363,,,,,,,,,,,,,,,,
2.20173114,41.4092363,,,,,,,,,,,,,,,,
2.14762251,41.37422319,,,,,,,,,,,,,,,,
2.14762251,41.37422319,,,,,,,,,,,,,,,,
2.14762251,41.37422319,,,,,,,,,,,,,,,,
2.1908562,41.41532477,,,,,,,,,,,,,,,,
2.1908562,41.41532477,,,,,,,,,,,,,,,,
2.1908562,41.41532477,,,,,,,,,,,,,,,,
2.18841997,41.37949314,,,,,,,,,,,,,,,,
2.18841997,41.37949314,,,,,,,,,,,,,,,,
2.19342441,41.44705301,,,,,,,,,,,,,,,,
2.19342441,41.44705301,,,,,,,,,,,,,,,,
2.14344009,41.4280144,,,,,,,,,,,,,,,,
2.19032665,41.45162775,,,,,,,,,,,,,,,,
2.19032665,41.45162775,,,,,,,,,,,,,,,,
2.16778575,41.40758819,,,,,,,,,,,,,,,,
2.18017551,41.44742199,,,,,,,,,,,,,,,,
2.18017551,41.44742199,,,,,,,,,,,,,,,,
2.20059334,41.4083761,,,,,,,,,,,,,,,,
2.20059334,41.4083761,,,,,,,,,,,,,,,,
2.20059334,41.4083761,,,,,,,,,,,,,,,,
2.19637463,41.44975104,,,,,,,,,,,,,,,,
2.19637463,41.44975104,,,,,,,,,,,,,,,,
2.15020315,41.37269087,,,,,,,,,,,,,,,,
2.15020315,41.37269087,,,,,,,,,,,,,,,,
2.15020315,41.37269087,,,,,,,,,,,,,,,,
2.17630959,41.43857963,,,,,,,,,,,,,,,,
2.17630959,41.43857963,,,,,,,,,,,,,,,,
2.17630959,41.43857963,,,,,,,,,,,,,,,,
2.18399024,41.38698383,,,,,,,,,,,,,,,,
2.14821801,41.37624645,,,,,,,,,,,,,,,,
2.14821801,41.37624645,,,,,,,,,,,,,,,,
2.15862206,41.42975779,,,,,,,,,,,,,,,,
2.17098797,41.3914822,,,,,,,,,,,,,,,,
2.17098797,41.3914822,,,,,,,,,,,,,,,,
2.17098797,41.3914822,,,,,,,,,,,,,,,,
2.18718926,41.41126502,,,,,,,,,,,,,,,,
2.17032138,41.43486794,,,,,,,,,,,,,,,,
2.10866555,41.39169513,,,,,,,,,,,,,,,,
2.10866555,41.39169513,,,,,,,,,,,,,,,,
2.14232979,41.42478473,,,,,,,,,,,,,,,,
2.14232979,41.42478473,,,,,,,,,,,,,,,,
2.13818209,41.38422916,,,,,,,,,,,,,,,,
2.13818209,41.38422916,,,,,,,,,,,,,,,,
2.10731727,41.38167976,,,,,,,,,,,,,,,,
2.10731727,41.38167976,,,,,,,,,,,,,,,,
2.10731727,41.38167976,,,,,,,,,,,,,,,,
2.169936,41.39912181,,,,,,,,,,,,,,,,
2.169936,41.39912181,,,,,,,,,,,,,,,,
2.15742623,41.38128146,,,,,,,,,,,,,,,,
2.15742623,41.38128146,,,,,,,,,,,,,,,,
2.13182024,41.37736955,,,,,,,,,,,,,,,,
2.13182024,41.37736955,,,,,,,,,,,,,,,,
2.18585408,41.38558543,,,,,,,,,,,,,,,,
2.16978176,41.40606815,,,,,,,,,,,,,,,,
2.16978176,41.40606815,,,,,,,,,,,,,,,,
2.14711077,41.38188916,,,,,,,,,,,,,,,,
2.14711077,41.38188916,,,,,,,,,,,,,,,,
2.16717038,41.39411552,,,,,,,,,,,,,,,,
2.19799533,41.38927865,,,,,,,,,,,,,,,,
2.19799533,41.38927865,,,,,,,,,,,,,,,,
2.12995825,41.37984252,,,,,,,,,,,,,,,,
2.12995825,41.37984252,,,,,,,,,,,,,,,,
2.12995825,41.37984252,,,,,,,,,,,,,,,,
2.21458793,41.40346985,,,,,,,,,,,,,,,,
2.21458793,41.40346985,,,,,,,,,,,,,,,,
2.21458793,41.40346985,,,,,,,,,,,,,,,,
2.21458793,41.40346985,,,,,,,,,,,,,,,,
2.17510221,41.44450574,,,,,,,,,,,,,,,,
2.17510221,41.44450574,,,,,,,,,,,,,,,,
2.17510221,41.44450574,,,,,,,,,,,,,,,,
2.18221097,41.42333317,,,,,,,,,,,,,,,,
2.18221097,41.42333317,,,,,,,,,,,,,,,,
2.16526633,41.44090228,,,,,,,,,,,,,,,,
2.16526633,41.44090228,,,,,,,,,,,,,,,,
2.1634473,41.39107401,,,,,,,,,,,,,,,,
2.1634473,41.39107401,,,,,,,,,,,,,,,,
2.17321631,41.37476436,,,,,,,,,,,,,,,,
2.17321631,41.37476436,,,,,,,,,,,,,,,,
2.12527676,41.40942279,,,,,,,,,,,,,,,,
2.12527676,41.40942279,,,,,,,,,,,,,,,,
2.18425244,41.38337741,,,,,,,,,,,,,,,,
2.18425244,41.38337741,,,,,,,,,,,,,,,,
2.15101435,41.42512209,,,,,,,,,,,,,,,,
2.15101435,41.42512209,,,,,,,,,,,,,,,,
2.13413961,41.39933787,,,,,,,,,,,,,,,,
2.13413961,41.39933787,,,,,,,,,,,,,,,,
2.11896296,41.3988685,,,,,,,,,,,,,,,,
2.11896296,41.3988685,,,,,,,,,,,,,,,,
2.12810056,41.38237511,,,,,,,,,,,,,,,,
2.12810056,41.38237511,,,,,,,,,,,,,,,,
2.16597216,41.41081599,,,,,,,,,,,,,,,,
2.14933702,41.40299734,,,,,,,,,,,,,,,,
2.14933702,41.40299734,,,,,,,,,,,,,,,,
2.14933702,41.40299734,,,,,,,,,,,,,,,,
2.13867018,41.33297157,,,,,,,,,,,,,,,,
2.17683931,41.4453891,,,,,,,,,,,,,,,,
2.17683931,41.4453891,,,,,,,,,,,,,,,,
2.14827183,41.38987951,,,,,,,,,,,,,,,,
2.14827183,41.38987951,,,,,,,,,,,,,,,,
2.20070121,41.43851392,,,,,,,,,,,,,,,,
2.12119286,41.32946695,,,,,,,,,,,,,,,,
2.12119286,41.32946695,,,,,,,,,,,,,,,,
2.19451665,41.38906315,,,,,,,,,,,,,,,,
2.19451665,41.38906315,,,,,,,,,,,,,,,,
2.19451665,41.38906315,,,,,,,,,,,,,,,,
2.15120285,41.35095734,,,,,,,,,,,,,,,,
2.15120285,41.35095734,,,,,,,,,,,,,,,,
2.15115478,41.44521389,,,,,,,,,,,,,,,,
2.15115478,41.44521389,,,,,,,,,,,,,,,,
2.16651491,41.38678692,,,,,,,,,,,,,,,,
2.16651491,41.38678692,,,,,,,,,,,,,,,,
2.20654456,41.42370468,,,,,,,,,,,,,,,,
2.20654456,41.42370468,,,,,,,,,,,,,,,,
2.16184651,41.39671768,,,,,,,,,,,,,,,,
2.16184651,41.39671768,,,,,,,,,,,,,,,,
2.18221875,41.40518806,,,,,,,,,,,,,,,,
2.18221875,41.40518806,,,,,,,,,,,,,,,,
2.14578281,41.4055322,,,,,,,,,,,,,,,,
2.14578281,41.4055322,,,,,,,,,,,,,,,,
2.14578281,41.4055322,,,,,,,,,,,,,,,,
2.11520726,41.38118445,,,,,,,,,,,,,,,,
2.11520726,41.38118445,,,,,,,,,,,,,,,,
2.16183736,41.44012032,,,,,,,,,,,,,,,,
2.16183736,41.44012032,,,,,,,,,,,,,,,,
2.15127928,41.42423884,,,,,,,,,,,,,,,,
2.15127928,41.42423884,,,,,,,,,,,,,,,,
2.12780905,41.38929063,,,,,,,,,,,,,,,,
2.12780905,41.38929063,,,,,,,,,,,,,,,,
2.12780905,41.38929063,,,,,,,,,,,,,,,,
2.16261634,41.38406618,,,,,,,,,,,,,,,,
2.16261634,41.38406618,,,,,,,,,,,,,,,,
2.1231047,41.38652897,,,,,,,,,,,,,,,,
2.1231047,41.38652897,,,,,,,,,,,,,,,,
2.1231047,41.38652897,,,,,,,,,,,,,,,,
2.14208859,41.37538054,,,,,,,,,,,,,,,,
2.12173241,41.37651775,,,,,,,,,,,,,,,,
2.12173241,41.37651775,,,,,,,,,,,,,,,,
2.1896053,41.44695171,,,,,,,,,,,,,,,,
2.1896053,41.44695171,,,,,,,,,,,,,,,,
2.12101266,41.38848915,,,,,,,,,,,,,,,,
2.15086965,41.40812231,,,,,,,,,,,,,,,,
2.15086965,41.40812231,,,,,,,,,,,,,,,,
2.1519221,41.40392855,,,,,,,,,,,,,,,,
2.1519221,41.40392855,,,,,,,,,,,,,,,,
2.15997937,41.39359813,,,,,,,,,,,,,,,,
2.15997937,41.39359813,,,,,,,,,,,,,,,,
2.18687095,41.394755,,,,,,,,,,,,,,,,
2.18687095,41.394755,,,,,,,,,,,,,,,,
2.15782445,41.35299809,,,,,,,,,,,,,,,,
2.15782445,41.35299809,,,,,,,,,,,,,,,,
2.19760315,41.45005279,,,,,,,,,,,,,,,,
2.199257,41.42135409,,,,,,,,,,,,,,,,
2.199257,41.42135409,,,,,,,,,,,,,,,,
2.18211186,41.42384966,,,,,,,,,,,,,,,,
2.14072038,41.40441788,,,,,,,,,,,,,,,,
2.14072038,41.40441788,,,,,,,,,,,,,,,,
2.17995267,41.40006212,,,,,,,,,,,,,,,,
2.17995267,41.40006212,,,,,,,,,,,,,,,,
2.13080769,41.37560826,,,,,,,,,,,,,,,,
2.13080769,41.37560826,,,,,,,,,,,,,,,,
2.13080769,41.37560826,,,,,,,,,,,,,,,,
2.1425162,41.40460683,,,,,,,,,,,,,,,,
2.17998163,41.40689343,,,,,,,,,,,,,,,,
2.17998163,41.40689343,,,,,,,,,,,,,,,,
2.17998163,41.40689343,,,,,,,,,,,,,,,,
2.21428684,41.40255682,,,,,,,,,,,,,,,,
2.21428684,41.40255682,,,,,,,,,,,,,,,,
2.14468682,41.36691613,,,,,,,,,,,,,,,,
2.20240721,41.42006662,,,,,,,,,,,,,,,,
2.20240721,41.42006662,,,,,,,,,,,,,,,,
2.15847923,41.38903537,,,,,,,,,,,,,,,,
2.15847923,41.38903537,,,,,,,,,,,,,,,,
2.14473954,41.39222186,,,,,,,,,,,,,,,,
2.14473954,41.39222186,,,,,,,,,,,,,,,,
2.1789927,41.43025144,,,,,,,,,,,,,,,,
2.10805683,41.38622974,,,,,,,,,,,,,,,,
2.10805683,41.38622974,,,,,,,,,,,,,,,,
2.14208968,41.38212865,,,,,,,,,,,,,,,,
2.14208968,41.38212865,,,,,,,,,,,,,,,,
2.17219417,41.40621888,,,,,,,,,,,,,,,,
2.17219417,41.40621888,,,,,,,,,,,,,,,,
2.18885609,41.40469869,,,,,,,,,,,,,,,,
2.18885609,41.40469869,,,,,,,,,,,,,,,,
2.18885609,41.40469869,,,,,,,,,,,,,,,,
2.17295618,41.4148319,,,,,,,,,,,,,,,,
2.17295618,41.4148319,,,,,,,,,,,,,,,,
2.14072038,41.40441788,,,,,,,,,,,,,,,,
2.14072038,41.40441788,,,,,,,,,,,,,,,,
2.17134208,41.41331162,,,,,,,,,,,,,,,,
2.17252182,41.4074307,,,,,,,,,,,,,,,,
2.17252182,41.4074307,,,,,,,,,,,,,,,,
2.14481632,41.37211937,,,,,,,,,,,,,,,,
2.14481632,41.37211937,,,,,,,,,,,,,,,,
2.15396834,41.38902493,,,,,,,,,,,,,,,,
2.15396834,41.38902493,,,,,,,,,,,,,,,,
2.1279341,41.37856057,,,,,,,,,,,,,,,,
2.1279341,41.37856057,,,,,,,,,,,,,,,,
2.1784549,41.37556768,,,,,,,,,,,,,,,,
2.1784549,41.37556768,,,,,,,,,,,,,,,,
2.17665545,41.37442665,,,,,,,,,,,,,,,,
2.17665545,41.37442665,,,,,,,,,,,,,,,,
2.11434447,41.40155128,,,,,,,,,,,,,,,,
2.11434447,41.40155128,,,,,,,,,,,,,,,,
2.13326859,41.39452578,,,,,,,,,,,,,,,,
2.13326859,41.39452578,,,,,,,,,,,,,,,,
2.19586755,41.39051861,,,,,,,,,,,,,,,,
2.19586755,41.39051861,,,,,,,,,,,,,,,,
2.12683354,41.38862424,,,,,,,,,,,,,,,,
2.12683354,41.38862424,,,,,,,,,,,,,,,,
2.15395699,41.43785837,,,,,,,,,,,,,,,,
2.15395699,41.43785837,,,,,,,,,,,,,,,,
2.17581411,41.40195079,,,,,,,,,,,,,,,,
2.17581411,41.40195079,,,,,,,,,,,,,,,,
2.1429063,41.38024879,,,,,,,,,,,,,,,,
2.1429063,41.38024879,,,,,,,,,,,,,,,,
2.1429063,41.38024879,,,,,,,,,,,,,,,,
2.14291616,41.35440439,,,,,,,,,,,,,,,,
2.14291616,41.35440439,,,,,,,,,,,,,,,,
2.14291616,41.35440439,,,,,,,,,,,,,,,,
2.16353378,41.37858782,,,,,,,,,,,,,,,,
2.16353378,41.37858782,,,,,,,,,,,,,,,,
2.14415531,41.40558162,,,,,,,,,,,,,,,,
2.14415531,41.40558162,,,,,,,,,,,,,,,,
2.16146911,41.37497448,,,,,,,,,,,,,,,,
2.16146911,41.37497448,,,,,,,,,,,,,,,,
2.16146911,41.37497448,,,,,,,,,,,,,,,,
2.15496619,41.39673667,,,,,,,,,,,,,,,,
2.15496619,41.39673667,,,,,,,,,,,,,,,,
2.15496619,41.39673667,,,,,,,,,,,,,,,,
2.20580495,41.41738151,,,,,,,,,,,,,,,,
2.20580495,41.41738151,,,,,,,,,,,,,,,,
2.15642774,41.36822813,,,,,,,,,,,,,,,,
2.20036132,41.41415652,,,,,,,,,,,,,,,,
2.20036132,41.41415652,,,,,,,,,,,,,,,,
2.15949461,41.39652147,,,,,,,,,,,,,,,,
2.15949461,41.39652147,,,,,,,,,,,,,,,,
2.1981967,41.40336378,,,,,,,,,,,,,,,,
2.20336451,41.40311202,,,,,,,,,,,,,,,,
2.20336451,41.40311202,,,,,,,,,,,,,,,,
2.17564292,41.40673755,,,,,,,,,,,,,,,,
2.17564292,41.40673755,,,,,,,,,,,,,,,,
2.17829672,41.39661922,,,,,,,,,,,,,,,,
2.17829672,41.39661922,,,,,,,,,,,,,,,,
2.17829672,41.39661922,,,,,,,,,,,,,,,,
2.17239797,41.40423947,,,,,,,,,,,,,,,,
2.17239797,41.40423947,,,,,,,,,,,,,,,,
2.17395109,41.41132538,,,,,,,,,,,,,,,,
2.17395109,41.41132538,,,,,,,,,,,,,,,,
2.20838743,41.39970818,,,,,,,,,,,,,,,,
2.20838743,41.39970818,,,,,,,,,,,,,,,,
2.17412253,41.41645336,,,,,,,,,,,,,,,,
2.17412253,41.41645336,,,,,,,,,,,,,,,,
2.15867936,41.38032786,,,,,,,,,,,,,,,,
2.15867936,41.38032786,,,,,,,,,,,,,,,,
2.17043976,41.39963627,,,,,,,,,,,,,,,,
2.17043976,41.39963627,,,,,,,,,,,,,,,,
2.17043976,41.39963627,,,,,,,,,,,,,,,,
2.1521332,41.36756683,,,,,,,,,,,,,,,,
2.17429189,41.3992503,,,,,,,,,,,,,,,,
2.17429189,41.3992503,,,,,,,,,,,,,,,,
2.18721702,41.41472503,,,,,,,,,,,,,,,,
2.18721702,41.41472503,,,,,,,,,,,,,,,,
2.13046368,41.37549168,,,,,,,,,,,,,,,,
2.13046368,41.37549168,,,,,,,,,,,,,,,,
2.14896135,41.40773783,,,,,,,,,,,,,,,,
2.14896135,41.40773783,,,,,,,,,,,,,,,,
2.1983415,41.41008604,,,,,,,,,,,,,,,,
2.1983415,41.41008604,,,,,,,,,,,,,,,,
2.1983415,41.41008604,,,,,,,,,,,,,,,,
2.12472262,41.41024075,,,,,,,,,,,,,,,,
2.12472262,41.41024075,,,,,,,,,,,,,,,,
2.14547257,41.35166862,,,,,,,,,,,,,,,,
2.14547257,41.35166862,,,,,,,,,,,,,,,,
2.14547257,41.35166862,,,,,,,,,,,,,,,,
2.15401574,41.39791747,,,,,,,,,,,,,,,,
2.15401574,41.39791747,,,,,,,,,,,,,,,,
2.15988436,41.43968825,,,,,,,,,,,,,,,,
2.15988436,41.43968825,,,,,,,,,,,,,,,,
2.15988436,41.43968825,,,,,,,,,,,,,,,,
2.14406401,41.42895553,,,,,,,,,,,,,,,,
2.14406401,41.42895553,,,,,,,,,,,,,,,,
2.14406401,41.42895553,,,,,,,,,,,,,,,,
2.11672107,41.41791173,,,,,,,,,,,,,,,,
2.11672107,41.41791173,,,,,,,,,,,,,,,,
2.16320531,41.38203336,,,,,,,,,,,,,,,,
2.16320531,41.38203336,,,,,,,,,,,,,,,,
2.1666973,41.38584213,,,,,,,,,,,,,,,,
2.1666973,41.38584213,,,,,,,,,,,,,,,,
2.17197053,41.42674628,,,,,,,,,,,,,,,,
2.17197053,41.42674628,,,,,,,,,,,,,,,,
2.15394705,41.38562071,,,,,,,,,,,,,,,,
2.15394705,41.38562071,,,,,,,,,,,,,,,,
2.13386544,41.35304785,,,,,,,,,,,,,,,,
2.13847431,41.40675107,,,,,,,,,,,,,,,,
2.13847431,41.40675107,,,,,,,,,,,,,,,,
2.14415823,41.40542954,,,,,,,,,,,,,,,,
2.14415823,41.40542954,,,,,,,,,,,,,,,,
2.18568228,41.42130285,,,,,,,,,,,,,,,,
2.18568228,41.42130285,,,,,,,,,,,,,,,,
2.14893545,41.36110899,,,,,,,,,,,,,,,,
2.14893545,41.36110899,,,,,,,,,,,,,,,,
2.18031611,41.3789566,,,,,,,,,,,,,,,,
2.17651035,41.40471233,,,,,,,,,,,,,,,,
2.17651035,41.40471233,,,,,,,,,,,,,,,,
2.17651035,41.40471233,,,,,,,,,,,,,,,,
2.17491923,41.42795161,,,,,,,,,,,,,,,,
2.17491923,41.42795161,,,,,,,,,,,,,,,,
2.17204282,41.39086219,,,,,,,,,,,,,,,,
2.17204282,41.39086219,,,,,,,,,,,,,,,,
2.15057371,41.44235324,,,,,,,,,,,,,,,,
2.15057371,41.44235324,,,,,,,,,,,,,,,,
2.12821035,41.38839659,,,,,,,,,,,,,,,,
2.12821035,41.38839659,,,,,,,,,,,,,,,,
2.11981629,41.32688031,,,,,,,,,,,,,,,,
2.11981629,41.32688031,,,,,,,,,,,,,,,,
2.13485437,41.36522448,,,,,,,,,,,,,,,,
2.13485437,41.36522448,,,,,,,,,,,,,,,,
2.1630079,41.40719587,,,,,,,,,,,,,,,,
2.1630079,41.40719587,,,,,,,,,,,,,,,,
2.18901597,41.38339295,,,,,,,,,,,,,,,,
2.18901597,41.38339295,,,,,,,,,,,,,,,,
2.13712502,41.39076907,,,,,,,,,,,,,,,,
2.13712502,41.39076907,,,,,,,,,,,,,,,,
2.13712502,41.39076907,,,,,,,,,,,,,,,,
2.15401778,41.43122766,,,,,,,,,,,,,,,,
2.15401778,41.43122766,,,,,,,,,,,,,,,,
2.16094608,41.38032597,,,,,,,,,,,,,,,,
2.16094608,41.38032597,,,,,,,,,,,,,,,,
2.20274414,41.39306461,,,,,,,,,,,,,,,,
2.20274414,41.39306461,,,,,,,,,,,,,,,,
2.13708259,41.39034971,,,,,,,,,,,,,,,,
2.13708259,41.39034971,,,,,,,,,,,,,,,,
2.15996913,41.38827501,,,,,,,,,,,,,,,,
2.15996913,41.38827501,,,,,,,,,,,,,,,,
2.18933499,41.44197057,,,,,,,,,,,,,,,,
2.18933499,41.44197057,,,,,,,,,,,,,,,,
2.18562848,41.45686048,,,,,,,,,,,,,,,,
2.13546037,41.3769807,,,,,,,,,,,,,,,,
2.13546037,41.3769807,,,,,,,,,,,,,,,,
2.14052443,41.3752036,,,,,,,,,,,,,,,,
2.15509297,41.38988094,,,,,,,,,,,,,,,,
2.15509297,41.38988094,,,,,,,,,,,,,,,,
2.15747223,41.40187391,,,,,,,,,,,,,,,,
2.15747223,41.40187391,,,,,,,,,,,,,,,,
2.15747223,41.40187391,,,,,,,,,,,,,,,,
2.17770166,41.40861303,,,,,,,,,,,,,,,,
2.17770166,41.40861303,,,,,,,,,,,,,,,,
2.14683584,41.37363707,,,,,,,,,,,,,,,,
2.1869093,41.42032433,,,,,,,,,,,,,,,,
2.1869093,41.42032433,,,,,,,,,,,,,,,,
2.13380054,41.36417334,,,,,,,,,,,,,,,,
2.13380054,41.36417334,,,,,,,,,,,,,,,,
2.15959557,41.3847689,,,,,,,,,,,,,,,,
2.15959557,41.3847689,,,,,,,,,,,,,,,,
2.19480599,41.45107592,,,,,,,,,,,,,,,,
2.18221875,41.40518806,,,,,,,,,,,,,,,,
2.18221875,41.40518806,,,,,,,,,,,,,,,,
2.18452576,41.43696693,,,,,,,,,,,,,,,,
2.18452576,41.43696693,,,,,,,,,,,,,,,,
2.12800116,41.38286404,,,,,,,,,,,,,,,,
2.12800116,41.38286404,,,,,,,,,,,,,,,,
2.12800116,41.38286404,,,,,,,,,,,,,,,,
2.17171775,41.38301261,,,,,,,,,,,,,,,,
2.17171775,41.38301261,,,,,,,,,,,,,,,,
2.13717049,41.40231448,,,,,,,,,,,,,,,,
2.13717049,41.40231448,,,,,,,,,,,,,,,,
2.13717049,41.40231448,,,,,,,,,,,,,,,,
2.14553848,41.43173795,,,,,,,,,,,,,,,,
2.14553848,41.43173795,,,,,,,,,,,,,,,,
2.14553848,41.43173795,,,,,,,,,,,,,,,,
2.19410951,41.38668176,,,,,,,,,,,,,,,,
2.19410951,41.38668176,,,,,,,,,,,,,,,,
2.15701063,41.42490022,,,,,,,,,,,,,,,,
2.15701063,41.42490022,,,,,,,,,,,,,,,,
2.15701063,41.42490022,,,,,,,,,,,,,,,,
2.15701063,41.42490022,,,,,,,,,,,,,,,,
2.18722708,41.41619573,,,,,,,,,,,,,,,,
2.18722708,41.41619573,,,,,,,,,,,,,,,,
2.18722708,41.41619573,,,,,,,,,,,,,,,,
2.18722708,41.41619573,,,,,,,,,,,,,,,,
2.14408303,41.35838273,,,,,,,,,,,,,,,,
2.15621157,41.39417572,,,,,,,,,,,,,,,,
2.15621157,41.39417572,,,,,,,,,,,,,,,,
2.14409195,41.37957563,,,,,,,,,,,,,,,,
2.14409195,41.37957563,,,,,,,,,,,,,,,,
2.18089529,41.39781576,,,,,,,,,,,,,,,,
2.18089529,41.39781576,,,,,,,,,,,,,,,,
2.19340277,41.43175767,,,,,,,,,,,,,,,,
2.15012524,41.40621094,,,,,,,,,,,,,,,,
2.15012524,41.40621094,,,,,,,,,,,,,,,,
2.18145252,41.42696207,,,,,,,,,,,,,,,,
2.21191404,41.41517869,,,,,,,,,,,,,,,,
2.21191404,41.41517869,,,,,,,,,,,,,,,,
2.19831792,41.39987103,,,,,,,,,,,,,,,,
2.19831792,41.39987103,,,,,,,,,,,,,,,,
2.14524676,41.41100821,,,,,,,,,,,,,,,,
2.14524676,41.41100821,,,,,,,,,,,,,,,,
2.14524676,41.41100821,,,,,,,,,,,,,,,,
2.12803661,41.38358399,,,,,,,,,,,,,,,,
2.12803661,41.38358399,,,,,,,,,,,,,,,,
2.18689012,41.41528517,,,,,,,,,,,,,,,,
2.18689012,41.41528517,,,,,,,,,,,,,,,,
2.17520121,41.41730678,,,,,,,,,,,,,,,,
2.17520121,41.41730678,,,,,,,,,,,,,,,,
2.17520121,41.41730678,,,,,,,,,,,,,,,,
2.17453826,41.44429574,,,,,,,,,,,,,,,,
2.17453826,41.44429574,,,,,,,,,,,,,,,,
2.17453826,41.44429574,,,,,,,,,,,,,,,,
2.17453826,41.44429574,,,,,,,,,,,,,,,,
2.12269515,41.40724473,,,,,,,,,,,,,,,,
2.12269515,41.40724473,,,,,,,,,,,,,,,,
2.16230389,41.39190679,,,,,,,,,,,,,,,,
2.16230389,41.39190679,,,,,,,,,,,,,,,,
2.19061571,41.44532478,,,,,,,,,,,,,,,,
2.19061571,41.44532478,,,,,,,,,,,,,,,,
2.18614147,41.43014619,,,,,,,,,,,,,,,,
2.18614147,41.43014619,,,,,,,,,,,,,,,,
2.18614147,41.43014619,,,,,,,,,,,,,,,,
2.12169015,41.33893604,,,,,,,,,,,,,,,,
2.13485853,41.38705194,,,,,,,,,,,,,,,,
2.12332521,41.39976894,,,,,,,,,,,,,,,,
2.12332521,41.39976894,,,,,,,,,,,,,,,,
2.16641733,41.4137015,,,,,,,,,,,,,,,,
2.16641733,41.4137015,,,,,,,,,,,,,,,,
2.17661574,41.43739584,,,,,,,,,,,,,,,,
2.17661574,41.43739584,,,,,,,,,,,,,,,,
2.18137106,41.41661037,,,,,,,,,,,,,,,,
2.18137106,41.41661037,,,,,,,,,,,,,,,,
2.1296036,41.41294186,,,,,,,,,,,,,,,,
2.1296036,41.41294186,,,,,,,,,,,,,,,,
2.1296036,41.41294186,,,,,,,,,,,,,,,,
2.18102827,41.3804088,,,,,,,,,,,,,,,,
2.18102827,41.3804088,,,,,,,,,,,,,,,,
2.16662685,41.40045842,,,,,,,,,,,,,,,,
2.16662685,41.40045842,,,,,,,,,,,,,,,,
2.13313024,41.43182452,,,,,,,,,,,,,,,,
2.13313024,41.43182452,,,,,,,,,,,,,,,,
2.13313024,41.43182452,,,,,,,,,,,,,,,,
2.19679564,41.44257815,,,,,,,,,,,,,,,,
2.19679564,41.44257815,,,,,,,,,,,,,,,,
2.1547496,41.42629484,,,,,,,,,,,,,,,,
2.1547496,41.42629484,,,,,,,,,,,,,,,,
2.18326182,41.38257764,,,,,,,,,,,,,,,,
2.18326182,41.38257764,,,,,,,,,,,,,,,,
2.17872783,41.42280643,,,,,,,,,,,,,,,,
2.17872783,41.42280643,,,,,,,,,,,,,,,,
2.12086914,41.38633467,,,,,,,,,,,,,,,,
2.12086914,41.38633467,,,,,,,,,,,,,,,,
2.16155673,41.41338971,,,,,,,,,,,,,,,,
2.16155673,41.41338971,,,,,,,,,,,,,,,,
2.16155673,41.41338971,,,,,,,,,,,,,,,,
2.14090752,41.36851706,,,,,,,,,,,,,,,,
2.14090752,41.36851706,,,,,,,,,,,,,,,,
2.17542793,41.40007292,,,,,,,,,,,,,,,,
2.17542793,41.40007292,,,,,,,,,,,,,,,,
2.12707579,41.38890538,,,,,,,,,,,,,,,,
2.12707579,41.38890538,,,,,,,,,,,,,,,,
2.12707579,41.38890538,,,,,,,,,,,,,,,,
2.12707579,41.38890538,,,,,,,,,,,,,,,,
2.12821035,41.38839659,,,,,,,,,,,,,,,,
2.12821035,41.38839659,,,,,,,,,,,,,,,,
2.17429069,41.43841543,,,,,,,,,,,,,,,,
2.17429069,41.43841543,,,,,,,,,,,,,,,,
2.17429069,41.43841543,,,,,,,,,,,,,,,,
2.20583228,41.41282929,,,,,,,,,,,,,,,,
2.20583228,41.41282929,,,,,,,,,,,,,,,,
2.20583228,41.41282929,,,,,,,,,,,,,,,,
2.20583228,41.41282929,,,,,,,,,,,,,,,,
2.20583228,41.41282929,,,,,,,,,,,,,,,,
2.17220165,41.42780722,,,,,,,,,,,,,,,,
2.17220165,41.42780722,,,,,,,,,,,,,,,,
2.1549363,41.39185882,,,,,,,,,,,,,,,,
2.1549363,41.39185882,,,,,,,,,,,,,,,,
2.19814401,41.44687297,,,,,,,,,,,,,,,,
2.19814401,41.44687297,,,,,,,,,,,,,,,,
2.19538601,41.38881103,,,,,,,,,,,,,,,,
2.19538601,41.38881103,,,,,,,,,,,,,,,,
2.12090347,41.3899314,,,,,,,,,,,,,,,,
2.12090347,41.3899314,,,,,,,,,,,,,,,,
2.15401778,41.43122766,,,,,,,,,,,,,,,,
2.15401778,41.43122766,,,,,,,,,,,,,,,,
2.16222038,41.39515268,,,,,,,,,,,,,,,,
2.18691972,41.44304151,,,,,,,,,,,,,,,,
2.18691972,41.44304151,,,,,,,,,,,,,,,,
2.18691972,41.44304151,,,,,,,,,,,,,,,,
2.16778057,41.39026752,,,,,,,,,,,,,,,,
2.17669147,41.40443788,,,,,,,,,,,,,,,,
2.17669147,41.40443788,,,,,,,,,,,,,,,,
2.15836911,41.42555989,,,,,,,,,,,,,,,,
2.15836911,41.42555989,,,,,,,,,,,,,,,,
2.15036512,41.37538193,,,,,,,,,,,,,,,,
2.15036512,41.37538193,,,,,,,,,,,,,,,,
2.10891878,41.39162124,,,,,,,,,,,,,,,,
2.10891878,41.39162124,,,,,,,,,,,,,,,,
2.10891878,41.39162124,,,,,,,,,,,,,,,,
2.13330448,41.40622693,,,,,,,,,,,,,,,,
2.13330448,41.40622693,,,,,,,,,,,,,,,,
2.20516343,41.44475293,,,,,,,,,,,,,,,,
2.20516343,41.44475293,,,,,,,,,,,,,,,,
2.13914879,41.36719938,,,,,,,,,,,,,,,,
2.13914879,41.36719938,,,,,,,,,,,,,,,,
2.13577638,41.39102075,,,,,,,,,,,,,,,,
2.13577638,41.39102075,,,,,,,,,,,,,,,,
2.20912903,41.43724115,,,,,,,,,,,,,,,,
2.20912903,41.43724115,,,,,,,,,,,,,,,,
2.16750791,41.39413783,,,,,,,,,,,,,,,,
2.16750791,41.39413783,,,,,,,,,,,,,,,,
2.18522809,41.39976982,,,,,,,,,,,,,,,,
2.18522809,41.39976982,,,,,,,,,,,,,,,,
2.15571321,41.39556401,,,,,,,,,,,,,,,,
2.17661079,41.40778884,,,,,,,,,,,,,,,,
2.17661079,41.40778884,,,,,,,,,,,,,,,,
2.15047488,41.43742277,,,,,,,,,,,,,,,,
2.15047488,41.43742277,,,,,,,,,,,,,,,,
2.15047488,41.43742277,,,,,,,,,,,,,,,,
2.15047488,41.43742277,,,,,,,,,,,,,,,,
2.17324825,41.40702379,,,,,,,,,,,,,,,,
2.17324825,41.40702379,,,,,,,,,,,,,,,,
2.16378666,41.35856469,,,,,,,,,,,,,,,,
2.16378666,41.35856469,,,,,,,,,,,,,,,,
2.16378666,41.35856469,,,,,,,,,,,,,,,,
2.13481335,41.40021801,,,,,,,,,,,,,,,,
2.13481335,41.40021801,,,,,,,,,,,,,,,,
2.20044414,41.42511925,,,,,,,,,,,,,,,,
2.20044414,41.42511925,,,,,,,,,,,,,,,,
2.1882782,41.37440751,,,,,,,,,,,,,,,,
2.1882782,41.37440751,,,,,,,,,,,,,,,,
2.16989582,41.39063954,,,,,,,,,,,,,,,,
2.16989582,41.39063954,,,,,,,,,,,,,,,,
2.14717597,41.37664676,,,,,,,,,,,,,,,,
2.15931486,41.39708715,,,,,,,,,,,,,,,,
2.13704274,41.39126171,,,,,,,,,,,,,,,,
2.13704274,41.39126171,,,,,,,,,,,,,,,,
2.13704274,41.39126171,,,,,,,,,,,,,,,,
2.15040696,41.42033624,,,,,,,,,,,,,,,,
2.17555345,41.42339009,,,,,,,,,,,,,,,,
2.19816467,41.44916146,,,,,,,,,,,,,,,,
2.16606297,41.41233663,,,,,,,,,,,,,,,,
2.16606297,41.41233663,,,,,,,,,,,,,,,,
2.15345719,41.3929739,,,,,,,,,,,,,,,,
2.15345719,41.3929739,,,,,,,,,,,,,,,,
2.11894929,41.40317811,,,,,,,,,,,,,,,,
2.11894929,41.40317811,,,,,,,,,,,,,,,,
2.13459446,41.39765637,,,,,,,,,,,,,,,,
2.13459446,41.39765637,,,,,,,,,,,,,,,,
2.13413961,41.39933787,,,,,,,,,,,,,,,,
2.13413961,41.39933787,,,,,,,,,,,,,,,,
2.15413344,41.40330753,,,,,,,,,,,,,,,,
2.15413344,41.40330753,,,,,,,,,,,,,,,,
2.19091958,41.44341202,,,,,,,,,,,,,,,,
2.19091958,41.44341202,,,,,,,,,,,,,,,,
2.16018325,41.38862287,,,,,,,,,,,,,,,,
2.16018325,41.38862287,,,,,,,,,,,,,,,,
2.1700115,41.36333291,,,,,,,,,,,,,,,,
2.1700115,41.36333291,,,,,,,,,,,,,,,,
2.14051681,41.40086657,,,,,,,,,,,,,,,,
2.14051681,41.40086657,,,,,,,,,,,,,,,,
2.14051681,41.40086657,,,,,,,,,,,,,,,,
2.16458109,41.37227514,,,,,,,,,,,,,,,,
2.12114752,41.40656259,,,,,,,,,,,,,,,,
2.12114752,41.40656259,,,,,,,,,,,,,,,,
2.12114752,41.40656259,,,,,,,,,,,,,,,,
2.18482474,41.44671617,,,,,,,,,,,,,,,,
2.18482474,41.44671617,,,,,,,,,,,,,,,,
2.18482474,41.44671617,,,,,,,,,,,,,,,,
2.16526021,41.40436376,,,,,,,,,,,,,,,,
2.16526021,41.40436376,,,,,,,,,,,,,,,,
2.14827183,41.38987951,,,,,,,,,,,,,,,,
2.14827183,41.38987951,,,,,,,,,,,,,,,,
2.11340164,41.40028816,,,,,,,,,,,,,,,,
2.11340164,41.40028816,,,,,,,,,,,,,,,,
2.11340164,41.40028816,,,,,,,,,,,,,,,,
2.17246731,41.43865152,,,,,,,,,,,,,,,,
2.17246731,41.43865152,,,,,,,,,,,,,,,,
2.17246731,41.43865152,,,,,,,,,,,,,,,,
2.14774928,41.40188171,,,,,,,,,,,,,,,,
2.14774928,41.40188171,,,,,,,,,,,,,,,,
2.19378535,41.4050168,,,,,,,,,,,,,,,,
2.19378535,41.4050168,,,,,,,,,,,,,,,,
2.10942084,41.38453709,,,,,,,,,,,,,,,,
2.10942084,41.38453709,,,,,,,,,,,,,,,,
2.11976755,41.39401028,,,,,,,,,,,,,,,,
2.11976755,41.39401028,,,,,,,,,,,,,,,,
2.14270378,41.40493284,,,,,,,,,,,,,,,,
2.14270378,41.40493284,,,,,,,,,,,,,,,,
2.14781727,41.4335252,,,,,,,,,,,,,,,,
2.15867545,41.40773165,,,,,,,,,,,,,,,,
2.15867545,41.40773165,,,,,,,,,,,,,,,,
2.19480427,41.38716459,,,,,,,,,,,,,,,,
2.19480427,41.38716459,,,,,,,,,,,,,,,,
2.19480427,41.38716459,,,,,,,,,,,,,,,,
2.13759913,41.41574732,,,,,,,,,,,,,,,,
2.13759913,41.41574732,,,,,,,,,,,,,,,,
2.13759913,41.41574732,,,,,,,,,,,,,,,,
2.20963266,41.41349741,,,,,,,,,,,,,,,,
2.20963266,41.41349741,,,,,,,,,,,,,,,,
2.16682574,41.3952038,,,,,,,,,,,,,,,,
2.16682574,41.3952038,,,,,,,,,,,,,,,,
2.16605539,41.3762616,,,,,,,,,,,,,,,,
2.16605539,41.3762616,,,,,,,,,,,,,,,,
2.16605539,41.3762616,,,,,,,,,,,,,,,,
2.16605539,41.3762616,,,,,,,,,,,,,,,,
2.17401815,41.38959415,,,,,,,,,,,,,,,,
2.17401815,41.38959415,,,,,,,,,,,,,,,,
2.17401815,41.38959415,,,,,,,,,,,,,,,,
2.18849984,41.4493238,,,,,,,,,,,,,,,,
2.18849984,41.4493238,,,,,,,,,,,,,,,,
2.15304096,41.37608285,,,,,,,,,,,,,,,,
2.15304096,41.37608285,,,,,,,,,,,,,,,,
2.14498432,41.39285888,,,,,,,,,,,,,,,,
2.14498432,41.39285888,,,,,,,,,,,,,,,,
2.14498432,41.39285888,,,,,,,,,,,,,,,,
2.14926949,41.39877617,,,,,,,,,,,,,,,,
2.14926949,41.39877617,,,,,,,,,,,,,,,,
2.17875255,41.39695923,,,,,,,,,,,,,,,,
2.17875255,41.39695923,,,,,,,,,,,,,,,,
2.17737216,41.40850589,,,,,,,,,,,,,,,,
2.17737216,41.40850589,,,,,,,,,,,,,,,,
2.1575847,41.39817853,,,,,,,,,,,,,,,,
2.14024434,41.36708455,,,,,,,,,,,,,,,,
2.14024434,41.36708455,,,,,,,,,,,,,,,,
2.13839881,41.39419386,,,,,,,,,,,,,,,,
2.13839881,41.39419386,,,,,,,,,,,,,,,,
2.13839881,41.39419386,,,,,,,,,,,,,,,,
2.13839881,41.39419386,,,,,,,,,,,,,,,,
2.13839881,41.39419386,,,,,,,,,,,,,,,,
2.16380267,41.39303332,,,,,,,,,,,,,,,,
2.16380267,41.39303332,,,,,,,,,,,,,,,,
2.15837063,41.37901893,,,,,,,,,,,,,,,,
2.15837063,41.37901893,,,,,,,,,,,,,,,,
2.17321631,41.37476436,,,,,,,,,,,,,,,,
2.17321631,41.37476436,,,,,,,,,,,,,,,,
2.15621889,41.39244627,,,,,,,,,,,,,,,,
2.15621889,41.39244627,,,,,,,,,,,,,,,,
2.12874236,41.34261015,,,,,,,,,,,,,,,,
2.12874236,41.34261015,,,,,,,,,,,,,,,,
2.12874236,41.34261015,,,,,,,,,,,,,,,,
2.16434281,41.38540667,,,,,,,,,,,,,,,,
2.16434281,41.38540667,,,,,,,,,,,,,,,,
2.16434281,41.38540667,,,,,,,,,,,,,,,,
2.18648792,41.4154545,,,,,,,,,,,,,,,,
2.18648792,41.4154545,,,,,,,,,,,,,,,,
2.18648792,41.4154545,,,,,,,,,,,,,,,,
2.15312422,41.36967903,,,,,,,,,,,,,,,,
2.19275402,41.39565047,,,,,,,,,,,,,,,,
2.19275402,41.39565047,,,,,,,,,,,,,,,,
2.14169625,41.42381989,,,,,,,,,,,,,,,,
2.14169625,41.42381989,,,,,,,,,,,,,,,,
2.16975271,41.3924261,,,,,,,,,,,,,,,,
2.16975271,41.3924261,,,,,,,,,,,,,,,,
2.16975271,41.3924261,,,,,,,,,,,,,,,,
2.17894519,41.40273545,,,,,,,,,,,,,,,,
2.17894519,41.40273545,,,,,,,,,,,,,,,,
2.17894519,41.40273545,,,,,,,,,,,,,,,,
2.17894519,41.40273545,,,,,,,,,,,,,,,,
2.19197534,41.44709534,,,,,,,,,,,,,,,,
2.19197534,41.44709534,,,,,,,,,,,,,,,,
2.19197534,41.44709534,,,,,,,,,,,,,,,,
2.19799533,41.38927865,,,,,,,,,,,,,,,,
2.19799533,41.38927865,,,,,,,,,,,,,,,,
2.19799533,41.38927865,,,,,,,,,,,,,,,,
2.10475409,41.3822414,,,,,,,,,,,,,,,,
2.10475409,41.3822414,,,,,,,,,,,,,,,,
2.10475409,41.3822414,,,,,,,,,,,,,,,,
2.18094729,41.40296468,,,,,,,,,,,,,,,,
2.18094729,41.40296468,,,,,,,,,,,,,,,,
2.18094729,41.40296468,,,,,,,,,,,,,,,,
2.14473954,41.39222186,,,,,,,,,,,,,,,,
2.14473954,41.39222186,,,,,,,,,,,,,,,,
2.12153832,41.37818687,,,,,,,,,,,,,,,,
2.12153832,41.37818687,,,,,,,,,,,,,,,,
2.17550051,41.40695821,,,,,,,,,,,,,,,,
2.17550051,41.40695821,,,,,,,,,,,,,,,,
2.14847361,41.40775379,,,,,,,,,,,,,,,,
2.14847361,41.40775379,,,,,,,,,,,,,,,,
2.14942091,41.38222544,,,,,,,,,,,,,,,,
2.14942091,41.38222544,,,,,,,,,,,,,,,,
2.17499981,41.4429626,,,,,,,,,,,,,,,,
2.17499981,41.4429626,,,,,,,,,,,,,,,,
2.17499981,41.4429626,,,,,,,,,,,,,,,,
2.14490865,41.38222374,,,,,,,,,,,,,,,,
2.14490865,41.38222374,,,,,,,,,,,,,,,,
2.22095208,41.40882469,,,,,,,,,,,,,,,,
2.22095208,41.40882469,,,,,,,,,,,,,,,,
2.22095208,41.40882469,,,,,,,,,,,,,,,,
2.13429569,41.36651525,,,,,,,,,,,,,,,,
2.13429569,41.36651525,,,,,,,,,,,,,,,,
2.15723797,41.41432606,,,,,,,,,,,,,,,,
2.1665733,41.44155642,,,,,,,,,,,,,,,,
2.1665733,41.44155642,,,,,,,,,,,,,,,,
2.1896053,41.44695171,,,,,,,,,,,,,,,,
2.1896053,41.44695171,,,,,,,,,,,,,,,,
2.13807899,41.41403354,,,,,,,,,,,,,,,,
2.13807899,41.41403354,,,,,,,,,,,,,,,,
2.15166465,41.39076006,,,,,,,,,,,,,,,,
2.15166465,41.39076006,,,,,,,,,,,,,,,,
2.14147883,41.36894816,,,,,,,,,,,,,,,,
2.14147883,41.36894816,,,,,,,,,,,,,,,,
2.14233568,41.37755661,,,,,,,,,,,,,,,,
2.18235255,41.39141932,,,,,,,,,,,,,,,,
2.18235255,41.39141932,,,,,,,,,,,,,,,,
2.12157029,41.38651031,,,,,,,,,,,,,,,,
2.12157029,41.38651031,,,,,,,,,,,,,,,,
2.15784993,41.4391286,,,,,,,,,,,,,,,,
2.15784993,41.4391286,,,,,,,,,,,,,,,,
2.15784993,41.4391286,,,,,,,,,,,,,,,,
2.13710296,41.41554986,,,,,,,,,,,,,,,,
2.13710296,41.41554986,,,,,,,,,,,,,,,,
2.14440053,41.40284265,,,,,,,,,,,,,,,,
2.14440053,41.40284265,,,,,,,,,,,,,,,,
2.19760315,41.45005279,,,,,,,,,,,,,,,,
2.19760315,41.45005279,,,,,,,,,,,,,,,,
2.19760315,41.45005279,,,,,,,,,,,,,,,,
2.19760315,41.45005279,,,,,,,,,,,,,,,,
2.14625652,41.38851676,,,,,,,,,,,,,,,,
2.14625652,41.38851676,,,,,,,,,,,,,,,,
2.12792223,41.38797155,,,,,,,,,,,,,,,,
2.12792223,41.38797155,,,,,,,,,,,,,,,,
2.17366158,41.40823084,,,,,,,,,,,,,,,,
2.17366158,41.40823084,,,,,,,,,,,,,,,,
2.16415049,41.40350303,,,,,,,,,,,,,,,,
2.16415049,41.40350303,,,,,,,,,,,,,,,,
2.1732771,41.39317929,,,,,,,,,,,,,,,,
2.1732771,41.39317929,,,,,,,,,,,,,,,,
2.15205045,41.43900559,,,,,,,,,,,,,,,,
2.15205045,41.43900559,,,,,,,,,,,,,,,,
2.18969437,41.40005372,,,,,,,,,,,,,,,,
2.18969437,41.40005372,,,,,,,,,,,,,,,,
2.18969437,41.40005372,,,,,,,,,,,,,,,,
2.15845937,41.38392107,,,,,,,,,,,,,,,,
2.15845937,41.38392107,,,,,,,,,,,,,,,,
2.15845937,41.38392107,,,,,,,,,,,,,,,,
2.15845937,41.38392107,,,,,,,,,,,,,,,,
2.1662733,41.3865578,,,,,,,,,,,,,,,,
2.1662733,41.3865578,,,,,,,,,,,,,,,,
2.17573542,41.41238502,,,,,,,,,,,,,,,,
2.17573542,41.41238502,,,,,,,,,,,,,,,,
2.17802032,41.37610991,,,,,,,,,,,,,,,,
2.17802032,41.37610991,,,,,,,,,,,,,,,,
2.17802032,41.37610991,,,,,,,,,,,,,,,,
2.14232979,41.42478473,,,,,,,,,,,,,,,,
2.14232979,41.42478473,,,,,,,,,,,,,,,,
2.16781109,41.38301204,,,,,,,,,,,,,,,,
2.16781109,41.38301204,,,,,,,,,,,,,,,,
2.15175943,41.38912749,,,,,,,,,,,,,,,,
2.15175943,41.38912749,,,,,,,,,,,,,,,,
2.16491725,41.43622066,,,,,,,,,,,,,,,,
2.16491725,41.43622066,,,,,,,,,,,,,,,,
2.15396834,41.38902493,,,,,,,,,,,,,,,,
2.14566592,41.3510013,,,,,,,,,,,,,,,,
2.14566592,41.3510013,,,,,,,,,,,,,,,,
2.17250663,41.39770398,,,,,,,,,,,,,,,,
2.17250663,41.39770398,,,,,,,,,,,,,,,,
2.15878779,41.39751185,,,,,,,,,,,,,,,,
2.15878779,41.39751185,,,,,,,,,,,,,,,,
2.1399929,41.36973122,,,,,,,,,,,,,,,,
2.1399929,41.36973122,,,,,,,,,,,,,,,,
2.1862261,41.44451391,,,,,,,,,,,,,,,,
2.1862261,41.44451391,,,,,,,,,,,,,,,,
2.13867018,41.33297157,,,,,,,,,,,,,,,,
2.13867018,41.33297157,,,,,,,,,,,,,,,,
2.18045249,41.41578711,,,,,,,,,,,,,,,,
2.18045249,41.41578711,,,,,,,,,,,,,,,,
2.15686524,41.42066796,,,,,,,,,,,,,,,,
2.15686524,41.42066796,,,,,,,,,,,,,,,,
2.18450693,41.40518333,,,,,,,,,,,,,,,,
2.17576928,41.44513899,,,,,,,,,,,,,,,,
2.17576928,41.44513899,,,,,,,,,,,,,,,,
2.17576928,41.44513899,,,,,,,,,,,,,,,,
2.14035253,41.38393908,,,,,,,,,,,,,,,,
2.14035253,41.38393908,,,,,,,,,,,,,,,,
2.14428982,41.4289337,,,,,,,,,,,,,,,,
2.14428982,41.4289337,,,,,,,,,,,,,,,,
2.14999845,41.40098728,,,,,,,,,,,,,,,,
2.14999845,41.40098728,,,,,,,,,,,,,,,,
2.19479985,41.45107466,,,,,,,,,,,,,,,,
2.16236102,41.37742486,,,,,,,,,,,,,,,,
2.19575616,41.40876578,,,,,,,,,,,,,,,,
2.19575616,41.40876578,,,,,,,,,,,,,,,,
2.15359622,41.39088198,,,,,,,,,,,,,,,,
2.15359622,41.39088198,,,,,,,,,,,,,,,,
2.15359622,41.39088198,,,,,,,,,,,,,,,,
2.15359622,41.39088198,,,,,,,,,,,,,,,,
2.20179961,41.39200089,,,,,,,,,,,,,,,,
2.20179961,41.39200089,,,,,,,,,,,,,,,,
2.20179961,41.39200089,,,,,,,,,,,,,,,,
2.13980227,41.41949998,,,,,,,,,,,,,,,,
2.13980227,41.41949998,,,,,,,,,,,,,,,,
2.11257911,41.39729068,,,,,,,,,,,,,,,,
2.11257911,41.39729068,,,,,,,,,,,,,,,,
2.1833706,41.4060454,,,,,,,,,,,,,,,,
2.1833706,41.4060454,,,,,,,,,,,,,,,,
2.17639773,41.39609505,,,,,,,,,,,,,,,,
2.17639773,41.39609505,,,,,,,,,,,,,,,,
2.15130706,41.39445651,,,,,,,,,,,,,,,,
2.15130706,41.39445651,,,,,,,,,,,,,,,,
2.20173114,41.4092363,,,,,,,,,,,,,,,,
2.20173114,41.4092363,,,,,,,,,,,,,,,,
2.16039204,41.39621916,,,,,,,,,,,,,,,,
2.16039204,41.39621916,,,,,,,,,,,,,,,,
2.16833133,41.40779718,,,,,,,,,,,,,,,,
2.16833133,41.40779718,,,,,,,,,,,,,,,,
2.14326148,41.42563658,,,,,,,,,,,,,,,,
2.14326148,41.42563658,,,,,,,,,,,,,,,,
2.17959162,41.44607095,,,,,,,,,,,,,,,,
2.17959162,41.44607095,,,,,,,,,,,,,,,,
2.17959162,41.44607095,,,,,,,,,,,,,,,,
2.1955594,41.40528523,,,,,,,,,,,,,,,,
2.11340164,41.40028816,,,,,,,,,,,,,,,,
2.11340164,41.40028816,,,,,,,,,,,,,,,,
2.15642697,41.37861931,,,,,,,,,,,,,,,,
2.15642697,41.37861931,,,,,,,,,,,,,,,,
2.17317091,41.3966833,,,,,,,,,,,,,,,,
2.17317091,41.3966833,,,,,,,,,,,,,,,,
2.17382764,41.39869628,,,,,,,,,,,,,,,,
2.17382764,41.39869628,,,,,,,,,,,,,,,,
2.14900452,41.4002201,,,,,,,,,,,,,,,,
2.16270839,41.39392134,,,,,,,,,,,,,,,,
2.16270839,41.39392134,,,,,,,,,,,,,,,,
2.16270839,41.39392134,,,,,,,,,,,,,,,,
2.16526633,41.44090228,,,,,,,,,,,,,,,,
2.16526633,41.44090228,,,,,,,,,,,,,,,,
2.16208332,41.37947613,,,,,,,,,,,,,,,,
2.16208332,41.37947613,,,,,,,,,,,,,,,,
2.19158841,41.43996761,,,,,,,,,,,,,,,,
2.19158841,41.43996761,,,,,,,,,,,,,,,,
2.19158841,41.43996761,,,,,,,,,,,,,,,,
2.19158841,41.43996761,,,,,,,,,,,,,,,,
2.19158841,41.43996761,,,,,,,,,,,,,,,,
2.19158841,41.43996761,,,,,,,,,,,,,,,,
2.18059388,41.44221863,,,,,,,,,,,,,,,,
2.18059388,41.44221863,,,,,,,,,,,,,,,,
2.15620861,41.3664749,,,,,,,,,,,,,,,,
2.15620861,41.3664749,,,,,,,,,,,,,,,,
2.17006158,41.41747173,,,,,,,,,,,,,,,,
2.1908818,41.44827896,,,,,,,,,,,,,,,,
2.1908818,41.44827896,,,,,,,,,,,,,,,,
2.16938965,41.40224677,,,,,,,,,,,,,,,,
2.16938965,41.40224677,,,,,,,,,,,,,,,,
2.16938965,41.40224677,,,,,,,,,,,,,,,,
2.11428728,41.40181395,,,,,,,,,,,,,,,,
2.11428728,41.40181395,,,,,,,,,,,,,,,,
2.11428728,41.40181395,,,,,,,,,,,,,,,,
2.18660307,41.42337954,,,,,,,,,,,,,,,,
2.18660307,41.42337954,,,,,,,,,,,,,,,,
2.17262231,41.40391944,,,,,,,,,,,,,,,,
2.17262231,41.40391944,,,,,,,,,,,,,,,,
2.15122088,41.40828727,,,,,,,,,,,,,,,,
2.15122088,41.40828727,,,,,,,,,,,,,,,,
2.13760481,41.41364868,,,,,,,,,,,,,,,,
2.13760481,41.41364868,,,,,,,,,,,,,,,,
2.14500442,41.37194195,,,,,,,,,,,,,,,,
2.17709134,41.39338804,,,,,,,,,,,,,,,,
2.17709134,41.39338804,,,,,,,,,,,,,,,,
2.17709134,41.39338804,,,,,,,,,,,,,,,,
2.13142592,41.41412426,,,,,,,,,,,,,,,,
2.13142592,41.41412426,,,,,,,,,,,,,,,,
2.15847923,41.38903537,,,,,,,,,,,,,,,,
2.15847923,41.38903537,,,,,,,,,,,,,,,,
2.12327446,41.38727958,,,,,,,,,,,,,,,,
2.12327446,41.38727958,,,,,,,,,,,,,,,,
2.11164331,41.38500308,,,,,,,,,,,,,,,,
2.18594015,41.3851175,,,,,,,,,,,,,,,,
2.18594015,41.3851175,,,,,,,,,,,,,,,,
2.18594015,41.3851175,,,,,,,,,,,,,,,,
2.19172523,41.42392377,,,,,,,,,,,,,,,,
2.19172523,41.42392377,,,,,,,,,,,,,,,,
2.17959162,41.44607095,,,,,,,,,,,,,,,,
2.17959162,41.44607095,,,,,,,,,,,,,,,,
2.1720366,41.39753948,,,,,,,,,,,,,,,,
2.1720366,41.39753948,,,,,,,,,,,,,,,,
2.17892209,41.39708569,,,,,,,,,,,,,,,,
2.17892209,41.39708569,,,,,,,,,,,,,,,,
2.17365113,41.4314577,,,,,,,,,,,,,,,,
2.13882511,41.39121292,,,,,,,,,,,,,,,,
2.13882511,41.39121292,,,,,,,,,,,,,,,,
2.14169625,41.42381989,,,,,,,,,,,,,,,,
2.14169625,41.42381989,,,,,,,,,,,,,,,,
2.17665545,41.37442665,,,,,,,,,,,,,,,,
2.17665545,41.37442665,,,,,,,,,,,,,,,,
2.18719767,41.41360139,,,,,,,,,,,,,,,,
2.18719767,41.41360139,,,,,,,,,,,,,,,,
2.16702361,41.38848379,,,,,,,,,,,,,,,,
2.16702361,41.38848379,,,,,,,,,,,,,,,,
2.17846818,41.43038546,,,,,,,,,,,,,,,,
2.17846818,41.43038546,,,,,,,,,,,,,,,,
2.19060114,41.44676293,,,,,,,,,,,,,,,,
2.19060114,41.44676293,,,,,,,,,,,,,,,,
2.19060114,41.44676293,,,,,,,,,,,,,,,,
2.15507213,41.38818452,,,,,,,,,,,,,,,,
2.15507213,41.38818452,,,,,,,,,,,,,,,,
2.13781084,41.38458478,,,,,,,,,,,,,,,,
2.13781084,41.38458478,,,,,,,,,,,,,,,,
2.16878189,41.38673273,,,,,,,,,,,,,,,,
2.16878189,41.38673273,,,,,,,,,,,,,,,,
2.16976873,41.40437529,,,,,,,,,,,,,,,,
2.16976873,41.40437529,,,,,,,,,,,,,,,,
2.17441831,41.40614161,,,,,,,,,,,,,,,,
2.18626666,41.43996102,,,,,,,,,,,,,,,,
2.18626666,41.43996102,,,,,,,,,,,,,,,,
2.18626666,41.43996102,,,,,,,,,,,,,,,,
2.17893153,41.3974322,,,,,,,,,,,,,,,,
2.17893153,41.3974322,,,,,,,,,,,,,,,,
2.17537379,41.38628001,,,,,,,,,,,,,,,,
2.13138195,41.38889965,,,,,,,,,,,,,,,,
2.13138195,41.38889965,,,,,,,,,,,,,,,,
2.17576928,41.44513899,,,,,,,,,,,,,,,,
2.18646327,41.42143395,,,,,,,,,,,,,,,,
2.18646327,41.42143395,,,,,,,,,,,,,,,,
2.18646327,41.42143395,,,,,,,,,,,,,,,,
2.15945816,41.43928904,,,,,,,,,,,,,,,,
2.15945816,41.43928904,,,,,,,,,,,,,,,,
2.15945816,41.43928904,,,,,,,,,,,,,,,,
2.15945816,41.43928904,,,,,,,,,,,,,,,,
2.17429069,41.43841543,,,,,,,,,,,,,,,,
2.17429069,41.43841543,,,,,,,,,,,,,,,,
2.18687719,41.41035093,,,,,,,,,,,,,,,,
2.18687719,41.41035093,,,,,,,,,,,,,,,,
2.19948021,41.39063123,,,,,,,,,,,,,,,,
2.19948021,41.39063123,,,,,,,,,,,,,,,,
2.19948021,41.39063123,,,,,,,,,,,,,,,,
2.15740576,41.41825249,,,,,,,,,,,,,,,,
2.15740576,41.41825249,,,,,,,,,,,,,,,,
2.16863895,41.40353382,,,,,,,,,,,,,,,,
2.16863895,41.40353382,,,,,,,,,,,,,,,,
2.15888698,41.38786508,,,,,,,,,,,,,,,,
2.15888698,41.38786508,,,,,,,,,,,,,,,,
2.15888698,41.38786508,,,,,,,,,,,,,,,,
2.18754558,41.4088899,,,,,,,,,,,,,,,,
2.18754558,41.4088899,,,,,,,,,,,,,,,,
2.13660095,41.37639233,,,,,,,,,,,,,,,,
2.20241652,41.3940331,,,,,,,,,,,,,,,,
2.17835764,41.39732444,,,,,,,,,,,,,,,,
2.17835764,41.39732444,,,,,,,,,,,,,,,,
2.18007765,41.39828275,,,,,,,,,,,,,,,,
2.18007765,41.39828275,,,,,,,,,,,,,,,,
2.18007765,41.39828275,,,,,,,,,,,,,,,,
2.18007765,41.39828275,,,,,,,,,,,,,,,,
2.16311045,41.39745262,,,,,,,,,,,,,,,,
2.16311045,41.39745262,,,,,,,,,,,,,,,,
2.20231773,41.39239399,,,,,,,,,,,,,,,,
2.20231773,41.39239399,,,,,,,,,,,,,,,,
2.18310729,41.39681441,,,,,,,,,,,,,,,,
2.18310729,41.39681441,,,,,,,,,,,,,,,,
2.12800575,41.39778468,,,,,,,,,,,,,,,,
2.12800575,41.39778468,,,,,,,,,,,,,,,,
2.15127179,41.38921662,,,,,,,,,,,,,,,,
2.14178467,41.34710024,,,,,,,,,,,,,,,,
2.14178467,41.34710024,,,,,,,,,,,,,,,,
2.16938195,41.38661188,,,,,,,,,,,,,,,,
2.12551551,41.38740818,,,,,,,,,,,,,,,,
2.12551551,41.38740818,,,,,,,,,,,,,,,,
2.17995267,41.40006212,,,,,,,,,,,,,,,,
2.17995267,41.40006212,,,,,,,,,,,,,,,,
2.16938039,41.41567437,,,,,,,,,,,,,,,,
2.16938039,41.41567437,,,,,,,,,,,,,,,,
2.17887083,41.41121463,,,,,,,,,,,,,,,,
2.17887083,41.41121463,,,,,,,,,,,,,,,,
2.17887083,41.41121463,,,,,,,,,,,,,,,,
2.17887083,41.41121463,,,,,,,,,,,,,,,,
2.17340752,41.38968588,,,,,,,,,,,,,,,,
2.17340752,41.38968588,,,,,,,,,,,,,,,,
2.20107343,41.44883124,,,,,,,,,,,,,,,,
2.20107343,41.44883124,,,,,,,,,,,,,,,,
2.20107343,41.44883124,,,,,,,,,,,,,,,,
2.20107343,41.44883124,,,,,,,,,,,,,,,,
2.15450214,41.40080558,,,,,,,,,,,,,,,,
2.15450214,41.40080558,,,,,,,,,,,,,,,,
2.13712502,41.39076907,,,,,,,,,,,,,,,,
2.13712502,41.39076907,,,,,,,,,,,,,,,,
2.13712502,41.39076907,,,,,,,,,,,,,,,,
2.15001425,41.38315612,,,,,,,,,,,,,,,,
2.15001425,41.38315612,,,,,,,,,,,,,,,,
2.14886274,41.37596543,,,,,,,,,,,,,,,,
2.14886274,41.37596543,,,,,,,,,,,,,,,,
2.16656833,41.37604675,,,,,,,,,,,,,,,,
2.16656833,41.37604675,,,,,,,,,,,,,,,,
2.16656833,41.37604675,,,,,,,,,,,,,,,,
2.15247901,41.36138297,,,,,,,,,,,,,,,,
2.12696857,41.41110083,,,,,,,,,,,,,,,,
2.12696857,41.41110083,,,,,,,,,,,,,,,,
2.12696857,41.41110083,,,,,,,,,,,,,,,,
2.18121495,41.40943287,,,,,,,,,,,,,,,,
2.18121495,41.40943287,,,,,,,,,,,,,,,,
2.15036512,41.37538193,,,,,,,,,,,,,,,,
2.15036512,41.37538193,,,,,,,,,,,,,,,,
2.17550051,41.40695821,,,,,,,,,,,,,,,,
2.17550051,41.40695821,,,,,,,,,,,,,,,,
2.18340298,41.42124179,,,,,,,,,,,,,,,,
2.18340298,41.42124179,,,,,,,,,,,,,,,,
2.08949617,41.42723262,,,,,,,,,,,,,,,,
2.21933311,41.4117709,,,,,,,,,,,,,,,,
2.21000786,41.42052235,,,,,,,,,,,,,,,,
2.21000786,41.42052235,,,,,,,,,,,,,,,,
2.21000786,41.42052235,,,,,,,,,,,,,,,,
2.21000786,41.42052235,,,,,,,,,,,,,,,,
2.21000786,41.42052235,,,,,,,,,,,,,,,,
2.18440529,41.45831668,,,,,,,,,,,,,,,,
2.18440529,41.45831668,,,,,,,,,,,,,,,,
2.18139703,41.38090725,,,,,,,,,,,,,,,,
2.18139703,41.38090725,,,,,,,,,,,,,,,,
2.17324825,41.40702379,,,,,,,,,,,,,,,,
2.17324825,41.40702379,,,,,,,,,,,,,,,,
2.18082034,41.43021591,,,,,,,,,,,,,,,,
2.18082034,41.43021591,,,,,,,,,,,,,,,,
2.18082034,41.43021591,,,,,,,,,,,,,,,,
2.18082034,41.43021591,,,,,,,,,,,,,,,,
2.1322727,41.36978372,,,,,,,,,,,,,,,,
2.1322727,41.36978372,,,,,,,,,,,,,,,,
2.16728169,41.41545101,,,,,,,,,,,,,,,,
2.16728169,41.41545101,,,,,,,,,,,,,,,,
2.13260722,41.3896217,,,,,,,,,,,,,,,,
2.13260722,41.3896217,,,,,,,,,,,,,,,,
2.13260722,41.3896217,,,,,,,,,,,,,,,,
2.1388013,41.38296012,,,,,,,,,,,,,,,,
2.1388013,41.38296012,,,,,,,,,,,,,,,,
2.17664332,41.43839856,,,,,,,,,,,,,,,,
2.17664332,41.43839856,,,,,,,,,,,,,,,,
2.12119286,41.32946695,,,,,,,,,,,,,,,,
2.12119286,41.32946695,,,,,,,,,,,,,,,,
2.18381276,41.43378824,,,,,,,,,,,,,,,,
2.18381276,41.43378824,,,,,,,,,,,,,,,,
2.19636698,41.44974143,,,,,,,,,,,,,,,,
2.19636698,41.44974143,,,,,,,,,,,,,,,,
2.16217758,41.35726193,,,,,,,,,,,,,,,,
2.16217758,41.35726193,,,,,,,,,,,,,,,,
2.14749129,41.40031804,,,,,,,,,,,,,,,,
2.14749129,41.40031804,,,,,,,,,,,,,,,,
2.14749129,41.40031804,,,,,,,,,,,,,,,,
2.13712502,41.39076907,,,,,,,,,,,,,,,,
2.13712502,41.39076907,,,,,,,,,,,,,,,,
2.1471933,41.39780724,,,,,,,,,,,,,,,,
2.1471933,41.39780724,,,,,,,,,,,,,,,,
2.18197853,41.38019248,,,,,,,,,,,,,,,,
2.18197853,41.38019248,,,,,,,,,,,,,,,,
2.18241989,41.39855473,,,,,,,,,,,,,,,,
2.15012524,41.40621094,,,,,,,,,,,,,,,,
2.15012524,41.40621094,,,,,,,,,,,,,,,,
2.18729248,41.42043118,,,,,,,,,,,,,,,,
2.18729248,41.42043118,,,,,,,,,,,,,,,,
2.12280168,41.39535485,,,,,,,,,,,,,,,,
2.12280168,41.39535485,,,,,,,,,,,,,,,,
2.15358283,41.38264044,,,,,,,,,,,,,,,,
2.15358283,41.38264044,,,,,,,,,,,,,,,,
2.15358283,41.38264044,,,,,,,,,,,,,,,,
2.17000266,41.37496791,,,,,,,,,,,,,,,,
2.17000266,41.37496791,,,,,,,,,,,,,,,,
2.13989738,41.40405878,,,,,,,,,,,,,,,,
2.13989738,41.40405878,,,,,,,,,,,,,,,,
2.12289492,41.40779859,,,,,,,,,,,,,,,,
2.12289492,41.40779859,,,,,,,,,,,,,,,,
2.15755655,41.37947478,,,,,,,,,,,,,,,,
2.15755655,41.37947478,,,,,,,,,,,,,,,,
2.13683271,41.35825207,,,,,,,,,,,,,,,,
2.14454105,41.40535283,,,,,,,,,,,,,,,,
2.14454105,41.40535283,,,,,,,,,,,,,,,,
2.14454105,41.40535283,,,,,,,,,,,,,,,,
2.13041346,41.37691524,,,,,,,,,,,,,,,,
2.13041346,41.37691524,,,,,,,,,,,,,,,,
2.13041346,41.37691524,,,,,,,,,,,,,,,,
2.17574344,41.37432734,,,,,,,,,,,,,,,,
2.17574344,41.37432734,,,,,,,,,,,,,,,,
2.14512911,41.39313879,,,,,,,,,,,,,,,,
2.14512911,41.39313879,,,,,,,,,,,,,,,,
2.17767363,41.39615198,,,,,,,,,,,,,,,,
2.17767363,41.39615198,,,,,,,,,,,,,,,,
2.17767363,41.39615198,,,,,,,,,,,,,,,,
2.16061865,41.39656954,,,,,,,,,,,,,,,,
2.16061865,41.39656954,,,,,,,,,,,,,,,,
2.13315358,41.3982012,,,,,,,,,,,,,,,,
2.13315358,41.3982012,,,,,,,,,,,,,,,,
2.13315358,41.3982012,,,,,,,,,,,,,,,,
2.1214671,41.40150523,,,,,,,,,,,,,,,,
2.1214671,41.40150523,,,,,,,,,,,,,,,,
2.17786079,41.42333473,,,,,,,,,,,,,,,,
2.17786079,41.42333473,,,,,,,,,,,,,,,,
2.16792041,41.37478716,,,,,,,,,,,,,,,,
2.15144724,41.42184862,,,,,,,,,,,,,,,,
2.15144724,41.42184862,,,,,,,,,,,,,,,,
2.14562848,41.43236671,,,,,,,,,,,,,,,,
2.14562848,41.43236671,,,,,,,,,,,,,,,,
2.19734991,41.41102794,,,,,,,,,,,,,,,,
2.19734991,41.41102794,,,,,,,,,,,,,,,,
2.16631295,41.41537528,,,,,,,,,,,,,,,,
2.16631295,41.41537528,,,,,,,,,,,,,,,,
2.18687095,41.394755,,,,,,,,,,,,,,,,
2.18687095,41.394755,,,,,,,,,,,,,,,,
2.18622919,41.42553876,,,,,,,,,,,,,,,,
2.18622919,41.42553876,,,,,,,,,,,,,,,,
2.11001854,41.39424449,,,,,,,,,,,,,,,,
2.11001854,41.39424449,,,,,,,,,,,,,,,,
2.14751555,41.43469924,,,,,,,,,,,,,,,,
2.14751555,41.43469924,,,,,,,,,,,,,,,,
2.14751555,41.43469924,,,,,,,,,,,,,,,,
2.18058233,41.42522659,,,,,,,,,,,,,,,,
2.16380267,41.39303332,,,,,,,,,,,,,,,,
2.16380267,41.39303332,,,,,,,,,,,,,,,,
2.15642765,41.36624597,,,,,,,,,,,,,,,,
2.15642765,41.36624597,,,,,,,,,,,,,,,,
2.14114052,41.3846566,,,,,,,,,,,,,,,,
2.14114052,41.3846566,,,,,,,,,,,,,,,,
2.169936,41.39912181,,,,,,,,,,,,,,,,
2.169936,41.39912181,,,,,,,,,,,,,,,,
2.169936,41.39912181,,,,,,,,,,,,,,,,
2.14902581,41.37583839,,,,,,,,,,,,,,,,
2.14902581,41.37583839,,,,,,,,,,,,,,,,
2.17249943,41.38798441,,,,,,,,,,,,,,,,
2.17249943,41.38798441,,,,,,,,,,,,,,,,
2.14799812,41.39386598,,,,,,,,,,,,,,,,
2.14799812,41.39386598,,,,,,,,,,,,,,,,
2.1571063,41.43552237,,,,,,,,,,,,,,,,
2.1571063,41.43552237,,,,,,,,,,,,,,,,
2.17212222,41.41050811,,,,,,,,,,,,,,,,
2.17212222,41.41050811,,,,,,,,,,,,,,,,
2.14354958,41.39126917,,,,,,,,,,,,,,,,
2.14354958,41.39126917,,,,,,,,,,,,,,,,
2.14354958,41.39126917,,,,,,,,,,,,,,,,
2.17368208,41.38791793,,,,,,,,,,,,,,,,
2.17368208,41.38791793,,,,,,,,,,,,,,,,
2.15168413,41.39245603,,,,,,,,,,,,,,,,
2.15168413,41.39245603,,,,,,,,,,,,,,,,
2.10612988,41.38744977,,,,,,,,,,,,,,,,
2.10612988,41.38744977,,,,,,,,,,,,,,,,
2.19041007,41.45411883,,,,,,,,,,,,,,,,
2.19041007,41.45411883,,,,,,,,,,,,,,,,
2.11929446,41.40532662,,,,,,,,,,,,,,,,
2.11929446,41.40532662,,,,,,,,,,,,,,,,
2.11929446,41.40532662,,,,,,,,,,,,,,,,
2.1778194,41.39658684,,,,,,,,,,,,,,,,
2.1778194,41.39658684,,,,,,,,,,,,,,,,
2.15943621,41.38787256,,,,,,,,,,,,,,,,
2.15943621,41.38787256,,,,,,,,,,,,,,,,
2.18685897,41.39150282,,,,,,,,,,,,,,,,
2.18685897,41.39150282,,,,,,,,,,,,,,,,
2.18110147,41.39766005,,,,,,,,,,,,,,,,
2.16465803,41.41090633,,,,,,,,,,,,,,,,
2.16465803,41.41090633,,,,,,,,,,,,,,,,
2.16465803,41.41090633,,,,,,,,,,,,,,,,
2.17444679,41.38943296,,,,,,,,,,,,,,,,
2.17444679,41.38943296,,,,,,,,,,,,,,,,
2.19467063,41.3833936,,,,,,,,,,,,,,,,
2.18655492,41.42494209,,,,,,,,,,,,,,,,
2.18655492,41.42494209,,,,,,,,,,,,,,,,
2.18655492,41.42494209,,,,,,,,,,,,,,,,
2.14912251,41.38699899,,,,,,,,,,,,,,,,
2.13238919,41.38915707,,,,,,,,,,,,,,,,
2.13238919,41.38915707,,,,,,,,,,,,,,,,
2.1197679,41.38605478,,,,,,,,,,,,,,,,
2.1197679,41.38605478,,,,,,,,,,,,,,,,
2.13438439,41.38771897,,,,,,,,,,,,,,,,
2.13438439,41.38771897,,,,,,,,,,,,,,,,
2.20956776,41.39953405,,,,,,,,,,,,,,,,
2.20956776,41.39953405,,,,,,,,,,,,,,,,
2.13952837,41.39085015,,,,,,,,,,,,,,,,
2.13952837,41.39085015,,,,,,,,,,,,,,,,
2.18023931,41.44652049,,,,,,,,,,,,,,,,
2.18023931,41.44652049,,,,,,,,,,,,,,,,
2.18023931,41.44652049,,,,,,,,,,,,,,,,
2.18023931,41.44652049,,,,,,,,,,,,,,,,
2.13424932,41.40572004,,,,,,,,,,,,,,,,
2.13424932,41.40572004,,,,,,,,,,,,,,,,
2.13424932,41.40572004,,,,,,,,,,,,,,,,
2.11965791,41.40580769,,,,,,,,,,,,,,,,
2.11965791,41.40580769,,,,,,,,,,,,,,,,
2.11434447,41.40155128,,,,,,,,,,,,,,,,
2.11434447,41.40155128,,,,,,,,,,,,,,,,
2.11434447,41.40155128,,,,,,,,,,,,,,,,
2.11434447,41.40155128,,,,,,,,,,,,,,,,
2.15123089,41.37731816,,,,,,,,,,,,,,,,
2.15123089,41.37731816,,,,,,,,,,,,,,,,
2.13882511,41.39121292,,,,,,,,,,,,,,,,
2.13882511,41.39121292,,,,,,,,,,,,,,,,
2.19663016,41.41155326,,,,,,,,,,,,,,,,
2.19663016,41.41155326,,,,,,,,,,,,,,,,
2.19584484,41.4475885,,,,,,,,,,,,,,,,
2.19584484,41.4475885,,,,,,,,,,,,,,,,
2.16551871,41.37662837,,,,,,,,,,,,,,,,
2.16551871,41.37662837,,,,,,,,,,,,,,,,
2.16291371,41.41302367,,,,,,,,,,,,,,,,
2.16291371,41.41302367,,,,,,,,,,,,,,,,
2.17807301,41.40023849,,,,,,,,,,,,,,,,
2.17807301,41.40023849,,,,,,,,,,,,,,,,
2.1593688,41.3543867,,,,,,,,,,,,,,,,
2.1593688,41.3543867,,,,,,,,,,,,,,,,
2.1593688,41.3543867,,,,,,,,,,,,,,,,
2.1593688,41.3543867,,,,,,,,,,,,,,,,
2.16713227,41.38128717,,,,,,,,,,,,,,,,
2.16713227,41.38128717,,,,,,,,,,,,,,,,
2.21872325,41.41087089,,,,,,,,,,,,,,,,
2.21872325,41.41087089,,,,,,,,,,,,,,,,
2.17436247,41.42860797,,,,,,,,,,,,,,,,
2.17436247,41.42860797,,,,,,,,,,,,,,,,
2.12774568,41.34208952,,,,,,,,,,,,,,,,
2.12774568,41.34208952,,,,,,,,,,,,,,,,
2.18441482,41.44689442,,,,,,,,,,,,,,,,
2.14287685,41.42638016,,,,,,,,,,,,,,,,
2.14287685,41.42638016,,,,,,,,,,,,,,,,
2.16186966,41.38988853,,,,,,,,,,,,,,,,
2.16186966,41.38988853,,,,,,,,,,,,,,,,
2.18083364,41.4190404,,,,,,,,,,,,,,,,
2.18083364,41.4190404,,,,,,,,,,,,,,,,
2.18083364,41.4190404,,,,,,,,,,,,,,,,
2.14179956,41.35632129,,,,,,,,,,,,,,,,
2.14179956,41.35632129,,,,,,,,,,,,,,,,
2.15953361,41.40600323,,,,,,,,,,,,,,,,
2.12821035,41.38839659,,,,,,,,,,,,,,,,
2.12821035,41.38839659,,,,,,,,,,,,,,,,
2.19833586,41.38906663,,,,,,,,,,,,,,,,
2.14618048,41.41546107,,,,,,,,,,,,,,,,
2.14618048,41.41546107,,,,,,,,,,,,,,,,
2.17729089,41.38491442,,,,,,,,,,,,,,,,
2.17729089,41.38491442,,,,,,,,,,,,,,,,
2.15282507,41.37748484,,,,,,,,,,,,,,,,
2.15282507,41.37748484,,,,,,,,,,,,,,,,
2.16265345,41.38345542,,,,,,,,,,,,,,,,
2.14364477,41.39050273,,,,,,,,,,,,,,,,
2.14364477,41.39050273,,,,,,,,,,,,,,,,
2.18551733,41.44282517,,,,,,,,,,,,,,,,
2.18551733,41.44282517,,,,,,,,,,,,,,,,
2.15981042,41.38117452,,,,,,,,,,,,,,,,
2.15981042,41.38117452,,,,,,,,,,,,,,,,
2.15981042,41.38117452,,,,,,,,,,,,,,,,
2.15498104,41.40407658,,,,,,,,,,,,,,,,
2.15498104,41.40407658,,,,,,,,,,,,,,,,
2.1558222,41.38066639,,,,,,,,,,,,,,,,
2.1558222,41.38066639,,,,,,,,,,,,,,,,
2.1558222,41.38066639,,,,,,,,,,,,,,,,
2.17794514,41.40225523,,,,,,,,,,,,,,,,
2.17794514,41.40225523,,,,,,,,,,,,,,,,
2.17794514,41.40225523,,,,,,,,,,,,,,,,
2.1648836,41.39216196,,,,,,,,,,,,,,,,
2.1648836,41.39216196,,,,,,,,,,,,,,,,
2.1648836,41.39216196,,,,,,,,,,,,,,,,
2.18049577,41.4197486,,,,,,,,,,,,,,,,
2.18049577,41.4197486,,,,,,,,,,,,,,,,
2.17040933,41.44319262,,,,,,,,,,,,,,,,
2.17040933,41.44319262,,,,,,,,,,,,,,,,
2.17040933,41.44319262,,,,,,,,,,,,,,,,
2.17040933,41.44319262,,,,,,,,,,,,,,,,
2.17040933,41.44319262,,,,,,,,,,,,,,,,
2.14751555,41.43469924,,,,,,,,,,,,,,,,
2.14751555,41.43469924,,,,,,,,,,,,,,,,
2.14751555,41.43469924,,,,,,,,,,,,,,,,
2.17680695,41.39392453,,,,,,,,,,,,,,,,
2.17680695,41.39392453,,,,,,,,,,,,,,,,
2.17680695,41.39392453,,,,,,,,,,,,,,,,
2.16184651,41.39671768,,,,,,,,,,,,,,,,
2.16184651,41.39671768,,,,,,,,,,,,,,,,
2.1663951,41.40520781,,,,,,,,,,,,,,,,
2.1663951,41.40520781,,,,,,,,,,,,,,,,
2.1663951,41.40520781,,,,,,,,,,,,,,,,
2.1663951,41.40520781,,,,,,,,,,,,,,,,
2.13824474,41.36047763,,,,,,,,,,,,,,,,
2.13824474,41.36047763,,,,,,,,,,,,,,,,
2.14303299,41.36053082,,,,,,,,,,,,,,,,
2.17252833,41.44403401,,,,,,,,,,,,,,,,
2.17252833,41.44403401,,,,,,,,,,,,,,,,
2.17252833,41.44403401,,,,,,,,,,,,,,,,
2.17008556,41.38549231,,,,,,,,,,,,,,,,
2.17008556,41.38549231,,,,,,,,,,,,,,,,
2.15530282,41.37777627,,,,,,,,,,,,,,,,
2.15530282,41.37777627,,,,,,,,,,,,,,,,
2.18657277,41.40891114,,,,,,,,,,,,,,,,
2.18657277,41.40891114,,,,,,,,,,,,,,,,
2.15812116,41.39642921,,,,,,,,,,,,,,,,
2.15812116,41.39642921,,,,,,,,,,,,,,,,
2.15812116,41.39642921,,,,,,,,,,,,,,,,
2.15812116,41.39642921,,,,,,,,,,,,,,,,
2.16508611,41.40464303,,,,,,,,,,,,,,,,
2.16508611,41.40464303,,,,,,,,,,,,,,,,
2.17782974,41.40187439,,,,,,,,,,,,,,,,
2.17782974,41.40187439,,,,,,,,,,,,,,,,
2.13623083,41.40125402,,,,,,,,,,,,,,,,
2.13623083,41.40125402,,,,,,,,,,,,,,,,
2.12841993,41.38126552,,,,,,,,,,,,,,,,
2.12841993,41.38126552,,,,,,,,,,,,,,,,
2.12841993,41.38126552,,,,,,,,,,,,,,,,
2.14217459,41.41598123,,,,,,,,,,,,,,,,
2.14217459,41.41598123,,,,,,,,,,,,,,,,
2.13336422,41.34668676,,,,,,,,,,,,,,,,
2.13336422,41.34668676,,,,,,,,,,,,,,,,
2.13142488,41.41067126,,,,,,,,,,,,,,,,
2.13142488,41.41067126,,,,,,,,,,,,,,,,
2.20122982,41.40095749,,,,,,,,,,,,,,,,
2.12555259,41.38068714,,,,,,,,,,,,,,,,
2.12555259,41.38068714,,,,,,,,,,,,,,,,
2.12555259,41.38068714,,,,,,,,,,,,,,,,
2.15518047,41.37287357,,,,,,,,,,,,,,,,
2.15518047,41.37287357,,,,,,,,,,,,,,,,
2.13285237,41.39777667,,,,,,,,,,,,,,,,
2.13285237,41.39777667,,,,,,,,,,,,,,,,
2.13285237,41.39777667,,,,,,,,,,,,,,,,
2.15959099,41.38648047,,,,,,,,,,,,,,,,
2.15959099,41.38648047,,,,,,,,,,,,,,,,
2.18418839,41.41020037,,,,,,,,,,,,,,,,
2.18418839,41.41020037,,,,,,,,,,,,,,,,
2.14547206,41.42974762,,,,,,,,,,,,,,,,
2.14547206,41.42974762,,,,,,,,,,,,,,,,
2.17984974,41.44597323,,,,,,,,,,,,,,,,
2.17984974,41.44597323,,,,,,,,,,,,,,,,
2.15856052,41.38213403,,,,,,,,,,,,,,,,
2.15856052,41.38213403,,,,,,,,,,,,,,,,
2.17316935,41.40009194,,,,,,,,,,,,,,,,
2.17316935,41.40009194,,,,,,,,,,,,,,,,
2.16186392,41.38648059,,,,,,,,,,,,,,,,
2.16186392,41.38648059,,,,,,,,,,,,,,,,
2.14364477,41.39050273,,,,,,,,,,,,,,,,
2.14364477,41.39050273,,,,,,,,,,,,,,,,
2.20925223,41.40848428,,,,,,,,,,,,,,,,
2.20925223,41.40848428,,,,,,,,,,,,,,,,
2.17213228,41.36650481,,,,,,,,,,,,,,,,
2.17213228,41.36650481,,,,,,,,,,,,,,,,
2.14746868,41.40178591,,,,,,,,,,,,,,,,
2.14746868,41.40178591,,,,,,,,,,,,,,,,
2.14341164,41.41136933,,,,,,,,,,,,,,,,
2.14341164,41.41136933,,,,,,,,,,,,,,,,
2.17968777,41.42533185,,,,,,,,,,,,,,,,
2.17968777,41.42533185,,,,,,,,,,,,,,,,
2.1067238,41.38321863,,,,,,,,,,,,,,,,
2.1067238,41.38321863,,,,,,,,,,,,,,,,
2.2072194,41.43453026,,,,,,,,,,,,,,,,
2.179295,41.44526685,,,,,,,,,,,,,,,,
2.179295,41.44526685,,,,,,,,,,,,,,,,
2.179295,41.44526685,,,,,,,,,,,,,,,,
2.19485846,41.40928674,,,,,,,,,,,,,,,,
2.19485846,41.40928674,,,,,,,,,,,,,,,,
2.20918168,41.43667313,,,,,,,,,,,,,,,,
2.20918168,41.43667313,,,,,,,,,,,,,,,,
2.1148629,41.33781383,,,,,,,,,,,,,,,,
2.18160211,41.44816729,,,,,,,,,,,,,,,,
2.18160211,41.44816729,,,,,,,,,,,,,,,,
2.18160211,41.44816729,,,,,,,,,,,,,,,,
2.20536239,41.43945424,,,,,,,,,,,,,,,,
2.20536239,41.43945424,,,,,,,,,,,,,,,,
2.18692076,41.41865182,,,,,,,,,,,,,,,,
2.18692076,41.41865182,,,,,,,,,,,,,,,,
2.15554658,41.35236137,,,,,,,,,,,,,,,,
2.15554658,41.35236137,,,,,,,,,,,,,,,,
2.15554658,41.35236137,,,,,,,,,,,,,,,,
2.17704764,41.3971625,,,,,,,,,,,,,,,,
2.17704764,41.3971625,,,,,,,,,,,,,,,,
2.15231759,41.37183882,,,,,,,,,,,,,,,,
2.18593752,41.40058515,,,,,,,,,,,,,,,,
2.18593752,41.40058515,,,,,,,,,,,,,,,,
2.19518988,41.43053584,,,,,,,,,,,,,,,,
2.19518988,41.43053584,,,,,,,,,,,,,,,,
2.19242488,41.41454898,,,,,,,,,,,,,,,,
2.19242488,41.41454898,,,,,,,,,,,,,,,,
2.17734155,41.44526008,,,,,,,,,,,,,,,,
2.17734155,41.44526008,,,,,,,,,,,,,,,,
2.19734991,41.41102794,,,,,,,,,,,,,,,,
2.19734991,41.41102794,,,,,,,,,,,,,,,,
2.20881642,41.4381173,,,,,,,,,,,,,,,,
2.20881642,41.4381173,,,,,,,,,,,,,,,,
2.15495935,41.39756737,,,,,,,,,,,,,,,,
2.15495935,41.39756737,,,,,,,,,,,,,,,,
2.1798858,41.39160965,,,,,,,,,,,,,,,,
2.1798858,41.39160965,,,,,,,,,,,,,,,,
2.13928689,41.37522749,,,,,,,,,,,,,,,,
2.13928689,41.37522749,,,,,,,,,,,,,,,,
2.17076411,41.40837757,,,,,,,,,,,,,,,,
2.17076411,41.40837757,,,,,,,,,,,,,,,,
2.18815158,41.37870543,,,,,,,,,,,,,,,,
2.14855842,41.43631181,,,,,,,,,,,,,,,,
2.14855842,41.43631181,,,,,,,,,,,,,,,,
2.14855842,41.43631181,,,,,,,,,,,,,,,,
2.13063876,41.4050561,,,,,,,,,,,,,,,,
2.13063876,41.4050561,,,,,,,,,,,,,,,,
2.16186966,41.38988853,,,,,,,,,,,,,,,,
2.16186966,41.38988853,,,,,,,,,,,,,,,,
2.14547206,41.42974762,,,,,,,,,,,,,,,,
2.14547206,41.42974762,,,,,,,,,,,,,,,,
2.14216713,41.41169267,,,,,,,,,,,,,,,,
2.14216713,41.41169267,,,,,,,,,,,,,,,,
2.14216713,41.41169267,,,,,,,,,,,,,,,,
2.14954424,41.38247238,,,,,,,,,,,,,,,,
2.15584,41.37519732,,,,,,,,,,,,,,,,
2.16427881,41.37906351,,,,,,,,,,,,,,,,
2.16427881,41.37906351,,,,,,,,,,,,,,,,
2.13787434,41.41567568,,,,,,,,,,,,,,,,
2.13787434,41.41567568,,,,,,,,,,,,,,,,
2.13380054,41.36417334,,,,,,,,,,,,,,,,
2.13380054,41.36417334,,,,,,,,,,,,,,,,
2.13380054,41.36417334,,,,,,,,,,,,,,,,
2.18085255,41.39540309,,,,,,,,,,,,,,,,
2.18085255,41.39540309,,,,,,,,,,,,,,,,
2.16171841,41.38133041,,,,,,,,,,,,,,,,
2.16171841,41.38133041,,,,,,,,,,,,,,,,
2.16171841,41.38133041,,,,,,,,,,,,,,,,
2.14361726,41.42640079,,,,,,,,,,,,,,,,
2.14361726,41.42640079,,,,,,,,,,,,,,,,
2.14361726,41.42640079,,,,,,,,,,,,,,,,
2.20916724,41.4198942,,,,,,,,,,,,,,,,
2.20916724,41.4198942,,,,,,,,,,,,,,,,
2.20916724,41.4198942,,,,,,,,,,,,,,,,
2.20916724,41.4198942,,,,,,,,,,,,,,,,
2.20916724,41.4198942,,,,,,,,,,,,,,,,
2.20916724,41.4198942,,,,,,,,,,,,,,,,
2.15733695,41.38647464,,,,,,,,,,,,,,,,
2.15733695,41.38647464,,,,,,,,,,,,,,,,
2.15485017,41.39021329,,,,,,,,,,,,,,,,
2.15485017,41.39021329,,,,,,,,,,,,,,,,
2.2067216,41.39760502,,,,,,,,,,,,,,,,
2.2067216,41.39760502,,,,,,,,,,,,,,,,
2.1573582,41.3933073,,,,,,,,,,,,,,,,
2.1573582,41.3933073,,,,,,,,,,,,,,,,
2.13148929,41.37275814,,,,,,,,,,,,,,,,
2.1559648,41.37171253,,,,,,,,,,,,,,,,
2.1559648,41.37171253,,,,,,,,,,,,,,,,
2.16311045,41.39745262,,,,,,,,,,,,,,,,
2.16311045,41.39745262,,,,,,,,,,,,,,,,
2.13761451,41.3752563,,,,,,,,,,,,,,,,
2.13761451,41.3752563,,,,,,,,,,,,,,,,
2.15395132,41.38393377,,,,,,,,,,,,,,,,
2.13876078,41.35507118,,,,,,,,,,,,,,,,
2.15604022,41.42959319,,,,,,,,,,,,,,,,
2.18224206,41.40689727,,,,,,,,,,,,,,,,
2.18224206,41.40689727,,,,,,,,,,,,,,,,
2.1452749,41.37925378,,,,,,,,,,,,,,,,
2.1452749,41.37925378,,,,,,,,,,,,,,,,
2.14554261,41.43077913,,,,,,,,,,,,,,,,
2.14554261,41.43077913,,,,,,,,,,,,,,,,
2.18072041,41.41572366,,,,,,,,,,,,,,,,
2.18072041,41.41572366,,,,,,,,,,,,,,,,
2.20615536,41.43598253,,,,,,,,,,,,,,,,
2.20615536,41.43598253,,,,,,,,,,,,,,,,
2.1981427,41.3891667,,,,,,,,,,,,,,,,
2.1981427,41.3891667,,,,,,,,,,,,,,,,
2.14081087,41.37953304,,,,,,,,,,,,,,,,
2.14081087,41.37953304,,,,,,,,,,,,,,,,
2.17984974,41.44597323,,,,,,,,,,,,,,,,
2.17984974,41.44597323,,,,,,,,,,,,,,,,
2.17984974,41.44597323,,,,,,,,,,,,,,,,
2.21373485,41.40282639,,,,,,,,,,,,,,,,
2.21373485,41.40282639,,,,,,,,,,,,,,,,
2.169936,41.39912181,,,,,,,,,,,,,,,,
2.169936,41.39912181,,,,,,,,,,,,,,,,
2.16115786,41.38956914,,,,,,,,,,,,,,,,
2.16115786,41.38956914,,,,,,,,,,,,,,,,
2.16115786,41.38956914,,,,,,,,,,,,,,,,
2.19090875,41.44084209,,,,,,,,,,,,,,,,
2.15302682,41.3900387,,,,,,,,,,,,,,,,
2.15302682,41.3900387,,,,,,,,,,,,,,,,
2.14837367,41.35394103,,,,,,,,,,,,,,,,
2.14837367,41.35394103,,,,,,,,,,,,,,,,
2.14837367,41.35394103,,,,,,,,,,,,,,,,
2.17231039,41.37462918,,,,,,,,,,,,,,,,
2.17231039,41.37462918,,,,,,,,,,,,,,,,
2.12157029,41.38651031,,,,,,,,,,,,,,,,
2.12157029,41.38651031,,,,,,,,,,,,,,,,
2.15604022,41.42959319,,,,,,,,,,,,,,,,
2.15604022,41.42959319,,,,,,,,,,,,,,,,
2.1869093,41.42032433,,,,,,,,,,,,,,,,
2.1869093,41.42032433,,,,,,,,,,,,,,,,
2.11929036,41.40544744,,,,,,,,,,,,,,,,
2.11929036,41.40544744,,,,,,,,,,,,,,,,
2.13600803,41.36549386,,,,,,,,,,,,,,,,
2.18392292,41.42005977,,,,,,,,,,,,,,,,
2.18392292,41.42005977,,,,,,,,,,,,,,,,
2.16418045,41.43923379,,,,,,,,,,,,,,,,
2.16418045,41.43923379,,,,,,,,,,,,,,,,
2.1573582,41.3933073,,,,,,,,,,,,,,,,
2.1573582,41.3933073,,,,,,,,,,,,,,,,
2.14210273,41.4246423,,,,,,,,,,,,,,,,
2.14210273,41.4246423,,,,,,,,,,,,,,,,
2.17276063,41.38845989,,,,,,,,,,,,,,,,
2.17276063,41.38845989,,,,,,,,,,,,,,,,
2.16520757,41.40610391,,,,,,,,,,,,,,,,
2.16520757,41.40610391,,,,,,,,,,,,,,,,
2.13380873,41.39507923,,,,,,,,,,,,,,,,
2.13380873,41.39507923,,,,,,,,,,,,,,,,
2.20014226,41.44155327,,,,,,,,,,,,,,,,
2.20014226,41.44155327,,,,,,,,,,,,,,,,
2.16574291,41.39391036,,,,,,,,,,,,,,,,
2.15856052,41.38213403,,,,,,,,,,,,,,,,
2.15856052,41.38213403,,,,,,,,,,,,,,,,
2.16270839,41.39392134,,,,,,,,,,,,,,,,
2.16270839,41.39392134,,,,,,,,,,,,,,,,
2.17792554,41.44541991,,,,,,,,,,,,,,,,
2.15708683,41.39365049,,,,,,,,,,,,,,,,
2.15708683,41.39365049,,,,,,,,,,,,,,,,
2.16139051,41.3893435,,,,,,,,,,,,,,,,
2.16139051,41.3893435,,,,,,,,,,,,,,,,
2.20413618,41.43861525,,,,,,,,,,,,,,,,
2.20413618,41.43861525,,,,,,,,,,,,,,,,
2.16498639,41.427801,,,,,,,,,,,,,,,,
2.16498639,41.427801,,,,,,,,,,,,,,,,
2.15130706,41.39445651,,,,,,,,,,,,,,,,
2.15130706,41.39445651,,,,,,,,,,,,,,,,
2.13103454,41.38449699,,,,,,,,,,,,,,,,
2.13103454,41.38449699,,,,,,,,,,,,,,,,
2.13103454,41.38449699,,,,,,,,,,,,,,,,
2.13103454,41.38449699,,,,,,,,,,,,,,,,
2.15130706,41.39445651,,,,,,,,,,,,,,,,
2.15130706,41.39445651,,,,,,,,,,,,,,,,
2.15130706,41.39445651,,,,,,,,,,,,,,,,
2.13834012,41.36070588,,,,,,,,,,,,,,,,
2.13834012,41.36070588,,,,,,,,,,,,,,,,
2.11097754,41.40638038,,,,,,,,,,,,,,,,
2.11097754,41.40638038,,,,,,,,,,,,,,,,
2.15828692,41.38877415,,,,,,,,,,,,,,,,
2.15828692,41.38877415,,,,,,,,,,,,,,,,
2.12907858,41.37908494,,,,,,,,,,,,,,,,
2.12907858,41.37908494,,,,,,,,,,,,,,,,
2.13471387,41.36607981,,,,,,,,,,,,,,,,
2.13471387,41.36607981,,,,,,,,,,,,,,,,
2.12594528,41.38386615,,,,,,,,,,,,,,,,
2.12594528,41.38386615,,,,,,,,,,,,,,,,
2.17321631,41.37476436,,,,,,,,,,,,,,,,
2.17913992,41.40315291,,,,,,,,,,,,,,,,
2.17913992,41.40315291,,,,,,,,,,,,,,,,
2.17913992,41.40315291,,,,,,,,,,,,,,,,
2.14327543,41.42723747,,,,,,,,,,,,,,,,
2.14327543,41.42723747,,,,,,,,,,,,,,,,
2.14327543,41.42723747,,,,,,,,,,,,,,,,
2.14327543,41.42723747,,,,,,,,,,,,,,,,
2.14327543,41.42723747,,,,,,,,,,,,,,,,
2.14327543,41.42723747,,,,,,,,,,,,,,,,
2.14327543,41.42723747,,,,,,,,,,,,,,,,
2.14327543,41.42723747,,,,,,,,,,,,,,,,
2.17733078,41.39852815,,,,,,,,,,,,,,,,
2.20582592,41.44348507,,,,,,,,,,,,,,,,
2.20582592,41.44348507,,,,,,,,,,,,,,,,
2.15366356,41.43746924,,,,,,,,,,,,,,,,
2.15366356,41.43746924,,,,,,,,,,,,,,,,
2.15054459,41.38307694,,,,,,,,,,,,,,,,
2.15054459,41.38307694,,,,,,,,,,,,,,,,
2.15884511,41.3944254,,,,,,,,,,,,,,,,
2.15884511,41.3944254,,,,,,,,,,,,,,,,
2.15884511,41.3944254,,,,,,,,,,,,,,,,
2.20163399,41.4144445,,,,,,,,,,,,,,,,
2.20163399,41.4144445,,,,,,,,,,,,,,,,
2.20163399,41.4144445,,,,,,,,,,,,,,,,
2.16649049,41.4121504,,,,,,,,,,,,,,,,
2.16649049,41.4121504,,,,,,,,,,,,,,,,
2.13476132,41.41328487,,,,,,,,,,,,,,,,
2.13476132,41.41328487,,,,,,,,,,,,,,,,
2.1436969,41.39212655,,,,,,,,,,,,,,,,
2.1436969,41.39212655,,,,,,,,,,,,,,,,
2.1436969,41.39212655,,,,,,,,,,,,,,,,
2.17339021,41.37681957,,,,,,,,,,,,,,,,
2.17339021,41.37681957,,,,,,,,,,,,,,,,
2.15086051,41.40208339,,,,,,,,,,,,,,,,
2.13291544,41.36893281,,,,,,,,,,,,,,,,
2.13291544,41.36893281,,,,,,,,,,,,,,,,
2.1630079,41.40719587,,,,,,,,,,,,,,,,
2.1630079,41.40719587,,,,,,,,,,,,,,,,
2.18530594,41.44195716,,,,,,,,,,,,,,,,
2.19354196,41.41369359,,,,,,,,,,,,,,,,
2.19354196,41.41369359,,,,,,,,,,,,,,,,
2.15383819,41.39766361,,,,,,,,,,,,,,,,
2.15383819,41.39766361,,,,,,,,,,,,,,,,
2.13599346,41.41519124,,,,,,,,,,,,,,,,
2.13599346,41.41519124,,,,,,,,,,,,,,,,
2.15153526,41.42611518,,,,,,,,,,,,,,,,
2.15153526,41.42611518,,,,,,,,,,,,,,,,
2.15153526,41.42611518,,,,,,,,,,,,,,,,
2.17091737,41.39668388,,,,,,,,,,,,,,,,
2.17091737,41.39668388,,,,,,,,,,,,,,,,
2.19706288,41.41104091,,,,,,,,,,,,,,,,
2.19706288,41.41104091,,,,,,,,,,,,,,,,
2.16863341,41.40011338,,,,,,,,,,,,,,,,
2.16863341,41.40011338,,,,,,,,,,,,,,,,
2.12991683,41.39250755,,,,,,,,,,,,,,,,
2.15065008,41.43718835,,,,,,,,,,,,,,,,
2.15065008,41.43718835,,,,,,,,,,,,,,,,
2.14246332,41.39263437,,,,,,,,,,,,,,,,
2.14246332,41.39263437,,,,,,,,,,,,,,,,
2.13712502,41.39076907,,,,,,,,,,,,,,,,
2.13712502,41.39076907,,,,,,,,,,,,,,,,
2.17885443,41.40774083,,,,,,,,,,,,,,,,
2.09298132,41.42987355,,,,,,,,,,,,,,,,
2.16637439,41.40012586,,,,,,,,,,,,,,,,
2.16637439,41.40012586,,,,,,,,,,,,,,,,
2.17318715,41.40348936,,,,,,,,,,,,,,,,
2.17318715,41.40348936,,,,,,,,,,,,,,,,
2.1291316,41.3869206,,,,,,,,,,,,,,,,
2.1291316,41.3869206,,,,,,,,,,,,,,,,
2.21417442,41.40616767,,,,,,,,,,,,,,,,
2.16243163,41.44136517,,,,,,,,,,,,,,,,
2.16243163,41.44136517,,,,,,,,,,,,,,,,
2.13105577,41.40332509,,,,,,,,,,,,,,,,
2.11817667,41.37611512,,,,,,,,,,,,,,,,
2.11817667,41.37611512,,,,,,,,,,,,,,,,
2.20490924,41.42220161,,,,,,,,,,,,,,,,
2.20490924,41.42220161,,,,,,,,,,,,,,,,
2.14528652,41.37879466,,,,,,,,,,,,,,,,
2.14528652,41.37879466,,,,,,,,,,,,,,,,
2.16320531,41.38203336,,,,,,,,,,,,,,,,
2.16320531,41.38203336,,,,,,,,,,,,,,,,
2.17984974,41.44597323,,,,,,,,,,,,,,,,
2.17984974,41.44597323,,,,,,,,,,,,,,,,
2.17334184,41.39873552,,,,,,,,,,,,,,,,
2.17334184,41.39873552,,,,,,,,,,,,,,,,
2.17334184,41.39873552,,,,,,,,,,,,,,,,
2.15569715,41.40820441,,,,,,,,,,,,,,,,
2.15569715,41.40820441,,,,,,,,,,,,,,,,
2.19831792,41.39987103,,,,,,,,,,,,,,,,
2.19831792,41.39987103,,,,,,,,,,,,,,,,
2.18007765,41.39828275,,,,,,,,,,,,,,,,
2.18007765,41.39828275,,,,,,,,,,,,,,,,
2.12798633,41.3906523,,,,,,,,,,,,,,,,
2.12798633,41.3906523,,,,,,,,,,,,,,,,
2.20545077,41.39787546,,,,,,,,,,,,,,,,
2.13759913,41.41574732,,,,,,,,,,,,,,,,
2.13759913,41.41574732,,,,,,,,,,,,,,,,
2.17421947,41.40843632,,,,,,,,,,,,,,,,
2.17421947,41.40843632,,,,,,,,,,,,,,,,
2.16558933,41.44346794,,,,,,,,,,,,,,,,
2.11594131,41.38542126,,,,,,,,,,,,,,,,
2.11594131,41.38542126,,,,,,,,,,,,,,,,
2.11594131,41.38542126,,,,,,,,,,,,,,,,
2.1664599,41.41276424,,,,,,,,,,,,,,,,
2.1664599,41.41276424,,,,,,,,,,,,,,,,
2.21421132,41.41008897,,,,,,,,,,,,,,,,
2.21421132,41.41008897,,,,,,,,,,,,,,,,
2.21421132,41.41008897,,,,,,,,,,,,,,,,
2.21421132,41.41008897,,,,,,,,,,,,,,,,
2.16853739,41.38738527,,,,,,,,,,,,,,,,
2.16853739,41.38738527,,,,,,,,,,,,,,,,
2.16853739,41.38738527,,,,,,,,,,,,,,,,
2.13320203,41.39039134,,,,,,,,,,,,,,,,
2.13320203,41.39039134,,,,,,,,,,,,,,,,
2.16359189,41.39817244,,,,,,,,,,,,,,,,
2.16359189,41.39817244,,,,,,,,,,,,,,,,
2.18203691,41.38725391,,,,,,,,,,,,,,,,
2.18203691,41.38725391,,,,,,,,,,,,,,,,
2.19679564,41.44257815,,,,,,,,,,,,,,,,
2.19679564,41.44257815,,,,,,,,,,,,,,,,
2.19679564,41.44257815,,,,,,,,,,,,,,,,
2.15781194,41.3879773,,,,,,,,,,,,,,,,
2.15781194,41.3879773,,,,,,,,,,,,,,,,
2.18392912,41.42176145,,,,,,,,,,,,,,,,
2.18392912,41.42176145,,,,,,,,,,,,,,,,
2.18220521,41.38133362,,,,,,,,,,,,,,,,
2.18220521,41.38133362,,,,,,,,,,,,,,,,
2.13426716,41.39968857,,,,,,,,,,,,,,,,
2.13426716,41.39968857,,,,,,,,,,,,,,,,
2.20916724,41.4198942,,,,,,,,,,,,,,,,
2.20916724,41.4198942,,,,,,,,,,,,,,,,
2.16310473,41.38554485,,,,,,,,,,,,,,,,
2.16310473,41.38554485,,,,,,,,,,,,,,,,
2.12874676,41.37565031,,,,,,,,,,,,,,,,
2.12874676,41.37565031,,,,,,,,,,,,,,,,
2.15463074,41.39505094,,,,,,,,,,,,,,,,
2.15463074,41.39505094,,,,,,,,,,,,,,,,
2.15463074,41.39505094,,,,,,,,,,,,,,,,
2.18340729,41.40778213,,,,,,,,,,,,,,,,
2.18340729,41.40778213,,,,,,,,,,,,,,,,
2.18340729,41.40778213,,,,,,,,,,,,,,,,
2.16989582,41.39063954,,,,,,,,,,,,,,,,
2.16989582,41.39063954,,,,,,,,,,,,,,,,
2.16989582,41.39063954,,,,,,,,,,,,,,,,
2.15133769,41.40134281,,,,,,,,,,,,,,,,
2.15133769,41.40134281,,,,,,,,,,,,,,,,
2.134528,41.36355088,,,,,,,,,,,,,,,,
2.134528,41.36355088,,,,,,,,,,,,,,,,
2.17959162,41.44607095,,,,,,,,,,,,,,,,
2.17959162,41.44607095,,,,,,,,,,,,,,,,
2.17679778,41.38280454,,,,,,,,,,,,,,,,
2.16483001,41.39785468,,,,,,,,,,,,,,,,
2.16483001,41.39785468,,,,,,,,,,,,,,,,
2.15673366,41.38662312,,,,,,,,,,,,,,,,
2.15673366,41.38662312,,,,,,,,,,,,,,,,
2.16977335,41.39584279,,,,,,,,,,,,,,,,
2.14293346,41.37070414,,,,,,,,,,,,,,,,
2.14293346,41.37070414,,,,,,,,,,,,,,,,
2.16222429,41.39037299,,,,,,,,,,,,,,,,
2.16222429,41.39037299,,,,,,,,,,,,,,,,
2.14124358,41.35749417,,,,,,,,,,,,,,,,
2.14124358,41.35749417,,,,,,,,,,,,,,,,
2.20521092,41.4076233,,,,,,,,,,,,,,,,
2.17169997,41.37787606,,,,,,,,,,,,,,,,
2.17169997,41.37787606,,,,,,,,,,,,,,,,
2.13216576,41.37135218,,,,,,,,,,,,,,,,
2.13216576,41.37135218,,,,,,,,,,,,,,,,
2.18048723,41.41513377,,,,,,,,,,,,,,,,
2.18048723,41.41513377,,,,,,,,,,,,,,,,
2.18048723,41.41513377,,,,,,,,,,,,,,,,
2.15622475,41.39073373,,,,,,,,,,,,,,,,
2.12473949,41.40684137,,,,,,,,,,,,,,,,
2.12473949,41.40684137,,,,,,,,,,,,,,,,
2.1771232,41.3972532,,,,,,,,,,,,,,,,
2.1771232,41.3972532,,,,,,,,,,,,,,,,
2.21390114,41.40270138,,,,,,,,,,,,,,,,
2.21390114,41.40270138,,,,,,,,,,,,,,,,
2.21390114,41.40270138,,,,,,,,,,,,,,,,
2.21390114,41.40270138,,,,,,,,,,,,,,,,
2.21390114,41.40270138,,,,,,,,,,,,,,,,
2.16575942,41.4443232,,,,,,,,,,,,,,,,
2.16575942,41.4443232,,,,,,,,,,,,,,,,
2.16575942,41.4443232,,,,,,,,,,,,,,,,
2.14432557,41.42888094,,,,,,,,,,,,,,,,
2.14432557,41.42888094,,,,,,,,,,,,,,,,
2.14432557,41.42888094,,,,,,,,,,,,,,,,
2.17917859,41.43406194,,,,,,,,,,,,,,,,
2.17917859,41.43406194,,,,,,,,,,,,,,,,
2.17917859,41.43406194,,,,,,,,,,,,,,,,
2.15544571,41.37463329,,,,,,,,,,,,,,,,
2.15544571,41.37463329,,,,,,,,,,,,,,,,
2.13281894,41.41510982,,,,,,,,,,,,,,,,
2.13281894,41.41510982,,,,,,,,,,,,,,,,
2.17093226,41.4017941,,,,,,,,,,,,,,,,
2.17093226,41.4017941,,,,,,,,,,,,,,,,
2.20580495,41.41738151,,,,,,,,,,,,,,,,
2.20580495,41.41738151,,,,,,,,,,,,,,,,
2.18340729,41.40778213,,,,,,,,,,,,,,,,
2.18340729,41.40778213,,,,,,,,,,,,,,,,
2.18340729,41.40778213,,,,,,,,,,,,,,,,
2.19354196,41.41369359,,,,,,,,,,,,,,,,
2.19354196,41.41369359,,,,,,,,,,,,,,,,
2.17153567,41.40997961,,,,,,,,,,,,,,,,
2.17153567,41.40997961,,,,,,,,,,,,,,,,
2.16526411,41.38919323,,,,,,,,,,,,,,,,
2.16526411,41.38919323,,,,,,,,,,,,,,,,
2.21800231,41.40604182,,,,,,,,,,,,,,,,
2.21800231,41.40604182,,,,,,,,,,,,,,,,
2.16018325,41.38862287,,,,,,,,,,,,,,,,
2.16018325,41.38862287,,,,,,,,,,,,,,,,
2.16018325,41.38862287,,,,,,,,,,,,,,,,
2.1298239,41.37031194,,,,,,,,,,,,,,,,
2.1298239,41.37031194,,,,,,,,,,,,,,,,
2.13291544,41.36893281,,,,,,,,,,,,,,,,
2.13291544,41.36893281,,,,,,,,,,,,,,,,
2.14869407,41.37394989,,,,,,,,,,,,,,,,
2.14869407,41.37394989,,,,,,,,,,,,,,,,
2.17475497,41.43328879,,,,,,,,,,,,,,,,
2.17475497,41.43328879,,,,,,,,,,,,,,,,
2.1922026,41.39606474,,,,,,,,,,,,,,,,
2.1922026,41.39606474,,,,,,,,,,,,,,,,
2.12269904,41.40062432,,,,,,,,,,,,,,,,
2.12269904,41.40062432,,,,,,,,,,,,,,,,
2.10305959,41.38358502,,,,,,,,,,,,,,,,
2.10305959,41.38358502,,,,,,,,,,,,,,,,
2.10305959,41.38358502,,,,,,,,,,,,,,,,
2.14437882,41.42806951,,,,,,,,,,,,,,,,
2.14437882,41.42806951,,,,,,,,,,,,,,,,
2.1859543,41.39738837,,,,,,,,,,,,,,,,
2.1859543,41.39738837,,,,,,,,,,,,,,,,
2.15119345,41.40095552,,,,,,,,,,,,,,,,
2.15119345,41.40095552,,,,,,,,,,,,,,,,
2.15981042,41.38117452,,,,,,,,,,,,,,,,
2.15981042,41.38117452,,,,,,,,,,,,,,,,
2.1447173,41.42973606,,,,,,,,,,,,,,,,
2.1447173,41.42973606,,,,,,,,,,,,,,,,
2.15055208,41.39160456,,,,,,,,,,,,,,,,
2.15055208,41.39160456,,,,,,,,,,,,,,,,
2.15055208,41.39160456,,,,,,,,,,,,,,,,
2.18505815,41.44766274,,,,,,,,,,,,,,,,
2.18505815,41.44766274,,,,,,,,,,,,,,,,
2.16821675,41.39871045,,,,,,,,,,,,,,,,
2.16821675,41.39871045,,,,,,,,,,,,,,,,
2.15097262,41.38326312,,,,,,,,,,,,,,,,
2.15097262,41.38326312,,,,,,,,,,,,,,,,
2.15097262,41.38326312,,,,,,,,,,,,,,,,
2.13166647,41.33440229,,,,,,,,,,,,,,,,
2.13166647,41.33440229,,,,,,,,,,,,,,,,
2.13166647,41.33440229,,,,,,,,,,,,,,,,
2.13166647,41.33440229,,,,,,,,,,,,,,,,
2.19760276,41.45005406,,,,,,,,,,,,,,,,
2.19760276,41.45005406,,,,,,,,,,,,,,,,
2.17322757,41.41035644,,,,,,,,,,,,,,,,
2.15949461,41.39652147,,,,,,,,,,,,,,,,
2.18044178,41.42314513,,,,,,,,,,,,,,,,
2.18044178,41.42314513,,,,,,,,,,,,,,,,
2.15977188,41.38852918,,,,,,,,,,,,,,,,
2.15977188,41.38852918,,,,,,,,,,,,,,,,
2.15977188,41.38852918,,,,,,,,,,,,,,,,
2.15977188,41.38852918,,,,,,,,,,,,,,,,
2.12940804,41.41219432,,,,,,,,,,,,,,,,
2.12940804,41.41219432,,,,,,,,,,,,,,,,
2.12940804,41.41219432,,,,,,,,,,,,,,,,
2.15405845,41.41225945,,,,,,,,,,,,,,,,
2.15405845,41.41225945,,,,,,,,,,,,,,,,
2.12411004,41.40891229,,,,,,,,,,,,,,,,
2.12411004,41.40891229,,,,,,,,,,,,,,,,
2.12411004,41.40891229,,,,,,,,,,,,,,,,
2.17895967,41.44631679,,,,,,,,,,,,,,,,
2.17895967,41.44631679,,,,,,,,,,,,,,,,
2.12327446,41.38727958,,,,,,,,,,,,,,,,
2.12327446,41.38727958,,,,,,,,,,,,,,,,
2.15406595,41.42574873,,,,,,,,,,,,,,,,
2.15406595,41.42574873,,,,,,,,,,,,,,,,
2.13967875,41.41249274,,,,,,,,,,,,,,,,
2.13967875,41.41249274,,,,,,,,,,,,,,,,
2.20451076,41.40734783,,,,,,,,,,,,,,,,
2.20451076,41.40734783,,,,,,,,,,,,,,,,
2.14942611,41.38733226,,,,,,,,,,,,,,,,
2.14942611,41.38733226,,,,,,,,,,,,,,,,
2.1523768,41.40872187,,,,,,,,,,,,,,,,
2.1523768,41.40872187,,,,,,,,,,,,,,,,
2.15869493,41.37498191,,,,,,,,,,,,,,,,
2.15869493,41.37498191,,,,,,,,,,,,,,,,
2.1378219,41.41408412,,,,,,,,,,,,,,,,
2.1378219,41.41408412,,,,,,,,,,,,,,,,
2.13671294,41.4148914,,,,,,,,,,,,,,,,
2.13671294,41.4148914,,,,,,,,,,,,,,,,
2.1265506,41.38767365,,,,,,,,,,,,,,,,
2.17632259,41.41254689,,,,,,,,,,,,,,,,
2.17632259,41.41254689,,,,,,,,,,,,,,,,
2.13882511,41.39121292,,,,,,,,,,,,,,,,
2.13882511,41.39121292,,,,,,,,,,,,,,,,
2.13882511,41.39121292,,,,,,,,,,,,,,,,
2.13858945,41.39082974,,,,,,,,,,,,,,,,
2.13858945,41.39082974,,,,,,,,,,,,,,,,
2.15598413,41.40473343,,,,,,,,,,,,,,,,
2.1740073,41.36924469,,,,,,,,,,,,,,,,
2.1740073,41.36924469,,,,,,,,,,,,,,,,
2.1740073,41.36924469,,,,,,,,,,,,,,,,
2.16269801,41.39237226,,,,,,,,,,,,,,,,
2.16269801,41.39237226,,,,,,,,,,,,,,,,
2.16920523,41.43540856,,,,,,,,,,,,,,,,
2.16920523,41.43540856,,,,,,,,,,,,,,,,
2.21306071,41.41600803,,,,,,,,,,,,,,,,
2.17269976,41.39308016,,,,,,,,,,,,,,,,
2.17269976,41.39308016,,,,,,,,,,,,,,,,
2.17269976,41.39308016,,,,,,,,,,,,,,,,
2.15101487,41.3730327,,,,,,,,,,,,,,,,
2.15101487,41.3730327,,,,,,,,,,,,,,,,
2.14633091,41.40786506,,,,,,,,,,,,,,,,
2.14633091,41.40786506,,,,,,,,,,,,,,,,
2.17415802,41.37017044,,,,,,,,,,,,,,,,
2.17415802,41.37017044,,,,,,,,,,,,,,,,
2.15620627,41.38903906,,,,,,,,,,,,,,,,
2.15620627,41.38903906,,,,,,,,,,,,,,,,
2.12995277,41.3769558,,,,,,,,,,,,,,,,
2.12995277,41.3769558,,,,,,,,,,,,,,,,
2.1634473,41.39107401,,,,,,,,,,,,,,,,
2.1634473,41.39107401,,,,,,,,,,,,,,,,
2.15977188,41.38852918,,,,,,,,,,,,,,,,
2.15977188,41.38852918,,,,,,,,,,,,,,,,
2.17568298,41.39308644,,,,,,,,,,,,,,,,
2.17568298,41.39308644,,,,,,,,,,,,,,,,
2.16925416,41.38907167,,,,,,,,,,,,,,,,
2.16925416,41.38907167,,,,,,,,,,,,,,,,
2.13119082,41.37560025,,,,,,,,,,,,,,,,
2.13119082,41.37560025,,,,,,,,,,,,,,,,
2.20609554,41.43293883,,,,,,,,,,,,,,,,
2.20609554,41.43293883,,,,,,,,,,,,,,,,
2.19883617,41.39279934,,,,,,,,,,,,,,,,
2.19883617,41.39279934,,,,,,,,,,,,,,,,
2.19883617,41.39279934,,,,,,,,,,,,,,,,
2.13393052,41.41446946,,,,,,,,,,,,,,,,
2.13393052,41.41446946,,,,,,,,,,,,,,,,
2.13393052,41.41446946,,,,,,,,,,,,,,,,
2.14498432,41.39285888,,,,,,,,,,,,,,,,
2.14498432,41.39285888,,,,,,,,,,,,,,,,
2.17917166,41.42211148,,,,,,,,,,,,,,,,
2.17917166,41.42211148,,,,,,,,,,,,,,,,
2.12995825,41.37984252,,,,,,,,,,,,,,,,
2.12995825,41.37984252,,,,,,,,,,,,,,,,
2.12995825,41.37984252,,,,,,,,,,,,,,,,
2.16524282,41.3992744,,,,,,,,,,,,,,,,
2.16524282,41.3992744,,,,,,,,,,,,,,,,
2.16524282,41.3992744,,,,,,,,,,,,,,,,
2.16524282,41.3992744,,,,,,,,,,,,,,,,
2.17115496,41.37508217,,,,,,,,,,,,,,,,
2.17115496,41.37508217,,,,,,,,,,,,,,,,
2.17115496,41.37508217,,,,,,,,,,,,,,,,
2.16975271,41.3924261,,,,,,,,,,,,,,,,
2.16975271,41.3924261,,,,,,,,,,,,,,,,
2.13283339,41.3655149,,,,,,,,,,,,,,,,
2.13283339,41.3655149,,,,,,,,,,,,,,,,
2.12823161,41.37872265,,,,,,,,,,,,,,,,
2.12823161,41.37872265,,,,,,,,,,,,,,,,
2.16201815,41.39985802,,,,,,,,,,,,,,,,
2.16524862,41.39585455,,,,,,,,,,,,,,,,
2.16524862,41.39585455,,,,,,,,,,,,,,,,
2.19691902,41.44783942,,,,,,,,,,,,,,,,
2.19691902,41.44783942,,,,,,,,,,,,,,,,
2.19691902,41.44783942,,,,,,,,,,,,,,,,
2.19636698,41.44974143,,,,,,,,,,,,,,,,
2.19636698,41.44974143,,,,,,,,,,,,,,,,
2.19636698,41.44974143,,,,,,,,,,,,,,,,
2.19636698,41.44974143,,,,,,,,,,,,,,,,
2.19698006,41.40564204,,,,,,,,,,,,,,,,
2.19698006,41.40564204,,,,,,,,,,,,,,,,
2.19698006,41.40564204,,,,,,,,,,,,,,,,
2.17441831,41.40614161,,,,,,,,,,,,,,,,
2.17441831,41.40614161,,,,,,,,,,,,,,,,
2.15131154,41.40737007,,,,,,,,,,,,,,,,
2.17008515,41.38794915,,,,,,,,,,,,,,,,
2.17008515,41.38794915,,,,,,,,,,,,,,,,
2.16863945,41.39498292,,,,,,,,,,,,,,,,
2.16863945,41.39498292,,,,,,,,,,,,,,,,
2.16863945,41.39498292,,,,,,,,,,,,,,,,
2.17857599,41.44304254,,,,,,,,,,,,,,,,
2.17857599,41.44304254,,,,,,,,,,,,,,,,
2.17857599,41.44304254,,,,,,,,,,,,,,,,
2.16436063,41.37908587,,,,,,,,,,,,,,,,
2.20506357,41.40499311,,,,,,,,,,,,,,,,
2.20506357,41.40499311,,,,,,,,,,,,,,,,
2.14828701,41.39160409,,,,,,,,,,,,,,,,
2.14828701,41.39160409,,,,,,,,,,,,,,,,
2.20163399,41.4144445,,,,,,,,,,,,,,,,
2.20163399,41.4144445,,,,,,,,,,,,,,,,
2.20163399,41.4144445,,,,,,,,,,,,,,,,
2.16069288,41.43989968,,,,,,,,,,,,,,,,
2.16069288,41.43989968,,,,,,,,,,,,,,,,
2.20609554,41.43293883,,,,,,,,,,,,,,,,
2.20609554,41.43293883,,,,,,,,,,,,,,,,
2.1205237,41.38887996,,,,,,,,,,,,,,,,
2.1205237,41.38887996,,,,,,,,,,,,,,,,
2.1205237,41.38887996,,,,,,,,,,,,,,,,
2.18629567,41.41994258,,,,,,,,,,,,,,,,
2.18629567,41.41994258,,,,,,,,,,,,,,,,
2.17849364,41.40266583,,,,,,,,,,,,,,,,
2.17849364,41.40266583,,,,,,,,,,,,,,,,
2.17849364,41.40266583,,,,,,,,,,,,,,,,
2.14450061,41.43030885,,,,,,,,,,,,,,,,
2.14450061,41.43030885,,,,,,,,,,,,,,,,
2.1634473,41.39107401,,,,,,,,,,,,,,,,
2.1634473,41.39107401,,,,,,,,,,,,,,,,
2.1634473,41.39107401,,,,,,,,,,,,,,,,
2.18052905,41.38037663,,,,,,,,,,,,,,,,
2.18612875,41.40584225,,,,,,,,,,,,,,,,
2.18612875,41.40584225,,,,,,,,,,,,,,,,
2.13074661,41.37564554,,,,,,,,,,,,,,,,
2.13074661,41.37564554,,,,,,,,,,,,,,,,
2.18462423,41.40169248,,,,,,,,,,,,,,,,
2.13967202,41.3919259,,,,,,,,,,,,,,,,
2.1480922,41.39517224,,,,,,,,,,,,,,,,
2.1480922,41.39517224,,,,,,,,,,,,,,,,
2.1480922,41.39517224,,,,,,,,,,,,,,,,
2.1480922,41.39517224,,,,,,,,,,,,,,,,
2.1480922,41.39517224,,,,,,,,,,,,,,,,
2.15401778,41.43122766,,,,,,,,,,,,,,,,
2.15401778,41.43122766,,,,,,,,,,,,,,,,
2.18389082,41.38116807,,,,,,,,,,,,,,,,
2.18389082,41.38116807,,,,,,,,,,,,,,,,
2.18389082,41.38116807,,,,,,,,,,,,,,,,
2.18389082,41.38116807,,,,,,,,,,,,,,,,
2.14232979,41.42478473,,,,,,,,,,,,,,,,
2.14232979,41.42478473,,,,,,,,,,,,,,,,
2.10475409,41.3822414,,,,,,,,,,,,,,,,
2.10475409,41.3822414,,,,,,,,,,,,,,,,
2.16510263,41.41258256,,,,,,,,,,,,,,,,
2.16510263,41.41258256,,,,,,,,,,,,,,,,
2.20513217,41.39640247,,,,,,,,,,,,,,,,
2.20513217,41.39640247,,,,,,,,,,,,,,,,
2.1620827,41.38119008,,,,,,,,,,,,,,,,
2.1620827,41.38119008,,,,,,,,,,,,,,,,
2.16159947,41.39481514,,,,,,,,,,,,,,,,
2.16159947,41.39481514,,,,,,,,,,,,,,,,
2.15854869,41.38761379,,,,,,,,,,,,,,,,
2.15854869,41.38761379,,,,,,,,,,,,,,,,
2.14018118,41.37122774,,,,,,,,,,,,,,,,
2.14018118,41.37122774,,,,,,,,,,,,,,,,
2.14018118,41.37122774,,,,,,,,,,,,,,,,
2.15356039,41.3926135,,,,,,,,,,,,,,,,
2.15356039,41.3926135,,,,,,,,,,,,,,,,
2.16501495,41.39446364,,,,,,,,,,,,,,,,
2.16501495,41.39446364,,,,,,,,,,,,,,,,
2.1648836,41.39216196,,,,,,,,,,,,,,,,
2.1648836,41.39216196,,,,,,,,,,,,,,,,
2.1648836,41.39216196,,,,,,,,,,,,,,,,
2.15387013,41.42740173,,,,,,,,,,,,,,,,
2.15387013,41.42740173,,,,,,,,,,,,,,,,
2.15266445,41.43817203,,,,,,,,,,,,,,,,
2.15266445,41.43817203,,,,,,,,,,,,,,,,
2.17442149,41.39403565,,,,,,,,,,,,,,,,
2.17442149,41.39403565,,,,,,,,,,,,,,,,
2.19594629,41.38802306,,,,,,,,,,,,,,,,
2.19594629,41.38802306,,,,,,,,,,,,,,,,
2.20650926,41.40845474,,,,,,,,,,,,,,,,
2.20650926,41.40845474,,,,,,,,,,,,,,,,
2.16557312,41.37479148,,,,,,,,,,,,,,,,
2.16557312,41.37479148,,,,,,,,,,,,,,,,
2.11206426,41.38444757,,,,,,,,,,,,,,,,
2.11206426,41.38444757,,,,,,,,,,,,,,,,
2.11206426,41.38444757,,,,,,,,,,,,,,,,
2.13103084,41.37397407,,,,,,,,,,,,,,,,
2.13103084,41.37397407,,,,,,,,,,,,,,,,
2.13578598,41.41512763,,,,,,,,,,,,,,,,
2.13578598,41.41512763,,,,,,,,,,,,,,,,
2.14702629,41.34925403,,,,,,,,,,,,,,,,
2.14702629,41.34925403,,,,,,,,,,,,,,,,
2.20495728,41.41674232,,,,,,,,,,,,,,,,
2.20495728,41.41674232,,,,,,,,,,,,,,,,
2.13749396,41.36679323,,,,,,,,,,,,,,,,
2.13749396,41.36679323,,,,,,,,,,,,,,,,
2.13749396,41.36679323,,,,,,,,,,,,,,,,
2.13749396,41.36679323,,,,,,,,,,,,,,,,
2.17683873,41.37530407,,,,,,,,,,,,,,,,
2.17683873,41.37530407,,,,,,,,,,,,,,,,
2.12696857,41.41110083,,,,,,,,,,,,,,,,
2.12696857,41.41110083,,,,,,,,,,,,,,,,
2.12696857,41.41110083,,,,,,,,,,,,,,,,
2.12696857,41.41110083,,,,,,,,,,,,,,,,
2.17772122,41.41374214,,,,,,,,,,,,,,,,
2.17772122,41.41374214,,,,,,,,,,,,,,,,
2.11458035,41.40141496,,,,,,,,,,,,,,,,
2.11458035,41.40141496,,,,,,,,,,,,,,,,
2.20227924,41.40803655,,,,,,,,,,,,,,,,
2.20227924,41.40803655,,,,,,,,,,,,,,,,
2.16861135,41.39525342,,,,,,,,,,,,,,,,
2.1291316,41.3869206,,,,,,,,,,,,,,,,
2.1291316,41.3869206,,,,,,,,,,,,,,,,
2.16596444,41.37226031,,,,,,,,,,,,,,,,
2.16596444,41.37226031,,,,,,,,,,,,,,,,
2.13063876,41.4050561,,,,,,,,,,,,,,,,
2.13063876,41.4050561,,,,,,,,,,,,,,,,
2.17542793,41.40007292,,,,,,,,,,,,,,,,
2.17542793,41.40007292,,,,,,,,,,,,,,,,
2.18914361,41.43766393,,,,,,,,,,,,,,,,
2.18914361,41.43766393,,,,,,,,,,,,,,,,
2.16610121,41.38934392,,,,,,,,,,,,,,,,
2.16610121,41.38934392,,,,,,,,,,,,,,,,
2.16610121,41.38934392,,,,,,,,,,,,,,,,
2.16394583,41.38355306,,,,,,,,,,,,,,,,
2.16394583,41.38355306,,,,,,,,,,,,,,,,
2.1197679,41.38605478,,,,,,,,,,,,,,,,
2.1197679,41.38605478,,,,,,,,,,,,,,,,
2.17163907,41.44347758,,,,,,,,,,,,,,,,
2.17163907,41.44347758,,,,,,,,,,,,,,,,
2.17911488,41.44614796,,,,,,,,,,,,,,,,
2.17911488,41.44614796,,,,,,,,,,,,,,,,
2.13045485,41.37684048,,,,,,,,,,,,,,,,
2.13045485,41.37684048,,,,,,,,,,,,,,,,
2.2073836,41.40325144,,,,,,,,,,,,,,,,
2.2073836,41.40325144,,,,,,,,,,,,,,,,
2.13789786,41.33059917,,,,,,,,,,,,,,,,
2.13789786,41.33059917,,,,,,,,,,,,,,,,
2.13789786,41.33059917,,,,,,,,,,,,,,,,
2.19637463,41.44975104,,,,,,,,,,,,,,,,
2.19637463,41.44975104,,,,,,,,,,,,,,,,
2.18061154,41.42076061,,,,,,,,,,,,,,,,
2.18061154,41.42076061,,,,,,,,,,,,,,,,
2.14978168,41.39833647,,,,,,,,,,,,,,,,
2.14978168,41.39833647,,,,,,,,,,,,,,,,
2.15029196,41.40650721,,,,,,,,,,,,,,,,
2.15029196,41.40650721,,,,,,,,,,,,,,,,
2.13725493,41.41422526,,,,,,,,,,,,,,,,
2.13725493,41.41422526,,,,,,,,,,,,,,,,
2.2043925,41.40368633,,,,,,,,,,,,,,,,
2.2043925,41.40368633,,,,,,,,,,,,,,,,
2.16865197,41.40183081,,,,,,,,,,,,,,,,
2.16865197,41.40183081,,,,,,,,,,,,,,,,
2.16865197,41.40183081,,,,,,,,,,,,,,,,
2.17324153,41.40866503,,,,,,,,,,,,,,,,
2.17324153,41.40866503,,,,,,,,,,,,,,,,
2.2094908,41.43630252,,,,,,,,,,,,,,,,
2.13980227,41.41949998,,,,,,,,,,,,,,,,
2.13980227,41.41949998,,,,,,,,,,,,,,,,
2.20261596,41.41708101,,,,,,,,,,,,,,,,
2.20261596,41.41708101,,,,,,,,,,,,,,,,
2.14232979,41.42478473,,,,,,,,,,,,,,,,
2.14232979,41.42478473,,,,,,,,,,,,,,,,
2.17331471,41.43462791,,,,,,,,,,,,,,,,
2.17331471,41.43462791,,,,,,,,,,,,,,,,
2.16498092,41.44117623,,,,,,,,,,,,,,,,
2.16498092,41.44117623,,,,,,,,,,,,,,,,
2.13260342,41.4144626,,,,,,,,,,,,,,,,
2.19424816,41.4146614,,,,,,,,,,,,,,,,
2.13710878,41.37166818,,,,,,,,,,,,,,,,
2.13710878,41.37166818,,,,,,,,,,,,,,,,
2.13818137,41.41194628,,,,,,,,,,,,,,,,
2.13818137,41.41194628,,,,,,,,,,,,,,,,
2.13375262,41.36741813,,,,,,,,,,,,,,,,
2.13375262,41.36741813,,,,,,,,,,,,,,,,
2.16801139,41.43060023,,,,,,,,,,,,,,,,
2.16801139,41.43060023,,,,,,,,,,,,,,,,
2.15229875,41.35129663,,,,,,,,,,,,,,,,
2.15229875,41.35129663,,,,,,,,,,,,,,,,
2.14003052,41.36852084,,,,,,,,,,,,,,,,
2.17885443,41.40774083,,,,,,,,,,,,,,,,
2.1626368,41.3848561,,,,,,,,,,,,,,,,
2.1626368,41.3848561,,,,,,,,,,,,,,,,
2.15977188,41.38852918,,,,,,,,,,,,,,,,
2.15977188,41.38852918,,,,,,,,,,,,,,,,
2.1653522,41.38724102,,,,,,,,,,,,,,,,
2.1653522,41.38724102,,,,,,,,,,,,,,,,
2.1653522,41.38724102,,,,,,,,,,,,,,,,
2.1697593,41.397544,,,,,,,,,,,,,,,,
2.1697593,41.397544,,,,,,,,,,,,,,,,
2.16415049,41.40350303,,,,,,,,,,,,,,,,
2.16415049,41.40350303,,,,,,,,,,,,,,,,
2.17544171,41.39668038,,,,,,,,,,,,,,,,
2.17544171,41.39668038,,,,,,,,,,,,,,,,
2.15016127,41.39944881,,,,,,,,,,,,,,,,
2.15016127,41.39944881,,,,,,,,,,,,,,,,
2.16526633,41.44090228,,,,,,,,,,,,,,,,
2.16526633,41.44090228,,,,,,,,,,,,,,,,
2.19813882,41.42408642,,,,,,,,,,,,,,,,
2.19813882,41.42408642,,,,,,,,,,,,,,,,
2.19073078,41.42712327,,,,,,,,,,,,,,,,
2.19073078,41.42712327,,,,,,,,,,,,,,,,
2.16828728,41.37516066,,,,,,,,,,,,,,,,
2.16828728,41.37516066,,,,,,,,,,,,,,,,
2.16828728,41.37516066,,,,,,,,,,,,,,,,
2.14415823,41.40542954,,,,,,,,,,,,,,,,
2.14415823,41.40542954,,,,,,,,,,,,,,,,
2.14415823,41.40542954,,,,,,,,,,,,,,,,
2.15782445,41.35299809,,,,,,,,,,,,,,,,
2.15782445,41.35299809,,,,,,,,,,,,,,,,
2.15782445,41.35299809,,,,,,,,,,,,,,,,
2.13085949,41.38417294,,,,,,,,,,,,,,,,
2.13085949,41.38417294,,,,,,,,,,,,,,,,
2.12686816,41.40294192,,,,,,,,,,,,,,,,
2.12686816,41.40294192,,,,,,,,,,,,,,,,
2.12686816,41.40294192,,,,,,,,,,,,,,,,
2.14081087,41.37953304,,,,,,,,,,,,,,,,
2.18332016,41.40118912,,,,,,,,,,,,,,,,
2.18332016,41.40118912,,,,,,,,,,,,,,,,
2.16641697,41.43901419,,,,,,,,,,,,,,,,
2.16641697,41.43901419,,,,,,,,,,,,,,,,
2.17617043,41.40734029,,,,,,,,,,,,,,,,
2.18516937,41.41658431,,,,,,,,,,,,,,,,
2.18516937,41.41658431,,,,,,,,,,,,,,,,
2.1751163,41.4382068,,,,,,,,,,,,,,,,
2.1751163,41.4382068,,,,,,,,,,,,,,,,
2.1751163,41.4382068,,,,,,,,,,,,,,,,
2.17894519,41.40273545,,,,,,,,,,,,,,,,
2.17894519,41.40273545,,,,,,,,,,,,,,,,
2.17089704,41.39839227,,,,,,,,,,,,,,,,
2.17089704,41.39839227,,,,,,,,,,,,,,,,
2.16230389,41.39190679,,,,,,,,,,,,,,,,
2.16230389,41.39190679,,,,,,,,,,,,,,,,
2.16230389,41.39190679,,,,,,,,,,,,,,,,
2.18370218,41.43000082,,,,,,,,,,,,,,,,
2.18370218,41.43000082,,,,,,,,,,,,,,,,
2.1727767,41.40367352,,,,,,,,,,,,,,,,
2.1727767,41.40367352,,,,,,,,,,,,,,,,
2.1727767,41.40367352,,,,,,,,,,,,,,,,
2.13940467,41.41946957,,,,,,,,,,,,,,,,
2.13940467,41.41946957,,,,,,,,,,,,,,,,
2.12447169,41.40161868,,,,,,,,,,,,,,,,
2.12447169,41.40161868,,,,,,,,,,,,,,,,
2.15952256,41.43975083,,,,,,,,,,,,,,,,
2.15952256,41.43975083,,,,,,,,,,,,,,,,
2.15952256,41.43975083,,,,,,,,,,,,,,,,
2.12713167,41.38555375,,,,,,,,,,,,,,,,
2.12713167,41.38555375,,,,,,,,,,,,,,,,
2.15511678,41.37622767,,,,,,,,,,,,,,,,
2.15511678,41.37622767,,,,,,,,,,,,,,,,
2.16265054,41.39439893,,,,,,,,,,,,,,,,
2.16265054,41.39439893,,,,,,,,,,,,,,,,
2.16265054,41.39439893,,,,,,,,,,,,,,,,
2.14301463,41.39195407,,,,,,,,,,,,,,,,
2.14301463,41.39195407,,,,,,,,,,,,,,,,
2.14301463,41.39195407,,,,,,,,,,,,,,,,
2.14301463,41.39195407,,,,,,,,,,,,,,,,
2.16832116,41.38771346,,,,,,,,,,,,,,,,
2.16832116,41.38771346,,,,,,,,,,,,,,,,
2.14151383,41.38477626,,,,,,,,,,,,,,,,
2.14151383,41.38477626,,,,,,,,,,,,,,,,
2.15369934,41.43522911,,,,,,,,,,,,,,,,
2.15369934,41.43522911,,,,,,,,,,,,,,,,
2.14616659,41.37285442,,,,,,,,,,,,,,,,
2.13142592,41.41412426,,,,,,,,,,,,,,,,
2.13142592,41.41412426,,,,,,,,,,,,,,,,
2.17339555,41.42667826,,,,,,,,,,,,,,,,
2.17339555,41.42667826,,,,,,,,,,,,,,,,
2.18235133,41.38903461,,,,,,,,,,,,,,,,
2.150992,41.39843729,,,,,,,,,,,,,,,,
2.18072527,41.4319125,,,,,,,,,,,,,,,,
2.18072527,41.4319125,,,,,,,,,,,,,,,,
2.190713,41.45015857,,,,,,,,,,,,,,,,
2.16640152,41.44185273,,,,,,,,,,,,,,,,
2.16640152,41.44185273,,,,,,,,,,,,,,,,
2.15959712,41.38818746,,,,,,,,,,,,,,,,
2.15959712,41.38818746,,,,,,,,,,,,,,,,
2.15959712,41.38818746,,,,,,,,,,,,,,,,
2.1528033,41.38307252,,,,,,,,,,,,,,,,
2.1528033,41.38307252,,,,,,,,,,,,,,,,
2.1528033,41.38307252,,,,,,,,,,,,,,,,
2.12703338,41.39493767,,,,,,,,,,,,,,,,
2.12703338,41.39493767,,,,,,,,,,,,,,,,
2.14616087,41.41095136,,,,,,,,,,,,,,,,
2.14616087,41.41095136,,,,,,,,,,,,,,,,
2.17630792,41.37476239,,,,,,,,,,,,,,,,
2.17630792,41.37476239,,,,,,,,,,,,,,,,
2.17630792,41.37476239,,,,,,,,,,,,,,,,
2.17441831,41.40614161,,,,,,,,,,,,,,,,
2.17441831,41.40614161,,,,,,,,,,,,,,,,
2.19126829,41.4170749,,,,,,,,,,,,,,,,
2.19126829,41.4170749,,,,,,,,,,,,,,,,
2.17262575,41.41924277,,,,,,,,,,,,,,,,
2.17262575,41.41924277,,,,,,,,,,,,,,,,
2.16310473,41.38554485,,,,,,,,,,,,,,,,
2.16310473,41.38554485,,,,,,,,,,,,,,,,
2.13378158,41.39631328,,,,,,,,,,,,,,,,
2.13526085,41.37550993,,,,,,,,,,,,,,,,
2.16952415,41.38187317,,,,,,,,,,,,,,,,
2.20262912,41.42393293,,,,,,,,,,,,,,,,
2.13425204,41.3906551,,,,,,,,,,,,,,,,
2.21077949,41.41433357,,,,,,,,,,,,,,,,
2.21077949,41.41433357,,,,,,,,,,,,,,,,
2.14781018,41.40610019,,,,,,,,,,,,,,,,
2.14781018,41.40610019,,,,,,,,,,,,,,,,
2.14781018,41.40610019,,,,,,,,,,,,,,,,
2.11065816,41.38728592,,,,,,,,,,,,,,,,
2.11065816,41.38728592,,,,,,,,,,,,,,,,
2.13181633,41.32367253,,,,,,,,,,,,,,,,
2.13181633,41.32367253,,,,,,,,,,,,,,,,
2.18780805,41.37956743,,,,,,,,,,,,,,,,
2.18780805,41.37956743,,,,,,,,,,,,,,,,
2.13149512,41.36821114,,,,,,,,,,,,,,,,
2.19158512,41.42529382,,,,,,,,,,,,,,,,
2.13642332,41.36988738,,,,,,,,,,,,,,,,
2.16492408,41.37091799,,,,,,,,,,,,,,,,
2.16492408,41.37091799,,,,,,,,,,,,,,,,
2.20461063,41.39382397,,,,,,,,,,,,,,,,
2.20461063,41.39382397,,,,,,,,,,,,,,,,
2.20461063,41.39382397,,,,,,,,,,,,,,,,
2.20461063,41.39382397,,,,,,,,,,,,,,,,
2.15303478,41.4363342,,,,,,,,,,,,,,,,
2.15303478,41.4363342,,,,,,,,,,,,,,,,
2.15303478,41.4363342,,,,,,,,,,,,,,,,
2.17551362,41.42354795,,,,,,,,,,,,,,,,
2.17551362,41.42354795,,,,,,,,,,,,,,,,
2.17346815,41.40046783,,,,,,,,,,,,,,,,
2.17171775,41.38301261,,,,,,,,,,,,,,,,
2.14957455,41.38078968,,,,,,,,,,,,,,,,
2.14957455,41.38078968,,,,,,,,,,,,,,,,
2.16141961,41.35658293,,,,,,,,,,,,,,,,
2.16141961,41.35658293,,,,,,,,,,,,,,,,
2.16141961,41.35658293,,,,,,,,,,,,,,,,
2.16141961,41.35658293,,,,,,,,,,,,,,,,
2.10942084,41.38453709,,,,,,,,,,,,,,,,
2.1982787,41.42324061,,,,,,,,,,,,,,,,
2.14179956,41.35632129,,,,,,,,,,,,,,,,
2.14179956,41.35632129,,,,,,,,,,,,,,,,
2.14313334,41.38975824,,,,,,,,,,,,,,,,
2.14482952,41.37880469,,,,,,,,,,,,,,,,
2.14482952,41.37880469,,,,,,,,,,,,,,,,
2.15224608,41.39132102,,,,,,,,,,,,,,,,
2.15224608,41.39132102,,,,,,,,,,,,,,,,
2.15224608,41.39132102,,,,,,,,,,,,,,,,
2.146646,41.38369019,,,,,,,,,,,,,,,,
2.146646,41.38369019,,,,,,,,,,,,,,,,
2.21552714,41.40394236,,,,,,,,,,,,,,,,
2.21552714,41.40394236,,,,,,,,,,,,,,,,
2.16151671,41.38993221,,,,,,,,,,,,,,,,
2.16151671,41.38993221,,,,,,,,,,,,,,,,
2.16151671,41.38993221,,,,,,,,,,,,,,,,
2.16147798,41.38940863,,,,,,,,,,,,,,,,
2.16147798,41.38940863,,,,,,,,,,,,,,,,
2.16147798,41.38940863,,,,,,,,,,,,,,,,
2.16863162,41.40692942,,,,,,,,,,,,,,,,
2.16863162,41.40692942,,,,,,,,,,,,,,,,
2.16863162,41.40692942,,,,,,,,,,,,,,,,
2.16863162,41.40692942,,,,,,,,,,,,,,,,
2.16863162,41.40692942,,,,,,,,,,,,,,,,
2.10198387,41.38193455,,,,,,,,,,,,,,,,
2.17664486,41.44002317,,,,,,,,,,,,,,,,
2.17664486,41.44002317,,,,,,,,,,,,,,,,
2.17664486,41.44002317,,,,,,,,,,,,,,,,
2.12714572,41.41091895,,,,,,,,,,,,,,,,
2.12714572,41.41091895,,,,,,,,,,,,,,,,
2.13939999,41.41865382,,,,,,,,,,,,,,,,
2.13939999,41.41865382,,,,,,,,,,,,,,,,
2.16524862,41.39585455,,,,,,,,,,,,,,,,
2.16524862,41.39585455,,,,,,,,,,,,,,,,
2.14951889,41.37534017,,,,,,,,,,,,,,,,
2.14951889,41.37534017,,,,,,,,,,,,,,,,
2.18868146,41.40376266,,,,,,,,,,,,,,,,
2.18868146,41.40376266,,,,,,,,,,,,,,,,
2.18868146,41.40376266,,,,,,,,,,,,,,,,
2.19585415,41.43550886,,,,,,,,,,,,,,,,
2.19585415,41.43550886,,,,,,,,,,,,,,,,
2.17187365,41.43848106,,,,,,,,,,,,,,,,
2.17187365,41.43848106,,,,,,,,,,,,,,,,
2.19070515,41.43039568,,,,,,,,,,,,,,,,
2.19070515,41.43039568,,,,,,,,,,,,,,,,
2.12452067,41.33767192,,,,,,,,,,,,,,,,
2.12452067,41.33767192,,,,,,,,,,,,,,,,
2.12452067,41.33767192,,,,,,,,,,,,,,,,
2.12452067,41.33767192,,,,,,,,,,,,,,,,
2.12418898,41.39958716,,,,,,,,,,,,,,,,
2.12418898,41.39958716,,,,,,,,,,,,,,,,
2.17782513,41.40357189,,,,,,,,,,,,,,,,
2.17782513,41.40357189,,,,,,,,,,,,,,,,
2.12736292,41.41132052,,,,,,,,,,,,,,,,
2.12736292,41.41132052,,,,,,,,,,,,,,,,
2.12736292,41.41132052,,,,,,,,,,,,,,,,
2.16069248,41.39705914,,,,,,,,,,,,,,,,
2.16069248,41.39705914,,,,,,,,,,,,,,,,
2.19601943,41.42229958,,,,,,,,,,,,,,,,
2.17089704,41.39839227,,,,,,,,,,,,,,,,
2.17089704,41.39839227,,,,,,,,,,,,,,,,
2.17089704,41.39839227,,,,,,,,,,,,,,,,
2.13519046,41.38687634,,,,,,,,,,,,,,,,
2.13519046,41.38687634,,,,,,,,,,,,,,,,
2.14344009,41.4280144,,,,,,,,,,,,,,,,
2.14344009,41.4280144,,,,,,,,,,,,,,,,
2.16498092,41.44117623,,,,,,,,,,,,,,,,
2.16498092,41.44117623,,,,,,,,,,,,,,,,
2.16498092,41.44117623,,,,,,,,,,,,,,,,
2.16938195,41.38661188,,,,,,,,,,,,,,,,
2.2057923,41.40603848,,,,,,,,,,,,,,,,
2.2057923,41.40603848,,,,,,,,,,,,,,,,
2.13549042,41.38683017,,,,,,,,,,,,,,,,
2.13549042,41.38683017,,,,,,,,,,,,,,,,
2.15378054,41.42302553,,,,,,,,,,,,,,,,
2.15378054,41.42302553,,,,,,,,,,,,,,,,
2.15378054,41.42302553,,,,,,,,,,,,,,,,
2.16093305,41.37497541,,,,,,,,,,,,,,,,
2.16093305,41.37497541,,,,,,,,,,,,,,,,
2.14364477,41.39050273,,,,,,,,,,,,,,,,
2.14364477,41.39050273,,,,,,,,,,,,,,,,
2.18864972,41.42305701,,,,,,,,,,,,,,,,
2.18864972,41.42305701,,,,,,,,,,,,,,,,
2.15755655,41.37947478,,,,,,,,,,,,,,,,
2.15755655,41.37947478,,,,,,,,,,,,,,,,
2.16533134,41.4061811,,,,,,,,,,,,,,,,
2.16533134,41.4061811,,,,,,,,,,,,,,,,
2.15471064,41.39531451,,,,,,,,,,,,,,,,
2.15471064,41.39531451,,,,,,,,,,,,,,,,
2.18007765,41.39828275,,,,,,,,,,,,,,,,
2.18007765,41.39828275,,,,,,,,,,,,,,,,
2.17331471,41.43462791,,,,,,,,,,,,,,,,
2.17331471,41.43462791,,,,,,,,,,,,,,,,
2.17331471,41.43462791,,,,,,,,,,,,,,,,
2.1896053,41.44695171,,,,,,,,,,,,,,,,
2.1896053,41.44695171,,,,,,,,,,,,,,,,
2.15394705,41.38562071,,,,,,,,,,,,,,,,
2.15394705,41.38562071,,,,,,,,,,,,,,,,
2.17577437,41.42683757,,,,,,,,,,,,,,,,
2.17577437,41.42683757,,,,,,,,,,,,,,,,
2.1382948,41.41132095,,,,,,,,,,,,,,,,
2.1382948,41.41132095,,,,,,,,,,,,,,,,
2.16230389,41.39190679,,,,,,,,,,,,,,,,
2.16230389,41.39190679,,,,,,,,,,,,,,,,
2.16230389,41.39190679,,,,,,,,,,,,,,,,
2.16230389,41.39190679,,,,,,,,,,,,,,,,
2.13627219,41.41599098,,,,,,,,,,,,,,,,
2.13627219,41.41599098,,,,,,,,,,,,,,,,
2.17545887,41.40865437,,,,,,,,,,,,,,,,
2.17545887,41.40865437,,,,,,,,,,,,,,,,
2.17421997,41.43044755,,,,,,,,,,,,,,,,
2.17514221,41.38403472,,,,,,,,,,,,,,,,
2.17514221,41.38403472,,,,,,,,,,,,,,,,
2.12853813,41.37213718,,,,,,,,,,,,,,,,
2.12853813,41.37213718,,,,,,,,,,,,,,,,
2.11831394,41.40492697,,,,,,,,,,,,,,,,
2.11831394,41.40492697,,,,,,,,,,,,,,,,
2.11831394,41.40492697,,,,,,,,,,,,,,,,
2.18282344,41.4063269,,,,,,,,,,,,,,,,
2.18282344,41.4063269,,,,,,,,,,,,,,,,
2.18282344,41.4063269,,,,,,,,,,,,,,,,
2.15879398,41.43964784,,,,,,,,,,,,,,,,
2.13759913,41.41574732,,,,,,,,,,,,,,,,
2.13759913,41.41574732,,,,,,,,,,,,,,,,
2.19015413,41.41624207,,,,,,,,,,,,,,,,
2.19015413,41.41624207,,,,,,,,,,,,,,,,
2.13655656,41.3873971,,,,,,,,,,,,,,,,
2.13655656,41.3873971,,,,,,,,,,,,,,,,
2.13655656,41.3873971,,,,,,,,,,,,,,,,
2.22172612,41.41051104,,,,,,,,,,,,,,,,
2.22172612,41.41051104,,,,,,,,,,,,,,,,
2.13786099,41.33207076,,,,,,,,,,,,,,,,
2.13786099,41.33207076,,,,,,,,,,,,,,,,
2.20418007,41.43709634,,,,,,,,,,,,,,,,
2.20418007,41.43709634,,,,,,,,,,,,,,,,
2.20418007,41.43709634,,,,,,,,,,,,,,,,
2.15949461,41.39652147,,,,,,,,,,,,,,,,
2.15949461,41.39652147,,,,,,,,,,,,,,,,
2.13577638,41.39102075,,,,,,,,,,,,,,,,
2.13577638,41.39102075,,,,,,,,,,,,,,,,
2.14616659,41.37285442,,,,,,,,,,,,,,,,
2.14616659,41.37285442,,,,,,,,,,,,,,,,
2.18583385,41.44334966,,,,,,,,,,,,,,,,
2.18583385,41.44334966,,,,,,,,,,,,,,,,
2.17655176,41.39447582,,,,,,,,,,,,,,,,
2.17655176,41.39447582,,,,,,,,,,,,,,,,
2.1766576,41.40129487,,,,,,,,,,,,,,,,
2.14174186,41.39090978,,,,,,,,,,,,,,,,
2.14174186,41.39090978,,,,,,,,,,,,,,,,
2.13831292,41.39075832,,,,,,,,,,,,,,,,
2.13831292,41.39075832,,,,,,,,,,,,,,,,
2.17662974,41.41290859,,,,,,,,,,,,,,,,
2.17662974,41.41290859,,,,,,,,,,,,,,,,
2.11702412,41.38534831,,,,,,,,,,,,,,,,
2.11702412,41.38534831,,,,,,,,,,,,,,,,
2.16426132,41.43627645,,,,,,,,,,,,,,,,
2.16426132,41.43627645,,,,,,,,,,,,,,,,
2.13928561,41.35940602,,,,,,,,,,,,,,,,
2.13928561,41.35940602,,,,,,,,,,,,,,,,
2.13928561,41.35940602,,,,,,,,,,,,,,,,
2.185657,41.40606219,,,,,,,,,,,,,,,,
2.185657,41.40606219,,,,,,,,,,,,,,,,
2.1382948,41.41132095,,,,,,,,,,,,,,,,
2.1382948,41.41132095,,,,,,,,,,,,,,,,
2.1287935,41.38928676,,,,,,,,,,,,,,,,
2.1287935,41.38928676,,,,,,,,,,,,,,,,
2.15949461,41.39652147,,,,,,,,,,,,,,,,
2.15949461,41.39652147,,,,,,,,,,,,,,,,
2.18453584,41.38406987,,,,,,,,,,,,,,,,
2.18453584,41.38406987,,,,,,,,,,,,,,,,
2.13536342,41.39777526,,,,,,,,,,,,,,,,
2.13536342,41.39777526,,,,,,,,,,,,,,,,
2.18323637,41.40750115,,,,,,,,,,,,,,,,
2.18323637,41.40750115,,,,,,,,,,,,,,,,
2.15643135,41.37498794,,,,,,,,,,,,,,,,
2.15643135,41.37498794,,,,,,,,,,,,,,,,
2.16415821,41.39142078,,,,,,,,,,,,,,,,
2.16415821,41.39142078,,,,,,,,,,,,,,,,
2.1287035,41.40509041,,,,,,,,,,,,,,,,
2.1287035,41.40509041,,,,,,,,,,,,,,,,
2.13491918,41.38979881,,,,,,,,,,,,,,,,
2.13491918,41.38979881,,,,,,,,,,,,,,,,
2.21972418,41.41203154,,,,,,,,,,,,,,,,
2.21972418,41.41203154,,,,,,,,,,,,,,,,
2.13579542,41.37529548,,,,,,,,,,,,,,,,
2.13579542,41.37529548,,,,,,,,,,,,,,,,
2.13579542,41.37529548,,,,,,,,,,,,,,,,
2.20470704,41.42179338,,,,,,,,,,,,,,,,
2.20470704,41.42179338,,,,,,,,,,,,,,,,
2.12908328,41.3793603,,,,,,,,,,,,,,,,
2.12908328,41.3793603,,,,,,,,,,,,,,,,
2.15738892,41.37921277,,,,,,,,,,,,,,,,
2.15738892,41.37921277,,,,,,,,,,,,,,,,
2.18685526,41.40852049,,,,,,,,,,,,,,,,
2.18685526,41.40852049,,,,,,,,,,,,,,,,
2.15266445,41.43817203,,,,,,,,,,,,,,,,
2.15266445,41.43817203,,,,,,,,,,,,,,,,
2.16553746,41.41166959,,,,,,,,,,,,,,,,
2.16553746,41.41166959,,,,,,,,,,,,,,,,
2.15549551,41.41061935,,,,,,,,,,,,,,,,
2.15549551,41.41061935,,,,,,,,,,,,,,,,
2.14029188,41.39341673,,,,,,,,,,,,,,,,
2.14029188,41.39341673,,,,,,,,,,,,,,,,
2.1480922,41.39517224,,,,,,,,,,,,,,,,
2.1480922,41.39517224,,,,,,,,,,,,,,,,
2.1480922,41.39517224,,,,,,,,,,,,,,,,
2.1480922,41.39517224,,,,,,,,,,,,,,,,
2.12608751,41.40374254,,,,,,,,,,,,,,,,
2.12608751,41.40374254,,,,,,,,,,,,,,,,
2.12608751,41.40374254,,,,,,,,,,,,,,,,
2.19473712,41.38602553,,,,,,,,,,,,,,,,
2.15381804,41.39601057,,,,,,,,,,,,,,,,
2.15381804,41.39601057,,,,,,,,,,,,,,,,
2.15381804,41.39601057,,,,,,,,,,,,,,,,
2.11164331,41.38500308,,,,,,,,,,,,,,,,
2.11164331,41.38500308,,,,,,,,,,,,,,,,
2.13285237,41.39777667,,,,,,,,,,,,,,,,
2.13285237,41.39777667,,,,,,,,,,,,,,,,
2.1690622,41.41188543,,,,,,,,,,,,,,,,
2.1690622,41.41188543,,,,,,,,,,,,,,,,
2.15860461,41.396552,,,,,,,,,,,,,,,,
2.15860461,41.396552,,,,,,,,,,,,,,,,
2.15860461,41.396552,,,,,,,,,,,,,,,,
2.15860461,41.396552,,,,,,,,,,,,,,,,
2.14791433,41.39359874,,,,,,,,,,,,,,,,
2.14791433,41.39359874,,,,,,,,,,,,,,,,
2.15953361,41.40600323,,,,,,,,,,,,,,,,
2.1396709,41.41888479,,,,,,,,,,,,,,,,
2.1396709,41.41888479,,,,,,,,,,,,,,,,
2.14378412,41.40567321,,,,,,,,,,,,,,,,
2.14378412,41.40567321,,,,,,,,,,,,,,,,
2.14072038,41.40441788,,,,,,,,,,,,,,,,
2.14072038,41.40441788,,,,,,,,,,,,,,,,
2.16524862,41.39585455,,,,,,,,,,,,,,,,
2.16524862,41.39585455,,,,,,,,,,,,,,,,
2.15160291,41.42648586,,,,,,,,,,,,,,,,
2.15160291,41.42648586,,,,,,,,,,,,,,,,
2.15160291,41.42648586,,,,,,,,,,,,,,,,
2.16978833,41.40097352,,,,,,,,,,,,,,,,
2.16978833,41.40097352,,,,,,,,,,,,,,,,
2.16978833,41.40097352,,,,,,,,,,,,,,,,
2.17665545,41.37442665,,,,,,,,,,,,,,,,
2.17665545,41.37442665,,,,,,,,,,,,,,,,
2.16802879,41.39190247,,,,,,,,,,,,,,,,
2.16802879,41.39190247,,,,,,,,,,,,,,,,
2.16802879,41.39190247,,,,,,,,,,,,,,,,
2.169936,41.39912181,,,,,,,,,,,,,,,,
2.169936,41.39912181,,,,,,,,,,,,,,,,
2.169936,41.39912181,,,,,,,,,,,,,,,,
2.15789189,41.35197995,,,,,,,,,,,,,,,,
2.15789189,41.35197995,,,,,,,,,,,,,,,,
2.16989582,41.39063954,,,,,,,,,,,,,,,,
2.16989582,41.39063954,,,,,,,,,,,,,,,,
2.15783588,41.39353651,,,,,,,,,,,,,,,,
2.15783588,41.39353651,,,,,,,,,,,,,,,,
2.1322727,41.36978372,,,,,,,,,,,,,,,,
2.1322727,41.36978372,,,,,,,,,,,,,,,,
2.09372585,41.42336384,,,,,,,,,,,,,,,,
2.09372585,41.42336384,,,,,,,,,,,,,,,,
2.18313066,41.44657714,,,,,,,,,,,,,,,,
2.18313066,41.44657714,,,,,,,,,,,,,,,,
2.12905706,41.39826434,,,,,,,,,,,,,,,,
2.12905706,41.39826434,,,,,,,,,,,,,,,,
2.11812382,41.38060266,,,,,,,,,,,,,,,,
2.11812382,41.38060266,,,,,,,,,,,,,,,,
2.15997937,41.39359813,,,,,,,,,,,,,,,,
2.1265506,41.38767365,,,,,,,,,,,,,,,,
2.1265506,41.38767365,,,,,,,,,,,,,,,,
2.1265506,41.38767365,,,,,,,,,,,,,,,,
2.1265506,41.38767365,,,,,,,,,,,,,,,,
2.1265506,41.38767365,,,,,,,,,,,,,,,,
2.15235771,41.37816914,,,,,,,,,,,,,,,,
2.15235771,41.37816914,,,,,,,,,,,,,,,,
2.17339021,41.37681957,,,,,,,,,,,,,,,,
2.17339021,41.37681957,,,,,,,,,,,,,,,,
2.14564489,41.40024946,,,,,,,,,,,,,,,,
2.14564489,41.40024946,,,,,,,,,,,,,,,,
2.14564489,41.40024946,,,,,,,,,,,,,,,,
2.1349876,41.37811465,,,,,,,,,,,,,,,,
2.1349876,41.37811465,,,,,,,,,,,,,,,,
2.1349876,41.37811465,,,,,,,,,,,,,,,,
2.13142592,41.41412426,,,,,,,,,,,,,,,,
2.13142592,41.41412426,,,,,,,,,,,,,,,,
2.13142592,41.41412426,,,,,,,,,,,,,,,,
2.13142592,41.41412426,,,,,,,,,,,,,,,,
2.13142592,41.41412426,,,,,,,,,,,,,,,,
2.13142592,41.41412426,,,,,,,,,,,,,,,,
2.13142592,41.41412426,,,,,,,,,,,,,,,,
2.15258749,41.37478492,,,,,,,,,,,,,,,,
2.15258749,41.37478492,,,,,,,,,,,,,,,,
2.15258749,41.37478492,,,,,,,,,,,,,,,,
2.14961202,41.39377784,,,,,,,,,,,,,,,,
2.14961202,41.39377784,,,,,,,,,,,,,,,,
2.18334813,41.41793934,,,,,,,,,,,,,,,,
2.18334813,41.41793934,,,,,,,,,,,,,,,,
2.16068805,41.40780588,,,,,,,,,,,,,,,,
2.16068805,41.40780588,,,,,,,,,,,,,,,,
2.16068805,41.40780588,,,,,,,,,,,,,,,,
2.22127307,41.41355924,,,,,,,,,,,,,,,,
2.22127307,41.41355924,,,,,,,,,,,,,,,,
2.22127307,41.41355924,,,,,,,,,,,,,,,,
2.13546531,41.36415109,,,,,,,,,,,,,,,,
2.13546531,41.36415109,,,,,,,,,,,,,,,,
2.17613428,41.42463542,,,,,,,,,,,,,,,,
2.17613428,41.42463542,,,,,,,,,,,,,,,,
2.17316935,41.40009194,,,,,,,,,,,,,,,,
2.17316935,41.40009194,,,,,,,,,,,,,,,,
2.14589193,41.43229692,,,,,,,,,,,,,,,,
2.14589193,41.43229692,,,,,,,,,,,,,,,,
2.18007765,41.39828275,,,,,,,,,,,,,,,,
2.18007765,41.39828275,,,,,,,,,,,,,,,,
2.18007765,41.39828275,,,,,,,,,,,,,,,,
2.16205775,41.37777462,,,,,,,,,,,,,,,,
2.16205775,41.37777462,,,,,,,,,,,,,,,,
2.16361772,41.40713301,,,,,,,,,,,,,,,,
2.16361772,41.40713301,,,,,,,,,,,,,,,,
2.16799575,41.37524197,,,,,,,,,,,,,,,,
2.16799575,41.37524197,,,,,,,,,,,,,,,,
2.14367135,41.42809545,,,,,,,,,,,,,,,,
2.14367135,41.42809545,,,,,,,,,,,,,,,,
2.14367135,41.42809545,,,,,,,,,,,,,,,,
2.14367135,41.42809545,,,,,,,,,,,,,,,,
2.18072247,41.43176245,,,,,,,,,,,,,,,,
2.18072247,41.43176245,,,,,,,,,,,,,,,,
2.18072247,41.43176245,,,,,,,,,,,,,,,,
2.18971133,41.43600759,,,,,,,,,,,,,,,,
2.18971133,41.43600759,,,,,,,,,,,,,,,,
2.16409582,41.3967128,,,,,,,,,,,,,,,,
2.16409582,41.3967128,,,,,,,,,,,,,,,,
2.16409582,41.3967128,,,,,,,,,,,,,,,,
2.15869493,41.37498191,,,,,,,,,,,,,,,,
2.14473954,41.39222186,,,,,,,,,,,,,,,,
2.14473954,41.39222186,,,,,,,,,,,,,,,,
2.19751052,41.41263253,,,,,,,,,,,,,,,,
2.19751052,41.41263253,,,,,,,,,,,,,,,,
2.15177918,41.3770412,,,,,,,,,,,,,,,,
2.15177918,41.3770412,,,,,,,,,,,,,,,,
2.18719011,41.4108973,,,,,,,,,,,,,,,,
2.18719011,41.4108973,,,,,,,,,,,,,,,,
2.18719011,41.4108973,,,,,,,,,,,,,,,,
2.18719011,41.4108973,,,,,,,,,,,,,,,,
2.20004153,41.43997808,,,,,,,,,,,,,,,,
2.20004153,41.43997808,,,,,,,,,,,,,,,,
2.13106069,41.40349554,,,,,,,,,,,,,,,,
2.13106069,41.40349554,,,,,,,,,,,,,,,,
2.14827788,41.35184956,,,,,,,,,,,,,,,,
2.14364477,41.39050273,,,,,,,,,,,,,,,,
2.14364477,41.39050273,,,,,,,,,,,,,,,,
2.21189515,41.41179628,,,,,,,,,,,,,,,,
2.21189515,41.41179628,,,,,,,,,,,,,,,,
2.18794833,41.3939544,,,,,,,,,,,,,,,,
2.18794833,41.3939544,,,,,,,,,,,,,,,,
2.14480182,41.34888836,,,,,,,,,,,,,,,,
2.14480182,41.34888836,,,,,,,,,,,,,,,,
2.14453162,41.39881185,,,,,,,,,,,,,,,,
2.14453162,41.39881185,,,,,,,,,,,,,,,,
2.1451091,41.36827165,,,,,,,,,,,,,,,,
2.1451091,41.36827165,,,,,,,,,,,,,,,,
2.1451091,41.36827165,,,,,,,,,,,,,,,,
2.17550051,41.40695821,,,,,,,,,,,,,,,,
2.17550051,41.40695821,,,,,,,,,,,,,,,,
2.19835755,41.41283642,,,,,,,,,,,,,,,,
2.17008556,41.38549231,,,,,,,,,,,,,,,,
2.17008556,41.38549231,,,,,,,,,,,,,,,,
2.17008556,41.38549231,,,,,,,,,,,,,,,,
2.19127893,41.41197011,,,,,,,,,,,,,,,,
2.19127893,41.41197011,,,,,,,,,,,,,,,,
2.18400322,41.40089673,,,,,,,,,,,,,,,,
2.18400322,41.40089673,,,,,,,,,,,,,,,,
2.18468713,41.39643448,,,,,,,,,,,,,,,,
2.18468713,41.39643448,,,,,,,,,,,,,,,,
2.18440225,41.43661088,,,,,,,,,,,,,,,,
2.18440225,41.43661088,,,,,,,,,,,,,,,,
2.11825823,41.3927021,,,,,,,,,,,,,,,,
2.11825823,41.3927021,,,,,,,,,,,,,,,,
2.20237893,41.40702602,,,,,,,,,,,,,,,,
2.20237893,41.40702602,,,,,,,,,,,,,,,,
2.143531,41.40320836,,,,,,,,,,,,,,,,
2.143531,41.40320836,,,,,,,,,,,,,,,,
2.17342374,41.39465723,,,,,,,,,,,,,,,,
2.17342374,41.39465723,,,,,,,,,,,,,,,,
2.18664554,41.39603993,,,,,,,,,,,,,,,,
2.18664554,41.39603993,,,,,,,,,,,,,,,,
2.16659556,41.41378315,,,,,,,,,,,,,,,,
2.16989582,41.39063954,,,,,,,,,,,,,,,,
2.16989582,41.39063954,,,,,,,,,,,,,,,,
2.13622888,41.39206373,,,,,,,,,,,,,,,,
2.13622888,41.39206373,,,,,,,,,,,,,,,,
2.16095863,41.38203344,,,,,,,,,,,,,,,,
2.16095863,41.38203344,,,,,,,,,,,,,,,,
2.1458568,41.43147297,,,,,,,,,,,,,,,,
2.1458568,41.43147297,,,,,,,,,,,,,,,,
2.16364426,41.41222097,,,,,,,,,,,,,,,,
2.16364426,41.41222097,,,,,,,,,,,,,,,,
2.17098797,41.3914822,,,,,,,,,,,,,,,,
2.17098797,41.3914822,,,,,,,,,,,,,,,,
2.19635965,41.4407297,,,,,,,,,,,,,,,,
2.19635965,41.4407297,,,,,,,,,,,,,,,,
2.12753403,41.38743686,,,,,,,,,,,,,,,,
2.12753403,41.38743686,,,,,,,,,,,,,,,,
2.15053907,41.38478184,,,,,,,,,,,,,,,,
2.15053907,41.38478184,,,,,,,,,,,,,,,,
2.12899393,41.33478654,,,,,,,,,,,,,,,,
2.12899393,41.33478654,,,,,,,,,,,,,,,,
2.12899393,41.33478654,,,,,,,,,,,,,,,,
2.13285237,41.39777667,,,,,,,,,,,,,,,,
2.13285237,41.39777667,,,,,,,,,,,,,,,,
2.14081087,41.37953304,,,,,,,,,,,,,,,,
2.14081087,41.37953304,,,,,,,,,,,,,,,,
2.15484455,41.38447902,,,,,,,,,,,,,,,,
2.15484455,41.38447902,,,,,,,,,,,,,,,,
2.15484455,41.38447902,,,,,,,,,,,,,,,,
2.13456111,41.36454674,,,,,,,,,,,,,,,,
2.13456111,41.36454674,,,,,,,,,,,,,,,,
2.17005583,41.42128464,,,,,,,,,,,,,,,,
2.143617,41.39447637,,,,,,,,,,,,,,,,
2.143617,41.39447637,,,,,,,,,,,,,,,,
2.17263544,41.39780031,,,,,,,,,,,,,,,,
2.17263544,41.39780031,,,,,,,,,,,,,,,,
2.17894519,41.40273545,,,,,,,,,,,,,,,,
2.17894519,41.40273545,,,,,,,,,,,,,,,,
2.11257458,41.38705214,,,,,,,,,,,,,,,,
2.16454602,41.43058263,,,,,,,,,,,,,,,,
2.16454602,41.43058263,,,,,,,,,,,,,,,,
2.19479985,41.45107466,,,,,,,,,,,,,,,,
2.19479985,41.45107466,,,,,,,,,,,,,,,,
2.19479985,41.45107466,,,,,,,,,,,,,,,,
2.18146322,41.4464682,,,,,,,,,,,,,,,,
2.18146322,41.4464682,,,,,,,,,,,,,,,,
2.20582592,41.44348507,,,,,,,,,,,,,,,,
2.20582592,41.44348507,,,,,,,,,,,,,,,,
2.18813608,41.3990451,,,,,,,,,,,,,,,,
2.11958051,41.41953825,,,,,,,,,,,,,,,,
2.15629636,41.38043066,,,,,,,,,,,,,,,,
2.15629636,41.38043066,,,,,,,,,,,,,,,,
2.15629636,41.38043066,,,,,,,,,,,,,,,,
2.16802155,41.39389984,,,,,,,,,,,,,,,,
2.16802155,41.39389984,,,,,,,,,,,,,,,,
2.1750585,41.39711465,,,,,,,,,,,,,,,,
2.1750585,41.39711465,,,,,,,,,,,,,,,,
2.18119883,41.39910881,,,,,,,,,,,,,,,,
2.22137268,41.40965563,,,,,,,,,,,,,,,,
2.22137268,41.40965563,,,,,,,,,,,,,,,,
2.14939341,41.37465191,,,,,,,,,,,,,,,,
2.10451328,41.41178901,,,,,,,,,,,,,,,,
2.10451328,41.41178901,,,,,,,,,,,,,,,,
2.21800231,41.40604182,,,,,,,,,,,,,,,,
2.21800231,41.40604182,,,,,,,,,,,,,,,,
2.18276343,41.40130174,,,,,,,,,,,,,,,,
2.15259051,41.38790392,,,,,,,,,,,,,,,,
2.15259051,41.38790392,,,,,,,,,,,,,,,,
2.21218572,41.40474032,,,,,,,,,,,,,,,,
2.21218572,41.40474032,,,,,,,,,,,,,,,,
2.1783876,41.37696594,,,,,,,,,,,,,,,,
2.1783876,41.37696594,,,,,,,,,,,,,,,,
2.15896736,41.38418076,,,,,,,,,,,,,,,,
2.15896736,41.38418076,,,,,,,,,,,,,,,,
2.14236833,41.42569123,,,,,,,,,,,,,,,,
2.14236833,41.42569123,,,,,,,,,,,,,,,,
2.18718939,41.41174847,,,,,,,,,,,,,,,,
2.18718939,41.41174847,,,,,,,,,,,,,,,,
2.17576928,41.44513899,,,,,,,,,,,,,,,,
2.17576928,41.44513899,,,,,,,,,,,,,,,,
2.166235,41.38756186,,,,,,,,,,,,,,,,
2.166235,41.38756186,,,,,,,,,,,,,,,,
2.14367135,41.42809545,,,,,,,,,,,,,,,,
2.14367135,41.42809545,,,,,,,,,,,,,,,,
2.14828701,41.39160409,,,,,,,,,,,,,,,,
2.14828701,41.39160409,,,,,,,,,,,,,,,,
2.19637463,41.44975104,,,,,,,,,,,,,,,,
2.19637463,41.44975104,,,,,,,,,,,,,,,,
2.19637463,41.44975104,,,,,,,,,,,,,,,,
2.18020711,41.41659453,,,,,,,,,,,,,,,,
2.18020711,41.41659453,,,,,,,,,,,,,,,,
2.18020711,41.41659453,,,,,,,,,,,,,,,,
2.16702361,41.38848379,,,,,,,,,,,,,,,,
2.16702361,41.38848379,,,,,,,,,,,,,,,,
2.12157029,41.38651031,,,,,,,,,,,,,,,,
2.12157029,41.38651031,,,,,,,,,,,,,,,,
2.17694923,41.40601922,,,,,,,,,,,,,,,,
2.17694923,41.40601922,,,,,,,,,,,,,,,,
2.15546857,41.43080096,,,,,,,,,,,,,,,,
2.15546857,41.43080096,,,,,,,,,,,,,,,,
2.13105577,41.40332509,,,,,,,,,,,,,,,,
2.13105577,41.40332509,,,,,,,,,,,,,,,,
2.13105577,41.40332509,,,,,,,,,,,,,,,,
2.18685275,41.38260242,,,,,,,,,,,,,,,,
2.18685275,41.38260242,,,,,,,,,,,,,,,,
2.18685275,41.38260242,,,,,,,,,,,,,,,,
2.18685275,41.38260242,,,,,,,,,,,,,,,,
2.18685275,41.38260242,,,,,,,,,,,,,,,,
2.18685275,41.38260242,,,,,,,,,,,,,,,,
2.14230502,41.39069742,,,,,,,,,,,,,,,,
2.14230502,41.39069742,,,,,,,,,,,,,,,,
2.19314528,41.44728689,,,,,,,,,,,,,,,,
2.19314528,41.44728689,,,,,,,,,,,,,,,,
2.14330997,41.35795629,,,,,,,,,,,,,,,,
2.14330997,41.35795629,,,,,,,,,,,,,,,,
2.14330997,41.35795629,,,,,,,,,,,,,,,,
2.17760277,41.38978987,,,,,,,,,,,,,,,,
2.22127307,41.41355924,,,,,,,,,,,,,,,,
2.22127307,41.41355924,,,,,,,,,,,,,,,,
2.22127307,41.41355924,,,,,,,,,,,,,,,,
2.17777891,41.41055837,,,,,,,,,,,,,,,,
2.17777891,41.41055837,,,,,,,,,,,,,,,,
2.1497025,41.37500206,,,,,,,,,,,,,,,,
2.1497025,41.37500206,,,,,,,,,,,,,,,,
2.1497025,41.37500206,,,,,,,,,,,,,,,,
2.16119098,41.41103095,,,,,,,,,,,,,,,,
2.16119098,41.41103095,,,,,,,,,,,,,,,,
2.18825063,41.44756494,,,,,,,,,,,,,,,,
2.18825063,41.44756494,,,,,,,,,,,,,,,,
2.18825063,41.44756494,,,,,,,,,,,,,,,,
2.18825063,41.44756494,,,,,,,,,,,,,,,,
2.18825063,41.44756494,,,,,,,,,,,,,,,,
2.18825063,41.44756494,,,,,,,,,,,,,,,,
2.19833199,41.39813662,,,,,,,,,,,,,,,,
2.19833199,41.39813662,,,,,,,,,,,,,,,,
2.20070093,41.43934825,,,,,,,,,,,,,,,,
2.20070093,41.43934825,,,,,,,,,,,,,,,,
2.16582402,41.40190876,,,,,,,,,,,,,,,,
2.16582402,41.40190876,,,,,,,,,,,,,,,,
2.14824708,41.40058662,,,,,,,,,,,,,,,,
2.14824708,41.40058662,,,,,,,,,,,,,,,,
2.15587447,41.42305095,,,,,,,,,,,,,,,,
2.15587447,41.42305095,,,,,,,,,,,,,,,,
2.1523768,41.40872187,,,,,,,,,,,,,,,,
2.1523768,41.40872187,,,,,,,,,,,,,,,,
2.1523768,41.40872187,,,,,,,,,,,,,,,,
2.17059283,41.44291903,,,,,,,,,,,,,,,,
2.17059283,41.44291903,,,,,,,,,,,,,,,,
2.14900452,41.4002201,,,,,,,,,,,,,,,,
2.14900452,41.4002201,,,,,,,,,,,,,,,,
2.17667828,41.39574261,,,,,,,,,,,,,,,,
2.17667828,41.39574261,,,,,,,,,,,,,,,,
2.14245885,41.3550344,,,,,,,,,,,,,,,,
2.14245885,41.3550344,,,,,,,,,,,,,,,,
2.14245885,41.3550344,,,,,,,,,,,,,,,,
2.14633581,41.41538588,,,,,,,,,,,,,,,,
2.14633581,41.41538588,,,,,,,,,,,,,,,,
2.19954358,41.41845212,,,,,,,,,,,,,,,,
2.19954358,41.41845212,,,,,,,,,,,,,,,,
2.19954358,41.41845212,,,,,,,,,,,,,,,,
2.1360519,41.39995865,,,,,,,,,,,,,,,,
2.1360519,41.39995865,,,,,,,,,,,,,,,,
2.14702629,41.34925403,,,,,,,,,,,,,,,,
2.14702629,41.34925403,,,,,,,,,,,,,,,,
2.13536342,41.39777526,,,,,,,,,,,,,,,,
2.13536342,41.39777526,,,,,,,,,,,,,,,,
2.15657831,41.43026305,,,,,,,,,,,,,,,,
2.1389969,41.41781092,,,,,,,,,,,,,,,,
2.1389969,41.41781092,,,,,,,,,,,,,,,,
2.16886842,41.3876613,,,,,,,,,,,,,,,,
2.16886842,41.3876613,,,,,,,,,,,,,,,,
2.16886842,41.3876613,,,,,,,,,,,,,,,,
2.14827183,41.38987951,,,,,,,,,,,,,,,,
2.14827183,41.38987951,,,,,,,,,,,,,,,,
2.18113442,41.38054653,,,,,,,,,,,,,,,,
2.18113442,41.38054653,,,,,,,,,,,,,,,,
2.15845937,41.38392107,,,,,,,,,,,,,,,,
2.15845937,41.38392107,,,,,,,,,,,,,,,,
2.15845937,41.38392107,,,,,,,,,,,,,,,,
2.14051681,41.40086657,,,,,,,,,,,,,,,,
2.14051681,41.40086657,,,,,,,,,,,,,,,,
2.15589667,41.42851536,,,,,,,,,,,,,,,,
2.15589667,41.42851536,,,,,,,,,,,,,,,,
2.15589667,41.42851536,,,,,,,,,,,,,,,,
2.16859749,41.43028402,,,,,,,,,,,,,,,,
2.16859749,41.43028402,,,,,,,,,,,,,,,,
2.16859749,41.43028402,,,,,,,,,,,,,,,,
2.16750209,41.40096334,,,,,,,,,,,,,,,,
2.16750209,41.40096334,,,,,,,,,,,,,,,,
2.14696272,41.41590351,,,,,,,,,,,,,,,,
2.17164712,41.408085,,,,,,,,,,,,,,,,
2.17164712,41.408085,,,,,,,,,,,,,,,,
2.15265444,41.42399996,,,,,,,,,,,,,,,,
2.15265444,41.42399996,,,,,,,,,,,,,,,,
2.10435491,41.38514281,,,,,,,,,,,,,,,,
2.10435491,41.38514281,,,,,,,,,,,,,,,,
2.10435491,41.38514281,,,,,,,,,,,,,,,,
2.10435491,41.38514281,,,,,,,,,,,,,,,,
2.12821035,41.38839659,,,,,,,,,,,,,,,,
2.12821035,41.38839659,,,,,,,,,,,,,,,,
2.17102173,41.40871114,,,,,,,,,,,,,,,,
2.17102173,41.40871114,,,,,,,,,,,,,,,,
2.20179961,41.39200089,,,,,,,,,,,,,,,,
2.20179961,41.39200089,,,,,,,,,,,,,,,,
2.20179961,41.39200089,,,,,,,,,,,,,,,,
2.12419726,41.40934164,,,,,,,,,,,,,,,,
2.12419726,41.40934164,,,,,,,,,,,,,,,,
2.1362,41.36563704,,,,,,,,,,,,,,,,
2.1362,41.36563704,,,,,,,,,,,,,,,,
2.1362,41.36563704,,,,,,,,,,,,,,,,
2.1793967,41.4218469,,,,,,,,,,,,,,,,
2.1793967,41.4218469,,,,,,,,,,,,,,,,
2.18528186,41.38571828,,,,,,,,,,,,,,,,
2.18528186,41.38571828,,,,,,,,,,,,,,,,
2.18528186,41.38571828,,,,,,,,,,,,,,,,
2.15515854,41.37958031,,,,,,,,,,,,,,,,
2.15515854,41.37958031,,,,,,,,,,,,,,,,
2.17995267,41.40006212,,,,,,,,,,,,,,,,
2.17995267,41.40006212,,,,,,,,,,,,,,,,
2.17505906,41.40822404,,,,,,,,,,,,,,,,
2.17505906,41.40822404,,,,,,,,,,,,,,,,
2.1481483,41.41577792,,,,,,,,,,,,,,,,
2.1481483,41.41577792,,,,,,,,,,,,,,,,
2.17041844,41.37521685,,,,,,,,,,,,,,,,
2.13423307,41.34438893,,,,,,,,,,,,,,,,
2.13423307,41.34438893,,,,,,,,,,,,,,,,
2.15328865,41.39000567,,,,,,,,,,,,,,,,
2.15328865,41.39000567,,,,,,,,,,,,,,,,
2.16411535,41.38818301,,,,,,,,,,,,,,,,
2.16411535,41.38818301,,,,,,,,,,,,,,,,
2.14166305,41.40497876,,,,,,,,,,,,,,,,
2.14166305,41.40497876,,,,,,,,,,,,,,,,
2.18313848,41.40941194,,,,,,,,,,,,,,,,
2.15006482,41.40331715,,,,,,,,,,,,,,,,
2.15006482,41.40331715,,,,,,,,,,,,,,,,
2.18825063,41.44756494,,,,,,,,,,,,,,,,
2.18825063,41.44756494,,,,,,,,,,,,,,,,
2.15591103,41.43944604,,,,,,,,,,,,,,,,
2.15591103,41.43944604,,,,,,,,,,,,,,,,
2.22257136,41.41220445,,,,,,,,,,,,,,,,
2.22257136,41.41220445,,,,,,,,,,,,,,,,
2.12908328,41.3793603,,,,,,,,,,,,,,,,
2.12908328,41.3793603,,,,,,,,,,,,,,,,
2.12908328,41.3793603,,,,,,,,,,,,,,,,
2.19379565,41.40667237,,,,,,,,,,,,,,,,
2.19379565,41.40667237,,,,,,,,,,,,,,,,
2.17392344,41.46040782,,,,,,,,,,,,,,,,
2.17392344,41.46040782,,,,,,,,,,,,,,,,
2.16196373,41.3846822,,,,,,,,,,,,,,,,
2.16196373,41.3846822,,,,,,,,,,,,,,,,
2.20132883,41.4081091,,,,,,,,,,,,,,,,
2.20132883,41.4081091,,,,,,,,,,,,,,,,
2.16846966,41.44210344,,,,,,,,,,,,,,,,
2.16846966,41.44210344,,,,,,,,,,,,,,,,
2.15443346,41.35171321,,,,,,,,,,,,,,,,
2.15443346,41.35171321,,,,,,,,,,,,,,,,
2.18889302,41.38354861,,,,,,,,,,,,,,,,
2.18889302,41.38354861,,,,,,,,,,,,,,,,
2.17282452,41.37405497,,,,,,,,,,,,,,,,
2.17282452,41.37405497,,,,,,,,,,,,,,,,
2.17282452,41.37405497,,,,,,,,,,,,,,,,
2.15949461,41.39652147,,,,,,,,,,,,,,,,
2.15949461,41.39652147,,,,,,,,,,,,,,,,
2.11458035,41.40141496,,,,,,,,,,,,,,,,
2.11458035,41.40141496,,,,,,,,,,,,,,,,
2.11458035,41.40141496,,,,,,,,,,,,,,,,
2.17008515,41.38794915,,,,,,,,,,,,,,,,
2.17008515,41.38794915,,,,,,,,,,,,,,,,
2.12061491,41.37838375,,,,,,,,,,,,,,,,
2.12061491,41.37838375,,,,,,,,,,,,,,,,
2.12061491,41.37838375,,,,,,,,,,,,,,,,
2.13118874,41.41527926,,,,,,,,,,,,,,,,
2.13118874,41.41527926,,,,,,,,,,,,,,,,
2.16166881,41.39644702,,,,,,,,,,,,,,,,
2.16166881,41.39644702,,,,,,,,,,,,,,,,
2.17824402,41.38184328,,,,,,,,,,,,,,,,
2.16971802,41.44277151,,,,,,,,,,,,,,,,
2.16971802,41.44277151,,,,,,,,,,,,,,,,
2.17188445,41.36601637,,,,,,,,,,,,,,,,
2.17188445,41.36601637,,,,,,,,,,,,,,,,
2.11944339,41.32447349,,,,,,,,,,,,,,,,
2.11944339,41.32447349,,,,,,,,,,,,,,,,
2.11944339,41.32447349,,,,,,,,,,,,,,,,
2.19760276,41.45005406,,,,,,,,,,,,,,,,
2.19760276,41.45005406,,,,,,,,,,,,,,,,
2.13178467,41.38217273,,,,,,,,,,,,,,,,
2.13178467,41.38217273,,,,,,,,,,,,,,,,
2.13178467,41.38217273,,,,,,,,,,,,,,,,
2.1342011,41.395876,,,,,,,,,,,,,,,,
2.1342011,41.395876,,,,,,,,,,,,,,,,
2.15503438,41.39309071,,,,,,,,,,,,,,,,
2.15503438,41.39309071,,,,,,,,,,,,,,,,
2.15503438,41.39309071,,,,,,,,,,,,,,,,
2.18890789,41.39517724,,,,,,,,,,,,,,,,
2.13710296,41.41554986,,,,,,,,,,,,,,,,
2.13015962,41.37179623,,,,,,,,,,,,,,,,
2.13015962,41.37179623,,,,,,,,,,,,,,,,
2.21000786,41.42052235,,,,,,,,,,,,,,,,
2.21000786,41.42052235,,,,,,,,,,,,,,,,
2.17031229,41.44299468,,,,,,,,,,,,,,,,
2.17031229,41.44299468,,,,,,,,,,,,,,,,
2.13364305,41.39904949,,,,,,,,,,,,,,,,
2.13364305,41.39904949,,,,,,,,,,,,,,,,
2.13364305,41.39904949,,,,,,,,,,,,,,,,
2.16195161,41.44370795,,,,,,,,,,,,,,,,
2.16195161,41.44370795,,,,,,,,,,,,,,,,
2.20461063,41.39382397,,,,,,,,,,,,,,,,
2.20461063,41.39382397,,,,,,,,,,,,,,,,
2.18492567,41.4217312,,,,,,,,,,,,,,,,
2.18492567,41.4217312,,,,,,,,,,,,,,,,
2.18492567,41.4217312,,,,,,,,,,,,,,,,
2.14147952,41.39281108,,,,,,,,,,,,,,,,
2.14147952,41.39281108,,,,,,,,,,,,,,,,
2.14407454,41.39089343,,,,,,,,,,,,,,,,
2.14407454,41.39089343,,,,,,,,,,,,,,,,
2.21073735,41.41606009,,,,,,,,,,,,,,,,
2.21073735,41.41606009,,,,,,,,,,,,,,,,
2.10896918,41.38997651,,,,,,,,,,,,,,,,
2.10896918,41.38997651,,,,,,,,,,,,,,,,
2.10896918,41.38997651,,,,,,,,,,,,,,,,
2.19451665,41.38906315,,,,,,,,,,,,,,,,
2.19451665,41.38906315,,,,,,,,,,,,,,,,
2.19451665,41.38906315,,,,,,,,,,,,,,,,
2.15847923,41.38903537,,,,,,,,,,,,,,,,
2.15847923,41.38903537,,,,,,,,,,,,,,,,
2.15588137,41.39586267,,,,,,,,,,,,,,,,
2.15588137,41.39586267,,,,,,,,,,,,,,,,
2.14562848,41.43236671,,,,,,,,,,,,,,,,
2.14562848,41.43236671,,,,,,,,,,,,,,,,
2.14562848,41.43236671,,,,,,,,,,,,,,,,
2.164288,41.4102437,,,,,,,,,,,,,,,,
2.164288,41.4102437,,,,,,,,,,,,,,,,
2.164288,41.4102437,,,,,,,,,,,,,,,,
2.17725998,41.40842038,,,,,,,,,,,,,,,,
2.17725998,41.40842038,,,,,,,,,,,,,,,,
2.15279183,41.40243089,,,,,,,,,,,,,,,,
2.15279183,41.40243089,,,,,,,,,,,,,,,,
2.176692,41.44896853,,,,,,,,,,,,,,,,
2.12791863,41.4111168,,,,,,,,,,,,,,,,
2.16132316,41.39674783,,,,,,,,,,,,,,,,
2.16132316,41.39674783,,,,,,,,,,,,,,,,
2.1320117,41.40571175,,,,,,,,,,,,,,,,
2.1320117,41.40571175,,,,,,,,,,,,,,,,
2.17113432,41.39707828,,,,,,,,,,,,,,,,
2.17113432,41.39707828,,,,,,,,,,,,,,,,
2.16246639,41.42978713,,,,,,,,,,,,,,,,
2.16246639,41.42978713,,,,,,,,,,,,,,,,
2.17098797,41.3914822,,,,,,,,,,,,,,,,
2.17098797,41.3914822,,,,,,,,,,,,,,,,
2.15621157,41.39417572,,,,,,,,,,,,,,,,
2.15621157,41.39417572,,,,,,,,,,,,,,,,
2.11434447,41.40155128,,,,,,,,,,,,,,,,
2.11434447,41.40155128,,,,,,,,,,,,,,,,
2.16311045,41.39745262,,,,,,,,,,,,,,,,
2.16311045,41.39745262,,,,,,,,,,,,,,,,
2.10198387,41.38193455,,,,,,,,,,,,,,,,
2.10198387,41.38193455,,,,,,,,,,,,,,,,
2.10198387,41.38193455,,,,,,,,,,,,,,,,
2.10198387,41.38193455,,,,,,,,,,,,,,,,
2.14597646,41.37345219,,,,,,,,,,,,,,,,
2.14597646,41.37345219,,,,,,,,,,,,,,,,
2.14597646,41.37345219,,,,,,,,,,,,,,,,
2.14597646,41.37345219,,,,,,,,,,,,,,,,
2.20461063,41.39382397,,,,,,,,,,,,,,,,
2.20461063,41.39382397,,,,,,,,,,,,,,,,
2.17830745,41.4033514,,,,,,,,,,,,,,,,
2.17830745,41.4033514,,,,,,,,,,,,,,,,
2.15811671,41.43974285,,,,,,,,,,,,,,,,
2.15811671,41.43974285,,,,,,,,,,,,,,,,
2.14546695,41.4131157,,,,,,,,,,,,,,,,
2.14546695,41.4131157,,,,,,,,,,,,,,,,
2.19612363,41.40668407,,,,,,,,,,,,,,,,
2.19612363,41.40668407,,,,,,,,,,,,,,,,
2.15344837,41.38682742,,,,,,,,,,,,,,,,
2.15344837,41.38682742,,,,,,,,,,,,,,,,
2.15344837,41.38682742,,,,,,,,,,,,,,,,
2.19054013,41.39363164,,,,,,,,,,,,,,,,
2.14406401,41.42895553,,,,,,,,,,,,,,,,
2.14406401,41.42895553,,,,,,,,,,,,,,,,
2.14406401,41.42895553,,,,,,,,,,,,,,,,
2.14406401,41.42895553,,,,,,,,,,,,,,,,
2.14406401,41.42895553,,,,,,,,,,,,,,,,
2.13291544,41.36893281,,,,,,,,,,,,,,,,
2.13291544,41.36893281,,,,,,,,,,,,,,,,
2.19760276,41.45005406,,,,,,,,,,,,,,,,
2.19760276,41.45005406,,,,,,,,,,,,,,,,
2.20242831,41.41405,,,,,,,,,,,,,,,,
2.20242831,41.41405,,,,,,,,,,,,,,,,
2.20005322,41.41821346,,,,,,,,,,,,,,,,
2.20005322,41.41821346,,,,,,,,,,,,,,,,
2.14536434,41.41498281,,,,,,,,,,,,,,,,
2.14536434,41.41498281,,,,,,,,,,,,,,,,
2.14536434,41.41498281,,,,,,,,,,,,,,,,
2.20341221,41.39759718,,,,,,,,,,,,,,,,
2.20341221,41.39759718,,,,,,,,,,,,,,,,
2.17893389,41.42217001,,,,,,,,,,,,,,,,
2.17893389,41.42217001,,,,,,,,,,,,,,,,
2.17893389,41.42217001,,,,,,,,,,,,,,,,
2.13629766,41.36489771,,,,,,,,,,,,,,,,
2.13629766,41.36489771,,,,,,,,,,,,,,,,
2.18833396,41.40295822,,,,,,,,,,,,,,,,
2.18833396,41.40295822,,,,,,,,,,,,,,,,
2.18833396,41.40295822,,,,,,,,,,,,,,,,
2.18833396,41.40295822,,,,,,,,,,,,,,,,
2.13285237,41.39777667,,,,,,,,,,,,,,,,
2.13285237,41.39777667,,,,,,,,,,,,,,,,
2.17310201,41.43644932,,,,,,,,,,,,,,,,
2.17310201,41.43644932,,,,,,,,,,,,,,,,
2.14774905,41.39508595,,,,,,,,,,,,,,,,
2.14774905,41.39508595,,,,,,,,,,,,,,,,
2.17542793,41.40007292,,,,,,,,,,,,,,,,
2.17542793,41.40007292,,,,,,,,,,,,,,,,
2.09845748,41.42660251,,,,,,,,,,,,,,,,
2.12696807,41.37821975,,,,,,,,,,,,,,,,
2.12696807,41.37821975,,,,,,,,,,,,,,,,
2.12696807,41.37821975,,,,,,,,,,,,,,,,
2.17591769,41.39419,,,,,,,,,,,,,,,,
2.17591769,41.39419,,,,,,,,,,,,,,,,
2.18011409,41.44077256,,,,,,,,,,,,,,,,
2.18011409,41.44077256,,,,,,,,,,,,,,,,
2.18011409,41.44077256,,,,,,,,,,,,,,,,
2.15036512,41.37538193,,,,,,,,,,,,,,,,
2.15036512,41.37538193,,,,,,,,,,,,,,,,
2.18794833,41.3939544,,,,,,,,,,,,,,,,
2.18794833,41.3939544,,,,,,,,,,,,,,,,
2.15707548,41.40161811,,,,,,,,,,,,,,,,
2.15707548,41.40161811,,,,,,,,,,,,,,,,
2.12991683,41.39250755,,,,,,,,,,,,,,,,
2.12991683,41.39250755,,,,,,,,,,,,,,,,
2.12991683,41.39250755,,,,,,,,,,,,,,,,
2.17324153,41.40866503,,,,,,,,,,,,,,,,
2.17324153,41.40866503,,,,,,,,,,,,,,,,
2.14540113,41.37458205,,,,,,,,,,,,,,,,
2.14540113,41.37458205,,,,,,,,,,,,,,,,
2.13471387,41.36607981,,,,,,,,,,,,,,,,
2.13471387,41.36607981,,,,,,,,,,,,,,,,
2.20839791,41.41956618,,,,,,,,,,,,,,,,
2.20839791,41.41956618,,,,,,,,,,,,,,,,
2.20839791,41.41956618,,,,,,,,,,,,,,,,
2.16962791,41.40581564,,,,,,,,,,,,,,,,
2.20429356,41.44509506,,,,,,,,,,,,,,,,
2.20429356,41.44509506,,,,,,,,,,,,,,,,
2.17324825,41.40702379,,,,,,,,,,,,,,,,
2.17324825,41.40702379,,,,,,,,,,,,,,,,
2.17324825,41.40702379,,,,,,,,,,,,,,,,
2.16297842,41.39587376,,,,,,,,,,,,,,,,
2.16297842,41.39587376,,,,,,,,,,,,,,,,
2.16297842,41.39587376,,,,,,,,,,,,,,,,
2.15893117,41.35432601,,,,,,,,,,,,,,,,
2.15893117,41.35432601,,,,,,,,,,,,,,,,
2.16816144,41.37826421,,,,,,,,,,,,,,,,
2.12575136,41.39002563,,,,,,,,,,,,,,,,
2.12575136,41.39002563,,,,,,,,,,,,,,,,
2.19041469,41.39738753,,,,,,,,,,,,,,,,
2.19041469,41.39738753,,,,,,,,,,,,,,,,
2.19818961,41.41188794,,,,,,,,,,,,,,,,
2.19818961,41.41188794,,,,,,,,,,,,,,,,
2.21000786,41.42052235,,,,,,,,,,,,,,,,
2.21000786,41.42052235,,,,,,,,,,,,,,,,
2.21000786,41.42052235,,,,,,,,,,,,,,,,
2.14065023,41.36898474,,,,,,,,,,,,,,,,
2.14065023,41.36898474,,,,,,,,,,,,,,,,
2.14065023,41.36898474,,,,,,,,,,,,,,,,
2.14551721,41.3825478,,,,,,,,,,,,,,,,
2.14551721,41.3825478,,,,,,,,,,,,,,,,
2.19772663,41.44378071,,,,,,,,,,,,,,,,
2.19772663,41.44378071,,,,,,,,,,,,,,,,
2.17418197,41.41717892,,,,,,,,,,,,,,,,
2.17418197,41.41717892,,,,,,,,,,,,,,,,
2.1869093,41.42032433,,,,,,,,,,,,,,,,
2.1869093,41.42032433,,,,,,,,,,,,,,,,
2.20021887,41.44274505,,,,,,,,,,,,,,,,
2.20021887,41.44274505,,,,,,,,,,,,,,,,
2.17331281,41.39353952,,,,,,,,,,,,,,,,
2.17331281,41.39353952,,,,,,,,,,,,,,,,
2.17331281,41.39353952,,,,,,,,,,,,,,,,
2.16524862,41.39585455,,,,,,,,,,,,,,,,
2.16524862,41.39585455,,,,,,,,,,,,,,,,
2.16524862,41.39585455,,,,,,,,,,,,,,,,
2.17987074,41.42115376,,,,,,,,,,,,,,,,
2.17987074,41.42115376,,,,,,,,,,,,,,,,
2.17987074,41.42115376,,,,,,,,,,,,,,,,
2.14914382,41.39452514,,,,,,,,,,,,,,,,
2.14914382,41.39452514,,,,,,,,,,,,,,,,
2.21373485,41.40282639,,,,,,,,,,,,,,,,
2.21373485,41.40282639,,,,,,,,,,,,,,,,
2.18446788,41.44157158,,,,,,,,,,,,,,,,
2.18446788,41.44157158,,,,,,,,,,,,,,,,
2.12364851,41.4085028,,,,,,,,,,,,,,,,
2.12364851,41.4085028,,,,,,,,,,,,,,,,
2.1947944,41.39909522,,,,,,,,,,,,,,,,
2.1947944,41.39909522,,,,,,,,,,,,,,,,
2.16860285,41.38547654,,,,,,,,,,,,,,,,
2.16860285,41.38547654,,,,,,,,,,,,,,,,
2.16860285,41.38547654,,,,,,,,,,,,,,,,
2.19084646,41.44969538,,,,,,,,,,,,,,,,
2.19084646,41.44969538,,,,,,,,,,,,,,,,
2.19084646,41.44969538,,,,,,,,,,,,,,,,
2.13063346,41.38870859,,,,,,,,,,,,,,,,
2.13063346,41.38870859,,,,,,,,,,,,,,,,
2.14971647,41.3804402,,,,,,,,,,,,,,,,
2.14971647,41.3804402,,,,,,,,,,,,,,,,
2.17359546,41.44035984,,,,,,,,,,,,,,,,
2.17359546,41.44035984,,,,,,,,,,,,,,,,
2.12705101,41.39609154,,,,,,,,,,,,,,,,
2.12705101,41.39609154,,,,,,,,,,,,,,,,
2.12705101,41.39609154,,,,,,,,,,,,,,,,
2.15856052,41.38213403,,,,,,,,,,,,,,,,
2.15856052,41.38213403,,,,,,,,,,,,,,,,
2.12142672,41.32829037,,,,,,,,,,,,,,,,
2.12142672,41.32829037,,,,,,,,,,,,,,,,
2.11888503,41.33025697,,,,,,,,,,,,,,,,
2.11888503,41.33025697,,,,,,,,,,,,,,,,
2.15782445,41.35299809,,,,,,,,,,,,,,,,
2.15782445,41.35299809,,,,,,,,,,,,,,,,
2.14434884,41.39237017,,,,,,,,,,,,,,,,
2.14434884,41.39237017,,,,,,,,,,,,,,,,
2.18302112,41.38809664,,,,,,,,,,,,,,,,
2.18302112,41.38809664,,,,,,,,,,,,,,,,
2.173128,41.37657554,,,,,,,,,,,,,,,,
2.173128,41.37657554,,,,,,,,,,,,,,,,
2.17889974,41.38927861,,,,,,,,,,,,,,,,
2.1906553,41.41197907,,,,,,,,,,,,,,,,
2.1906553,41.41197907,,,,,,,,,,,,,,,,
2.20716208,41.42048786,,,,,,,,,,,,,,,,
2.20716208,41.42048786,,,,,,,,,,,,,,,,
2.20716208,41.42048786,,,,,,,,,,,,,,,,
2.20716208,41.42048786,,,,,,,,,,,,,,,,
2.20716208,41.42048786,,,,,,,,,,,,,,,,
2.14338122,41.4117343,,,,,,,,,,,,,,,,
2.14338122,41.4117343,,,,,,,,,,,,,,,,
2.12821035,41.38839659,,,,,,,,,,,,,,,,
2.12821035,41.38839659,,,,,,,,,,,,,,,,
2.16952987,41.36269923,,,,,,,,,,,,,,,,
2.16952987,41.36269923,,,,,,,,,,,,,,,,
2.16952987,41.36269923,,,,,,,,,,,,,,,,
2.16952987,41.36269923,,,,,,,,,,,,,,,,
2.16952987,41.36269923,,,,,,,,,,,,,,,,
2.16952987,41.36269923,,,,,,,,,,,,,,,,
2.1735636,41.44843969,,,,,,,,,,,,,,,,
2.1735636,41.44843969,,,,,,,,,,,,,,,,
2.1802601,41.40173927,,,,,,,,,,,,,,,,
2.1802601,41.40173927,,,,,,,,,,,,,,,,
2.1802601,41.40173927,,,,,,,,,,,,,,,,
2.19187462,41.43960441,,,,,,,,,,,,,,,,
2.18837609,41.45451738,,,,,,,,,,,,,,,,
2.18837609,41.45451738,,,,,,,,,,,,,,,,
2.17324153,41.40866503,,,,,,,,,,,,,,,,
2.17324153,41.40866503,,,,,,,,,,,,,,,,
2.21755397,41.41264267,,,,,,,,,,,,,,,,
2.21755397,41.41264267,,,,,,,,,,,,,,,,
2.15619305,41.38223062,,,,,,,,,,,,,,,,
2.17276063,41.38845989,,,,,,,,,,,,,,,,
2.17340752,41.38968588,,,,,,,,,,,,,,,,
2.17340752,41.38968588,,,,,,,,,,,,,,,,
2.17340752,41.38968588,,,,,,,,,,,,,,,,
2.21610901,41.41825111,,,,,,,,,,,,,,,,
2.13875584,41.34855657,,,,,,,,,,,,,,,,
2.13875584,41.34855657,,,,,,,,,,,,,,,,
2.204517,41.41865285,,,,,,,,,,,,,,,,
2.204517,41.41865285,,,,,,,,,,,,,,,,
2.19547915,41.43867585,,,,,,,,,,,,,,,,
2.19547915,41.43867585,,,,,,,,,,,,,,,,
2.18971573,41.41329559,,,,,,,,,,,,,,,,
2.18971573,41.41329559,,,,,,,,,,,,,,,,
2.1608823,41.37148021,,,,,,,,,,,,,,,,
2.1608823,41.37148021,,,,,,,,,,,,,,,,
2.10301497,41.41129972,,,,,,,,,,,,,,,,
2.10301497,41.41129972,,,,,,,,,,,,,,,,
2.19430897,41.38693032,,,,,,,,,,,,,,,,
2.19430897,41.38693032,,,,,,,,,,,,,,,,
2.15629636,41.38043066,,,,,,,,,,,,,,,,
2.15629636,41.38043066,,,,,,,,,,,,,,,,
2.16830761,41.42916485,,,,,,,,,,,,,,,,
2.11150867,41.39254656,,,,,,,,,,,,,,,,
2.11150867,41.39254656,,,,,,,,,,,,,,,,
2.17196272,41.38921923,,,,,,,,,,,,,,,,
2.18112262,41.40774606,,,,,,,,,,,,,,,,
2.18112262,41.40774606,,,,,,,,,,,,,,,,
2.14296803,41.38765766,,,,,,,,,,,,,,,,
2.14296803,41.38765766,,,,,,,,,,,,,,,,
2.19342553,41.447053,,,,,,,,,,,,,,,,
2.19342553,41.447053,,,,,,,,,,,,,,,,
2.16863523,41.39671017,,,,,,,,,,,,,,,,
2.16863523,41.39671017,,,,,,,,,,,,,,,,
2.1471349,41.39456906,,,,,,,,,,,,,,,,
2.1471349,41.39456906,,,,,,,,,,,,,,,,
2.1471349,41.39456906,,,,,,,,,,,,,,,,
2.12993885,41.41374842,,,,,,,,,,,,,,,,
2.12993885,41.41374842,,,,,,,,,,,,,,,,
2.17619085,41.40109618,,,,,,,,,,,,,,,,
2.17619085,41.40109618,,,,,,,,,,,,,,,,
2.20903449,41.40885648,,,,,,,,,,,,,,,,
2.15784549,41.35216545,,,,,,,,,,,,,,,,
2.15784549,41.35216545,,,,,,,,,,,,,,,,
2.17724269,41.37480675,,,,,,,,,,,,,,,,
2.17724269,41.37480675,,,,,,,,,,,,,,,,
2.17836204,41.40998428,,,,,,,,,,,,,,,,
2.17836204,41.40998428,,,,,,,,,,,,,,,,
2.17231448,41.36957606,,,,,,,,,,,,,,,,
2.17231448,41.36957606,,,,,,,,,,,,,,,,
2.15489796,41.35243317,,,,,,,,,,,,,,,,
2.15489796,41.35243317,,,,,,,,,,,,,,,,
2.15489796,41.35243317,,,,,,,,,,,,,,,,
2.18007765,41.39828275,,,,,,,,,,,,,,,,
2.18007765,41.39828275,,,,,,,,,,,,,,,,
2.14999845,41.40098728,,,,,,,,,,,,,,,,
2.14999845,41.40098728,,,,,,,,,,,,,,,,
2.17015441,41.41270474,,,,,,,,,,,,,,,,
2.17015441,41.41270474,,,,,,,,,,,,,,,,
2.14716181,41.38905165,,,,,,,,,,,,,,,,
2.14716181,41.38905165,,,,,,,,,,,,,,,,
2.15929579,41.37555519,,,,,,,,,,,,,,,,
2.15929579,41.37555519,,,,,,,,,,,,,,,,
2.15929579,41.37555519,,,,,,,,,,,,,,,,
2.14872701,41.36966056,,,,,,,,,,,,,,,,
2.14872701,41.36966056,,,,,,,,,,,,,,,,
2.17442149,41.39403565,,,,,,,,,,,,,,,,
2.17442149,41.39403565,,,,,,,,,,,,,,,,
2.17442149,41.39403565,,,,,,,,,,,,,,,,
2.16015338,41.40871105,,,,,,,,,,,,,,,,
2.16015338,41.40871105,,,,,,,,,,,,,,,,
2.15959712,41.38818746,,,,,,,,,,,,,,,,
2.15959712,41.38818746,,,,,,,,,,,,,,,,
2.15355867,41.35128683,,,,,,,,,,,,,,,,
2.18180774,41.41318674,,,,,,,,,,,,,,,,
2.15906993,41.42966517,,,,,,,,,,,,,,,,
2.14072038,41.40441788,,,,,,,,,,,,,,,,
2.14072038,41.40441788,,,,,,,,,,,,,,,,
2.18661111,41.41973916,,,,,,,,,,,,,,,,
2.18661111,41.41973916,,,,,,,,,,,,,,,,
2.16750791,41.39413783,,,,,,,,,,,,,,,,
2.16750791,41.39413783,,,,,,,,,,,,,,,,
2.16750791,41.39413783,,,,,,,,,,,,,,,,
2.21013396,41.41640134,,,,,,,,,,,,,,,,
2.21013396,41.41640134,,,,,,,,,,,,,,,,
2.13372588,41.36347121,,,,,,,,,,,,,,,,
2.13372588,41.36347121,,,,,,,,,,,,,,,,
2.16876548,41.39012247,,,,,,,,,,,,,,,,
2.16876548,41.39012247,,,,,,,,,,,,,,,,
2.16876548,41.39012247,,,,,,,,,,,,,,,,
2.1795696,41.42600604,,,,,,,,,,,,,,,,
2.1795696,41.42600604,,,,,,,,,,,,,,,,
2.17689981,41.3856586,,,,,,,,,,,,,,,,
2.17689981,41.3856586,,,,,,,,,,,,,,,,
2.18031125,41.41841841,,,,,,,,,,,,,,,,
2.18031125,41.41841841,,,,,,,,,,,,,,,,
2.18416005,41.42865586,,,,,,,,,,,,,,,,
2.18416005,41.42865586,,,,,,,,,,,,,,,,
2.15008265,41.42642794,,,,,,,,,,,,,,,,
2.15008265,41.42642794,,,,,,,,,,,,,,,,
2.15008265,41.42642794,,,,,,,,,,,,,,,,
2.18337205,41.44694831,,,,,,,,,,,,,,,,
2.18337205,41.44694831,,,,,,,,,,,,,,,,
2.18629926,41.4460472,,,,,,,,,,,,,,,,
2.18629926,41.4460472,,,,,,,,,,,,,,,,
2.18629926,41.4460472,,,,,,,,,,,,,,,,
2.14625875,41.37320288,,,,,,,,,,,,,,,,
2.14625875,41.37320288,,,,,,,,,,,,,,,,
2.14625875,41.37320288,,,,,,,,,,,,,,,,
2.16827407,41.38941583,,,,,,,,,,,,,,,,
2.16827407,41.38941583,,,,,,,,,,,,,,,,
2.16573685,41.38941611,,,,,,,,,,,,,,,,
2.16573685,41.38941611,,,,,,,,,,,,,,,,
2.16573685,41.38941611,,,,,,,,,,,,,,,,
2.17401509,41.43779919,,,,,,,,,,,,,,,,
2.17401509,41.43779919,,,,,,,,,,,,,,,,
2.16753477,41.38919895,,,,,,,,,,,,,,,,
2.16753477,41.38919895,,,,,,,,,,,,,,,,
2.17224409,41.40295404,,,,,,,,,,,,,,,,
2.17224409,41.40295404,,,,,,,,,,,,,,,,
2.1811224,41.40436327,,,,,,,,,,,,,,,,
2.1811224,41.40436327,,,,,,,,,,,,,,,,
2.15416707,41.37499749,,,,,,,,,,,,,,,,
2.15416707,41.37499749,,,,,,,,,,,,,,,,
2.15416707,41.37499749,,,,,,,,,,,,,,,,
2.18692076,41.41865182,,,,,,,,,,,,,,,,
2.18692076,41.41865182,,,,,,,,,,,,,,,,
2.18451949,41.4069096,,,,,,,,,,,,,,,,
2.18451949,41.4069096,,,,,,,,,,,,,,,,
2.18451949,41.4069096,,,,,,,,,,,,,,,,
2.21000386,41.40295589,,,,,,,,,,,,,,,,
2.21000386,41.40295589,,,,,,,,,,,,,,,,
2.1824285,41.43441374,,,,,,,,,,,,,,,,
2.1824285,41.43441374,,,,,,,,,,,,,,,,
2.17885458,41.43012813,,,,,,,,,,,,,,,,
2.17885458,41.43012813,,,,,,,,,,,,,,,,
2.20287346,41.42883279,,,,,,,,,,,,,,,,
2.20287346,41.42883279,,,,,,,,,,,,,,,,
2.20287346,41.42883279,,,,,,,,,,,,,,,,
2.15591103,41.43944604,,,,,,,,,,,,,,,,
2.15591103,41.43944604,,,,,,,,,,,,,,,,
2.17635733,41.44327764,,,,,,,,,,,,,,,,
2.17635733,41.44327764,,,,,,,,,,,,,,,,
2.19399407,41.38556542,,,,,,,,,,,,,,,,
2.19399407,41.38556542,,,,,,,,,,,,,,,,
2.16415049,41.40350303,,,,,,,,,,,,,,,,
2.16415049,41.40350303,,,,,,,,,,,,,,,,
2.18695257,41.38172364,,,,,,,,,,,,,,,,
2.18695257,41.38172364,,,,,,,,,,,,,,,,
2.18695257,41.38172364,,,,,,,,,,,,,,,,
2.13726707,41.38918777,,,,,,,,,,,,,,,,
2.13726707,41.38918777,,,,,,,,,,,,,,,,
2.13726707,41.38918777,,,,,,,,,,,,,,,,
2.13804873,41.37524872,,,,,,,,,,,,,,,,
2.13804873,41.37524872,,,,,,,,,,,,,,,,
2.1390611,41.3832023,,,,,,,,,,,,,,,,
2.1648836,41.39216196,,,,,,,,,,,,,,,,
2.1648836,41.39216196,,,,,,,,,,,,,,,,
2.16319657,41.40549178,,,,,,,,,,,,,,,,
2.15620507,41.38563044,,,,,,,,,,,,,,,,
2.15620507,41.38563044,,,,,,,,,,,,,,,,
2.18687425,41.41219539,,,,,,,,,,,,,,,,
2.18687425,41.41219539,,,,,,,,,,,,,,,,
2.15024418,41.38136353,,,,,,,,,,,,,,,,
2.15024418,41.38136353,,,,,,,,,,,,,,,,
2.17730928,41.39653911,,,,,,,,,,,,,,,,
2.17730928,41.39653911,,,,,,,,,,,,,,,,
2.17730928,41.39653911,,,,,,,,,,,,,,,,
2.16381077,41.40004601,,,,,,,,,,,,,,,,
2.16381077,41.40004601,,,,,,,,,,,,,,,,
2.19817268,41.38968285,,,,,,,,,,,,,,,,
2.19817268,41.38968285,,,,,,,,,,,,,,,,
2.20766771,41.44068636,,,,,,,,,,,,,,,,
2.20766771,41.44068636,,,,,,,,,,,,,,,,
2.17091737,41.39668388,,,,,,,,,,,,,,,,
2.17091737,41.39668388,,,,,,,,,,,,,,,,
2.17091737,41.39668388,,,,,,,,,,,,,,,,
2.16094368,41.37862211,,,,,,,,,,,,,,,,
2.16094368,41.37862211,,,,,,,,,,,,,,,,
2.20793076,41.44074369,,,,,,,,,,,,,,,,
2.20793076,41.44074369,,,,,,,,,,,,,,,,
2.16750791,41.39413783,,,,,,,,,,,,,,,,
2.16750791,41.39413783,,,,,,,,,,,,,,,,
2.16380267,41.39303332,,,,,,,,,,,,,,,,
2.16380267,41.39303332,,,,,,,,,,,,,,,,
2.13524159,41.40015942,,,,,,,,,,,,,,,,
2.17708002,41.42418665,,,,,,,,,,,,,,,,
2.17708002,41.42418665,,,,,,,,,,,,,,,,
2.15000887,41.42265933,,,,,,,,,,,,,,,,
2.15000887,41.42265933,,,,,,,,,,,,,,,,
2.13629594,41.3871931,,,,,,,,,,,,,,,,
2.13629594,41.3871931,,,,,,,,,,,,,,,,
2.13629594,41.3871931,,,,,,,,,,,,,,,,
2.14324747,41.38757277,,,,,,,,,,,,,,,,
2.14324747,41.38757277,,,,,,,,,,,,,,,,
2.16159812,41.39667387,,,,,,,,,,,,,,,,
2.16159812,41.39667387,,,,,,,,,,,,,,,,
2.17500241,41.41594021,,,,,,,,,,,,,,,,
2.17500241,41.41594021,,,,,,,,,,,,,,,,
2.19547915,41.43867585,,,,,,,,,,,,,,,,
2.16700199,41.38882474,,,,,,,,,,,,,,,,
2.17816866,41.38685949,,,,,,,,,,,,,,,,
2.1497025,41.37500206,,,,,,,,,,,,,,,,
2.1497025,41.37500206,,,,,,,,,,,,,,,,
2.15247901,41.36138297,,,,,,,,,,,,,,,,
2.16973407,41.37876389,,,,,,,,,,,,,,,,
2.16973407,41.37876389,,,,,,,,,,,,,,,,